source,kickoff_date,league,home_team,away_team,market,pick,odds,result,pnl_per_unit,ref_url
forebet,2026-05-25,Ar2,San Martín Tucumán,CA Atlanta,1x2,X,2.900,lost,-1.0000,https://www.forebet.com/en/football-predictions/predictions-1x2/2026-05-25
forebet,2026-05-25,Cl1,Universidad Católica,Colo Colo,1x2,2,2.900,won,1.9000,https://www.forebet.com/en/football-predictions/predictions-1x2/2026-05-25
forebet,2026-05-25,Br2,Avai FC,Goiás,1x2,1,2.250,lost,-1.0000,https://www.forebet.com/en/football-predictions/predictions-1x2/2026-05-25
forebet,2026-05-25,Br3,Volta Redonda,Ypiranga RS,1x2,1,1.850,won,0.8500,https://www.forebet.com/en/football-predictions/predictions-1x2/2026-05-25
forebet,2026-05-25,Jm,Montego Bay Utd,Mount Pleasant,1x2,2,2.550,won,1.5500,https://www.forebet.com/en/football-predictions/predictions-1x2/2026-05-25
forebet,2026-05-25,Bb1,Paradise,Brittons Hill,1x2,2,4.750,won,3.7500,https://www.forebet.com/en/football-predictions/predictions-1x2/2026-05-25
forebet,2026-05-25,Do1,Cibao FC,Salcedo,1x2,1,1.660,won,0.6600,https://www.forebet.com/en/football-predictions/predictions-1x2/2026-05-25
forebet,2026-05-25,Us4,Staten Island Athletic,FC Motown II,1x2,2,1.160,won,0.1600,https://www.forebet.com/en/football-predictions/predictions-1x2/2026-05-25
forebet,2026-05-25,Py2,Paraguari,Benjamín Aceval,1x2,2,2.800,won,1.8000,https://www.forebet.com/en/football-predictions/predictions-1x2/2026-05-25
forebet,2026-05-25,Us1,Inter Miami CF,Philadelphia Union,1x2,1,1.360,won,0.3600,https://www.forebet.com/en/football-predictions/predictions-1x2/2026-05-25
forebet,2026-05-25,Hn1,CD Motagua,CD Marathón,1x2,1,1.850,lost,-1.0000,https://www.forebet.com/en/football-predictions/predictions-1x2/2026-05-25
forebet,2026-05-25,Us4,Spokane Velocity,Sarasota Paradise,1x2,1,1.530,won,0.5300,https://www.forebet.com/en/football-predictions/predictions-1x2/2026-05-25
forebet,2026-05-25,Us4,Tobacco Road,North Carolina II,1x2,2,2.000,won,1.0000,https://www.forebet.com/en/football-predictions/predictions-1x2/2026-05-25
forebet,2026-05-25,Ec1,Delfin SC,Barcelona SC,1x2,2,2.200,won,1.2000,https://www.forebet.com/en/football-predictions/predictions-1x2/2026-05-25
forebet,2026-05-25,Br1,Vasco da Gama,RB Bragantino,1x2,1,2.050,lost,-1.0000,https://www.forebet.com/en/football-predictions/predictions-1x2/2026-05-25
forebet,2026-05-25,Br2,Operário PR,Criciúma,1x2,X,2.900,won,1.9000,https://www.forebet.com/en/football-predictions/predictions-1x2/2026-05-25
forebet,2026-05-25,Cl2,San Luis Quillota,CD Magallanes,1x2,1,1.910,won,0.9100,https://www.forebet.com/en/football-predictions/predictions-1x2/2026-05-25
forebet,2026-05-25,Bb1,Kick Start,Weymouth Wales,1x2,2,1.450,won,0.4500,https://www.forebet.com/en/football-predictions/predictions-1x2/2026-05-25
forebet,2026-05-25,Mx1,UNAM Pumas,Cruz Azul,1x2,X,3.300,lost,-1.0000,https://www.forebet.com/en/football-predictions/predictions-1x2/2026-05-25
forebet,2026-05-25,Ar2,San Martín Tucumán,CA Atlanta,over_under_25,Under,3.000,won,2.0000,https://www.forebet.com/en/football-predictions/predictions-1x2/2026-05-25
forebet,2026-05-25,Cl1,Universidad Católica,Colo Colo,over_under_25,Over,1.770,won,0.7700,https://www.forebet.com/en/football-predictions/predictions-1x2/2026-05-25
forebet,2026-05-25,Br2,Avai FC,Goiás,over_under_25,Over,1.650,lost,-1.0000,https://www.forebet.com/en/football-predictions/predictions-1x2/2026-05-25
forebet,2026-05-25,Br3,Volta Redonda,Ypiranga RS,over_under_25,Over,1.600,won,0.6000,https://www.forebet.com/en/football-predictions/predictions-1x2/2026-05-25
forebet,2026-05-25,Jm,Montego Bay Utd,Mount Pleasant,over_under_25,Under,2.170,lost,-1.0000,https://www.forebet.com/en/football-predictions/predictions-1x2/2026-05-25
forebet,2026-05-25,Do1,Cibao FC,Salcedo,over_under_25,Under,2.020,lost,-1.0000,https://www.forebet.com/en/football-predictions/predictions-1x2/2026-05-25
forebet,2026-05-25,Py2,Paraguari,Benjamín Aceval,over_under_25,Under,2.100,lost,-1.0000,https://www.forebet.com/en/football-predictions/predictions-1x2/2026-05-25
forebet,2026-05-25,Us1,Inter Miami CF,Philadelphia Union,over_under_25,Over,3.350,won,2.3500,https://www.forebet.com/en/football-predictions/predictions-1x2/2026-05-25
forebet,2026-05-25,Hn1,CD Motagua,CD Marathón,over_under_25,Over,1.850,lost,-1.0000,https://www.forebet.com/en/football-predictions/predictions-1x2/2026-05-25
forebet,2026-05-25,Us4,Spokane Velocity,Sarasota Paradise,over_under_25,Under,1.850,won,0.8500,https://www.forebet.com/en/football-predictions/predictions-1x2/2026-05-25
forebet,2026-05-25,Br1,Vasco da Gama,RB Bragantino,over_under_25,Under,2.000,lost,-1.0000,https://www.forebet.com/en/football-predictions/predictions-1x2/2026-05-25
forebet,2026-05-25,Br2,Operário PR,Criciúma,over_under_25,Under,2.700,won,1.7000,https://www.forebet.com/en/football-predictions/predictions-1x2/2026-05-25
forebet,2026-05-25,Cl2,San Luis Quillota,CD Magallanes,over_under_25,Under,1.770,lost,-1.0000,https://www.forebet.com/en/football-predictions/predictions-1x2/2026-05-25
forebet,2026-05-25,Bb1,Kick Start,Weymouth Wales,over_under_25,Over,2.020,lost,-1.0000,https://www.forebet.com/en/football-predictions/predictions-1x2/2026-05-25
forebet,2026-05-25,Mx1,UNAM Pumas,Cruz Azul,over_under_25,Over,1.770,won,0.7700,https://www.forebet.com/en/football-predictions/predictions-1x2/2026-05-25
forebet,2026-05-26,Br2,Botafogo SP,Athletic Club MG,1x2,X,3.100,lost,-1.0000,https://www.forebet.com/en/football-predictions/predictions-1x2/2026-05-26
forebet,2026-05-26,Py2,General Caballero JLM,Guaireña FC,1x2,1,1.850,lost,-1.0000,https://www.forebet.com/en/football-predictions/predictions-1x2/2026-05-26
forebet,2026-05-26,Br1,Coritiba,Bahia,1x2,X,3.200,lost,-1.0000,https://www.forebet.com/en/football-predictions/predictions-1x2/2026-05-26
forebet,2026-05-26,Br3,Ituano SP,Botafogo PB,1x2,1,2.000,won,1.0000,https://www.forebet.com/en/football-predictions/predictions-1x2/2026-05-26
forebet,2026-05-26,Br3,Paysandu,Floresta CE,1x2,X,2.900,lost,-1.0000,https://www.forebet.com/en/football-predictions/predictions-1x2/2026-05-26
forebet,2026-05-26,Br4,Democrata GV,Porto BA,1x2,1,1.830,won,0.8300,https://www.forebet.com/en/football-predictions/predictions-1x2/2026-05-26
forebet,2026-05-26,Ec1,SD Aucas,Manta FC,1x2,1,1.420,won,0.4200,https://www.forebet.com/en/football-predictions/predictions-1x2/2026-05-26
forebet,2026-05-26,Cl2,Deportes Copiapó,Unión Española,1x2,2,2.600,lost,-1.0000,https://www.forebet.com/en/football-predictions/predictions-1x2/2026-05-26
forebet,2026-05-26,BrW,Corinthians W,Mixto W,1x2,1,1.050,won,0.0500,https://www.forebet.com/en/football-predictions/predictions-1x2/2026-05-26
forebet,2026-05-26,Cw1,Scherpenheuvel,Inter Willemstad,1x2,X,3.750,lost,-1.0000,https://www.forebet.com/en/football-predictions/predictions-1x2/2026-05-26
forebet,2026-05-26,Cw1,Jong Holland,Centro Dominguito,1x2,1,1.500,won,0.5000,https://www.forebet.com/en/football-predictions/predictions-1x2/2026-05-26
forebet,2026-05-26,Ua2,Chernihiv,Metalist Kharkov,1x2,X,2.880,lost,-1.0000,https://www.forebet.com/en/football-predictions/predictions-1x2/2026-05-26
forebet,2026-05-26,Kz2,FC Shakhter,Yelimay II,1x2,1,2.300,won,1.3000,https://www.forebet.com/en/football-predictions/predictions-1x2/2026-05-26
forebet,2026-05-26,Tz1,Pamba Jiji,Tanzania Prisons,1x2,1,1.500,lost,-1.0000,https://www.forebet.com/en/football-predictions/predictions-1x2/2026-05-26
forebet,2026-05-26,Kz2,Akademiya Ontustik,Kaspiy II,1x2,1,2.300,won,1.3000,https://www.forebet.com/en/football-predictions/predictions-1x2/2026-05-26
forebet,2026-05-26,E17,Italy U17,France U17,1x2,2,2.210,lost,-1.0000,https://www.forebet.com/en/football-predictions/predictions-1x2/2026-05-26
forebet,2026-05-26,UzC,Nasaf Qarshi,Shurtan Guzar,1x2,1,1.250,won,0.2500,https://www.forebet.com/en/football-predictions/predictions-1x2/2026-05-26
forebet,2026-05-26,Tz1,Singida Black Stars,Mbeya City,1x2,1,1.250,won,0.2500,https://www.forebet.com/en/football-predictions/predictions-1x2/2026-05-26
forebet,2026-05-26,Kz2,FC Astana Youth,Khan Tengri,1x2,2,2.250,lost,-1.0000,https://www.forebet.com/en/football-predictions/predictions-1x2/2026-05-26
forebet,2026-05-26,Am1,Ararat Yerevan,BKMA Yerevan,1x2,1,2.000,won,1.0000,https://www.forebet.com/en/football-predictions/predictions-1x2/2026-05-26
forebet,2026-05-26,Am1,Alashkert,Shirak FC,1x2,1,1.330,won,0.3300,https://www.forebet.com/en/football-predictions/predictions-1x2/2026-05-26
forebet,2026-05-26,Br2,Botafogo SP,Athletic Club MG,over_under_25,Under,2.450,lost,-1.0000,https://www.forebet.com/en/football-predictions/predictions-1x2/2026-05-26
forebet,2026-05-26,Py2,General Caballero JLM,Guaireña FC,over_under_25,Over,1.750,lost,-1.0000,https://www.forebet.com/en/football-predictions/predictions-1x2/2026-05-26
forebet,2026-05-26,Br1,Coritiba,Bahia,over_under_25,Over,1.800,won,0.8000,https://www.forebet.com/en/football-predictions/predictions-1x2/2026-05-26
forebet,2026-05-26,Br3,Ituano SP,Botafogo PB,over_under_25,Over,1.570,lost,-1.0000,https://www.forebet.com/en/football-predictions/predictions-1x2/2026-05-26
forebet,2026-05-26,Br3,Paysandu,Floresta CE,over_under_25,Over,1.480,won,0.4800,https://www.forebet.com/en/football-predictions/predictions-1x2/2026-05-26
forebet,2026-05-26,Br4,Democrata GV,Porto BA,over_under_25,Under,2.050,lost,-1.0000,https://www.forebet.com/en/football-predictions/predictions-1x2/2026-05-26
forebet,2026-05-26,Ec1,SD Aucas,Manta FC,over_under_25,Under,2.020,lost,-1.0000,https://www.forebet.com/en/football-predictions/predictions-1x2/2026-05-26
forebet,2026-05-26,Cl2,Deportes Copiapó,Unión Española,over_under_25,Over,1.800,won,0.8000,https://www.forebet.com/en/football-predictions/predictions-1x2/2026-05-26
forebet,2026-05-26,Cw1,Scherpenheuvel,Inter Willemstad,over_under_25,Over,2.120,won,1.1200,https://www.forebet.com/en/football-predictions/predictions-1x2/2026-05-26
forebet,2026-05-26,Ua2,Chernihiv,Metalist Kharkov,over_under_25,Under,2.200,lost,-1.0000,https://www.forebet.com/en/football-predictions/predictions-1x2/2026-05-26
forebet,2026-05-26,Kz2,FC Shakhter,Yelimay II,over_under_25,Under,1.930,won,0.9300,https://www.forebet.com/en/football-predictions/predictions-1x2/2026-05-26
forebet,2026-05-26,Tz1,Pamba Jiji,Tanzania Prisons,over_under_25,Under,2.270,lost,-1.0000,https://www.forebet.com/en/football-predictions/predictions-1x2/2026-05-26
forebet,2026-05-26,Kz2,Akademiya Ontustik,Kaspiy II,over_under_25,Under,1.930,won,0.9300,https://www.forebet.com/en/football-predictions/predictions-1x2/2026-05-26
forebet,2026-05-26,UzC,Nasaf Qarshi,Shurtan Guzar,over_under_25,Over,2.200,won,1.2000,https://www.forebet.com/en/football-predictions/predictions-1x2/2026-05-26
forebet,2026-05-26,Tz1,Singida Black Stars,Mbeya City,over_under_25,Over,1.930,won,0.9300,https://www.forebet.com/en/football-predictions/predictions-1x2/2026-05-26
forebet,2026-05-26,Am1,Ararat Yerevan,BKMA Yerevan,over_under_25,Under,1.800,won,0.8000,https://www.forebet.com/en/football-predictions/predictions-1x2/2026-05-26
forebet,2026-05-26,Am1,Alashkert,Shirak FC,over_under_25,Under,1.800,won,0.8000,https://www.forebet.com/en/football-predictions/predictions-1x2/2026-05-26
forebet,2026-05-27,Ar3,Deportivo Merlo,Liniers,1x2,1,2.600,lost,-1.0000,https://www.forebet.com/en/football-predictions/predictions-1x2/2026-05-27
forebet,2026-05-27,Ar3,Comunicaciones BA,UAI Urquiza,1x2,X,2.880,lost,-1.0000,https://www.forebet.com/en/football-predictions/predictions-1x2/2026-05-27
forebet,2026-05-27,Ar3,Brown de Adrogué,Talleres (RdE),1x2,2,2.880,won,1.8800,https://www.forebet.com/en/football-predictions/predictions-1x2/2026-05-27
forebet,2026-05-27,CLA,LDU,Always Ready,1x2,1,1.360,won,0.3600,https://www.forebet.com/en/football-predictions/predictions-1x2/2026-05-27
forebet,2026-05-27,CLA,Lanús,Mirassol SP,1x2,2,4.750,lost,-1.0000,https://www.forebet.com/en/football-predictions/predictions-1x2/2026-05-27
forebet,2026-05-27,CS,São Paulo,Boston River,1x2,1,1.270,won,0.2700,https://www.forebet.com/en/football-predictions/predictions-1x2/2026-05-27
forebet,2026-05-27,CS,Grêmio,CA Torque,1x2,2,6.500,lost,-1.0000,https://www.forebet.com/en/football-predictions/predictions-1x2/2026-05-27
forebet,2026-05-27,CS,Millonarios,O Higgins,1x2,1,1.700,lost,-1.0000,https://www.forebet.com/en/football-predictions/predictions-1x2/2026-05-27
forebet,2026-05-27,CS,Palestino,Deportivo Riestra,1x2,X,3.100,won,2.1000,https://www.forebet.com/en/football-predictions/predictions-1x2/2026-05-27
forebet,2026-05-27,Ar3,Ituzaingó,Deportivo Laferrere,1x2,X,2.880,lost,-1.0000,https://www.forebet.com/en/football-predictions/predictions-1x2/2026-05-27
forebet,2026-05-27,Bb1,UWI Blackbirds,St. Andrew Lions,1x2,1,1.090,lost,-1.0000,https://www.forebet.com/en/football-predictions/predictions-1x2/2026-05-27
forebet,2026-05-27,Us4,Seacoast Utd Phantoms,Connecticut Rush,1x2,2,2.870,won,1.8700,https://www.forebet.com/en/football-predictions/predictions-1x2/2026-05-27
forebet,2026-05-27,Us4,Delaware FC,Philadelphia Lone Star,1x2,1,2.620,won,1.6200,https://www.forebet.com/en/football-predictions/predictions-1x2/2026-05-27
forebet,2026-05-27,Us4,Nona,Sporting Jax 2,1x2,2,5.500,lost,-1.0000,https://www.forebet.com/en/football-predictions/predictions-1x2/2026-05-27
forebet,2026-05-27,CLA,Estudiantes La Plata,Ind Medellin,1x2,X,3.500,lost,-1.0000,https://www.forebet.com/en/football-predictions/predictions-1x2/2026-05-27
forebet,2026-05-27,CLA,Flamengo,Cusco FC,1x2,1,1.110,won,0.1100,https://www.forebet.com/en/football-predictions/predictions-1x2/2026-05-27
forebet,2026-05-27,CLA,Nacional (URU),Coquimbo Unido,1x2,X,3.300,lost,-1.0000,https://www.forebet.com/en/football-predictions/predictions-1x2/2026-05-27
forebet,2026-05-27,CLA,Universitario,Deportes Tolima,1x2,2,3.800,lost,-1.0000,https://www.forebet.com/en/football-predictions/predictions-1x2/2026-05-27
forebet,2026-05-27,CS,San Lorenzo,Deportivo Recoleta,1x2,X,4.500,lost,-1.0000,https://www.forebet.com/en/football-predictions/predictions-1x2/2026-05-27
forebet,2026-05-27,CS,Santos,Deportivo Cuenca,1x2,2,11.000,lost,-1.0000,https://www.forebet.com/en/football-predictions/predictions-1x2/2026-05-27
forebet,2026-05-27,Bb1,Wotton,Bagatelle,1x2,2,1.580,won,0.5800,https://www.forebet.com/en/football-predictions/predictions-1x2/2026-05-27
forebet,2026-05-27,Ph1,Stallion FC,Dynamic Herb Cebu,1x2,X,3.600,won,2.6000,https://www.forebet.com/en/football-predictions/predictions-1x2/2026-05-27
forebet,2026-05-27,Cz3,Hradec Kralove B,Pardubice B,1x2,X,3.800,lost,-1.0000,https://www.forebet.com/en/football-predictions/predictions-1x2/2026-05-27
forebet,2026-05-27,Vn3,TDTT Hà Tĩnh,PVF Vietnam,1x2,X,3.300,lost,-1.0000,https://www.forebet.com/en/football-predictions/predictions-1x2/2026-05-27
forebet,2026-05-27,VnWC,GT Thai Nguyen W,PP Ha Nam W,1x2,1,1.440,won,0.4400,https://www.forebet.com/en/football-predictions/predictions-1x2/2026-05-27
forebet,2026-05-27,KrW,Gumi Sportstoto W,Gyeongju W,1x2,1,1.660,lost,-1.0000,https://www.forebet.com/en/football-predictions/predictions-1x2/2026-05-27
forebet,2026-05-27,KrW,Seoul W,Incheon Red Angels W,1x2,2,1.800,lost,-1.0000,https://www.forebet.com/en/football-predictions/predictions-1x2/2026-05-27
forebet,2026-05-27,Ph1,Davao Aguilas,Taguig,1x2,2,1.400,lost,-1.0000,https://www.forebet.com/en/football-predictions/predictions-1x2/2026-05-27
forebet,2026-05-27,Kz1,Altai Semey,Astana,1x2,X,3.400,won,2.4000,https://www.forebet.com/en/football-predictions/predictions-1x2/2026-05-27
forebet,2026-05-27,Ke1,Mara Sugar,Gor Mahia,1x2,2,3.000,lost,-1.0000,https://www.forebet.com/en/football-predictions/predictions-1x2/2026-05-27
forebet,2026-05-27,Ar3,Deportivo Merlo,Liniers,over_under_25,Under,2.500,won,1.5000,https://www.forebet.com/en/football-predictions/predictions-1x2/2026-05-27
forebet,2026-05-27,Ar3,Comunicaciones BA,UAI Urquiza,over_under_25,Under,2.500,lost,-1.0000,https://www.forebet.com/en/football-predictions/predictions-1x2/2026-05-27
forebet,2026-05-27,Ar3,Brown de Adrogué,Talleres (RdE),over_under_25,Under,2.500,lost,-1.0000,https://www.forebet.com/en/football-predictions/predictions-1x2/2026-05-27
forebet,2026-05-27,CLA,LDU,Always Ready,over_under_25,Under,1.570,lost,-1.0000,https://www.forebet.com/en/football-predictions/predictions-1x2/2026-05-27
forebet,2026-05-27,CLA,Lanús,Mirassol SP,over_under_25,Under,2.450,won,1.4500,https://www.forebet.com/en/football-predictions/predictions-1x2/2026-05-27
forebet,2026-05-27,CS,São Paulo,Boston River,over_under_25,Under,1.620,won,0.6200,https://www.forebet.com/en/football-predictions/predictions-1x2/2026-05-27
forebet,2026-05-27,CS,Grêmio,CA Torque,over_under_25,Under,2.100,lost,-1.0000,https://www.forebet.com/en/football-predictions/predictions-1x2/2026-05-27
forebet,2026-05-27,CS,Millonarios,O Higgins,over_under_25,Under,2.000,lost,-1.0000,https://www.forebet.com/en/football-predictions/predictions-1x2/2026-05-27
forebet,2026-05-27,CS,Palestino,Deportivo Riestra,over_under_25,Under,2.200,won,1.2000,https://www.forebet.com/en/football-predictions/predictions-1x2/2026-05-27
forebet,2026-05-27,Ar3,Ituzaingó,Deportivo Laferrere,over_under_25,Under,2.500,won,1.5000,https://www.forebet.com/en/football-predictions/predictions-1x2/2026-05-27
forebet,2026-05-27,Us4,Seacoast Utd Phantoms,Connecticut Rush,over_under_25,Under,1.520,lost,-1.0000,https://www.forebet.com/en/football-predictions/predictions-1x2/2026-05-27
forebet,2026-05-27,Us4,Nona,Sporting Jax 2,over_under_25,Under,1.800,won,0.8000,https://www.forebet.com/en/football-predictions/predictions-1x2/2026-05-27
forebet,2026-05-27,CLA,Estudiantes La Plata,Ind Medellin,over_under_25,Under,2.250,won,1.2500,https://www.forebet.com/en/football-predictions/predictions-1x2/2026-05-27
forebet,2026-05-27,CLA,Flamengo,Cusco FC,over_under_25,Under,1.350,lost,-1.0000,https://www.forebet.com/en/football-predictions/predictions-1x2/2026-05-27
forebet,2026-05-27,CLA,Nacional (URU),Coquimbo Unido,over_under_25,Under,2.000,won,1.0000,https://www.forebet.com/en/football-predictions/predictions-1x2/2026-05-27
forebet,2026-05-27,CLA,Universitario,Deportes Tolima,over_under_25,Under,2.450,won,1.4500,https://www.forebet.com/en/football-predictions/predictions-1x2/2026-05-27
forebet,2026-05-27,CS,San Lorenzo,Deportivo Recoleta,over_under_25,Under,2.100,won,1.1000,https://www.forebet.com/en/football-predictions/predictions-1x2/2026-05-27
forebet,2026-05-27,CS,Santos,Deportivo Cuenca,over_under_25,Under,1.830,lost,-1.0000,https://www.forebet.com/en/football-predictions/predictions-1x2/2026-05-27
forebet,2026-05-27,Bb1,Wotton,Bagatelle,over_under_25,Over,2.250,won,1.2500,https://www.forebet.com/en/football-predictions/predictions-1x2/2026-05-27
forebet,2026-05-27,Vn3,TDTT Hà Tĩnh,PVF Vietnam,over_under_25,Under,2.310,won,1.3100,https://www.forebet.com/en/football-predictions/predictions-1x2/2026-05-27
forebet,2026-05-27,KrW,Gumi Sportstoto W,Gyeongju W,over_under_25,Over,1.550,won,0.5500,https://www.forebet.com/en/football-predictions/predictions-1x2/2026-05-27
forebet,2026-05-27,KrW,Seoul W,Incheon Red Angels W,over_under_25,Over,1.770,won,0.7700,https://www.forebet.com/en/football-predictions/predictions-1x2/2026-05-27
forebet,2026-05-27,Ph1,Davao Aguilas,Taguig,over_under_25,Under,1.550,won,0.5500,https://www.forebet.com/en/football-predictions/predictions-1x2/2026-05-27
forebet,2026-05-27,Kz1,Altai Semey,Astana,over_under_25,Under,1.950,won,0.9500,https://www.forebet.com/en/football-predictions/predictions-1x2/2026-05-27
forebet,2026-05-27,Ke1,Mara Sugar,Gor Mahia,over_under_25,Under,2.100,won,1.1000,https://www.forebet.com/en/football-predictions/predictions-1x2/2026-05-27
forebet,2026-05-28,CLA,Libertad,UCV FC,1x2,1,1.450,lost,-1.0000,https://www.forebet.com/en/football-predictions/predictions-1x2/2026-05-28
forebet,2026-05-28,CLA,Ind del Valle,Rosario Central,1x2,X,3.100,lost,-1.0000,https://www.forebet.com/en/football-predictions/predictions-1x2/2026-05-28
forebet,2026-05-28,CS,Caracas,Botafogo,1x2,X,3.300,lost,-1.0000,https://www.forebet.com/en/football-predictions/predictions-1x2/2026-05-28
forebet,2026-05-28,CS,Racing Club,Independiente Petrolero,1x2,1,1.140,won,0.1400,https://www.forebet.com/en/football-predictions/predictions-1x2/2026-05-28
forebet,2026-05-28,CS,Atlético Mineiro,Puerto Cabello,1x2,1,1.300,won,0.3000,https://www.forebet.com/en/football-predictions/predictions-1x2/2026-05-28
forebet,2026-05-28,CS,Cienciano,Juventud LP,1x2,X,4.200,won,3.2000,https://www.forebet.com/en/football-predictions/predictions-1x2/2026-05-28
forebet,2026-05-28,CS,Vasco da Gama,Barracas Central,1x2,X,4.750,lost,-1.0000,https://www.forebet.com/en/football-predictions/predictions-1x2/2026-05-28
forebet,2026-05-28,CS,Olimpia Asunción,Audax Italiano,1x2,1,1.570,won,0.5700,https://www.forebet.com/en/football-predictions/predictions-1x2/2026-05-28
forebet,2026-05-28,BrC,Caravaggio,Nação,1x2,1,1.800,won,0.8000,https://www.forebet.com/en/football-predictions/predictions-1x2/2026-05-28
forebet,2026-05-28,Us4,Dayton Dutch Lions,Louisville City 2,1x2,2,1.280,won,0.2800,https://www.forebet.com/en/football-predictions/predictions-1x2/2026-05-28
forebet,2026-05-28,Us4,Black Rock,Vermont Green,1x2,2,1.450,won,0.4500,https://www.forebet.com/en/football-predictions/predictions-1x2/2026-05-28
forebet,2026-05-28,BrS,Avai FC,Volta Redonda,1x2,2,3.800,lost,-1.0000,https://www.forebet.com/en/football-predictions/predictions-1x2/2026-05-28
forebet,2026-05-28,BrS,Chapecoense SC,Novorizontino SP,1x2,1,1.830,lost,-1.0000,https://www.forebet.com/en/football-predictions/predictions-1x2/2026-05-28
forebet,2026-05-28,BrC,Hercílio Luz SC,Cidade Azul SC,1x2,X,3.400,lost,-1.0000,https://www.forebet.com/en/football-predictions/predictions-1x2/2026-05-28
forebet,2026-05-28,BrC,Brasil de Pelotas,Bage,1x2,1,1.910,won,0.9100,https://www.forebet.com/en/football-predictions/predictions-1x2/2026-05-28
forebet,2026-05-28,BrC,Fluminense SC,Juventus SC,1x2,1,1.910,lost,-1.0000,https://www.forebet.com/en/football-predictions/predictions-1x2/2026-05-28
forebet,2026-05-28,Us4,New York Cosmos,Union Omaha,1x2,2,1.900,won,0.9000,https://www.forebet.com/en/football-predictions/predictions-1x2/2026-05-28
forebet,2026-05-28,Us4,Chattanooga RW,Richmond Kickers,1x2,2,3.600,lost,-1.0000,https://www.forebet.com/en/football-predictions/predictions-1x2/2026-05-28
forebet,2026-05-28,Us4,Boston Olympiakos,New England SC,1x2,2,1.720,won,0.7200,https://www.forebet.com/en/football-predictions/predictions-1x2/2026-05-28
forebet,2026-05-28,Us4,Long Island RR,Staten Island Athletic,1x2,1,1.250,won,0.2500,https://www.forebet.com/en/football-predictions/predictions-1x2/2026-05-28
forebet,2026-05-28,Us4,Fort Lauderdale United,Lakeland United,1x2,1,1.300,won,0.3000,https://www.forebet.com/en/football-predictions/predictions-1x2/2026-05-28
forebet,2026-05-28,Us4,AC Connecticut,Blackwatch Rush,1x2,1,1.500,lost,-1.0000,https://www.forebet.com/en/football-predictions/predictions-1x2/2026-05-28
forebet,2026-05-28,BrC,Rio Branco ES,Anápolis GO,1x2,1,2.620,won,1.6200,https://www.forebet.com/en/football-predictions/predictions-1x2/2026-05-28
forebet,2026-05-28,Us2,Sporting JAX,San Antonio FC,1x2,2,5.500,lost,-1.0000,https://www.forebet.com/en/football-predictions/predictions-1x2/2026-05-28
forebet,2026-05-28,Us4,Manhattan,Westchester Flames,1x2,1,1.650,won,0.6500,https://www.forebet.com/en/football-predictions/predictions-1x2/2026-05-28
forebet,2026-05-28,Us4,Midwest United,Kalamazoo FC,1x2,1,1.600,lost,-1.0000,https://www.forebet.com/en/football-predictions/predictions-1x2/2026-05-28
forebet,2026-05-28,Us4,River Light,RKC,1x2,2,2.500,lost,-1.0000,https://www.forebet.com/en/football-predictions/predictions-1x2/2026-05-28
forebet,2026-05-28,CLA,Libertad,UCV FC,over_under_25,Over,2.100,lost,-1.0000,https://www.forebet.com/en/football-predictions/predictions-1x2/2026-05-28
forebet,2026-05-28,CLA,Ind del Valle,Rosario Central,over_under_25,Under,2.380,won,1.3800,https://www.forebet.com/en/football-predictions/predictions-1x2/2026-05-28
forebet,2026-05-28,CS,Caracas,Botafogo,over_under_25,Under,2.250,lost,-1.0000,https://www.forebet.com/en/football-predictions/predictions-1x2/2026-05-28
forebet,2026-05-28,CS,Racing Club,Independiente Petrolero,over_under_25,Over,3.100,lost,-1.0000,https://www.forebet.com/en/football-predictions/predictions-1x2/2026-05-28
forebet,2026-05-28,CS,Atlético Mineiro,Puerto Cabello,over_under_25,Under,1.900,won,0.9000,https://www.forebet.com/en/football-predictions/predictions-1x2/2026-05-28
forebet,2026-05-28,CS,Cienciano,Juventud LP,over_under_25,Under,1.800,won,0.8000,https://www.forebet.com/en/football-predictions/predictions-1x2/2026-05-28
forebet,2026-05-28,CS,Vasco da Gama,Barracas Central,over_under_25,Under,1.700,lost,-1.0000,https://www.forebet.com/en/football-predictions/predictions-1x2/2026-05-28
forebet,2026-05-28,CS,Olimpia Asunción,Audax Italiano,over_under_25,Under,1.800,lost,-1.0000,https://www.forebet.com/en/football-predictions/predictions-1x2/2026-05-28
forebet,2026-05-28,BrC,Caravaggio,Nação,over_under_25,Over,1.650,won,0.6500,https://www.forebet.com/en/football-predictions/predictions-1x2/2026-05-28
forebet,2026-05-28,Us4,Black Rock,Vermont Green,over_under_25,Over,2.300,won,1.3000,https://www.forebet.com/en/football-predictions/predictions-1x2/2026-05-28
forebet,2026-05-28,BrS,Avai FC,Volta Redonda,over_under_25,Under,2.020,lost,-1.0000,https://www.forebet.com/en/football-predictions/predictions-1x2/2026-05-28
forebet,2026-05-28,BrS,Chapecoense SC,Novorizontino SP,over_under_25,Under,2.250,lost,-1.0000,https://www.forebet.com/en/football-predictions/predictions-1x2/2026-05-28
forebet,2026-05-28,BrC,Hercílio Luz SC,Cidade Azul SC,over_under_25,Under,1.950,won,0.9500,https://www.forebet.com/en/football-predictions/predictions-1x2/2026-05-28
forebet,2026-05-28,BrC,Brasil de Pelotas,Bage,over_under_25,Under,2.600,won,1.6000,https://www.forebet.com/en/football-predictions/predictions-1x2/2026-05-28
forebet,2026-05-28,BrC,Fluminense SC,Juventus SC,over_under_25,Under,2.600,won,1.6000,https://www.forebet.com/en/football-predictions/predictions-1x2/2026-05-28
forebet,2026-05-28,Us4,New York Cosmos,Union Omaha,over_under_25,Under,1.440,lost,-1.0000,https://www.forebet.com/en/football-predictions/predictions-1x2/2026-05-28
forebet,2026-05-28,Us4,Chattanooga RW,Richmond Kickers,over_under_25,Under,1.870,lost,-1.0000,https://www.forebet.com/en/football-predictions/predictions-1x2/2026-05-28
forebet,2026-05-28,Us2,Sporting JAX,San Antonio FC,over_under_25,Under,2.200,lost,-1.0000,https://www.forebet.com/en/football-predictions/predictions-1x2/2026-05-28
forebet,2026-05-29,CLA,Cerro Porteño,Sporting Cristal,1x2,1,1.650,won,0.6500,https://www.forebet.com/en/football-predictions/predictions-1x2/2026-05-29
forebet,2026-05-29,CLA,Palmeiras,Junior Barranquilla,1x2,1,1.220,won,0.2200,https://www.forebet.com/en/football-predictions/predictions-1x2/2026-05-29
forebet,2026-05-29,ArR,River Plate Res.,San Lorenzo Res.,1x2,2,3.900,lost,-1.0000,https://www.forebet.com/en/football-predictions/predictions-1x2/2026-05-29
forebet,2026-05-29,Bb1,Paradise,Kick Start,1x2,X,3.750,lost,-1.0000,https://www.forebet.com/en/football-predictions/predictions-1x2/2026-05-29
forebet,2026-05-29,Us4,Patuxent,Annapolis Blues,1x2,2,1.200,won,0.2000,https://www.forebet.com/en/football-predictions/predictions-1x2/2026-05-29
forebet,2026-05-29,Us4,Edgewater Castle,Sueno,1x2,2,1.180,won,0.1800,https://www.forebet.com/en/football-predictions/predictions-1x2/2026-05-29
forebet,2026-05-29,Us4,Houston FC,Laredo Heat,1x2,2,1.610,lost,-1.0000,https://www.forebet.com/en/football-predictions/predictions-1x2/2026-05-29
forebet,2026-05-29,BrN,Nacional AM,Paysandu,1x2,X,3.000,lost,-1.0000,https://www.forebet.com/en/football-predictions/predictions-1x2/2026-05-29
forebet,2026-05-29,CLA,Boca Juniors,Universidad Católica,1x2,1,1.440,lost,-1.0000,https://www.forebet.com/en/football-predictions/predictions-1x2/2026-05-29
forebet,2026-05-29,CLA,Cruzeiro,Barcelona SC,1x2,1,1.280,won,0.2800,https://www.forebet.com/en/football-predictions/predictions-1x2/2026-05-29
forebet,2026-05-29,CS,América de Cali,Macará,1x2,1,1.620,lost,-1.0000,https://www.forebet.com/en/football-predictions/predictions-1x2/2026-05-29
forebet,2026-05-29,CS,CA Tigre,Alianza Atlético,1x2,1,1.270,won,0.2700,https://www.forebet.com/en/football-predictions/predictions-1x2/2026-05-29
forebet,2026-05-29,Bb1,Pride of Gall Hill,Weymouth Wales,1x2,2,1.280,won,0.2800,https://www.forebet.com/en/football-predictions/predictions-1x2/2026-05-29
forebet,2026-05-29,Fj1,Rewa FC,Tailevu Naitasiri,1x2,1,1.050,won,0.0500,https://www.forebet.com/en/football-predictions/predictions-1x2/2026-05-29
forebet,2026-05-29,Us4,Tacoma Stars,Oly Town,1x2,1,2.550,won,1.5500,https://www.forebet.com/en/football-predictions/predictions-1x2/2026-05-29
forebet,2026-05-29,Fj1,Nasinu FC,Labasa FC,1x2,2,1.360,lost,-1.0000,https://www.forebet.com/en/football-predictions/predictions-1x2/2026-05-29
forebet,2026-05-29,Fj1,Suva FC,Lautoka FC,1x2,2,2.200,lost,-1.0000,https://www.forebet.com/en/football-predictions/predictions-1x2/2026-05-29
forebet,2026-05-29,Cn2,Shaanxi Union,Nanjing Fengfan,1x2,X,3.400,lost,-1.0000,https://www.forebet.com/en/football-predictions/predictions-1x2/2026-05-29
forebet,2026-05-29,Nz2,Manukau United,Fencibles United,1x2,2,1.160,won,0.1600,https://www.forebet.com/en/football-predictions/predictions-1x2/2026-05-29
forebet,2026-05-29,Nz2,Western Springs,Bay Olympic,1x2,1,1.420,won,0.4200,https://www.forebet.com/en/football-predictions/predictions-1x2/2026-05-29
forebet,2026-05-29,Ua2,Metalurh Zaporizhzhia,Chernihiv,1x2,X,3.440,won,2.4400,https://www.forebet.com/en/football-predictions/predictions-1x2/2026-05-29
forebet,2026-05-29,AuN,Sydney U21,WS Wanderers Youth,1x2,2,2.450,won,1.4500,https://www.forebet.com/en/football-predictions/predictions-1x2/2026-05-29
forebet,2026-05-29,AuV,Heidelberg United,Thunder SC,1x2,1,1.400,won,0.4000,https://www.forebet.com/en/football-predictions/predictions-1x2/2026-05-29
forebet,2026-05-29,AuS,West Torrens,Adelaide Comets,1x2,1,1.600,won,0.6000,https://www.forebet.com/en/football-predictions/predictions-1x2/2026-05-29
forebet,2026-05-29,Cn2,Shanghai Jiading,Nantong Zhiyun,1x2,2,2.350,lost,-1.0000,https://www.forebet.com/en/football-predictions/predictions-1x2/2026-05-29
forebet,2026-05-29,AuW,Olympic Kingsway,Dianella White Eagles,1x2,1,1.600,won,0.6000,https://www.forebet.com/en/football-predictions/predictions-1x2/2026-05-29
forebet,2026-05-29,Cn2,Guangdong GZ-Power,Shenzhen Juniors,1x2,2,4.000,lost,-1.0000,https://www.forebet.com/en/football-predictions/predictions-1x2/2026-05-29
forebet,2026-05-29,E17,Montenegro U17,Italy U17,1x2,2,1.210,won,0.2100,https://www.forebet.com/en/football-predictions/predictions-1x2/2026-05-29
forebet,2026-05-29,Cn1,Shenyang City,Shanghai SIPG,1x2,X,3.600,lost,-1.0000,https://www.forebet.com/en/football-predictions/predictions-1x2/2026-05-29
forebet,2026-05-29,Et1,Shire Endaselassie,Hadiya Hosaena,1x2,X,2.500,won,1.5000,https://www.forebet.com/en/football-predictions/predictions-1x2/2026-05-29
forebet,2026-05-29,Cz3,Pribram B,Slavia Prague C,1x2,2,2.500,lost,-1.0000,https://www.forebet.com/en/football-predictions/predictions-1x2/2026-05-29
forebet,2026-05-29,CLA,Cerro Porteño,Sporting Cristal,over_under_25,Under,2.200,won,1.2000,https://www.forebet.com/en/football-predictions/predictions-1x2/2026-05-29
forebet,2026-05-29,CLA,Palmeiras,Junior Barranquilla,over_under_25,Under,1.530,lost,-1.0000,https://www.forebet.com/en/football-predictions/predictions-1x2/2026-05-29
forebet,2026-05-29,ArR,River Plate Res.,San Lorenzo Res.,over_under_25,Over,1.500,lost,-1.0000,https://www.forebet.com/en/football-predictions/predictions-1x2/2026-05-29
forebet,2026-05-29,Us4,Houston FC,Laredo Heat,over_under_25,Over,2.250,lost,-1.0000,https://www.forebet.com/en/football-predictions/predictions-1x2/2026-05-29
forebet,2026-05-29,BrN,Nacional AM,Paysandu,over_under_25,Over,1.530,won,0.5300,https://www.forebet.com/en/football-predictions/predictions-1x2/2026-05-29
forebet,2026-05-29,CLA,Boca Juniors,Universidad Católica,over_under_25,Under,2.000,won,1.0000,https://www.forebet.com/en/football-predictions/predictions-1x2/2026-05-29
forebet,2026-05-29,CLA,Cruzeiro,Barcelona SC,over_under_25,Under,1.830,lost,-1.0000,https://www.forebet.com/en/football-predictions/predictions-1x2/2026-05-29
forebet,2026-05-29,CS,América de Cali,Macará,over_under_25,Under,2.250,won,1.2500,https://www.forebet.com/en/football-predictions/predictions-1x2/2026-05-29
forebet,2026-05-29,CS,CA Tigre,Alianza Atlético,over_under_25,Under,1.830,won,0.8300,https://www.forebet.com/en/football-predictions/predictions-1x2/2026-05-29
forebet,2026-05-29,Us4,Tacoma Stars,Oly Town,over_under_25,Over,2.000,won,1.0000,https://www.forebet.com/en/football-predictions/predictions-1x2/2026-05-29
forebet,2026-05-29,Fj1,Nasinu FC,Labasa FC,over_under_25,Over,2.200,won,1.2000,https://www.forebet.com/en/football-predictions/predictions-1x2/2026-05-29
forebet,2026-05-29,Fj1,Suva FC,Lautoka FC,over_under_25,Over,2.170,lost,-1.0000,https://www.forebet.com/en/football-predictions/predictions-1x2/2026-05-29
forebet,2026-05-29,Cn2,Shaanxi Union,Nanjing Fengfan,over_under_25,Over,1.620,lost,-1.0000,https://www.forebet.com/en/football-predictions/predictions-1x2/2026-05-29
forebet,2026-05-29,Ua2,Metalurh Zaporizhzhia,Chernihiv,over_under_25,Under,1.910,won,0.9100,https://www.forebet.com/en/football-predictions/predictions-1x2/2026-05-29
forebet,2026-05-29,AuN,Sydney U21,WS Wanderers Youth,over_under_25,Over,2.450,won,1.4500,https://www.forebet.com/en/football-predictions/predictions-1x2/2026-05-29
forebet,2026-05-29,AuV,Heidelberg United,Thunder SC,over_under_25,Over,2.200,won,1.2000,https://www.forebet.com/en/football-predictions/predictions-1x2/2026-05-29
forebet,2026-05-29,AuS,West Torrens,Adelaide Comets,over_under_25,Over,2.620,won,1.6200,https://www.forebet.com/en/football-predictions/predictions-1x2/2026-05-29
forebet,2026-05-29,Cn2,Shanghai Jiading,Nantong Zhiyun,over_under_25,Under,2.550,won,1.5500,https://www.forebet.com/en/football-predictions/predictions-1x2/2026-05-29
forebet,2026-05-29,AuW,Olympic Kingsway,Dianella White Eagles,over_under_25,Over,2.620,won,1.6200,https://www.forebet.com/en/football-predictions/predictions-1x2/2026-05-29
forebet,2026-05-29,Cn2,Guangdong GZ-Power,Shenzhen Juniors,over_under_25,Over,2.000,lost,-1.0000,https://www.forebet.com/en/football-predictions/predictions-1x2/2026-05-29
forebet,2026-05-29,Cn1,Shenyang City,Shanghai SIPG,over_under_25,Under,1.650,lost,-1.0000,https://www.forebet.com/en/football-predictions/predictions-1x2/2026-05-29
forebet,2026-05-30,Cl1,Cobresal,Ñublense,1x2,X,3.500,lost,-1.0000,https://www.forebet.com/en/football-predictions/predictions-1x2/2026-05-30
forebet,2026-05-30,BrP,Santa Fé SP,José Bonifácio,1x2,2,1.600,won,0.6000,https://www.forebet.com/en/football-predictions/predictions-1x2/2026-05-30
forebet,2026-05-30,Uy1,Cerro Largo,CA Cerro,1x2,1,2.100,won,1.1000,https://www.forebet.com/en/football-predictions/predictions-1x2/2026-05-30
forebet,2026-05-30,Py2,Independiente FBC,12 de Junio VH,1x2,2,2.100,won,1.1000,https://www.forebet.com/en/football-predictions/predictions-1x2/2026-05-30
forebet,2026-05-30,Br4,América RN,Central PE,1x2,X,3.500,lost,-1.0000,https://www.forebet.com/en/football-predictions/predictions-1x2/2026-05-30
forebet,2026-05-30,Us4,One Knoxville,Greenville Triumph,1x2,1,1.830,won,0.8300,https://www.forebet.com/en/football-predictions/predictions-1x2/2026-05-30
forebet,2026-05-30,Ca1,Supra du Québec,York 9 FC,1x2,X,3.300,lost,-1.0000,https://www.forebet.com/en/football-predictions/predictions-1x2/2026-05-30
forebet,2026-05-30,CoC,Leones,Ind Medellin,1x2,X,3.750,won,2.7500,https://www.forebet.com/en/football-predictions/predictions-1x2/2026-05-30
forebet,2026-05-30,Us4,Forward Madison,Corpus Christi,1x2,X,3.500,lost,-1.0000,https://www.forebet.com/en/football-predictions/predictions-1x2/2026-05-30
forebet,2026-05-30,Us4,AFC Ann Arbor,Union Macomb,1x2,1,1.750,won,0.7500,https://www.forebet.com/en/football-predictions/predictions-1x2/2026-05-30
forebet,2026-05-30,Us4,OC Nor'easters,Delaware FC,1x2,1,1.280,won,0.2800,https://www.forebet.com/en/football-predictions/predictions-1x2/2026-05-30
forebet,2026-05-30,Us4,Western Mass Pioneers,Connecticut Rush,1x2,2,6.500,lost,-1.0000,https://www.forebet.com/en/football-predictions/predictions-1x2/2026-05-30
forebet,2026-05-30,Ar2,Racing de Cordoba,Ferro Carril Oeste,1x2,2,2.880,lost,-1.0000,https://www.forebet.com/en/football-predictions/predictions-1x2/2026-05-30
forebet,2026-05-30,Br2,Juventude,América Mineiro,1x2,1,1.950,won,0.9500,https://www.forebet.com/en/football-predictions/predictions-1x2/2026-05-30
forebet,2026-05-30,Nz2,Eastern Suburbs (NZL),Auckland City,1x2,2,2.450,lost,-1.0000,https://www.forebet.com/en/football-predictions/predictions-1x2/2026-05-30
forebet,2026-05-30,Cl1,Univ de Concepcion,Unión La Calera,1x2,1,2.550,lost,-1.0000,https://www.forebet.com/en/football-predictions/predictions-1x2/2026-05-30
forebet,2026-05-30,CoC,Atlético FC,Millonarios,1x2,X,5.250,lost,-1.0000,https://www.forebet.com/en/football-predictions/predictions-1x2/2026-05-30
forebet,2026-05-30,Nz2,Napier City Rovers,Island Bay United,1x2,1,1.160,won,0.1600,https://www.forebet.com/en/football-predictions/predictions-1x2/2026-05-30
forebet,2026-05-30,Us4,Ballard,Midlakes United,1x2,1,1.250,won,0.2500,https://www.forebet.com/en/football-predictions/predictions-1x2/2026-05-30
forebet,2026-05-30,Fj1,Nadroga FC,Ba FC,1x2,2,1.330,won,0.3300,https://www.forebet.com/en/football-predictions/predictions-1x2/2026-05-30
forebet,2026-05-30,AuV,Hume City FC,South Melbourne,1x2,1,2.150,lost,-1.0000,https://www.forebet.com/en/football-predictions/predictions-1x2/2026-05-30
forebet,2026-05-30,AuT,South Hobart,Launceston United,1x2,1,1.020,won,0.0200,https://www.forebet.com/en/football-predictions/predictions-1x2/2026-05-30
forebet,2026-05-30,Us4,New Jersey Copa,Hudson Valley Hammers,1x2,1,3.400,lost,-1.0000,https://www.forebet.com/en/football-predictions/predictions-1x2/2026-05-30
forebet,2026-05-30,JpW3,Bunnies Gunma White Star W,Diavorosso Hiroshima W,1x2,2,1.980,won,0.9800,https://www.forebet.com/en/football-predictions/predictions-1x2/2026-05-30
forebet,2026-05-30,JpW3,Renofa Yamaguchi W,Nankatsu W,1x2,X,3.100,lost,-1.0000,https://www.forebet.com/en/football-predictions/predictions-1x2/2026-05-30
forebet,2026-05-30,AuT,Devonport City,Ulverstone,1x2,1,1.030,won,0.0300,https://www.forebet.com/en/football-predictions/predictions-1x2/2026-05-30
forebet,2026-05-30,AuN,University of NSW,Wollongong FC,1x2,2,2.600,lost,-1.0000,https://www.forebet.com/en/football-predictions/predictions-1x2/2026-05-30
forebet,2026-05-30,AuV,Avondale FC,Bentleigh Greens,1x2,1,1.300,won,0.3000,https://www.forebet.com/en/football-predictions/predictions-1x2/2026-05-30
forebet,2026-05-30,AuV,Melbourne City II,Dandenong City,1x2,1,2.300,lost,-1.0000,https://www.forebet.com/en/football-predictions/predictions-1x2/2026-05-30
forebet,2026-05-30,AuQ,Gold Coast United,Peninsula Power,1x2,2,1.600,won,0.6000,https://www.forebet.com/en/football-predictions/predictions-1x2/2026-05-30
forebet,2026-05-30,Kr3,Jeonbuk Motors II,Busan Kyotong,1x2,2,2.400,won,1.4000,https://www.forebet.com/en/football-predictions/predictions-1x2/2026-05-30
forebet,2026-05-30,Kr3,Gangneung City,Changwon City,1x2,X,3.200,lost,-1.0000,https://www.forebet.com/en/football-predictions/predictions-1x2/2026-05-30
forebet,2026-05-30,Ru4,SKA-Khabarovsk-2,Rodina-M Moscow,1x2,1,3.700,lost,-1.0000,https://www.forebet.com/en/football-predictions/predictions-1x2/2026-05-30
forebet,2026-05-30,Cl1,Cobresal,Ñublense,over_under_25,Over,1.870,lost,-1.0000,https://www.forebet.com/en/football-predictions/predictions-1x2/2026-05-30
forebet,2026-05-30,BrP,Santa Fé SP,José Bonifácio,over_under_25,Under,1.900,won,0.9000,https://www.forebet.com/en/football-predictions/predictions-1x2/2026-05-30
forebet,2026-05-30,Uy1,Cerro Largo,CA Cerro,over_under_25,Over,1.500,lost,-1.0000,https://www.forebet.com/en/football-predictions/predictions-1x2/2026-05-30
forebet,2026-05-30,Py2,Independiente FBC,12 de Junio VH,over_under_25,Under,2.210,lost,-1.0000,https://www.forebet.com/en/football-predictions/predictions-1x2/2026-05-30
forebet,2026-05-30,Br4,América RN,Central PE,over_under_25,Under,2.300,won,1.3000,https://www.forebet.com/en/football-predictions/predictions-1x2/2026-05-30
forebet,2026-05-30,Us4,One Knoxville,Greenville Triumph,over_under_25,Under,1.820,won,0.8200,https://www.forebet.com/en/football-predictions/predictions-1x2/2026-05-30
forebet,2026-05-30,Ca1,Supra du Québec,York 9 FC,over_under_25,Under,1.770,lost,-1.0000,https://www.forebet.com/en/football-predictions/predictions-1x2/2026-05-30
forebet,2026-05-30,CoC,Leones,Ind Medellin,over_under_25,Under,1.800,won,0.8000,https://www.forebet.com/en/football-predictions/predictions-1x2/2026-05-30
forebet,2026-05-30,Us4,Forward Madison,Corpus Christi,over_under_25,Under,1.950,lost,-1.0000,https://www.forebet.com/en/football-predictions/predictions-1x2/2026-05-30
forebet,2026-05-30,Ar2,Racing de Cordoba,Ferro Carril Oeste,over_under_25,Over,1.400,lost,-1.0000,https://www.forebet.com/en/football-predictions/predictions-1x2/2026-05-30
forebet,2026-05-30,Br2,Juventude,América Mineiro,over_under_25,Under,2.550,lost,-1.0000,https://www.forebet.com/en/football-predictions/predictions-1x2/2026-05-30
forebet,2026-05-30,Nz2,Eastern Suburbs (NZL),Auckland City,over_under_25,Over,1.800,lost,-1.0000,https://www.forebet.com/en/football-predictions/predictions-1x2/2026-05-30
forebet,2026-05-30,Cl1,Univ de Concepcion,Unión La Calera,over_under_25,Over,1.770,lost,-1.0000,https://www.forebet.com/en/football-predictions/predictions-1x2/2026-05-30
forebet,2026-05-30,CoC,Atlético FC,Millonarios,over_under_25,Over,2.500,won,1.5000,https://www.forebet.com/en/football-predictions/predictions-1x2/2026-05-30
forebet,2026-05-30,AuV,Hume City FC,South Melbourne,over_under_25,Over,2.600,lost,-1.0000,https://www.forebet.com/en/football-predictions/predictions-1x2/2026-05-30
forebet,2026-05-30,JpW3,Bunnies Gunma White Star W,Diavorosso Hiroshima W,over_under_25,Under,2.250,won,1.2500,https://www.forebet.com/en/football-predictions/predictions-1x2/2026-05-30
forebet,2026-05-30,JpW3,Renofa Yamaguchi W,Nankatsu W,over_under_25,Under,2.100,won,1.1000,https://www.forebet.com/en/football-predictions/predictions-1x2/2026-05-30
forebet,2026-05-30,AuN,University of NSW,Wollongong FC,over_under_25,Under,1.730,won,0.7300,https://www.forebet.com/en/football-predictions/predictions-1x2/2026-05-30
forebet,2026-05-30,AuV,Avondale FC,Bentleigh Greens,over_under_25,Over,2.350,won,1.3500,https://www.forebet.com/en/football-predictions/predictions-1x2/2026-05-30
forebet,2026-05-30,AuV,Melbourne City II,Dandenong City,over_under_25,Over,2.000,lost,-1.0000,https://www.forebet.com/en/football-predictions/predictions-1x2/2026-05-30
forebet,2026-05-30,AuQ,Gold Coast United,Peninsula Power,over_under_25,Over,2.850,won,1.8500,https://www.forebet.com/en/football-predictions/predictions-1x2/2026-05-30
forebet,2026-05-30,Kr3,Jeonbuk Motors II,Busan Kyotong,over_under_25,Under,1.360,lost,-1.0000,https://www.forebet.com/en/football-predictions/predictions-1x2/2026-05-30
forebet,2026-05-30,Kr3,Gangneung City,Changwon City,over_under_25,Under,2.050,won,1.0500,https://www.forebet.com/en/football-predictions/predictions-1x2/2026-05-30
forebet,2026-05-30,Ru4,SKA-Khabarovsk-2,Rodina-M Moscow,over_under_25,Over,1.700,lost,-1.0000,https://www.forebet.com/en/football-predictions/predictions-1x2/2026-05-30
forebet,2026-05-31,Ar4,Defensores de Cambaceres,Centro Español,1x2,2,2.750,lost,-1.0000,https://www.forebet.com/en/football-predictions/predictions-1x2/2026-05-31
forebet,2026-05-31,Us2,Charleston Battery,Detroit City FC,1x2,1,1.910,won,0.9100,https://www.forebet.com/en/football-predictions/predictions-1x2/2026-05-31
forebet,2026-05-31,Uy2,Colón,Miramar Misiones,1x2,X,3.100,lost,-1.0000,https://www.forebet.com/en/football-predictions/predictions-1x2/2026-05-31
forebet,2026-05-31,Ca1,Pacific,Atlético Ottawa,1x2,2,1.910,lost,-1.0000,https://www.forebet.com/en/football-predictions/predictions-1x2/2026-05-31
forebet,2026-05-31,Br4,Portuguesa RJ,America RJ,1x2,1,1.420,lost,-1.0000,https://www.forebet.com/en/football-predictions/predictions-1x2/2026-05-31
forebet,2026-05-31,Br4,Sampaio Corrêa RJ,Velo Clube,1x2,X,2.880,lost,-1.0000,https://www.forebet.com/en/football-predictions/predictions-1x2/2026-05-31
forebet,2026-05-31,Us4,AC Connecticut,Boston City,1x2,1,1.500,won,0.5000,https://www.forebet.com/en/football-predictions/predictions-1x2/2026-05-31
forebet,2026-05-31,Pe1,Sport Boys,CD Comerciantes,1x2,X,3.200,lost,-1.0000,https://www.forebet.com/en/football-predictions/predictions-1x2/2026-05-31
forebet,2026-05-31,Br3,Caxias RS,Ituano SP,1x2,1,1.800,won,0.8000,https://www.forebet.com/en/football-predictions/predictions-1x2/2026-05-31
forebet,2026-05-31,Py2,General Caballero JLM,Paraguari,1x2,1,1.250,won,0.2500,https://www.forebet.com/en/football-predictions/predictions-1x2/2026-05-31
forebet,2026-05-31,Us4,Portland Hearts of Pine,Spokane Velocity,1x2,X,3.400,lost,-1.0000,https://www.forebet.com/en/football-predictions/predictions-1x2/2026-05-31
forebet,2026-05-31,Us4,Morris Elite,Manhattan,1x2,2,2.350,won,1.3500,https://www.forebet.com/en/football-predictions/predictions-1x2/2026-05-31
forebet,2026-05-31,Br1,Santos,Vitória,1x2,1,1.730,won,0.7300,https://www.forebet.com/en/football-predictions/predictions-1x2/2026-05-31
forebet,2026-05-31,Us2,Indy Eleven,Rhode Island,1x2,1,2.550,won,1.5500,https://www.forebet.com/en/football-predictions/predictions-1x2/2026-05-31
forebet,2026-05-31,Us2,Hartford Athletic,New Mexico United,1x2,1,1.800,lost,-1.0000,https://www.forebet.com/en/football-predictions/predictions-1x2/2026-05-31
forebet,2026-05-31,Us2,Pittsburgh Riverhounds,Miami FC II,1x2,1,1.850,won,0.8500,https://www.forebet.com/en/football-predictions/predictions-1x2/2026-05-31
forebet,2026-05-31,Us2,Louisville City,Tampa Bay Rowdies,1x2,2,3.300,won,2.3000,https://www.forebet.com/en/football-predictions/predictions-1x2/2026-05-31
forebet,2026-05-31,Br4,Galvez AC,Porto Velho,1x2,2,5.000,won,4.0000,https://www.forebet.com/en/football-predictions/predictions-1x2/2026-05-31
forebet,2026-05-31,Br4,São Raimundo RR,GAS RR,1x2,1,1.500,won,0.5000,https://www.forebet.com/en/football-predictions/predictions-1x2/2026-05-31
forebet,2026-05-31,Ar3,Tucumán Central,Defensores Pto. Vilelas,1x2,1,1.830,won,0.8300,https://www.forebet.com/en/football-predictions/predictions-1x2/2026-05-31
forebet,2026-05-31,Ar3,Sportivo Belgrano,Gimnasia Chivilcoy,1x2,2,4.500,lost,-1.0000,https://www.forebet.com/en/football-predictions/predictions-1x2/2026-05-31
forebet,2026-05-31,Ar3,Sportivo Las Parejas,Escobar FC,1x2,X,2.700,lost,-1.0000,https://www.forebet.com/en/football-predictions/predictions-1x2/2026-05-31
forebet,2026-05-31,Us4,Richmond Kickers,Athletic Club Boise,1x2,1,3.250,lost,-1.0000,https://www.forebet.com/en/football-predictions/predictions-1x2/2026-05-31
forebet,2026-05-31,Us4,Chattanooga RW,Charlotte Independence,1x2,2,2.620,won,1.6200,https://www.forebet.com/en/football-predictions/predictions-1x2/2026-05-31
forebet,2026-05-31,Us4,Flint City Bucks,Kalamazoo FC,1x2,1,1.380,won,0.3800,https://www.forebet.com/en/football-predictions/predictions-1x2/2026-05-31
forebet,2026-05-31,Ar4,Defensores de Cambaceres,Centro Español,over_under_25,Under,3.000,won,2.0000,https://www.forebet.com/en/football-predictions/predictions-1x2/2026-05-31
forebet,2026-05-31,Us2,Charleston Battery,Detroit City FC,over_under_25,Under,1.950,won,0.9500,https://www.forebet.com/en/football-predictions/predictions-1x2/2026-05-31
forebet,2026-05-31,Uy2,Colón,Miramar Misiones,over_under_25,Under,2.350,lost,-1.0000,https://www.forebet.com/en/football-predictions/predictions-1x2/2026-05-31
forebet,2026-05-31,Ca1,Pacific,Atlético Ottawa,over_under_25,Under,1.800,lost,-1.0000,https://www.forebet.com/en/football-predictions/predictions-1x2/2026-05-31
forebet,2026-05-31,Br4,Portuguesa RJ,America RJ,over_under_25,Over,1.650,won,0.6500,https://www.forebet.com/en/football-predictions/predictions-1x2/2026-05-31
forebet,2026-05-31,Br4,Sampaio Corrêa RJ,Velo Clube,over_under_25,Under,2.300,won,1.3000,https://www.forebet.com/en/football-predictions/predictions-1x2/2026-05-31
forebet,2026-05-31,Pe1,Sport Boys,CD Comerciantes,over_under_25,Under,2.250,won,1.2500,https://www.forebet.com/en/football-predictions/predictions-1x2/2026-05-31
forebet,2026-05-31,Br3,Caxias RS,Ituano SP,over_under_25,Over,1.500,won,0.5000,https://www.forebet.com/en/football-predictions/predictions-1x2/2026-05-31
forebet,2026-05-31,Py2,General Caballero JLM,Paraguari,over_under_25,Under,1.730,lost,-1.0000,https://www.forebet.com/en/football-predictions/predictions-1x2/2026-05-31
forebet,2026-05-31,Us4,Portland Hearts of Pine,Spokane Velocity,over_under_25,Under,1.950,lost,-1.0000,https://www.forebet.com/en/football-predictions/predictions-1x2/2026-05-31
forebet,2026-05-31,Br1,Santos,Vitória,over_under_25,Over,1.770,won,0.7700,https://www.forebet.com/en/football-predictions/predictions-1x2/2026-05-31
forebet,2026-05-31,Us2,Indy Eleven,Rhode Island,over_under_25,Over,1.950,lost,-1.0000,https://www.forebet.com/en/football-predictions/predictions-1x2/2026-05-31
forebet,2026-05-31,Us2,Hartford Athletic,New Mexico United,over_under_25,Over,2.050,lost,-1.0000,https://www.forebet.com/en/football-predictions/predictions-1x2/2026-05-31
forebet,2026-05-31,Us2,Pittsburgh Riverhounds,Miami FC II,over_under_25,Under,1.700,won,0.7000,https://www.forebet.com/en/football-predictions/predictions-1x2/2026-05-31
forebet,2026-05-31,Us2,Louisville City,Tampa Bay Rowdies,over_under_25,Under,1.700,won,0.7000,https://www.forebet.com/en/football-predictions/predictions-1x2/2026-05-31
forebet,2026-05-31,Br4,Galvez AC,Porto Velho,over_under_25,Over,1.770,won,0.7700,https://www.forebet.com/en/football-predictions/predictions-1x2/2026-05-31
forebet,2026-05-31,Br4,São Raimundo RR,GAS RR,over_under_25,Under,1.730,lost,-1.0000,https://www.forebet.com/en/football-predictions/predictions-1x2/2026-05-31
forebet,2026-05-31,Ar3,Tucumán Central,Defensores Pto. Vilelas,over_under_25,Under,2.340,won,1.3400,https://www.forebet.com/en/football-predictions/predictions-1x2/2026-05-31
forebet,2026-05-31,Ar3,Sportivo Belgrano,Gimnasia Chivilcoy,over_under_25,Under,2.330,won,1.3300,https://www.forebet.com/en/football-predictions/predictions-1x2/2026-05-31
forebet,2026-05-31,Ar3,Sportivo Las Parejas,Escobar FC,over_under_25,Under,3.000,won,2.0000,https://www.forebet.com/en/football-predictions/predictions-1x2/2026-05-31
forebet,2026-05-31,Us4,Richmond Kickers,Athletic Club Boise,over_under_25,Under,1.850,lost,-1.0000,https://www.forebet.com/en/football-predictions/predictions-1x2/2026-05-31
forebet,2026-05-31,Us4,Chattanooga RW,Charlotte Independence,over_under_25,Over,1.860,won,0.8600,https://www.forebet.com/en/football-predictions/predictions-1x2/2026-05-31
forebet,2026-06-01,Pe1,Cienciano,Sporting Cristal,1x2,1,1.620,won,0.6200,https://www.forebet.com/en/football-predictions/predictions-1x2/2026-06-01
forebet,2026-06-01,Ar3,San Martín Burzaco,Arsenal Sarandi,1x2,X,2.700,lost,-1.0000,https://www.forebet.com/en/football-predictions/predictions-1x2/2026-06-01
forebet,2026-06-01,Br4,EC São José,Independente FSJ,1x2,2,3.400,lost,-1.0000,https://www.forebet.com/en/football-predictions/predictions-1x2/2026-06-01
forebet,2026-06-01,Us4,Chicago Dutch Lions,Edgewater Castle,1x2,2,2.450,lost,-1.0000,https://www.forebet.com/en/football-predictions/predictions-1x2/2026-06-01
forebet,2026-06-01,Us4,Marin,Academica SC,1x2,2,2.400,lost,-1.0000,https://www.forebet.com/en/football-predictions/predictions-1x2/2026-06-01
forebet,2026-06-01,Us4,Westchester Flames,Staten Island Athletic,1x2,1,2.550,lost,-1.0000,https://www.forebet.com/en/football-predictions/predictions-1x2/2026-06-01
forebet,2026-06-01,Ec1,CS Emelec,Univ Católica Quito,1x2,1,2.620,won,1.6200,https://www.forebet.com/en/football-predictions/predictions-1x2/2026-06-01
forebet,2026-06-01,Br1,Cruzeiro,Fluminense,1x2,2,4.330,lost,-1.0000,https://www.forebet.com/en/football-predictions/predictions-1x2/2026-06-01
forebet,2026-06-01,Br1,Remo PA,São Paulo,1x2,2,2.350,lost,-1.0000,https://www.forebet.com/en/football-predictions/predictions-1x2/2026-06-01
forebet,2026-06-01,Br2,Cuiabá,CRB AL,1x2,2,3.500,lost,-1.0000,https://www.forebet.com/en/football-predictions/predictions-1x2/2026-06-01
forebet,2026-06-01,Br3,Figueirense,Paysandu,1x2,2,3.400,lost,-1.0000,https://www.forebet.com/en/football-predictions/predictions-1x2/2026-06-01
forebet,2026-06-01,Cl1,Palestino,Audax Italiano,1x2,1,1.850,lost,-1.0000,https://www.forebet.com/en/football-predictions/predictions-1x2/2026-06-01
forebet,2026-06-01,Uy2,Oriental (URU),Tacuarembó FC,1x2,X,2.900,lost,-1.0000,https://www.forebet.com/en/football-predictions/predictions-1x2/2026-06-01
forebet,2026-06-01,Us4,RKC,Rockford Raptors,1x2,1,1.250,lost,-1.0000,https://www.forebet.com/en/football-predictions/predictions-1x2/2026-06-01
forebet,2026-06-01,Nz2,Northern AFC,Coastal Spirit,1x2,2,1.660,won,0.6600,https://www.forebet.com/en/football-predictions/predictions-1x2/2026-06-01
forebet,2026-06-01,Ua2,Yarud Mariupol,Viktoriya Mykolaivka,1x2,X,2.950,lost,-1.0000,https://www.forebet.com/en/football-predictions/predictions-1x2/2026-06-01
forebet,2026-06-01,Ua2,FC Ahrobiznes,Chernihiv,1x2,1,2.080,won,1.0800,https://www.forebet.com/en/football-predictions/predictions-1x2/2026-06-01
forebet,2026-06-01,Ua2,Inhulets Petrove,Livyi Bereh Kyiv,1x2,2,1.480,won,0.4800,https://www.forebet.com/en/football-predictions/predictions-1x2/2026-06-01
forebet,2026-06-01,Ua2,UCSA,Niva Ternopil,1x2,1,2.370,won,1.3700,https://www.forebet.com/en/football-predictions/predictions-1x2/2026-06-01
forebet,2026-06-01,Ua2,Chernomorets Od,Metalist Kharkov,1x2,1,1.300,won,0.3000,https://www.forebet.com/en/football-predictions/predictions-1x2/2026-06-01
forebet,2026-06-01,Ua2,Probiy Horodenka,Prykarpattya,1x2,2,2.620,won,1.6200,https://www.forebet.com/en/football-predictions/predictions-1x2/2026-06-01
forebet,2026-06-01,Jp3,Vanraure Hachinohe,Fukushima United,1x2,2,4.200,won,3.2000,https://www.forebet.com/en/football-predictions/predictions-1x2/2026-06-01
forebet,2026-06-01,E17,France U17,Montenegro U17,1x2,1,1.100,won,0.1000,https://www.forebet.com/en/football-predictions/predictions-1x2/2026-06-01
forebet,2026-06-01,E17,Denmark U17,Italy U17,1x2,2,1.990,lost,-1.0000,https://www.forebet.com/en/football-predictions/predictions-1x2/2026-06-01
forebet,2026-06-01,Ke2,Kisumu All Stars,Migori Youth,1x2,2,1.750,won,0.7500,https://www.forebet.com/en/football-predictions/predictions-1x2/2026-06-01
forebet,2026-06-01,Pe1,Cienciano,Sporting Cristal,over_under_25,Over,2.150,won,1.1500,https://www.forebet.com/en/football-predictions/predictions-1x2/2026-06-01
forebet,2026-06-01,Ar3,San Martín Burzaco,Arsenal Sarandi,over_under_25,Under,2.850,won,1.8500,https://www.forebet.com/en/football-predictions/predictions-1x2/2026-06-01
forebet,2026-06-01,Br4,EC São José,Independente FSJ,over_under_25,Under,2.150,won,1.1500,https://www.forebet.com/en/football-predictions/predictions-1x2/2026-06-01
forebet,2026-06-01,Ec1,CS Emelec,Univ Católica Quito,over_under_25,Over,1.770,lost,-1.0000,https://www.forebet.com/en/football-predictions/predictions-1x2/2026-06-01
forebet,2026-06-01,Br1,Cruzeiro,Fluminense,over_under_25,Over,1.650,lost,-1.0000,https://www.forebet.com/en/football-predictions/predictions-1x2/2026-06-01
forebet,2026-06-01,Br1,Remo PA,São Paulo,over_under_25,Under,2.100,won,1.1000,https://www.forebet.com/en/football-predictions/predictions-1x2/2026-06-01
forebet,2026-06-01,Br2,Cuiabá,CRB AL,over_under_25,Under,2.700,won,1.7000,https://www.forebet.com/en/football-predictions/predictions-1x2/2026-06-01
forebet,2026-06-01,Br3,Figueirense,Paysandu,over_under_25,Over,1.650,won,0.6500,https://www.forebet.com/en/football-predictions/predictions-1x2/2026-06-01
forebet,2026-06-01,Cl1,Palestino,Audax Italiano,over_under_25,Over,1.800,lost,-1.0000,https://www.forebet.com/en/football-predictions/predictions-1x2/2026-06-01
forebet,2026-06-01,Uy2,Oriental (URU),Tacuarembó FC,over_under_25,Under,2.450,won,1.4500,https://www.forebet.com/en/football-predictions/predictions-1x2/2026-06-01
forebet,2026-06-01,Nz2,Northern AFC,Coastal Spirit,over_under_25,Under,1.440,lost,-1.0000,https://www.forebet.com/en/football-predictions/predictions-1x2/2026-06-01
forebet,2026-06-01,Ua2,Yarud Mariupol,Viktoriya Mykolaivka,over_under_25,Under,2.170,won,1.1700,https://www.forebet.com/en/football-predictions/predictions-1x2/2026-06-01
forebet,2026-06-01,Ua2,FC Ahrobiznes,Chernihiv,over_under_25,Under,1.970,won,0.9700,https://www.forebet.com/en/football-predictions/predictions-1x2/2026-06-01
forebet,2026-06-01,Ua2,Inhulets Petrove,Livyi Bereh Kyiv,over_under_25,Under,1.860,lost,-1.0000,https://www.forebet.com/en/football-predictions/predictions-1x2/2026-06-01
forebet,2026-06-01,Ua2,UCSA,Niva Ternopil,over_under_25,Over,1.510,won,0.5100,https://www.forebet.com/en/football-predictions/predictions-1x2/2026-06-01
forebet,2026-06-01,Ua2,Chernomorets Od,Metalist Kharkov,over_under_25,Under,1.810,won,0.8100,https://www.forebet.com/en/football-predictions/predictions-1x2/2026-06-01
forebet,2026-06-01,Ua2,Probiy Horodenka,Prykarpattya,over_under_25,Under,1.940,lost,-1.0000,https://www.forebet.com/en/football-predictions/predictions-1x2/2026-06-01
forebet,2026-06-01,Jp3,Vanraure Hachinohe,Fukushima United,over_under_25,Under,2.000,won,1.0000,https://www.forebet.com/en/football-predictions/predictions-1x2/2026-06-01
forebet,2026-06-02,Br2,Ponte Preta,Botafogo SP,1x2,X,2.900,won,1.9000,https://www.forebet.com/en/football-predictions/predictions-1x2/2026-06-02
forebet,2026-06-02,Ec1,Leones del Norte,Macará,1x2,X,2.900,won,1.9000,https://www.forebet.com/en/football-predictions/predictions-1x2/2026-06-02
forebet,2026-06-02,Uy1,Peñarol,Central Español,1x2,1,1.420,lost,-1.0000,https://www.forebet.com/en/football-predictions/predictions-1x2/2026-06-02
forebet,2026-06-02,Br3,Barra,Brusque FC SC,1x2,2,3.900,lost,-1.0000,https://www.forebet.com/en/football-predictions/predictions-1x2/2026-06-02
forebet,2026-06-02,Cl2,Curicó Unido,Antofagasta,1x2,2,2.150,lost,-1.0000,https://www.forebet.com/en/football-predictions/predictions-1x2/2026-06-02
forebet,2026-06-02,Cl2,Deportes Santa Cruz,Deportes Copiapó,1x2,2,3.100,lost,-1.0000,https://www.forebet.com/en/football-predictions/predictions-1x2/2026-06-02
forebet,2026-06-02,Br4,Maguary PE,Sousa PB,1x2,2,3.900,lost,-1.0000,https://www.forebet.com/en/football-predictions/predictions-1x2/2026-06-02
forebet,2026-06-02,Br4,Marcilio Dias SC,Azuriz FC PR,1x2,1,1.950,lost,-1.0000,https://www.forebet.com/en/football-predictions/predictions-1x2/2026-06-02
forebet,2026-06-02,Bo1,Univ de Vinto,Aurora FC,1x2,X,3.400,lost,-1.0000,https://www.forebet.com/en/football-predictions/predictions-1x2/2026-06-02
forebet,2026-06-02,Ec1,Tecnico,Barcelona SC,1x2,2,2.250,lost,-1.0000,https://www.forebet.com/en/football-predictions/predictions-1x2/2026-06-02
forebet,2026-06-02,Us4,Stars FC,Seahorses,1x2,2,2.370,lost,-1.0000,https://www.forebet.com/en/football-predictions/predictions-1x2/2026-06-02
forebet,2026-06-02,Vn3,Quang Ngai,Vĩnh Long,1x2,1,4.100,won,3.1000,https://www.forebet.com/en/football-predictions/predictions-1x2/2026-06-02
forebet,2026-06-02,Vn3,Mê Kông Cần Thơ,Dak Lak FC,1x2,2,1.750,lost,-1.0000,https://www.forebet.com/en/football-predictions/predictions-1x2/2026-06-02
forebet,2026-06-02,Vn3,Tay Ninh,Lam Dong,1x2,X,3.250,lost,-1.0000,https://www.forebet.com/en/football-predictions/predictions-1x2/2026-06-02
forebet,2026-06-02,Vn3,Cong An Ha Noi II,FC Hue,1x2,2,1.440,won,0.4400,https://www.forebet.com/en/football-predictions/predictions-1x2/2026-06-02
forebet,2026-06-02,Vn3,TDTT Hà Tĩnh,Ha Noi II,1x2,2,1.660,won,0.6600,https://www.forebet.com/en/football-predictions/predictions-1x2/2026-06-02
forebet,2026-06-02,AuQ,WDSC Wolves FC,Brisbane Roar U21,1x2,1,1.500,won,0.5000,https://www.forebet.com/en/football-predictions/predictions-1x2/2026-06-02
forebet,2026-06-02,Ua2,Metalurh Zaporizhzhia,Bukovyna,1x2,2,1.070,won,0.0700,https://www.forebet.com/en/football-predictions/predictions-1x2/2026-06-02
forebet,2026-06-02,Vn3,PVF Vietnam,Da Nang II,1x2,1,3.100,lost,-1.0000,https://www.forebet.com/en/football-predictions/predictions-1x2/2026-06-02
forebet,2026-06-02,Pl3,Podbeskidzie,Śląsk Wrocław II,1x2,X,4.330,lost,-1.0000,https://www.forebet.com/en/football-predictions/predictions-1x2/2026-06-02
forebet,2026-06-02,Ir2,Mes Soongoun,Niroye Zamini,1x2,X,3.600,lost,-1.0000,https://www.forebet.com/en/football-predictions/predictions-1x2/2026-06-02
forebet,2026-06-02,Ir2,Sorkhpooshan Pakdasht,Navad Urmia,1x2,1,1.670,won,0.6700,https://www.forebet.com/en/football-predictions/predictions-1x2/2026-06-02
forebet,2026-06-02,Ir2,Fard Alborz,Mes Kerman,1x2,X,2.620,lost,-1.0000,https://www.forebet.com/en/football-predictions/predictions-1x2/2026-06-02
forebet,2026-06-02,Ir2,Mes Shahr-e Babak,Sanat Naft AC,1x2,X,2.600,lost,-1.0000,https://www.forebet.com/en/football-predictions/predictions-1x2/2026-06-02
forebet,2026-06-02,Ir2,Nassaji Mazandaran,Damash Gilan,1x2,1,1.170,won,0.1700,https://www.forebet.com/en/football-predictions/predictions-1x2/2026-06-02
forebet,2026-06-02,Pl3,Olimpia Grudziadz,Sandecja,1x2,X,3.300,lost,-1.0000,https://www.forebet.com/en/football-predictions/predictions-1x2/2026-06-02
forebet,2026-06-02,Ir2,Ario Eslamshahr,Shahrdari Noshahr,1x2,X,2.620,won,1.6200,https://www.forebet.com/en/football-predictions/predictions-1x2/2026-06-02
forebet,2026-06-02,Ir2,Shenavarsazi Qeshm,Saipa Karaj,1x2,2,2.220,won,1.2200,https://www.forebet.com/en/football-predictions/predictions-1x2/2026-06-02
forebet,2026-06-02,Iq1,Kahraba Baghdad,Al-Karma,1x2,2,2.150,won,1.1500,https://www.forebet.com/en/football-predictions/predictions-1x2/2026-06-02
forebet,2026-06-02,Iq1,Gharraf,Naft Maysan,1x2,1,2.250,lost,-1.0000,https://www.forebet.com/en/football-predictions/predictions-1x2/2026-06-02
forebet,2026-06-02,Iq1,Arbil FC,Baghdad SC,1x2,1,1.570,won,0.5700,https://www.forebet.com/en/football-predictions/predictions-1x2/2026-06-02
forebet,2026-06-02,Iq1,Quwa Al Jawiya,Zakho FC,1x2,1,1.660,won,0.6600,https://www.forebet.com/en/football-predictions/predictions-1x2/2026-06-02
forebet,2026-06-02,Iq1,Shorta Baghdad,Mina'a Basra,1x2,1,1.330,lost,-1.0000,https://www.forebet.com/en/football-predictions/predictions-1x2/2026-06-02
forebet,2026-06-02,Ir2,Naft Gachsaran,Be'sat Kermanshah,1x2,X,2.750,won,1.7500,https://www.forebet.com/en/football-predictions/predictions-1x2/2026-06-02
forebet,2026-06-02,Ir2,Pars Jonoubi Jam,Naft Bandar Abbas,1x2,X,2.780,won,1.7800,https://www.forebet.com/en/football-predictions/predictions-1x2/2026-06-02
forebet,2026-06-02,Br2,Ponte Preta,Botafogo SP,over_under_25,Under,2.550,won,1.5500,https://www.forebet.com/en/football-predictions/predictions-1x2/2026-06-02
forebet,2026-06-02,Ec1,Leones del Norte,Macará,over_under_25,Under,2.370,won,1.3700,https://www.forebet.com/en/football-predictions/predictions-1x2/2026-06-02
forebet,2026-06-02,Uy1,Peñarol,Central Español,over_under_25,Over,1.850,lost,-1.0000,https://www.forebet.com/en/football-predictions/predictions-1x2/2026-06-02
forebet,2026-06-02,Br3,Barra,Brusque FC SC,over_under_25,Under,2.350,lost,-1.0000,https://www.forebet.com/en/football-predictions/predictions-1x2/2026-06-02
forebet,2026-06-02,Cl2,Curicó Unido,Antofagasta,over_under_25,Under,1.700,won,0.7000,https://www.forebet.com/en/football-predictions/predictions-1x2/2026-06-02
forebet,2026-06-02,Cl2,Deportes Santa Cruz,Deportes Copiapó,over_under_25,Over,1.700,lost,-1.0000,https://www.forebet.com/en/football-predictions/predictions-1x2/2026-06-02
forebet,2026-06-02,Br4,Maguary PE,Sousa PB,over_under_25,Under,2.350,won,1.3500,https://www.forebet.com/en/football-predictions/predictions-1x2/2026-06-02
forebet,2026-06-02,Br4,Marcilio Dias SC,Azuriz FC PR,over_under_25,Under,2.350,won,1.3500,https://www.forebet.com/en/football-predictions/predictions-1x2/2026-06-02
forebet,2026-06-02,Bo1,Univ de Vinto,Aurora FC,over_under_25,Over,2.350,won,1.3500,https://www.forebet.com/en/football-predictions/predictions-1x2/2026-06-02
forebet,2026-06-02,Ec1,Tecnico,Barcelona SC,over_under_25,Over,1.560,lost,-1.0000,https://www.forebet.com/en/football-predictions/predictions-1x2/2026-06-02
forebet,2026-06-02,Vn3,Quang Ngai,Vĩnh Long,over_under_25,Over,1.850,won,0.8500,https://www.forebet.com/en/football-predictions/predictions-1x2/2026-06-02
forebet,2026-06-02,Vn3,Mê Kông Cần Thơ,Dak Lak FC,over_under_25,Under,1.850,won,0.8500,https://www.forebet.com/en/football-predictions/predictions-1x2/2026-06-02
forebet,2026-06-02,Vn3,Tay Ninh,Lam Dong,over_under_25,Under,1.850,won,0.8500,https://www.forebet.com/en/football-predictions/predictions-1x2/2026-06-02
forebet,2026-06-02,Vn3,Cong An Ha Noi II,FC Hue,over_under_25,Under,2.170,lost,-1.0000,https://www.forebet.com/en/football-predictions/predictions-1x2/2026-06-02
forebet,2026-06-02,Vn3,TDTT Hà Tĩnh,Ha Noi II,over_under_25,Over,1.640,lost,-1.0000,https://www.forebet.com/en/football-predictions/predictions-1x2/2026-06-02
forebet,2026-06-02,AuQ,WDSC Wolves FC,Brisbane Roar U21,over_under_25,Over,3.500,won,2.5000,https://www.forebet.com/en/football-predictions/predictions-1x2/2026-06-02
forebet,2026-06-02,Ua2,Metalurh Zaporizhzhia,Bukovyna,over_under_25,Over,2.250,won,1.2500,https://www.forebet.com/en/football-predictions/predictions-1x2/2026-06-02
forebet,2026-06-02,Vn3,PVF Vietnam,Da Nang II,over_under_25,Over,1.770,lost,-1.0000,https://www.forebet.com/en/football-predictions/predictions-1x2/2026-06-02
forebet,2026-06-02,Pl3,Podbeskidzie,Śląsk Wrocław II,over_under_25,Over,2.250,won,1.2500,https://www.forebet.com/en/football-predictions/predictions-1x2/2026-06-02
forebet,2026-06-02,Ir2,Mes Soongoun,Niroye Zamini,over_under_25,Under,1.550,won,0.5500,https://www.forebet.com/en/football-predictions/predictions-1x2/2026-06-02
forebet,2026-06-02,Ir2,Sorkhpooshan Pakdasht,Navad Urmia,over_under_25,Under,3.000,won,2.0000,https://www.forebet.com/en/football-predictions/predictions-1x2/2026-06-02
forebet,2026-06-02,Ir2,Fard Alborz,Mes Kerman,over_under_25,Under,4.000,won,3.0000,https://www.forebet.com/en/football-predictions/predictions-1x2/2026-06-02
forebet,2026-06-02,Ir2,Mes Shahr-e Babak,Sanat Naft AC,over_under_25,Under,3.750,won,2.7500,https://www.forebet.com/en/football-predictions/predictions-1x2/2026-06-02
forebet,2026-06-02,Ir2,Nassaji Mazandaran,Damash Gilan,over_under_25,Over,1.950,lost,-1.0000,https://www.forebet.com/en/football-predictions/predictions-1x2/2026-06-02
forebet,2026-06-02,Pl3,Olimpia Grudziadz,Sandecja,over_under_25,Over,1.950,won,0.9500,https://www.forebet.com/en/football-predictions/predictions-1x2/2026-06-02
forebet,2026-06-02,Ir2,Ario Eslamshahr,Shahrdari Noshahr,over_under_25,Under,3.400,won,2.4000,https://www.forebet.com/en/football-predictions/predictions-1x2/2026-06-02
forebet,2026-06-02,Iq1,Kahraba Baghdad,Al-Karma,over_under_25,Over,1.820,won,0.8200,https://www.forebet.com/en/football-predictions/predictions-1x2/2026-06-02
forebet,2026-06-02,Iq1,Gharraf,Naft Maysan,over_under_25,Over,1.540,lost,-1.0000,https://www.forebet.com/en/football-predictions/predictions-1x2/2026-06-02
forebet,2026-06-02,Iq1,Arbil FC,Baghdad SC,over_under_25,Over,2.170,won,1.1700,https://www.forebet.com/en/football-predictions/predictions-1x2/2026-06-02
forebet,2026-06-02,Iq1,Quwa Al Jawiya,Zakho FC,over_under_25,Over,1.850,won,0.8500,https://www.forebet.com/en/football-predictions/predictions-1x2/2026-06-02
forebet,2026-06-02,Iq1,Shorta Baghdad,Mina'a Basra,over_under_25,Under,1.540,won,0.5400,https://www.forebet.com/en/football-predictions/predictions-1x2/2026-06-02
forebet,2026-06-03,Ar3,Deportivo Merlo,Deportivo Laferrere,1x2,X,2.700,lost,-1.0000,https://www.forebet.com/en/football-predictions/predictions-1x2/2026-06-03
forebet,2026-06-03,Us4,Nona,The Villages,1x2,X,3.500,won,2.5000,https://www.forebet.com/en/football-predictions/predictions-1x2/2026-06-03
forebet,2026-06-03,BrC,Fortaleza,Vitória,1x2,X,3.250,lost,-1.0000,https://www.forebet.com/en/football-predictions/predictions-1x2/2026-06-03
forebet,2026-06-03,ArC,Barracas Central,CA Huracán,1x2,X,3.000,lost,-1.0000,https://www.forebet.com/en/football-predictions/predictions-1x2/2026-06-03
forebet,2026-06-03,Co1,Junior Barranquilla,Atlético Nacional,1x2,2,2.800,lost,-1.0000,https://www.forebet.com/en/football-predictions/predictions-1x2/2026-06-03
forebet,2026-06-03,Us4,West Chester United II,Reading United AC,1x2,1,1.950,won,0.9500,https://www.forebet.com/en/football-predictions/predictions-1x2/2026-06-03
forebet,2026-06-03,AuA,Belconnen United,Tuggeranong United,1x2,1,2.100,lost,-1.0000,https://www.forebet.com/en/football-predictions/predictions-1x2/2026-06-03
forebet,2026-06-03,AuQ,Rochedale Rovers,Magic United,1x2,1,1.600,won,0.6000,https://www.forebet.com/en/football-predictions/predictions-1x2/2026-06-03
forebet,2026-06-03,Za1,Milford FC,Magesi FC,1x2,X,2.550,lost,-1.0000,https://www.forebet.com/en/football-predictions/predictions-1x2/2026-06-03
forebet,2026-06-03,Cm1,Dynamo Douala,Gazelle,1x2,1,1.660,won,0.6600,https://www.forebet.com/en/football-predictions/predictions-1x2/2026-06-03
forebet,2026-06-03,Cm1,Panthère du Ndé,Stade Renard,1x2,1,1.820,won,0.8200,https://www.forebet.com/en/football-predictions/predictions-1x2/2026-06-03
forebet,2026-06-03,Cz3,Teplice B,Arsenal Ceska Lipa,1x2,2,1.470,won,0.4700,https://www.forebet.com/en/football-predictions/predictions-1x2/2026-06-03
forebet,2026-06-03,Cz3,Polanka nad Odrou,RSM Hodonin,1x2,2,1.440,won,0.4400,https://www.forebet.com/en/football-predictions/predictions-1x2/2026-06-03
forebet,2026-06-03,Cz4,FK Kozlovice,Sternberk,1x2,1,1.330,won,0.3300,https://www.forebet.com/en/football-predictions/predictions-1x2/2026-06-03
forebet,2026-06-03,Ma1,Khemis Zemamra,Yacoub El Mansour,1x2,2,3.100,lost,-1.0000,https://www.forebet.com/en/football-predictions/predictions-1x2/2026-06-03
forebet,2026-06-03,AtL,Weißkirchen / Allhaming,Union Gschwandt,1x2,1,1.530,lost,-1.0000,https://www.forebet.com/en/football-predictions/predictions-1x2/2026-06-03
forebet,2026-06-03,AtL,Union Henndorf,USK Anif,1x2,1,1.220,lost,-1.0000,https://www.forebet.com/en/football-predictions/predictions-1x2/2026-06-03
forebet,2026-06-03,AtL,Anthering,Bürmoos,1x2,2,11.000,won,10.0000,https://www.forebet.com/en/football-predictions/predictions-1x2/2026-06-03
forebet,2026-06-03,AtL,USC Eugendorf,UFC Hallein,1x2,2,11.000,won,10.0000,https://www.forebet.com/en/football-predictions/predictions-1x2/2026-06-03
forebet,2026-06-03,Sl1,FC Kallon,Old Edwardians,1x2,X,2.800,lost,-1.0000,https://www.forebet.com/en/football-predictions/predictions-1x2/2026-06-03
forebet,2026-06-03,Ar3,Deportivo Merlo,Deportivo Laferrere,over_under_25,Under,2.750,lost,-1.0000,https://www.forebet.com/en/football-predictions/predictions-1x2/2026-06-03
forebet,2026-06-03,Us4,Nona,The Villages,over_under_25,Under,1.780,won,0.7800,https://www.forebet.com/en/football-predictions/predictions-1x2/2026-06-03
forebet,2026-06-03,BrC,Fortaleza,Vitória,over_under_25,Under,2.150,lost,-1.0000,https://www.forebet.com/en/football-predictions/predictions-1x2/2026-06-03
forebet,2026-06-03,ArC,Barracas Central,CA Huracán,over_under_25,Under,3.200,won,2.2000,https://www.forebet.com/en/football-predictions/predictions-1x2/2026-06-03
forebet,2026-06-03,Co1,Junior Barranquilla,Atlético Nacional,over_under_25,Under,2.100,lost,-1.0000,https://www.forebet.com/en/football-predictions/predictions-1x2/2026-06-03
forebet,2026-06-03,AuA,Belconnen United,Tuggeranong United,over_under_25,Over,3.000,won,2.0000,https://www.forebet.com/en/football-predictions/predictions-1x2/2026-06-03
forebet,2026-06-03,AuQ,Rochedale Rovers,Magic United,over_under_25,Under,1.300,lost,-1.0000,https://www.forebet.com/en/football-predictions/predictions-1x2/2026-06-03
forebet,2026-06-03,Za1,Milford FC,Magesi FC,over_under_25,Under,3.000,won,2.0000,https://www.forebet.com/en/football-predictions/predictions-1x2/2026-06-03
forebet,2026-06-03,Cm1,Dynamo Douala,Gazelle,over_under_25,Under,1.840,won,0.8400,https://www.forebet.com/en/football-predictions/predictions-1x2/2026-06-03
forebet,2026-06-03,Cm1,Panthère du Ndé,Stade Renard,over_under_25,Under,1.830,lost,-1.0000,https://www.forebet.com/en/football-predictions/predictions-1x2/2026-06-03
forebet,2026-06-03,Cz3,Teplice B,Arsenal Ceska Lipa,over_under_25,Over,2.380,won,1.3800,https://www.forebet.com/en/football-predictions/predictions-1x2/2026-06-03
forebet,2026-06-03,Cz3,Polanka nad Odrou,RSM Hodonin,over_under_25,Over,2.250,won,1.2500,https://www.forebet.com/en/football-predictions/predictions-1x2/2026-06-03
forebet,2026-06-03,Cz4,FK Kozlovice,Sternberk,over_under_25,Over,2.380,won,1.3800,https://www.forebet.com/en/football-predictions/predictions-1x2/2026-06-03
forebet,2026-06-03,Ma1,Khemis Zemamra,Yacoub El Mansour,over_under_25,Under,2.350,lost,-1.0000,https://www.forebet.com/en/football-predictions/predictions-1x2/2026-06-03
forebet,2026-06-03,AtL,Weißkirchen / Allhaming,Union Gschwandt,over_under_25,Over,2.500,won,1.5000,https://www.forebet.com/en/football-predictions/predictions-1x2/2026-06-03
forebet,2026-06-03,AtL,Union Henndorf,USK Anif,over_under_25,Over,2.000,won,1.0000,https://www.forebet.com/en/football-predictions/predictions-1x2/2026-06-03
forebet,2026-06-03,AtL,Anthering,Bürmoos,over_under_25,Over,2.000,won,1.0000,https://www.forebet.com/en/football-predictions/predictions-1x2/2026-06-03
forebet,2026-06-03,AtL,USC Eugendorf,UFC Hallein,over_under_25,Under,1.770,lost,-1.0000,https://www.forebet.com/en/football-predictions/predictions-1x2/2026-06-03
forebet,2026-06-03,Sl1,FC Kallon,Old Edwardians,over_under_25,Under,2.200,lost,-1.0000,https://www.forebet.com/en/football-predictions/predictions-1x2/2026-06-03
forebet,2026-06-04,ArR,Boca Juniors Res.,Defensa y Justicia Res.,1x2,1,3.500,won,2.5000,https://www.forebet.com/en/football-predictions/predictions-1x2/2026-06-04
forebet,2026-06-04,Us4,Miami AC,Weston,1x2,1,2.050,won,1.0500,https://www.forebet.com/en/football-predictions/predictions-1x2/2026-06-04
forebet,2026-06-04,Us4,Northern Indiana,Louisville City 2,1x2,2,2.500,lost,-1.0000,https://www.forebet.com/en/football-predictions/predictions-1x2/2026-06-04
forebet,2026-06-04,Us4,Charlotte Eagles,Tobacco Road,1x2,1,1.610,won,0.6100,https://www.forebet.com/en/football-predictions/predictions-1x2/2026-06-04
forebet,2026-06-04,Us4,New England SC,Connecticut Rush,1x2,1,1.440,won,0.4400,https://www.forebet.com/en/football-predictions/predictions-1x2/2026-06-04
forebet,2026-06-04,Us4,Annapolis Blues,Lionsbridge,1x2,2,1.900,won,0.9000,https://www.forebet.com/en/football-predictions/predictions-1x2/2026-06-04
forebet,2026-06-04,Us4,Sporting Jax 2,Brooke House,1x2,X,3.750,lost,-1.0000,https://www.forebet.com/en/football-predictions/predictions-1x2/2026-06-04
forebet,2026-06-04,Us4,Davis Legacy,SF Glens,1x2,2,2.050,won,1.0500,https://www.forebet.com/en/football-predictions/predictions-1x2/2026-06-04
forebet,2026-06-04,Us4,Brevard Fire,Fort Lauderdale United,1x2,2,1.250,won,0.2500,https://www.forebet.com/en/football-predictions/predictions-1x2/2026-06-04
forebet,2026-06-04,Us4,Christos,Charlottesville Blues,1x2,2,1.750,lost,-1.0000,https://www.forebet.com/en/football-predictions/predictions-1x2/2026-06-04
forebet,2026-06-04,Us4,Wake,SC United Bantams,1x2,2,1.330,won,0.3300,https://www.forebet.com/en/football-predictions/predictions-1x2/2026-06-04
forebet,2026-06-04,BrS,Avai FC,Chapecoense SC,1x2,2,2.750,lost,-1.0000,https://www.forebet.com/en/football-predictions/predictions-1x2/2026-06-04
forebet,2026-06-04,Us4,Greenville Triumph,Forward Madison,1x2,2,3.300,lost,-1.0000,https://www.forebet.com/en/football-predictions/predictions-1x2/2026-06-04
forebet,2026-06-04,Us4,Naples,Charlotte Independence,1x2,1,2.900,lost,-1.0000,https://www.forebet.com/en/football-predictions/predictions-1x2/2026-06-04
forebet,2026-06-04,Us4,Morris Elite,FC Motown II,1x2,2,1.160,won,0.1600,https://www.forebet.com/en/football-predictions/predictions-1x2/2026-06-04
forebet,2026-06-04,Us4,Long Island RR,Hudson Valley Hammers,1x2,1,1.450,lost,-1.0000,https://www.forebet.com/en/football-predictions/predictions-1x2/2026-06-04
forebet,2026-06-04,Us4,Capo,Redlands,1x2,1,2.400,lost,-1.0000,https://www.forebet.com/en/football-predictions/predictions-1x2/2026-06-04
forebet,2026-06-04,Us2,Birmingham Legion,Louisville City,1x2,1,3.750,lost,-1.0000,https://www.forebet.com/en/football-predictions/predictions-1x2/2026-06-04
forebet,2026-06-04,Us4,Santafé Wanderers,Peoria,1x2,2,1.610,won,0.6100,https://www.forebet.com/en/football-predictions/predictions-1x2/2026-06-04
forebet,2026-06-04,Us4,Virginia Marauders,Loudoun United II,1x2,1,5.250,lost,-1.0000,https://www.forebet.com/en/football-predictions/predictions-1x2/2026-06-04
forebet,2026-06-04,Us4,Montgomery United,Birmingham Legion II,1x2,1,1.950,lost,-1.0000,https://www.forebet.com/en/football-predictions/predictions-1x2/2026-06-04
forebet,2026-06-04,ArR,Boca Juniors Res.,Defensa y Justicia Res.,over_under_25,Under,2.700,lost,-1.0000,https://www.forebet.com/en/football-predictions/predictions-1x2/2026-06-04
forebet,2026-06-04,Us4,Miami AC,Weston,over_under_25,Under,1.570,lost,-1.0000,https://www.forebet.com/en/football-predictions/predictions-1x2/2026-06-04
forebet,2026-06-04,Us4,Sporting Jax 2,Brooke House,over_under_25,Under,1.610,won,0.6100,https://www.forebet.com/en/football-predictions/predictions-1x2/2026-06-04
forebet,2026-06-04,BrS,Avai FC,Chapecoense SC,over_under_25,Under,2.620,lost,-1.0000,https://www.forebet.com/en/football-predictions/predictions-1x2/2026-06-04
forebet,2026-06-04,Us4,Greenville Triumph,Forward Madison,over_under_25,Under,1.920,won,0.9200,https://www.forebet.com/en/football-predictions/predictions-1x2/2026-06-04
forebet,2026-06-04,Us4,Naples,Charlotte Independence,over_under_25,Under,1.820,lost,-1.0000,https://www.forebet.com/en/football-predictions/predictions-1x2/2026-06-04
forebet,2026-06-04,Us4,Capo,Redlands,over_under_25,Over,2.150,won,1.1500,https://www.forebet.com/en/football-predictions/predictions-1x2/2026-06-04
forebet,2026-06-04,Us2,Birmingham Legion,Louisville City,over_under_25,Over,2.050,lost,-1.0000,https://www.forebet.com/en/football-predictions/predictions-1x2/2026-06-04
forebet,2026-06-04,Us4,Montgomery United,Birmingham Legion II,over_under_25,Over,2.180,won,1.1800,https://www.forebet.com/en/football-predictions/predictions-1x2/2026-06-04
forebet,2026-06-05,BrP,Oeste U20,Velo Clube U20,1x2,X,2.380,lost,-1.0000,https://www.forebet.com/en/football-predictions/predictions-1x2/2026-06-05
forebet,2026-06-05,ArR,Central Córdoba SdE Res.,San Martín San Juan Res.,1x2,1,2.050,won,1.0500,https://www.forebet.com/en/football-predictions/predictions-1x2/2026-06-05
forebet,2026-06-05,ArR,Talleres Córdoba Res.,Argentinos Juniors Res.,1x2,2,4.330,lost,-1.0000,https://www.forebet.com/en/football-predictions/predictions-1x2/2026-06-05
forebet,2026-06-05,BrV,Anápolis GO,Paysandu,1x2,2,2.750,lost,-1.0000,https://www.forebet.com/en/football-predictions/predictions-1x2/2026-06-05
forebet,2026-06-05,Ec2,San Antonio,Independiente Juniors,1x2,X,2.900,won,1.9000,https://www.forebet.com/en/football-predictions/predictions-1x2/2026-06-05
forebet,2026-06-05,CzU,Karvina U19,FC Fastav Zlin U19,1x2,1,2.040,won,1.0400,https://www.forebet.com/en/football-predictions/predictions-1x2/2026-06-05
forebet,2026-06-05,AuN,Sydney U21,NWS Spirit,1x2,1,3.300,won,2.3000,https://www.forebet.com/en/football-predictions/predictions-1x2/2026-06-05
forebet,2026-06-05,AuV,Green Gully SC,Avondale FC,1x2,2,1.280,won,0.2800,https://www.forebet.com/en/football-predictions/predictions-1x2/2026-06-05
forebet,2026-06-05,AuQ,Gold Coast Knights,Olympic FC QLD,1x2,1,1.850,won,0.8500,https://www.forebet.com/en/football-predictions/predictions-1x2/2026-06-05
forebet,2026-06-05,AuQ,Eastern Suburbs,Moreton City Excelsior,1x2,2,2.100,lost,-1.0000,https://www.forebet.com/en/football-predictions/predictions-1x2/2026-06-05
forebet,2026-06-05,AuV,Dandenong City,Heidelberg United,1x2,2,1.650,lost,-1.0000,https://www.forebet.com/en/football-predictions/predictions-1x2/2026-06-05
forebet,2026-06-05,AuS,Adelaide City,Sturt Lions,1x2,1,1.700,won,0.7000,https://www.forebet.com/en/football-predictions/predictions-1x2/2026-06-05
forebet,2026-06-05,AuN,Cooks Hill United,Belmont Swansea,1x2,2,3.800,won,2.8000,https://www.forebet.com/en/football-predictions/predictions-1x2/2026-06-05
forebet,2026-06-05,Jp3,Kamatamare Sanuki,Nagano Parceiro,1x2,2,2.500,lost,-1.0000,https://www.forebet.com/en/football-predictions/predictions-1x2/2026-06-05
forebet,2026-06-05,AuV,Oakleigh Cannons,St Albans Saints,1x2,1,1.330,lost,-1.0000,https://www.forebet.com/en/football-predictions/predictions-1x2/2026-06-05
forebet,2026-06-05,AuV,Bentleigh Greens,Hume City FC,1x2,2,1.800,won,0.8000,https://www.forebet.com/en/football-predictions/predictions-1x2/2026-06-05
forebet,2026-06-05,AuS,West Torrens,Croydon Kings,1x2,1,1.850,won,0.8500,https://www.forebet.com/en/football-predictions/predictions-1x2/2026-06-05
forebet,2026-06-05,Kr2,Seongnam FC,Gimhae City,1x2,1,1.800,lost,-1.0000,https://www.forebet.com/en/football-predictions/predictions-1x2/2026-06-05
forebet,2026-06-05,Kr2,Daegu FC,Paju Citizen,1x2,1,1.830,won,0.8300,https://www.forebet.com/en/football-predictions/predictions-1x2/2026-06-05
forebet,2026-06-05,Kr2,Busan I'Park,Asan Mugunghwa,1x2,1,1.830,lost,-1.0000,https://www.forebet.com/en/football-predictions/predictions-1x2/2026-06-05
forebet,2026-06-05,AuW,Perth SC,Stirling Lions,1x2,1,1.700,lost,-1.0000,https://www.forebet.com/en/football-predictions/predictions-1x2/2026-06-05
forebet,2026-06-05,AuW,Bayswater City,Dianella White Eagles,1x2,1,1.610,won,0.6100,https://www.forebet.com/en/football-predictions/predictions-1x2/2026-06-05
forebet,2026-06-05,Cn3,Rizhao Yuqi,Dalian Kewei,1x2,X,2.800,won,1.8000,https://www.forebet.com/en/football-predictions/predictions-1x2/2026-06-05
forebet,2026-06-05,Ua1,PFK Aleksandriya,Livyi Bereh Kyiv,1x2,1,2.300,lost,-1.0000,https://www.forebet.com/en/football-predictions/predictions-1x2/2026-06-05
forebet,2026-06-05,Zw1,Hunters,Bulawayo Chiefs,1x2,X,2.400,lost,-1.0000,https://www.forebet.com/en/football-predictions/predictions-1x2/2026-06-05
forebet,2026-06-05,Cz3,Dukla Praha B,FC Pisek,1x2,2,2.190,won,1.1900,https://www.forebet.com/en/football-predictions/predictions-1x2/2026-06-05
forebet,2026-06-05,Ua1,Kudrivka,FC Ahrobiznes,1x2,1,1.480,lost,-1.0000,https://www.forebet.com/en/football-predictions/predictions-1x2/2026-06-05
forebet,2026-06-05,Cz3,Viktoria Plzen B,Loko Vltavin,1x2,1,1.660,won,0.6600,https://www.forebet.com/en/football-predictions/predictions-1x2/2026-06-05
forebet,2026-06-05,Fi2,FC Haka,JäPS,1x2,1,1.480,lost,-1.0000,https://www.forebet.com/en/football-predictions/predictions-1x2/2026-06-05
forebet,2026-06-05,Fi3,JS Hercules,VPS 2,1x2,1,3.000,lost,-1.0000,https://www.forebet.com/en/football-predictions/predictions-1x2/2026-06-05
forebet,2026-06-05,Cz3,Petřín Plzeň,Slavia Prague C,1x2,2,2.040,won,1.0400,https://www.forebet.com/en/football-predictions/predictions-1x2/2026-06-05
forebet,2026-06-05,BrP,Oeste U20,Velo Clube U20,over_under_25,Under,2.700,won,1.7000,https://www.forebet.com/en/football-predictions/predictions-1x2/2026-06-05
forebet,2026-06-05,ArR,Central Córdoba SdE Res.,San Martín San Juan Res.,over_under_25,Under,2.700,lost,-1.0000,https://www.forebet.com/en/football-predictions/predictions-1x2/2026-06-05
forebet,2026-06-05,ArR,Talleres Córdoba Res.,Argentinos Juniors Res.,over_under_25,Over,1.450,won,0.4500,https://www.forebet.com/en/football-predictions/predictions-1x2/2026-06-05
forebet,2026-06-05,BrV,Anápolis GO,Paysandu,over_under_25,Over,1.550,won,0.5500,https://www.forebet.com/en/football-predictions/predictions-1x2/2026-06-05
forebet,2026-06-05,Ec2,San Antonio,Independiente Juniors,over_under_25,Under,2.060,won,1.0600,https://www.forebet.com/en/football-predictions/predictions-1x2/2026-06-05
forebet,2026-06-05,AuN,Sydney U21,NWS Spirit,over_under_25,Under,1.570,won,0.5700,https://www.forebet.com/en/football-predictions/predictions-1x2/2026-06-05
forebet,2026-06-05,AuV,Green Gully SC,Avondale FC,over_under_25,Over,2.500,lost,-1.0000,https://www.forebet.com/en/football-predictions/predictions-1x2/2026-06-05
forebet,2026-06-05,AuQ,Gold Coast Knights,Olympic FC QLD,over_under_25,Over,2.600,won,1.6000,https://www.forebet.com/en/football-predictions/predictions-1x2/2026-06-05
forebet,2026-06-05,AuQ,Eastern Suburbs,Moreton City Excelsior,over_under_25,Over,3.300,lost,-1.0000,https://www.forebet.com/en/football-predictions/predictions-1x2/2026-06-05
forebet,2026-06-05,AuV,Dandenong City,Heidelberg United,over_under_25,Over,2.150,won,1.1500,https://www.forebet.com/en/football-predictions/predictions-1x2/2026-06-05
forebet,2026-06-05,AuS,Adelaide City,Sturt Lions,over_under_25,Over,2.500,won,1.5000,https://www.forebet.com/en/football-predictions/predictions-1x2/2026-06-05
forebet,2026-06-05,AuN,Cooks Hill United,Belmont Swansea,over_under_25,Over,2.500,won,1.5000,https://www.forebet.com/en/football-predictions/predictions-1x2/2026-06-05
forebet,2026-06-05,Jp3,Kamatamare Sanuki,Nagano Parceiro,over_under_25,Under,2.020,won,1.0200,https://www.forebet.com/en/football-predictions/predictions-1x2/2026-06-05
forebet,2026-06-05,AuV,Oakleigh Cannons,St Albans Saints,over_under_25,Over,2.550,won,1.5500,https://www.forebet.com/en/football-predictions/predictions-1x2/2026-06-05
forebet,2026-06-05,AuV,Bentleigh Greens,Hume City FC,over_under_25,Over,2.050,won,1.0500,https://www.forebet.com/en/football-predictions/predictions-1x2/2026-06-05
forebet,2026-06-05,Kr2,Seongnam FC,Gimhae City,over_under_25,Under,2.150,won,1.1500,https://www.forebet.com/en/football-predictions/predictions-1x2/2026-06-05
forebet,2026-06-05,Kr2,Daegu FC,Paju Citizen,over_under_25,Under,2.050,won,1.0500,https://www.forebet.com/en/football-predictions/predictions-1x2/2026-06-05
forebet,2026-06-05,Kr2,Busan I'Park,Asan Mugunghwa,over_under_25,Under,2.050,lost,-1.0000,https://www.forebet.com/en/football-predictions/predictions-1x2/2026-06-05
forebet,2026-06-05,AuW,Perth SC,Stirling Lions,over_under_25,Over,3.500,won,2.5000,https://www.forebet.com/en/football-predictions/predictions-1x2/2026-06-05
forebet,2026-06-05,AuW,Bayswater City,Dianella White Eagles,over_under_25,Over,3.500,won,2.5000,https://www.forebet.com/en/football-predictions/predictions-1x2/2026-06-05
forebet,2026-06-05,Cn3,Rizhao Yuqi,Dalian Kewei,over_under_25,Under,2.500,won,1.5000,https://www.forebet.com/en/football-predictions/predictions-1x2/2026-06-05
forebet,2026-06-05,Ua1,PFK Aleksandriya,Livyi Bereh Kyiv,over_under_25,Under,2.150,won,1.1500,https://www.forebet.com/en/football-predictions/predictions-1x2/2026-06-05
forebet,2026-06-05,Cz3,Dukla Praha B,FC Pisek,over_under_25,Over,2.150,won,1.1500,https://www.forebet.com/en/football-predictions/predictions-1x2/2026-06-05
forebet,2026-06-05,Ua1,Kudrivka,FC Ahrobiznes,over_under_25,Under,1.650,won,0.6500,https://www.forebet.com/en/football-predictions/predictions-1x2/2026-06-05
forebet,2026-06-05,Cz3,Viktoria Plzen B,Loko Vltavin,over_under_25,Over,2.380,lost,-1.0000,https://www.forebet.com/en/football-predictions/predictions-1x2/2026-06-05
forebet,2026-06-05,Fi2,FC Haka,JäPS,over_under_25,Over,2.080,won,1.0800,https://www.forebet.com/en/football-predictions/predictions-1x2/2026-06-05
forebet,2026-06-05,Fi3,JS Hercules,VPS 2,over_under_25,Over,3.750,won,2.7500,https://www.forebet.com/en/football-predictions/predictions-1x2/2026-06-05
forebet,2026-06-06,Uy1,Montevideo Wanderers,Danubio FC,1x2,1,2.250,lost,-1.0000,https://www.forebet.com/en/football-predictions/predictions-1x2/2026-06-06
forebet,2026-06-06,Uy2,Plaza Colonia,Huracán FC (URU),1x2,X,3.200,won,2.2000,https://www.forebet.com/en/football-predictions/predictions-1x2/2026-06-06
forebet,2026-06-06,Br2,Operário PR,Juventude,1x2,X,2.800,lost,-1.0000,https://www.forebet.com/en/football-predictions/predictions-1x2/2026-06-06
forebet,2026-06-06,Ar3,Talleres (RdE),Deportivo Merlo,1x2,X,2.500,lost,-1.0000,https://www.forebet.com/en/football-predictions/predictions-1x2/2026-06-06
forebet,2026-06-06,BrP,Assisense,Santa Fé SP,1x2,1,2.400,won,1.4000,https://www.forebet.com/en/football-predictions/predictions-1x2/2026-06-06
forebet,2026-06-06,Cl2,San Luis Quillota,San Marcos Arica,1x2,X,3.200,lost,-1.0000,https://www.forebet.com/en/football-predictions/predictions-1x2/2026-06-06
forebet,2026-06-06,Ec2,Santo Domingo,22 de Julio,1x2,X,4.000,lost,-1.0000,https://www.forebet.com/en/football-predictions/predictions-1x2/2026-06-06
forebet,2026-06-06,Nz2,Nomads United,Northern AFC,1x2,1,1.750,won,0.7500,https://www.forebet.com/en/football-predictions/predictions-1x2/2026-06-06
forebet,2026-06-06,Ar2,Gimnasia y Tiro,Ferrocarril Midland,1x2,2,3.100,lost,-1.0000,https://www.forebet.com/en/football-predictions/predictions-1x2/2026-06-06
forebet,2026-06-06,Nz2,Western Suburbs,Napier City Rovers,1x2,2,1.950,lost,-1.0000,https://www.forebet.com/en/football-predictions/predictions-1x2/2026-06-06
forebet,2026-06-06,Nz2,South City Royals,Christchurch United,1x2,1,3.200,won,2.2000,https://www.forebet.com/en/football-predictions/predictions-1x2/2026-06-06
forebet,2026-06-06,Us4,Snohomish United,Midlakes United,1x2,1,1.600,won,0.6000,https://www.forebet.com/en/football-predictions/predictions-1x2/2026-06-06
forebet,2026-06-06,Ca1,Vancouver FC,Atlético Ottawa,1x2,2,2.700,lost,-1.0000,https://www.forebet.com/en/football-predictions/predictions-1x2/2026-06-06
forebet,2026-06-06,Nz2,Waterside Karori,Island Bay United,1x2,2,1.570,lost,-1.0000,https://www.forebet.com/en/football-predictions/predictions-1x2/2026-06-06
forebet,2026-06-06,Nz2,Ferrymead Bays,Wanaka,1x2,1,1.180,won,0.1800,https://www.forebet.com/en/football-predictions/predictions-1x2/2026-06-06
forebet,2026-06-06,Nz2,Upper Hutt City,Petone,1x2,1,2.620,won,1.6200,https://www.forebet.com/en/football-predictions/predictions-1x2/2026-06-06
forebet,2026-06-06,Nz2,East Coast Bays,Western Springs,1x2,1,2.100,lost,-1.0000,https://www.forebet.com/en/football-predictions/predictions-1x2/2026-06-06
forebet,2026-06-06,Nz2,Fencibles United,Tauranga City United,1x2,1,1.600,won,0.6000,https://www.forebet.com/en/football-predictions/predictions-1x2/2026-06-06
forebet,2026-06-06,Nz2,Selwyn United,Cashmere Technical,1x2,2,1.030,won,0.0300,https://www.forebet.com/en/football-predictions/predictions-1x2/2026-06-06
forebet,2026-06-06,Nz2,Auckland City,Auckland United,1x2,1,2.000,lost,-1.0000,https://www.forebet.com/en/football-predictions/predictions-1x2/2026-06-06
forebet,2026-06-06,Nz2,Bay Olympic,Manukau United,1x2,1,1.720,won,0.7200,https://www.forebet.com/en/football-predictions/predictions-1x2/2026-06-06
forebet,2026-06-06,Nz2,Eastern Suburbs (NZL),Melville United,1x2,1,1.250,won,0.2500,https://www.forebet.com/en/football-predictions/predictions-1x2/2026-06-06
forebet,2026-06-06,Nz2,Wellington Olympic,Miramar,1x2,2,3.100,lost,-1.0000,https://www.forebet.com/en/football-predictions/predictions-1x2/2026-06-06
forebet,2026-06-06,JpW2,Harima W,VONDS Ichihara W,1x2,1,1.500,won,0.5000,https://www.forebet.com/en/football-predictions/predictions-1x2/2026-06-06
forebet,2026-06-06,JpW3,SEISA OSA Rheia W,Renofa Yamaguchi W,1x2,1,4.000,lost,-1.0000,https://www.forebet.com/en/football-predictions/predictions-1x2/2026-06-06
forebet,2026-06-06,JpW3,Yamato Sylphid W,Veertien Mie W,1x2,X,2.950,lost,-1.0000,https://www.forebet.com/en/football-predictions/predictions-1x2/2026-06-06
forebet,2026-06-06,JpW3,Speranza W,Bunnies Gunma White Star W,1x2,1,2.030,won,1.0300,https://www.forebet.com/en/football-predictions/predictions-1x2/2026-06-06
forebet,2026-06-06,AuQ,Magic United,Brisbane Roar U21,1x2,1,2.700,won,1.7000,https://www.forebet.com/en/football-predictions/predictions-1x2/2026-06-06
forebet,2026-06-06,Jp1,JEF United Chiba,Avispa Fukuoka,1x2,X,3.100,lost,-1.0000,https://www.forebet.com/en/football-predictions/predictions-1x2/2026-06-06
forebet,2026-06-06,Jp1,FC Tokyo,Cerezo Osaka,1x2,2,4.000,won,3.0000,https://www.forebet.com/en/football-predictions/predictions-1x2/2026-06-06
forebet,2026-06-06,Jp1,Kashima Antlers,Vissel Kobe,1x2,1,2.200,won,1.2000,https://www.forebet.com/en/football-predictions/predictions-1x2/2026-06-06
forebet,2026-06-06,AuN,WS Wanderers Youth,Sydney United,1x2,2,1.850,won,0.8500,https://www.forebet.com/en/football-predictions/predictions-1x2/2026-06-06
forebet,2026-06-06,Kr3,Pocheon FC,Busan Kyotong,1x2,2,3.900,lost,-1.0000,https://www.forebet.com/en/football-predictions/predictions-1x2/2026-06-06
forebet,2026-06-06,Jp3,Yokohama FC,Renofa Yamaguchi,1x2,1,1.700,won,0.7000,https://www.forebet.com/en/football-predictions/predictions-1x2/2026-06-06
forebet,2026-06-06,Uy1,Montevideo Wanderers,Danubio FC,over_under_25,Under,2.350,won,1.3500,https://www.forebet.com/en/football-predictions/predictions-1x2/2026-06-06
forebet,2026-06-06,Uy2,Plaza Colonia,Huracán FC (URU),over_under_25,Under,2.350,won,1.3500,https://www.forebet.com/en/football-predictions/predictions-1x2/2026-06-06
forebet,2026-06-06,Br2,Operário PR,Juventude,over_under_25,Over,1.450,won,0.4500,https://www.forebet.com/en/football-predictions/predictions-1x2/2026-06-06
forebet,2026-06-06,Ar3,Talleres (RdE),Deportivo Merlo,over_under_25,Under,3.350,won,2.3500,https://www.forebet.com/en/football-predictions/predictions-1x2/2026-06-06
forebet,2026-06-06,BrP,Assisense,Santa Fé SP,over_under_25,Under,2.700,lost,-1.0000,https://www.forebet.com/en/football-predictions/predictions-1x2/2026-06-06
forebet,2026-06-06,Cl2,San Luis Quillota,San Marcos Arica,over_under_25,Over,1.700,lost,-1.0000,https://www.forebet.com/en/football-predictions/predictions-1x2/2026-06-06
forebet,2026-06-06,Ec2,Santo Domingo,22 de Julio,over_under_25,Under,1.900,won,0.9000,https://www.forebet.com/en/football-predictions/predictions-1x2/2026-06-06
forebet,2026-06-06,Ar2,Gimnasia y Tiro,Ferrocarril Midland,over_under_25,Under,2.950,won,1.9500,https://www.forebet.com/en/football-predictions/predictions-1x2/2026-06-06
forebet,2026-06-06,Nz2,Western Suburbs,Napier City Rovers,over_under_25,Over,2.230,won,1.2300,https://www.forebet.com/en/football-predictions/predictions-1x2/2026-06-06
forebet,2026-06-06,Ca1,Vancouver FC,Atlético Ottawa,over_under_25,Over,2.100,won,1.1000,https://www.forebet.com/en/football-predictions/predictions-1x2/2026-06-06
forebet,2026-06-06,Nz2,Waterside Karori,Island Bay United,over_under_25,Over,2.250,won,1.2500,https://www.forebet.com/en/football-predictions/predictions-1x2/2026-06-06
forebet,2026-06-06,Nz2,Auckland City,Auckland United,over_under_25,Over,2.280,lost,-1.0000,https://www.forebet.com/en/football-predictions/predictions-1x2/2026-06-06
forebet,2026-06-06,Nz2,Wellington Olympic,Miramar,over_under_25,Over,2.100,lost,-1.0000,https://www.forebet.com/en/football-predictions/predictions-1x2/2026-06-06
forebet,2026-06-06,JpW2,Harima W,VONDS Ichihara W,over_under_25,Under,1.850,won,0.8500,https://www.forebet.com/en/football-predictions/predictions-1x2/2026-06-06
forebet,2026-06-06,JpW3,SEISA OSA Rheia W,Renofa Yamaguchi W,over_under_25,Under,2.250,lost,-1.0000,https://www.forebet.com/en/football-predictions/predictions-1x2/2026-06-06
forebet,2026-06-06,JpW3,Yamato Sylphid W,Veertien Mie W,over_under_25,Under,2.100,won,1.1000,https://www.forebet.com/en/football-predictions/predictions-1x2/2026-06-06
forebet,2026-06-06,JpW3,Speranza W,Bunnies Gunma White Star W,over_under_25,Over,1.440,lost,-1.0000,https://www.forebet.com/en/football-predictions/predictions-1x2/2026-06-06
forebet,2026-06-06,AuQ,Magic United,Brisbane Roar U21,over_under_25,Over,3.450,won,2.4500,https://www.forebet.com/en/football-predictions/predictions-1x2/2026-06-06
forebet,2026-06-06,Jp1,JEF United Chiba,Avispa Fukuoka,over_under_25,Under,2.450,lost,-1.0000,https://www.forebet.com/en/football-predictions/predictions-1x2/2026-06-06
forebet,2026-06-06,Jp1,FC Tokyo,Cerezo Osaka,over_under_25,Over,2.100,won,1.1000,https://www.forebet.com/en/football-predictions/predictions-1x2/2026-06-06
forebet,2026-06-06,Jp1,Kashima Antlers,Vissel Kobe,over_under_25,Under,2.100,won,1.1000,https://www.forebet.com/en/football-predictions/predictions-1x2/2026-06-06
forebet,2026-06-06,AuN,WS Wanderers Youth,Sydney United,over_under_25,Over,2.100,lost,-1.0000,https://www.forebet.com/en/football-predictions/predictions-1x2/2026-06-06
forebet,2026-06-06,Kr3,Pocheon FC,Busan Kyotong,over_under_25,Over,1.750,lost,-1.0000,https://www.forebet.com/en/football-predictions/predictions-1x2/2026-06-06
forebet,2026-06-06,Jp3,Yokohama FC,Renofa Yamaguchi,over_under_25,Over,1.920,won,0.9200,https://www.forebet.com/en/football-predictions/predictions-1x2/2026-06-06
forebet,2026-06-07,Ar2,Tristán Suárez,Club Almagro,1x2,1,1.800,lost,-1.0000,https://www.forebet.com/en/football-predictions/predictions-1x2/2026-06-07
forebet,2026-06-07,Py2,12 de Junio VH,Deportivo Capiatá,1x2,1,1.850,lost,-1.0000,https://www.forebet.com/en/football-predictions/predictions-1x2/2026-06-07
forebet,2026-06-07,Cl3,Deportes Rengo,Lota Schwager,1x2,1,2.750,lost,-1.0000,https://www.forebet.com/en/football-predictions/predictions-1x2/2026-06-07
forebet,2026-06-07,Ca1,Supra du Québec,Pacific,1x2,1,1.650,lost,-1.0000,https://www.forebet.com/en/football-predictions/predictions-1x2/2026-06-07
forebet,2026-06-07,Ca1,Cavalry FC,HFX Wanderers,1x2,1,1.450,won,0.4500,https://www.forebet.com/en/football-predictions/predictions-1x2/2026-06-07
forebet,2026-06-07,Ar3,Defensores Pto. Vilelas,Boca Unidos,1x2,1,1.800,won,0.8000,https://www.forebet.com/en/football-predictions/predictions-1x2/2026-06-07
forebet,2026-06-07,Ar3,Escobar FC,El Linqueño,1x2,1,1.530,won,0.5300,https://www.forebet.com/en/football-predictions/predictions-1x2/2026-06-07
forebet,2026-06-07,Ar3,San Martín Formosa,Tucumán Central,1x2,1,1.360,won,0.3600,https://www.forebet.com/en/football-predictions/predictions-1x2/2026-06-07
forebet,2026-06-07,Ar3,Gimnasia Chivilcoy,Indep. de Chivilcoy,1x2,1,1.800,lost,-1.0000,https://www.forebet.com/en/football-predictions/predictions-1x2/2026-06-07
forebet,2026-06-07,Us4,Connecticut Rush,Seacoast Utd Phantoms,1x2,1,2.000,lost,-1.0000,https://www.forebet.com/en/football-predictions/predictions-1x2/2026-06-07
forebet,2026-06-07,Us4,Oakland County,Lansing City,1x2,1,1.300,won,0.3000,https://www.forebet.com/en/football-predictions/predictions-1x2/2026-06-07
forebet,2026-06-07,Us4,Flint City Bucks,Midwest United,1x2,1,1.500,won,0.5000,https://www.forebet.com/en/football-predictions/predictions-1x2/2026-06-07
forebet,2026-06-07,Us4,Lorain County Leviathan,Riverhounds II,1x2,2,2.400,lost,-1.0000,https://www.forebet.com/en/football-predictions/predictions-1x2/2026-06-07
forebet,2026-06-07,Us4,OC Nor'easters,Pennsylvania Classics,1x2,1,1.200,won,0.2000,https://www.forebet.com/en/football-predictions/predictions-1x2/2026-06-07
forebet,2026-06-07,Us4,SC United Bantams,Port City,1x2,1,1.270,won,0.2700,https://www.forebet.com/en/football-predictions/predictions-1x2/2026-06-07
forebet,2026-06-07,Us4,Appalachian,Hickory,1x2,2,2.800,lost,-1.0000,https://www.forebet.com/en/football-predictions/predictions-1x2/2026-06-07
forebet,2026-06-07,Us4,New England SC,Black Rock,1x2,X,3.750,lost,-1.0000,https://www.forebet.com/en/football-predictions/predictions-1x2/2026-06-07
forebet,2026-06-07,Us4,Boston Olympiakos,AC Connecticut,1x2,1,1.550,won,0.5500,https://www.forebet.com/en/football-predictions/predictions-1x2/2026-06-07
forebet,2026-06-07,Us4,Manhattan,FC Motown II,1x2,2,1.550,won,0.5500,https://www.forebet.com/en/football-predictions/predictions-1x2/2026-06-07
forebet,2026-06-07,Us4,Cedar Stars Rush,Staten Island Athletic,1x2,1,1.500,won,0.5000,https://www.forebet.com/en/football-predictions/predictions-1x2/2026-06-07
forebet,2026-06-07,Us4,Annapolis Blues,Patuxent,1x2,1,1.020,won,0.0200,https://www.forebet.com/en/football-predictions/predictions-1x2/2026-06-07
forebet,2026-06-07,Us4,Shark Coast,Nona,1x2,X,4.750,lost,-1.0000,https://www.forebet.com/en/football-predictions/predictions-1x2/2026-06-07
forebet,2026-06-07,Us4,Carolina Dynamo,North Carolina II,1x2,1,1.720,lost,-1.0000,https://www.forebet.com/en/football-predictions/predictions-1x2/2026-06-07
forebet,2026-06-07,Us4,Charlotte Independence 2,Charlotte Eagles,1x2,2,4.000,lost,-1.0000,https://www.forebet.com/en/football-predictions/predictions-1x2/2026-06-07
forebet,2026-06-07,Us4,Westchester Flames,New Jersey Copa,1x2,2,2.000,won,1.0000,https://www.forebet.com/en/football-predictions/predictions-1x2/2026-06-07
forebet,2026-06-07,Us4,Bethesda SC,Virginia Beach United,1x2,2,1.550,won,0.5500,https://www.forebet.com/en/football-predictions/predictions-1x2/2026-06-07
forebet,2026-06-07,Us4,East Atlanta,Apotheos,1x2,X,3.600,lost,-1.0000,https://www.forebet.com/en/football-predictions/predictions-1x2/2026-06-07
forebet,2026-06-07,Us4,Southern Soccer Academy,Birmingham Legion II,1x2,1,2.400,won,1.4000,https://www.forebet.com/en/football-predictions/predictions-1x2/2026-06-07
forebet,2026-06-07,Us4,Columbus United,Montgomery United,1x2,X,4.330,lost,-1.0000,https://www.forebet.com/en/football-predictions/predictions-1x2/2026-06-07
forebet,2026-06-07,Uy2,CA Rentistas,Colón,1x2,1,1.950,lost,-1.0000,https://www.forebet.com/en/football-predictions/predictions-1x2/2026-06-07
forebet,2026-06-07,Ar2,Tristán Suárez,Club Almagro,over_under_25,Under,2.800,won,1.8000,https://www.forebet.com/en/football-predictions/predictions-1x2/2026-06-07
forebet,2026-06-07,Py2,12 de Junio VH,Deportivo Capiatá,over_under_25,Under,2.200,won,1.2000,https://www.forebet.com/en/football-predictions/predictions-1x2/2026-06-07
forebet,2026-06-07,Cl3,Deportes Rengo,Lota Schwager,over_under_25,Under,2.010,won,1.0100,https://www.forebet.com/en/football-predictions/predictions-1x2/2026-06-07
forebet,2026-06-07,Ca1,Supra du Québec,Pacific,over_under_25,Over,2.350,lost,-1.0000,https://www.forebet.com/en/football-predictions/predictions-1x2/2026-06-07
forebet,2026-06-07,Ca1,Cavalry FC,HFX Wanderers,over_under_25,Under,1.800,won,0.8000,https://www.forebet.com/en/football-predictions/predictions-1x2/2026-06-07
forebet,2026-06-07,Ar3,Defensores Pto. Vilelas,Boca Unidos,over_under_25,Over,1.400,lost,-1.0000,https://www.forebet.com/en/football-predictions/predictions-1x2/2026-06-07
forebet,2026-06-07,Ar3,Escobar FC,El Linqueño,over_under_25,Under,2.000,won,1.0000,https://www.forebet.com/en/football-predictions/predictions-1x2/2026-06-07
forebet,2026-06-07,Ar3,San Martín Formosa,Tucumán Central,over_under_25,Under,1.970,lost,-1.0000,https://www.forebet.com/en/football-predictions/predictions-1x2/2026-06-07
forebet,2026-06-07,Ar3,Gimnasia Chivilcoy,Indep. de Chivilcoy,over_under_25,Under,2.450,won,1.4500,https://www.forebet.com/en/football-predictions/predictions-1x2/2026-06-07
forebet,2026-06-07,Us4,Flint City Bucks,Midwest United,over_under_25,Over,2.200,won,1.2000,https://www.forebet.com/en/football-predictions/predictions-1x2/2026-06-07
forebet,2026-06-07,Us4,Appalachian,Hickory,over_under_25,Under,1.900,lost,-1.0000,https://www.forebet.com/en/football-predictions/predictions-1x2/2026-06-07
forebet,2026-06-07,Us4,New England SC,Black Rock,over_under_25,Under,1.550,lost,-1.0000,https://www.forebet.com/en/football-predictions/predictions-1x2/2026-06-07
forebet,2026-06-07,Us4,East Atlanta,Apotheos,over_under_25,Over,2.100,won,1.1000,https://www.forebet.com/en/football-predictions/predictions-1x2/2026-06-07
forebet,2026-06-07,Uy2,CA Rentistas,Colón,over_under_25,Under,2.600,won,1.6000,https://www.forebet.com/en/football-predictions/predictions-1x2/2026-06-07
forebet,2026-06-08,Ve1,Carabobo,Puerto Cabello,1x2,1,1.900,won,0.9000,https://www.forebet.com/en/football-predictions/predictions-1x2/2026-06-08
forebet,2026-06-08,Us4,Long Island RR,Morris Elite,1x2,1,1.160,won,0.1600,https://www.forebet.com/en/football-predictions/predictions-1x2/2026-06-08
forebet,2026-06-08,Us4,Snohomish United,Oly Town,1x2,1,1.160,won,0.1600,https://www.forebet.com/en/football-predictions/predictions-1x2/2026-06-08
forebet,2026-06-08,Us4,San Francisco City,SF Glens,1x2,1,1.800,won,0.8000,https://www.forebet.com/en/football-predictions/predictions-1x2/2026-06-08
forebet,2026-06-08,Us4,Asheville City,Wake,1x2,1,1.030,won,0.0300,https://www.forebet.com/en/football-predictions/predictions-1x2/2026-06-08
forebet,2026-06-08,Us4,RKC,St. Croix,1x2,1,1.380,won,0.3800,https://www.forebet.com/en/football-predictions/predictions-1x2/2026-06-08
forebet,2026-06-08,Us4,Tacoma Stars,Bigfoot,1x2,X,4.500,lost,-1.0000,https://www.forebet.com/en/football-predictions/predictions-1x2/2026-06-08
forebet,2026-06-08,Us4,Loudoun United II,Lionsbridge,1x2,2,1.250,won,0.2500,https://www.forebet.com/en/football-predictions/predictions-1x2/2026-06-08
forebet,2026-06-08,Us4,Virginia Marauders,Christos,1x2,2,1.400,won,0.4000,https://www.forebet.com/en/football-predictions/predictions-1x2/2026-06-08
forebet,2026-06-08,Uy2,Miramar Misiones,Oriental (URU),1x2,X,2.880,won,1.8800,https://www.forebet.com/en/football-predictions/predictions-1x2/2026-06-08
forebet,2026-06-08,Fi2,FC KTP,FC Haka,1x2,1,1.950,lost,-1.0000,https://www.forebet.com/en/football-predictions/predictions-1x2/2026-06-08
forebet,2026-06-08,Ma1,FUS Rabat,Difaâ El Jadidi,1x2,X,3.300,won,2.3000,https://www.forebet.com/en/football-predictions/predictions-1x2/2026-06-08
forebet,2026-06-08,Fi3,FC Kiffen,PuiU Helsinki,1x2,1,1.730,won,0.7300,https://www.forebet.com/en/football-predictions/predictions-1x2/2026-06-08
forebet,2026-06-08,Lt2,DFK Dainava,FK Garliava,1x2,1,2.000,won,1.0000,https://www.forebet.com/en/football-predictions/predictions-1x2/2026-06-08
forebet,2026-06-08,Se3,Stockholm Internazionale,Vasalunds IF,1x2,X,4.100,lost,-1.0000,https://www.forebet.com/en/football-predictions/predictions-1x2/2026-06-08
forebet,2026-06-08,Se4,Ängelholms FF,BK Olympic Malmö,1x2,1,2.100,lost,-1.0000,https://www.forebet.com/en/football-predictions/predictions-1x2/2026-06-08
forebet,2026-06-08,Se4,Täfteå,Umeå FC Akademi,1x2,1,2.100,won,1.1000,https://www.forebet.com/en/football-predictions/predictions-1x2/2026-06-08
forebet,2026-06-08,Se3,Järfälla,Stocksund,1x2,1,1.850,lost,-1.0000,https://www.forebet.com/en/football-predictions/predictions-1x2/2026-06-08
forebet,2026-06-08,Se4,Utsiktens BK,FC Rosengard,1x2,2,1.530,won,0.5300,https://www.forebet.com/en/football-predictions/predictions-1x2/2026-06-08
forebet,2026-06-08,Ma1,RSB Berkane,Ittihad Tanger,1x2,X,3.500,lost,-1.0000,https://www.forebet.com/en/football-predictions/predictions-1x2/2026-06-08
forebet,2026-06-08,Ma1,Wydad Casablanca,Olympique Safi,1x2,1,1.530,won,0.5300,https://www.forebet.com/en/football-predictions/predictions-1x2/2026-06-08
forebet,2026-06-08,BrC,Monsoon,Santa Cruz RS,1x2,1,2.200,lost,-1.0000,https://www.forebet.com/en/football-predictions/predictions-1x2/2026-06-08
forebet,2026-06-08,ArR,Defensa y Justicia Res.,Ferro Carril Reserves,1x2,1,1.700,won,0.7000,https://www.forebet.com/en/football-predictions/predictions-1x2/2026-06-08
forebet,2026-06-08,ArR,Independiente Riva. Res.,Quilmes Res.,1x2,2,2.450,lost,-1.0000,https://www.forebet.com/en/football-predictions/predictions-1x2/2026-06-08
forebet,2026-06-08,ArR,Unión Santa Fe Res.,Atlético Tucumán Res.,1x2,2,3.250,lost,-1.0000,https://www.forebet.com/en/football-predictions/predictions-1x2/2026-06-08
forebet,2026-06-08,ArR,Gimnasia Esgrima Res.,Godoy Cruz Res.,1x2,1,1.610,lost,-1.0000,https://www.forebet.com/en/football-predictions/predictions-1x2/2026-06-08
forebet,2026-06-08,ArR,Racing Club Res.,Banfield Res.,1x2,1,1.850,lost,-1.0000,https://www.forebet.com/en/football-predictions/predictions-1x2/2026-06-08
forebet,2026-06-08,Ar3,UAI Urquiza,Liniers,1x2,2,2.900,lost,-1.0000,https://www.forebet.com/en/football-predictions/predictions-1x2/2026-06-08
forebet,2026-06-08,Ve1,Carabobo,Puerto Cabello,over_under_25,Under,2.620,lost,-1.0000,https://www.forebet.com/en/football-predictions/predictions-1x2/2026-06-08
forebet,2026-06-08,Uy2,Miramar Misiones,Oriental (URU),over_under_25,Under,2.600,lost,-1.0000,https://www.forebet.com/en/football-predictions/predictions-1x2/2026-06-08
forebet,2026-06-08,Fi2,FC KTP,FC Haka,over_under_25,Under,1.920,won,0.9200,https://www.forebet.com/en/football-predictions/predictions-1x2/2026-06-08
forebet,2026-06-08,Ma1,FUS Rabat,Difaâ El Jadidi,over_under_25,Under,2.200,won,1.2000,https://www.forebet.com/en/football-predictions/predictions-1x2/2026-06-08
forebet,2026-06-08,Fi3,FC Kiffen,PuiU Helsinki,over_under_25,Over,2.620,lost,-1.0000,https://www.forebet.com/en/football-predictions/predictions-1x2/2026-06-08
forebet,2026-06-08,Lt2,DFK Dainava,FK Garliava,over_under_25,Under,1.600,won,0.6000,https://www.forebet.com/en/football-predictions/predictions-1x2/2026-06-08
forebet,2026-06-08,Se3,Stockholm Internazionale,Vasalunds IF,over_under_25,Over,2.380,won,1.3800,https://www.forebet.com/en/football-predictions/predictions-1x2/2026-06-08
forebet,2026-06-08,Se4,Ängelholms FF,BK Olympic Malmö,over_under_25,Under,1.620,won,0.6200,https://www.forebet.com/en/football-predictions/predictions-1x2/2026-06-08
forebet,2026-06-08,Se4,Täfteå,Umeå FC Akademi,over_under_25,Over,2.200,won,1.2000,https://www.forebet.com/en/football-predictions/predictions-1x2/2026-06-08
forebet,2026-06-08,Se3,Järfälla,Stocksund,over_under_25,Over,3.250,won,2.2500,https://www.forebet.com/en/football-predictions/predictions-1x2/2026-06-08
forebet,2026-06-08,Se4,Utsiktens BK,FC Rosengard,over_under_25,Over,2.150,lost,-1.0000,https://www.forebet.com/en/football-predictions/predictions-1x2/2026-06-08
forebet,2026-06-08,Ma1,RSB Berkane,Ittihad Tanger,over_under_25,Under,2.200,won,1.2000,https://www.forebet.com/en/football-predictions/predictions-1x2/2026-06-08
forebet,2026-06-08,Ma1,Wydad Casablanca,Olympique Safi,over_under_25,Under,1.930,won,0.9300,https://www.forebet.com/en/football-predictions/predictions-1x2/2026-06-08
forebet,2026-06-08,BrC,Monsoon,Santa Cruz RS,over_under_25,Over,1.650,lost,-1.0000,https://www.forebet.com/en/football-predictions/predictions-1x2/2026-06-08
forebet,2026-06-08,ArR,Defensa y Justicia Res.,Ferro Carril Reserves,over_under_25,Under,1.800,lost,-1.0000,https://www.forebet.com/en/football-predictions/predictions-1x2/2026-06-08
forebet,2026-06-08,ArR,Independiente Riva. Res.,Quilmes Res.,over_under_25,Under,2.180,won,1.1800,https://www.forebet.com/en/football-predictions/predictions-1x2/2026-06-08
forebet,2026-06-08,ArR,Unión Santa Fe Res.,Atlético Tucumán Res.,over_under_25,Under,1.900,won,0.9000,https://www.forebet.com/en/football-predictions/predictions-1x2/2026-06-08
forebet,2026-06-08,ArR,Gimnasia Esgrima Res.,Godoy Cruz Res.,over_under_25,Under,2.020,won,1.0200,https://www.forebet.com/en/football-predictions/predictions-1x2/2026-06-08
forebet,2026-06-08,ArR,Racing Club Res.,Banfield Res.,over_under_25,Under,1.970,lost,-1.0000,https://www.forebet.com/en/football-predictions/predictions-1x2/2026-06-08
forebet,2026-06-09,Uy1,Liverpool (URU),Cerro Largo,1x2,2,4.200,lost,-1.0000,https://www.forebet.com/en/football-predictions/predictions-1x2/2026-06-09
forebet,2026-06-09,Co1,Atlético Nacional,Junior Barranquilla,1x2,X,4.500,lost,-1.0000,https://www.forebet.com/en/football-predictions/predictions-1x2/2026-06-09
forebet,2026-06-09,Py2,3 de Noviembre,General Caballero JLM,1x2,2,1.850,won,0.8500,https://www.forebet.com/en/football-predictions/predictions-1x2/2026-06-09
forebet,2026-06-09,BrM,Mamoré,Uberaba MG,1x2,X,2.900,lost,-1.0000,https://www.forebet.com/en/football-predictions/predictions-1x2/2026-06-09
forebet,2026-06-09,Br2,América Mineiro,Atlético GO,1x2,X,3.000,lost,-1.0000,https://www.forebet.com/en/football-predictions/predictions-1x2/2026-06-09
forebet,2026-06-09,Br2,Vila Nova FC,Botafogo SP,1x2,1,2.250,won,1.2500,https://www.forebet.com/en/football-predictions/predictions-1x2/2026-06-09
forebet,2026-06-09,Us4,The Villages,Sporting Jax 2,1x2,X,5.000,won,4.0000,https://www.forebet.com/en/football-predictions/predictions-1x2/2026-06-09
forebet,2026-06-09,Cl2,Unión Española,Unión San Felipe,1x2,1,1.670,lost,-1.0000,https://www.forebet.com/en/football-predictions/predictions-1x2/2026-06-09
forebet,2026-06-09,Cl2,Deportes Temuco,Curicó Unido,1x2,X,3.300,lost,-1.0000,https://www.forebet.com/en/football-predictions/predictions-1x2/2026-06-09
forebet,2026-06-09,Ua1,Livyi Bereh Kyiv,PFK Aleksandriya,1x2,1,1.850,won,0.8500,https://www.forebet.com/en/football-predictions/predictions-1x2/2026-06-09
forebet,2026-06-09,Zw1,Bulawayo Chiefs,TelOne FC,1x2,X,2.800,won,1.8000,https://www.forebet.com/en/football-predictions/predictions-1x2/2026-06-09
forebet,2026-06-09,Ir2,Niroye Zamini,Ario Eslamshahr,1x2,X,2.400,won,1.4000,https://www.forebet.com/en/football-predictions/predictions-1x2/2026-06-09
forebet,2026-06-09,Ir2,Navad Urmia,Fard Alborz,1x2,X,2.880,lost,-1.0000,https://www.forebet.com/en/football-predictions/predictions-1x2/2026-06-09
forebet,2026-06-09,Ir2,Saipa Karaj,Sorkhpooshan Pakdasht,1x2,X,2.600,won,1.6000,https://www.forebet.com/en/football-predictions/predictions-1x2/2026-06-09
forebet,2026-06-09,Ir2,Be'sat Kermanshah,Mes Soongoun,1x2,1,2.020,won,1.0200,https://www.forebet.com/en/football-predictions/predictions-1x2/2026-06-09
forebet,2026-06-09,Ir2,Mes Kerman,Naft Gachsaran,1x2,X,2.750,won,1.7500,https://www.forebet.com/en/football-predictions/predictions-1x2/2026-06-09
forebet,2026-06-09,Ua1,FC Ahrobiznes,Kudrivka,1x2,1,3.500,lost,-1.0000,https://www.forebet.com/en/football-predictions/predictions-1x2/2026-06-09
forebet,2026-06-09,Ir2,Nassaji Mazandaran,Shenavarsazi Qeshm,1x2,1,1.220,won,0.2200,https://www.forebet.com/en/football-predictions/predictions-1x2/2026-06-09
forebet,2026-06-09,Ir2,Sanat Naft AC,Pars Jonoubi Jam,1x2,X,2.700,lost,-1.0000,https://www.forebet.com/en/football-predictions/predictions-1x2/2026-06-09
forebet,2026-06-09,FiC,FC Honka Espoo,HJK Helsinki,1x2,2,1.140,won,0.1400,https://www.forebet.com/en/football-predictions/predictions-1x2/2026-06-09
forebet,2026-06-09,Ma1,Yacoub El Mansour,CODM Meknès,1x2,2,3.100,lost,-1.0000,https://www.forebet.com/en/football-predictions/predictions-1x2/2026-06-09
forebet,2026-06-09,Fi2,SJK Akatemia,JIPPO Joensuu,1x2,2,1.140,lost,-1.0000,https://www.forebet.com/en/football-predictions/predictions-1x2/2026-06-09
forebet,2026-06-09,Ml1,US Bougouni,USFAS Bamako,1x2,2,1.800,lost,-1.0000,https://www.forebet.com/en/football-predictions/predictions-1x2/2026-06-09
forebet,2026-06-09,Ml1,Stade Malien,Binga,1x2,1,1.950,won,0.9500,https://www.forebet.com/en/football-predictions/predictions-1x2/2026-06-09
forebet,2026-06-09,Ml1,Djoliba AC,AS Real Bamako,1x2,X,3.000,lost,-1.0000,https://www.forebet.com/en/football-predictions/predictions-1x2/2026-06-09
forebet,2026-06-09,Se2,United Nordic,Östersunds FK,1x2,1,1.950,lost,-1.0000,https://www.forebet.com/en/football-predictions/predictions-1x2/2026-06-09
forebet,2026-06-09,Se2,Östers IF,IFK Varnamo,1x2,1,1.950,won,0.9500,https://www.forebet.com/en/football-predictions/predictions-1x2/2026-06-09
forebet,2026-06-09,Se2,IK Brage,Ljungskile SK,1x2,1,2.450,lost,-1.0000,https://www.forebet.com/en/football-predictions/predictions-1x2/2026-06-09
forebet,2026-06-09,Se2,IK Oddevold,Norrköping,1x2,X,3.300,lost,-1.0000,https://www.forebet.com/en/football-predictions/predictions-1x2/2026-06-09
forebet,2026-06-09,Se2,Sandvikens IF,Falkenbergs FF,1x2,2,2.550,lost,-1.0000,https://www.forebet.com/en/football-predictions/predictions-1x2/2026-06-09
forebet,2026-06-09,SeC,Vendelsö IK,Haninge,1x2,2,3.250,won,2.2500,https://www.forebet.com/en/football-predictions/predictions-1x2/2026-06-09
forebet,2026-06-09,SeC,IK Sturehov,FBK Karlstad,1x2,X,7.500,lost,-1.0000,https://www.forebet.com/en/football-predictions/predictions-1x2/2026-06-09
forebet,2026-06-09,Uy1,Liverpool (URU),Cerro Largo,over_under_25,Under,2.150,won,1.1500,https://www.forebet.com/en/football-predictions/predictions-1x2/2026-06-09
forebet,2026-06-09,Co1,Atlético Nacional,Junior Barranquilla,over_under_25,Over,2.050,lost,-1.0000,https://www.forebet.com/en/football-predictions/predictions-1x2/2026-06-09
forebet,2026-06-09,Py2,3 de Noviembre,General Caballero JLM,over_under_25,Under,2.000,lost,-1.0000,https://www.forebet.com/en/football-predictions/predictions-1x2/2026-06-09
forebet,2026-06-09,BrM,Mamoré,Uberaba MG,over_under_25,Under,2.540,won,1.5400,https://www.forebet.com/en/football-predictions/predictions-1x2/2026-06-09
forebet,2026-06-09,Br2,América Mineiro,Atlético GO,over_under_25,Under,2.450,lost,-1.0000,https://www.forebet.com/en/football-predictions/predictions-1x2/2026-06-09
forebet,2026-06-09,Br2,Vila Nova FC,Botafogo SP,over_under_25,Under,2.450,won,1.4500,https://www.forebet.com/en/football-predictions/predictions-1x2/2026-06-09
forebet,2026-06-09,Cl2,Unión Española,Unión San Felipe,over_under_25,Over,1.950,won,0.9500,https://www.forebet.com/en/football-predictions/predictions-1x2/2026-06-09
forebet,2026-06-09,Cl2,Deportes Temuco,Curicó Unido,over_under_25,Under,1.950,won,0.9500,https://www.forebet.com/en/football-predictions/predictions-1x2/2026-06-09
forebet,2026-06-09,Ua1,Livyi Bereh Kyiv,PFK Aleksandriya,over_under_25,Over,1.600,lost,-1.0000,https://www.forebet.com/en/football-predictions/predictions-1x2/2026-06-09
forebet,2026-06-09,Ir2,Niroye Zamini,Ario Eslamshahr,over_under_25,Under,3.750,won,2.7500,https://www.forebet.com/en/football-predictions/predictions-1x2/2026-06-09
forebet,2026-06-09,Ir2,Navad Urmia,Fard Alborz,over_under_25,Under,2.300,lost,-1.0000,https://www.forebet.com/en/football-predictions/predictions-1x2/2026-06-09
forebet,2026-06-09,Ir2,Saipa Karaj,Sorkhpooshan Pakdasht,over_under_25,Under,3.400,won,2.4000,https://www.forebet.com/en/football-predictions/predictions-1x2/2026-06-09
forebet,2026-06-09,Ir2,Be'sat Kermanshah,Mes Soongoun,over_under_25,Under,2.900,won,1.9000,https://www.forebet.com/en/football-predictions/predictions-1x2/2026-06-09
forebet,2026-06-09,Ir2,Mes Kerman,Naft Gachsaran,over_under_25,Under,3.400,won,2.4000,https://www.forebet.com/en/football-predictions/predictions-1x2/2026-06-09
forebet,2026-06-09,Ua1,FC Ahrobiznes,Kudrivka,over_under_25,Over,1.500,won,0.5000,https://www.forebet.com/en/football-predictions/predictions-1x2/2026-06-09
forebet,2026-06-09,Ir2,Nassaji Mazandaran,Shenavarsazi Qeshm,over_under_25,Under,2.000,won,1.0000,https://www.forebet.com/en/football-predictions/predictions-1x2/2026-06-09
forebet,2026-06-09,Ir2,Sanat Naft AC,Pars Jonoubi Jam,over_under_25,Under,2.300,won,1.3000,https://www.forebet.com/en/football-predictions/predictions-1x2/2026-06-09
forebet,2026-06-09,FiC,FC Honka Espoo,HJK Helsinki,over_under_25,Over,4.000,won,3.0000,https://www.forebet.com/en/football-predictions/predictions-1x2/2026-06-09
forebet,2026-06-09,Ma1,Yacoub El Mansour,CODM Meknès,over_under_25,Under,2.300,won,1.3000,https://www.forebet.com/en/football-predictions/predictions-1x2/2026-06-09
forebet,2026-06-09,Fi2,SJK Akatemia,JIPPO Joensuu,over_under_25,Over,4.000,lost,-1.0000,https://www.forebet.com/en/football-predictions/predictions-1x2/2026-06-09
forebet,2026-06-09,Ml1,Stade Malien,Binga,over_under_25,Over,1.500,won,0.5000,https://www.forebet.com/en/football-predictions/predictions-1x2/2026-06-09
forebet,2026-06-09,Se2,United Nordic,Östersunds FK,over_under_25,Under,1.620,won,0.6200,https://www.forebet.com/en/football-predictions/predictions-1x2/2026-06-09
forebet,2026-06-09,Se2,Östers IF,IFK Varnamo,over_under_25,Over,2.300,won,1.3000,https://www.forebet.com/en/football-predictions/predictions-1x2/2026-06-09
forebet,2026-06-09,Se2,IK Brage,Ljungskile SK,over_under_25,Over,2.100,won,1.1000,https://www.forebet.com/en/football-predictions/predictions-1x2/2026-06-09
forebet,2026-06-09,Se2,IK Oddevold,Norrköping,over_under_25,Under,1.670,lost,-1.0000,https://www.forebet.com/en/football-predictions/predictions-1x2/2026-06-09
forebet,2026-06-09,Se2,Sandvikens IF,Falkenbergs FF,over_under_25,Over,2.100,won,1.1000,https://www.forebet.com/en/football-predictions/predictions-1x2/2026-06-09
forebet,2026-06-09,SeC,Vendelsö IK,Haninge,over_under_25,Over,2.300,won,1.3000,https://www.forebet.com/en/football-predictions/predictions-1x2/2026-06-09
forebet,2026-06-09,SeC,IK Sturehov,FBK Karlstad,over_under_25,Under,1.300,lost,-1.0000,https://www.forebet.com/en/football-predictions/predictions-1x2/2026-06-09
forebet,2026-06-10,Br2,Nautico,Fortaleza,1x2,1,2.300,lost,-1.0000,https://www.forebet.com/en/football-predictions/predictions-1x2/2026-06-10
forebet,2026-06-10,Br2,Ponte Preta,Cuiabá,1x2,X,2.880,lost,-1.0000,https://www.forebet.com/en/football-predictions/predictions-1x2/2026-06-10
forebet,2026-06-10,ArR,Central Córdoba SdE Res.,Colón Res.,1x2,X,3.100,lost,-1.0000,https://www.forebet.com/en/football-predictions/predictions-1x2/2026-06-10
forebet,2026-06-10,ArR,River Plate Res.,Rosario Central Res.,1x2,1,1.900,won,0.9000,https://www.forebet.com/en/football-predictions/predictions-1x2/2026-06-10
forebet,2026-06-10,Us4,Cleveland Force,Akron City,1x2,1,2.400,lost,-1.0000,https://www.forebet.com/en/football-predictions/predictions-1x2/2026-06-10
forebet,2026-06-10,Ca1,Atlético Ottawa,Supra du Québec,1x2,1,1.900,won,0.9000,https://www.forebet.com/en/football-predictions/predictions-1x2/2026-06-10
forebet,2026-06-10,Us4,Delaware FC,West Chester United II,1x2,2,2.150,won,1.1500,https://www.forebet.com/en/football-predictions/predictions-1x2/2026-06-10
forebet,2026-06-10,Us4,Northern Virginia,Charlottesville Blues,1x2,X,3.500,lost,-1.0000,https://www.forebet.com/en/football-predictions/predictions-1x2/2026-06-10
forebet,2026-06-10,Us4,Southern Soccer Academy,Columbus United,1x2,1,2.250,won,1.2500,https://www.forebet.com/en/football-predictions/predictions-1x2/2026-06-10
forebet,2026-06-10,Ec2,San Antonio,Liga de Portoviejo,1x2,X,3.100,lost,-1.0000,https://www.forebet.com/en/football-predictions/predictions-1x2/2026-06-10
forebet,2026-06-10,Aw1,Britannia,Sporting Aruba,1x2,2,4.330,lost,-1.0000,https://www.forebet.com/en/football-predictions/predictions-1x2/2026-06-10
forebet,2026-06-10,AuN,Sydney Olympic,SD Raiders,1x2,1,2.880,lost,-1.0000,https://www.forebet.com/en/football-predictions/predictions-1x2/2026-06-10
forebet,2026-06-10,AuA,Canberra Olympic,Gungahlin Juventus,1x2,1,9.000,lost,-1.0000,https://www.forebet.com/en/football-predictions/predictions-1x2/2026-06-10
forebet,2026-06-10,AuA,O'Connor Knights,Cooma Tigers,1x2,2,1.180,won,0.1800,https://www.forebet.com/en/football-predictions/predictions-1x2/2026-06-10
forebet,2026-06-10,AuA,Tuggeranong United,Monaro Panthers,1x2,1,4.330,lost,-1.0000,https://www.forebet.com/en/football-predictions/predictions-1x2/2026-06-10
forebet,2026-06-10,AuA,Belconnen United,Canberra White Eagles,1x2,1,1.500,lost,-1.0000,https://www.forebet.com/en/football-predictions/predictions-1x2/2026-06-10
forebet,2026-06-10,AuA,Canberra FC,Queanbeyan City,1x2,1,1.500,won,0.5000,https://www.forebet.com/en/football-predictions/predictions-1x2/2026-06-10
forebet,2026-06-10,CzU,Slovacko U19,Mlada Boleslav U19,1x2,2,2.350,won,1.3500,https://www.forebet.com/en/football-predictions/predictions-1x2/2026-06-10
forebet,2026-06-10,CzU,Ostrava U19,Brno U19,1x2,X,4.100,lost,-1.0000,https://www.forebet.com/en/football-predictions/predictions-1x2/2026-06-10
forebet,2026-06-10,Za1,Cape Town City,Magesi FC,1x2,2,3.800,lost,-1.0000,https://www.forebet.com/en/football-predictions/predictions-1x2/2026-06-10
forebet,2026-06-10,Zw1,MWOS,Manica Diamonds FC,1x2,X,3.100,lost,-1.0000,https://www.forebet.com/en/football-predictions/predictions-1x2/2026-06-10
forebet,2026-06-10,Zw1,Chicken Inn,CAPS United FC,1x2,X,2.500,won,1.5000,https://www.forebet.com/en/football-predictions/predictions-1x2/2026-06-10
forebet,2026-06-10,Zw1,Dynamos FC,Hunters,1x2,1,1.750,lost,-1.0000,https://www.forebet.com/en/football-predictions/predictions-1x2/2026-06-10
forebet,2026-06-10,Ir2,Damash Gilan,Mes Shahr-e Babak,1x2,2,3.800,won,2.8000,https://www.forebet.com/en/football-predictions/predictions-1x2/2026-06-10
forebet,2026-06-10,FiC,KuPS Kuopio,VPS Vaasa,1x2,1,1.670,lost,-1.0000,https://www.forebet.com/en/football-predictions/predictions-1x2/2026-06-10
forebet,2026-06-10,Ir2,Naft Bandar Abbas,Shahrdari Noshahr,1x2,X,2.620,lost,-1.0000,https://www.forebet.com/en/football-predictions/predictions-1x2/2026-06-10
forebet,2026-06-10,Br2,Nautico,Fortaleza,over_under_25,Over,1.600,lost,-1.0000,https://www.forebet.com/en/football-predictions/predictions-1x2/2026-06-10
forebet,2026-06-10,Br2,Ponte Preta,Cuiabá,over_under_25,Over,1.380,won,0.3800,https://www.forebet.com/en/football-predictions/predictions-1x2/2026-06-10
forebet,2026-06-10,ArR,Central Córdoba SdE Res.,Colón Res.,over_under_25,Under,2.140,won,1.1400,https://www.forebet.com/en/football-predictions/predictions-1x2/2026-06-10
forebet,2026-06-10,ArR,River Plate Res.,Rosario Central Res.,over_under_25,Under,1.950,lost,-1.0000,https://www.forebet.com/en/football-predictions/predictions-1x2/2026-06-10
forebet,2026-06-10,Ca1,Atlético Ottawa,Supra du Québec,over_under_25,Under,1.650,lost,-1.0000,https://www.forebet.com/en/football-predictions/predictions-1x2/2026-06-10
forebet,2026-06-10,Us4,Southern Soccer Academy,Columbus United,over_under_25,Over,2.100,won,1.1000,https://www.forebet.com/en/football-predictions/predictions-1x2/2026-06-10
forebet,2026-06-10,Ec2,San Antonio,Liga de Portoviejo,over_under_25,Under,2.280,lost,-1.0000,https://www.forebet.com/en/football-predictions/predictions-1x2/2026-06-10
forebet,2026-06-10,AuN,Sydney Olympic,SD Raiders,over_under_25,Over,2.200,lost,-1.0000,https://www.forebet.com/en/football-predictions/predictions-1x2/2026-06-10
forebet,2026-06-10,AuA,Canberra Olympic,Gungahlin Juventus,over_under_25,Over,4.000,won,3.0000,https://www.forebet.com/en/football-predictions/predictions-1x2/2026-06-10
forebet,2026-06-10,AuA,O'Connor Knights,Cooma Tigers,over_under_25,Over,4.000,lost,-1.0000,https://www.forebet.com/en/football-predictions/predictions-1x2/2026-06-10
forebet,2026-06-10,AuA,Tuggeranong United,Monaro Panthers,over_under_25,Over,3.400,won,2.4000,https://www.forebet.com/en/football-predictions/predictions-1x2/2026-06-10
forebet,2026-06-10,AuA,Belconnen United,Canberra White Eagles,over_under_25,Over,3.000,won,2.0000,https://www.forebet.com/en/football-predictions/predictions-1x2/2026-06-10
forebet,2026-06-10,AuA,Canberra FC,Queanbeyan City,over_under_25,Over,3.000,won,2.0000,https://www.forebet.com/en/football-predictions/predictions-1x2/2026-06-10
forebet,2026-06-10,Za1,Cape Town City,Magesi FC,over_under_25,Under,2.750,won,1.7500,https://www.forebet.com/en/football-predictions/predictions-1x2/2026-06-10
forebet,2026-06-10,Ir2,Damash Gilan,Mes Shahr-e Babak,over_under_25,Under,2.750,lost,-1.0000,https://www.forebet.com/en/football-predictions/predictions-1x2/2026-06-10
forebet,2026-06-10,FiC,KuPS Kuopio,VPS Vaasa,over_under_25,Over,1.800,lost,-1.0000,https://www.forebet.com/en/football-predictions/predictions-1x2/2026-06-10
forebet,2026-06-10,Ir2,Naft Bandar Abbas,Shahrdari Noshahr,over_under_25,Under,2.900,won,1.9000,https://www.forebet.com/en/football-predictions/predictions-1x2/2026-06-10
forebet,2026-06-11,Us4,Chicago Dutch Lions,St. Croix,1x2,1,1.850,lost,-1.0000,https://www.forebet.com/en/football-predictions/predictions-1x2/2026-06-11
forebet,2026-06-11,BrC,Brasil de Pelotas,Farroupilha,1x2,1,1.330,won,0.3300,https://www.forebet.com/en/football-predictions/predictions-1x2/2026-06-11
forebet,2026-06-11,Br2,Goiás,Novorizontino SP,1x2,X,2.880,lost,-1.0000,https://www.forebet.com/en/football-predictions/predictions-1x2/2026-06-11
forebet,2026-06-11,Br2,Ceará SC,Avai FC,1x2,X,3.400,lost,-1.0000,https://www.forebet.com/en/football-predictions/predictions-1x2/2026-06-11
forebet,2026-06-11,Us2,Tampa Bay Rowdies,Charleston Battery,1x2,1,1.570,lost,-1.0000,https://www.forebet.com/en/football-predictions/predictions-1x2/2026-06-11
forebet,2026-06-11,CaC,Forge FC,HFX Wanderers,1x2,1,1.440,won,0.4400,https://www.forebet.com/en/football-predictions/predictions-1x2/2026-06-11
forebet,2026-06-11,BrC,Fluminense SC,Metropolitano SC,1x2,2,4.330,won,3.3300,https://www.forebet.com/en/football-predictions/predictions-1x2/2026-06-11
forebet,2026-06-11,Us4,Westchester SC,Fort Wayne,1x2,2,2.600,lost,-1.0000,https://www.forebet.com/en/football-predictions/predictions-1x2/2026-06-11
forebet,2026-06-11,Us4,Birmingham Legion II,Dothan United,1x2,2,1.300,won,0.3000,https://www.forebet.com/en/football-predictions/predictions-1x2/2026-06-11
forebet,2026-06-11,Us4,Dayton Dutch Lions,Kings Hammer Columbus,1x2,1,3.500,won,2.5000,https://www.forebet.com/en/football-predictions/predictions-1x2/2026-06-11
forebet,2026-06-11,Us4,Northern Indiana,Toledo Villa,1x2,1,1.380,won,0.3800,https://www.forebet.com/en/football-predictions/predictions-1x2/2026-06-11
forebet,2026-06-11,Us4,Reading United AC,OC Nor'easters,1x2,2,1.530,won,0.5300,https://www.forebet.com/en/football-predictions/predictions-1x2/2026-06-11
forebet,2026-06-11,Us4,SC United Bantams,Tobacco Road,1x2,1,1.480,lost,-1.0000,https://www.forebet.com/en/football-predictions/predictions-1x2/2026-06-11
forebet,2026-06-11,Us4,North Carolina II,Wake,1x2,1,1.300,won,0.3000,https://www.forebet.com/en/football-predictions/predictions-1x2/2026-06-11
forebet,2026-06-11,Us4,New England SC,Seacoast Utd Phantoms,1x2,1,1.530,won,0.5300,https://www.forebet.com/en/football-predictions/predictions-1x2/2026-06-11
forebet,2026-06-11,Us4,Connecticut Rush,Boston Olympiakos,1x2,2,2.620,lost,-1.0000,https://www.forebet.com/en/football-predictions/predictions-1x2/2026-06-11
forebet,2026-06-11,Us4,Black Rock,Blackwatch Rush,1x2,2,5.250,lost,-1.0000,https://www.forebet.com/en/football-predictions/predictions-1x2/2026-06-11
forebet,2026-06-11,Us4,AC Connecticut,Vermont Green,1x2,2,1.140,won,0.1400,https://www.forebet.com/en/football-predictions/predictions-1x2/2026-06-11
forebet,2026-06-11,Us2,Detroit City FC,El Paso Locomotive,1x2,1,1.900,lost,-1.0000,https://www.forebet.com/en/football-predictions/predictions-1x2/2026-06-11
forebet,2026-06-11,Ca1,York 9 FC,Cavalry FC,1x2,2,1.850,won,0.8500,https://www.forebet.com/en/football-predictions/predictions-1x2/2026-06-11
forebet,2026-06-11,Us4,Charlotte Independence,Union Omaha,1x2,2,3.100,lost,-1.0000,https://www.forebet.com/en/football-predictions/predictions-1x2/2026-06-11
forebet,2026-06-11,Us4,Virginia Marauders,Patuxent,1x2,1,1.950,won,0.9500,https://www.forebet.com/en/football-predictions/predictions-1x2/2026-06-11
forebet,2026-06-11,Us4,Loudoun United II,Annapolis Blues,1x2,2,1.380,lost,-1.0000,https://www.forebet.com/en/football-predictions/predictions-1x2/2026-06-11
forebet,2026-06-11,Br2,Sport Recife,Athletic Club MG,1x2,2,4.330,lost,-1.0000,https://www.forebet.com/en/football-predictions/predictions-1x2/2026-06-11
forebet,2026-06-11,BrC,Brasil de Pelotas,Farroupilha,over_under_25,Under,1.700,lost,-1.0000,https://www.forebet.com/en/football-predictions/predictions-1x2/2026-06-11
forebet,2026-06-11,Br2,Goiás,Novorizontino SP,over_under_25,Under,2.550,lost,-1.0000,https://www.forebet.com/en/football-predictions/predictions-1x2/2026-06-11
forebet,2026-06-11,Br2,Ceará SC,Avai FC,over_under_25,Under,2.050,lost,-1.0000,https://www.forebet.com/en/football-predictions/predictions-1x2/2026-06-11
forebet,2026-06-11,Us2,Tampa Bay Rowdies,Charleston Battery,over_under_25,Under,1.800,lost,-1.0000,https://www.forebet.com/en/football-predictions/predictions-1x2/2026-06-11
forebet,2026-06-11,CaC,Forge FC,HFX Wanderers,over_under_25,Under,1.950,won,0.9500,https://www.forebet.com/en/football-predictions/predictions-1x2/2026-06-11
forebet,2026-06-11,BrC,Fluminense SC,Metropolitano SC,over_under_25,Over,1.750,won,0.7500,https://www.forebet.com/en/football-predictions/predictions-1x2/2026-06-11
forebet,2026-06-11,Us4,Westchester SC,Fort Wayne,over_under_25,Under,1.820,won,0.8200,https://www.forebet.com/en/football-predictions/predictions-1x2/2026-06-11
forebet,2026-06-11,Us4,Birmingham Legion II,Dothan United,over_under_25,Under,1.820,won,0.8200,https://www.forebet.com/en/football-predictions/predictions-1x2/2026-06-11
forebet,2026-06-11,Us4,Dayton Dutch Lions,Kings Hammer Columbus,over_under_25,Under,1.660,won,0.6600,https://www.forebet.com/en/football-predictions/predictions-1x2/2026-06-11
forebet,2026-06-11,Us4,Northern Indiana,Toledo Villa,over_under_25,Under,1.530,lost,-1.0000,https://www.forebet.com/en/football-predictions/predictions-1x2/2026-06-11
forebet,2026-06-11,Us4,Connecticut Rush,Boston Olympiakos,over_under_25,Over,2.250,won,1.2500,https://www.forebet.com/en/football-predictions/predictions-1x2/2026-06-11
forebet,2026-06-11,Us2,Detroit City FC,El Paso Locomotive,over_under_25,Over,2.050,lost,-1.0000,https://www.forebet.com/en/football-predictions/predictions-1x2/2026-06-11
forebet,2026-06-11,Ca1,York 9 FC,Cavalry FC,over_under_25,Under,2.000,lost,-1.0000,https://www.forebet.com/en/football-predictions/predictions-1x2/2026-06-11
forebet,2026-06-11,Br2,Sport Recife,Athletic Club MG,over_under_25,Over,1.570,lost,-1.0000,https://www.forebet.com/en/football-predictions/predictions-1x2/2026-06-11
forebet,2026-06-12,BrB,Palmeiras U20,Santos U20,1x2,X,3.900,won,2.9000,https://www.forebet.com/en/football-predictions/predictions-1x2/2026-06-12
forebet,2026-06-12,BrP,Oeste U20,Santo André U20,1x2,1,1.570,won,0.5700,https://www.forebet.com/en/football-predictions/predictions-1x2/2026-06-12
forebet,2026-06-12,Us4,Utah United,Flatirons Rush,1x2,1,1.040,won,0.0400,https://www.forebet.com/en/football-predictions/predictions-1x2/2026-06-12
forebet,2026-06-12,WC,South Korea,Czech Republic,1x2,X,3.100,lost,-1.0000,https://www.forebet.com/en/football-predictions/predictions-1x2/2026-06-12
forebet,2026-06-12,Us4,San Juan SC,Project 51O,1x2,2,1.900,won,0.9000,https://www.forebet.com/en/football-predictions/predictions-1x2/2026-06-12
forebet,2026-06-12,CzU,Ceske Budejovice U19,Plzen U19,1x2,2,2.750,won,1.7500,https://www.forebet.com/en/football-predictions/predictions-1x2/2026-06-12
forebet,2026-06-12,AuN,Manly United,Sydney United,1x2,2,1.800,lost,-1.0000,https://www.forebet.com/en/football-predictions/predictions-1x2/2026-06-12
forebet,2026-06-12,AuN,Marconi Stallions,Sydney U21,1x2,1,1.380,lost,-1.0000,https://www.forebet.com/en/football-predictions/predictions-1x2/2026-06-12
forebet,2026-06-12,AuS,Campbelltown City,West Torrens,1x2,2,2.000,won,1.0000,https://www.forebet.com/en/football-predictions/predictions-1x2/2026-06-12
forebet,2026-06-12,KrW,Suwon FMC W,Gumi Sportstoto W,1x2,1,1.480,won,0.4800,https://www.forebet.com/en/football-predictions/predictions-1x2/2026-06-12
forebet,2026-06-12,Vn1,Pho Hien FC,Bac Ninh,1x2,X,3.600,won,2.6000,https://www.forebet.com/en/football-predictions/predictions-1x2/2026-06-12
forebet,2026-06-12,AuS,Adelaide Comets,West Adelaide,1x2,2,2.350,lost,-1.0000,https://www.forebet.com/en/football-predictions/predictions-1x2/2026-06-12
forebet,2026-06-12,Kz2,FK Ekibastuz,Arys,1x2,1,1.630,lost,-1.0000,https://www.forebet.com/en/football-predictions/predictions-1x2/2026-06-12
forebet,2026-06-12,Kz2,Kairat Almaty Akademiya,Tobol II,1x2,1,1.130,won,0.1300,https://www.forebet.com/en/football-predictions/predictions-1x2/2026-06-12
forebet,2026-06-12,Sy1,Foutoua Club,Karamah,1x2,2,1.760,won,0.7600,https://www.forebet.com/en/football-predictions/predictions-1x2/2026-06-12
forebet,2026-06-12,Lb,Reyady Abaseya,Al Hikma Beirut,1x2,1,4.200,lost,-1.0000,https://www.forebet.com/en/football-predictions/predictions-1x2/2026-06-12
forebet,2026-06-12,Tz1,Coastal Union,Namungo,1x2,X,3.000,won,2.0000,https://www.forebet.com/en/football-predictions/predictions-1x2/2026-06-12
forebet,2026-06-12,Tz1,Singida Big Stars,Azam,1x2,2,1.480,won,0.4800,https://www.forebet.com/en/football-predictions/predictions-1x2/2026-06-12
forebet,2026-06-12,BrM,Itabirito U20,Nacional AC MG U20,1x2,X,10.000,won,9.0000,https://www.forebet.com/en/football-predictions/predictions-1x2/2026-06-12
forebet,2026-06-12,BrM,Atletico-MG U20,Uberabinha U20,1x2,1,1.070,won,0.0700,https://www.forebet.com/en/football-predictions/predictions-1x2/2026-06-12
forebet,2026-06-12,By1,FC Isloch,Naftan Novopolotsk,1x2,1,1.250,won,0.2500,https://www.forebet.com/en/football-predictions/predictions-1x2/2026-06-12
forebet,2026-06-12,Kz2,Khan Tengri,FC Shakhter,1x2,2,1.390,won,0.3900,https://www.forebet.com/en/football-predictions/predictions-1x2/2026-06-12
forebet,2026-06-12,Ma1,FUS Rabat,Maghreb Fès,1x2,X,2.750,won,1.7500,https://www.forebet.com/en/football-predictions/predictions-1x2/2026-06-12
forebet,2026-06-12,Ma1,Olympique Safi,Kawkab Marrakech,1x2,X,2.880,lost,-1.0000,https://www.forebet.com/en/football-predictions/predictions-1x2/2026-06-12
forebet,2026-06-12,Ge1,Saburtalo,FC Spaeri,1x2,1,1.500,lost,-1.0000,https://www.forebet.com/en/football-predictions/predictions-1x2/2026-06-12
forebet,2026-06-12,Lv1,FK Tukums 2000,BFC Daugavpils,1x2,X,3.200,won,2.2000,https://www.forebet.com/en/football-predictions/predictions-1x2/2026-06-12
forebet,2026-06-12,BrB,Palmeiras U20,Santos U20,over_under_25,Over,2.350,won,1.3500,https://www.forebet.com/en/football-predictions/predictions-1x2/2026-06-12
forebet,2026-06-12,BrP,Oeste U20,Santo André U20,over_under_25,Over,2.350,won,1.3500,https://www.forebet.com/en/football-predictions/predictions-1x2/2026-06-12
forebet,2026-06-12,WC,South Korea,Czech Republic,over_under_25,Under,2.200,lost,-1.0000,https://www.forebet.com/en/football-predictions/predictions-1x2/2026-06-12
forebet,2026-06-12,Us4,San Juan SC,Project 51O,over_under_25,Over,2.250,won,1.2500,https://www.forebet.com/en/football-predictions/predictions-1x2/2026-06-12
forebet,2026-06-12,AuN,Manly United,Sydney United,over_under_25,Under,1.850,won,0.8500,https://www.forebet.com/en/football-predictions/predictions-1x2/2026-06-12
forebet,2026-06-12,AuN,Marconi Stallions,Sydney U21,over_under_25,Under,1.620,won,0.6200,https://www.forebet.com/en/football-predictions/predictions-1x2/2026-06-12
forebet,2026-06-12,AuS,Campbelltown City,West Torrens,over_under_25,Over,2.750,won,1.7500,https://www.forebet.com/en/football-predictions/predictions-1x2/2026-06-12
forebet,2026-06-12,KrW,Suwon FMC W,Gumi Sportstoto W,over_under_25,Over,1.970,won,0.9700,https://www.forebet.com/en/football-predictions/predictions-1x2/2026-06-12
forebet,2026-06-12,Vn1,Pho Hien FC,Bac Ninh,over_under_25,Under,2.050,won,1.0500,https://www.forebet.com/en/football-predictions/predictions-1x2/2026-06-12
forebet,2026-06-12,AuS,Adelaide Comets,West Adelaide,over_under_25,Over,2.350,won,1.3500,https://www.forebet.com/en/football-predictions/predictions-1x2/2026-06-12
forebet,2026-06-12,Sy1,Foutoua Club,Karamah,over_under_25,Under,1.750,lost,-1.0000,https://www.forebet.com/en/football-predictions/predictions-1x2/2026-06-12
forebet,2026-06-12,Lb,Reyady Abaseya,Al Hikma Beirut,over_under_25,Under,2.000,won,1.0000,https://www.forebet.com/en/football-predictions/predictions-1x2/2026-06-12
forebet,2026-06-12,Tz1,Coastal Union,Namungo,over_under_25,Under,2.460,won,1.4600,https://www.forebet.com/en/football-predictions/predictions-1x2/2026-06-12
forebet,2026-06-12,Tz1,Singida Big Stars,Azam,over_under_25,Over,1.680,lost,-1.0000,https://www.forebet.com/en/football-predictions/predictions-1x2/2026-06-12
forebet,2026-06-12,BrM,Itabirito U20,Nacional AC MG U20,over_under_25,Under,1.280,lost,-1.0000,https://www.forebet.com/en/football-predictions/predictions-1x2/2026-06-12
forebet,2026-06-12,BrM,Atletico-MG U20,Uberabinha U20,over_under_25,Under,1.280,lost,-1.0000,https://www.forebet.com/en/football-predictions/predictions-1x2/2026-06-12
forebet,2026-06-12,By1,FC Isloch,Naftan Novopolotsk,over_under_25,Over,2.150,won,1.1500,https://www.forebet.com/en/football-predictions/predictions-1x2/2026-06-12
forebet,2026-06-12,Ma1,FUS Rabat,Maghreb Fès,over_under_25,Under,2.950,won,1.9500,https://www.forebet.com/en/football-predictions/predictions-1x2/2026-06-12
forebet,2026-06-12,Ma1,Olympique Safi,Kawkab Marrakech,over_under_25,Under,2.650,won,1.6500,https://www.forebet.com/en/football-predictions/predictions-1x2/2026-06-12
forebet,2026-06-12,Ge1,Saburtalo,FC Spaeri,over_under_25,Under,1.800,won,0.8000,https://www.forebet.com/en/football-predictions/predictions-1x2/2026-06-12
forebet,2026-06-12,Lv1,FK Tukums 2000,BFC Daugavpils,over_under_25,Over,2.050,lost,-1.0000,https://www.forebet.com/en/football-predictions/predictions-1x2/2026-06-12
forebet,2026-06-13,Br2,Atlético GO,CRB AL,1x2,2,3.300,lost,-1.0000,https://www.forebet.com/en/football-predictions/predictions-1x2/2026-06-13
forebet,2026-06-13,BrP,Santa Fé SP,America SP,1x2,2,1.420,won,0.4200,https://www.forebet.com/en/football-predictions/predictions-1x2/2026-06-13
forebet,2026-06-13,Ar3,San Martín Burzaco,Villa Dálmine,1x2,X,2.700,lost,-1.0000,https://www.forebet.com/en/football-predictions/predictions-1x2/2026-06-13
forebet,2026-06-13,Us4,Long Island RR,FC Motown II,1x2,2,1.830,lost,-1.0000,https://www.forebet.com/en/football-predictions/predictions-1x2/2026-06-13
forebet,2026-06-13,Us4,Midlakes United,West Seattle Junction,1x2,2,2.250,lost,-1.0000,https://www.forebet.com/en/football-predictions/predictions-1x2/2026-06-13
forebet,2026-06-13,Cl1,Audax Italiano,La Serena,1x2,1,1.900,lost,-1.0000,https://www.forebet.com/en/football-predictions/predictions-1x2/2026-06-13
forebet,2026-06-13,WC,USA,Paraguay,1x2,1,2.050,won,1.0500,https://www.forebet.com/en/football-predictions/predictions-1x2/2026-06-13
forebet,2026-06-13,Ar3,Juventud Antoniana,Sarmiento de La Banda,1x2,2,4.200,won,3.2000,https://www.forebet.com/en/football-predictions/predictions-1x2/2026-06-13
forebet,2026-06-13,JpW3,Bunnies Gunma White Star W,Diosa Izumo W,1x2,2,1.980,won,0.9800,https://www.forebet.com/en/football-predictions/predictions-1x2/2026-06-13
forebet,2026-06-13,AuN,Lake Macquarie FC,Belmont Swansea,1x2,1,1.800,lost,-1.0000,https://www.forebet.com/en/football-predictions/predictions-1x2/2026-06-13
forebet,2026-06-13,AuN,Adamstown FC,Broadmeadow,1x2,2,1.400,won,0.4000,https://www.forebet.com/en/football-predictions/predictions-1x2/2026-06-13
forebet,2026-06-13,Ru4,SKA-Khabarovsk-2,Salyut Belgorod,1x2,1,2.860,lost,-1.0000,https://www.forebet.com/en/football-predictions/predictions-1x2/2026-06-13
forebet,2026-06-13,JpW2,Setagaya Sfida W,Harima W,1x2,1,1.850,lost,-1.0000,https://www.forebet.com/en/football-predictions/predictions-1x2/2026-06-13
forebet,2026-06-13,JpW2,NGU Lublield Nagoya W,Iga Kunoichi W,1x2,2,3.100,lost,-1.0000,https://www.forebet.com/en/football-predictions/predictions-1x2/2026-06-13
forebet,2026-06-13,JpW2,VONDS Ichihara W,Yunogo Belle W,1x2,2,1.660,won,0.6600,https://www.forebet.com/en/football-predictions/predictions-1x2/2026-06-13
forebet,2026-06-13,AuT,Hobart Zebras,South Hobart,1x2,2,1.180,won,0.1800,https://www.forebet.com/en/football-predictions/predictions-1x2/2026-06-13
forebet,2026-06-13,AuN,WS Wanderers Youth,St George City FA,1x2,2,2.800,lost,-1.0000,https://www.forebet.com/en/football-predictions/predictions-1x2/2026-06-13
forebet,2026-06-13,AuN,University of NSW,St George Saints,1x2,1,1.950,lost,-1.0000,https://www.forebet.com/en/football-predictions/predictions-1x2/2026-06-13
forebet,2026-06-13,AuS,Croydon Kings,Playford City Patriots,1x2,X,3.700,lost,-1.0000,https://www.forebet.com/en/football-predictions/predictions-1x2/2026-06-13
forebet,2026-06-13,AuQ,Gold Coast United,Brisbane City,1x2,2,1.830,won,0.8300,https://www.forebet.com/en/football-predictions/predictions-1x2/2026-06-13
forebet,2026-06-13,AuA,O'Connor Knights,Tuggeranong United,1x2,2,2.150,won,1.1500,https://www.forebet.com/en/football-predictions/predictions-1x2/2026-06-13
forebet,2026-06-13,AuA,Queanbeyan City,Monaro Panthers,1x2,1,3.300,lost,-1.0000,https://www.forebet.com/en/football-predictions/predictions-1x2/2026-06-13
forebet,2026-06-13,AuA,Brindabella Blues,Belconnen United,1x2,2,1.730,won,0.7300,https://www.forebet.com/en/football-predictions/predictions-1x2/2026-06-13
forebet,2026-06-13,JpW3,Nankatsu W,Fujizakura Yamanashi W,1x2,2,1.530,won,0.5300,https://www.forebet.com/en/football-predictions/predictions-1x2/2026-06-13
forebet,2026-06-13,AuS,Para Hills Knights,FK Beograd,1x2,2,1.200,won,0.2000,https://www.forebet.com/en/football-predictions/predictions-1x2/2026-06-13
forebet,2026-06-13,JpW2,Nittaidai W,Shizuoka Sangyo Univ. W,1x2,2,1.160,won,0.1600,https://www.forebet.com/en/football-predictions/predictions-1x2/2026-06-13
forebet,2026-06-13,AuN,Edgeworth Eagles,Cooks Hill United,1x2,1,10.000,lost,-1.0000,https://www.forebet.com/en/football-predictions/predictions-1x2/2026-06-13
forebet,2026-06-13,AuN,Maitland FC,Valentine Phoenix,1x2,1,10.000,won,9.0000,https://www.forebet.com/en/football-predictions/predictions-1x2/2026-06-13
forebet,2026-06-13,AuT,Glenorchy Knights,Riverside Olympic,1x2,1,1.730,lost,-1.0000,https://www.forebet.com/en/football-predictions/predictions-1x2/2026-06-13
forebet,2026-06-13,AuW,Stirling Lions,Sorrento FC,1x2,1,1.530,lost,-1.0000,https://www.forebet.com/en/football-predictions/predictions-1x2/2026-06-13
forebet,2026-06-13,AuW,Perth Glory Youth,Perth SC,1x2,2,1.750,won,0.7500,https://www.forebet.com/en/football-predictions/predictions-1x2/2026-06-13
forebet,2026-06-13,AuW,Armadale SC,Bayswater City,1x2,2,1.750,won,0.7500,https://www.forebet.com/en/football-predictions/predictions-1x2/2026-06-13
forebet,2026-06-13,AuW,Dianella White Eagles,Western Knights,1x2,2,3.250,lost,-1.0000,https://www.forebet.com/en/football-predictions/predictions-1x2/2026-06-13
forebet,2026-06-13,AuW,Fremantle City,Balcatta,1x2,1,1.900,won,0.9000,https://www.forebet.com/en/football-predictions/predictions-1x2/2026-06-13
forebet,2026-06-13,Cn2,Changchun YaTai,Dalian Kuncheng,1x2,X,3.800,lost,-1.0000,https://www.forebet.com/en/football-predictions/predictions-1x2/2026-06-13
forebet,2026-06-13,Br2,Atlético GO,CRB AL,over_under_25,Under,2.150,lost,-1.0000,https://www.forebet.com/en/football-predictions/predictions-1x2/2026-06-13
forebet,2026-06-13,BrP,Santa Fé SP,America SP,over_under_25,Under,1.850,lost,-1.0000,https://www.forebet.com/en/football-predictions/predictions-1x2/2026-06-13
forebet,2026-06-13,Ar3,San Martín Burzaco,Villa Dálmine,over_under_25,Under,2.850,won,1.8500,https://www.forebet.com/en/football-predictions/predictions-1x2/2026-06-13
forebet,2026-06-13,Cl1,Audax Italiano,La Serena,over_under_25,Over,2.000,lost,-1.0000,https://www.forebet.com/en/football-predictions/predictions-1x2/2026-06-13
forebet,2026-06-13,WC,USA,Paraguay,over_under_25,Under,2.350,lost,-1.0000,https://www.forebet.com/en/football-predictions/predictions-1x2/2026-06-13
forebet,2026-06-13,Ar3,Juventud Antoniana,Sarmiento de La Banda,over_under_25,Under,2.300,won,1.3000,https://www.forebet.com/en/football-predictions/predictions-1x2/2026-06-13
forebet,2026-06-13,JpW3,Bunnies Gunma White Star W,Diosa Izumo W,over_under_25,Under,2.410,lost,-1.0000,https://www.forebet.com/en/football-predictions/predictions-1x2/2026-06-13
forebet,2026-06-13,AuN,Lake Macquarie FC,Belmont Swansea,over_under_25,Over,2.100,won,1.1000,https://www.forebet.com/en/football-predictions/predictions-1x2/2026-06-13
forebet,2026-06-13,AuN,Adamstown FC,Broadmeadow,over_under_25,Over,2.100,won,1.1000,https://www.forebet.com/en/football-predictions/predictions-1x2/2026-06-13
forebet,2026-06-13,JpW2,Setagaya Sfida W,Harima W,over_under_25,Under,1.900,lost,-1.0000,https://www.forebet.com/en/football-predictions/predictions-1x2/2026-06-13
forebet,2026-06-13,JpW2,NGU Lublield Nagoya W,Iga Kunoichi W,over_under_25,Under,2.000,lost,-1.0000,https://www.forebet.com/en/football-predictions/predictions-1x2/2026-06-13
forebet,2026-06-13,JpW2,VONDS Ichihara W,Yunogo Belle W,over_under_25,Over,1.970,lost,-1.0000,https://www.forebet.com/en/football-predictions/predictions-1x2/2026-06-13
forebet,2026-06-13,AuT,Hobart Zebras,South Hobart,over_under_25,Over,4.000,won,3.0000,https://www.forebet.com/en/football-predictions/predictions-1x2/2026-06-13
forebet,2026-06-13,AuN,WS Wanderers Youth,St George City FA,over_under_25,Over,2.100,lost,-1.0000,https://www.forebet.com/en/football-predictions/predictions-1x2/2026-06-13
forebet,2026-06-13,AuN,University of NSW,St George Saints,over_under_25,Under,1.770,lost,-1.0000,https://www.forebet.com/en/football-predictions/predictions-1x2/2026-06-13
forebet,2026-06-13,AuQ,Gold Coast United,Brisbane City,over_under_25,Over,2.750,lost,-1.0000,https://www.forebet.com/en/football-predictions/predictions-1x2/2026-06-13
forebet,2026-06-13,AuA,O'Connor Knights,Tuggeranong United,over_under_25,Over,3.500,won,2.5000,https://www.forebet.com/en/football-predictions/predictions-1x2/2026-06-13
forebet,2026-06-13,AuA,Queanbeyan City,Monaro Panthers,over_under_25,Over,3.250,won,2.2500,https://www.forebet.com/en/football-predictions/predictions-1x2/2026-06-13
forebet,2026-06-13,AuA,Brindabella Blues,Belconnen United,over_under_25,Over,3.250,won,2.2500,https://www.forebet.com/en/football-predictions/predictions-1x2/2026-06-13
forebet,2026-06-13,JpW3,Nankatsu W,Fujizakura Yamanashi W,over_under_25,Over,1.910,won,0.9100,https://www.forebet.com/en/football-predictions/predictions-1x2/2026-06-13
forebet,2026-06-13,AuS,Para Hills Knights,FK Beograd,over_under_25,Over,3.750,won,2.7500,https://www.forebet.com/en/football-predictions/predictions-1x2/2026-06-13
forebet,2026-06-13,AuN,Edgeworth Eagles,Cooks Hill United,over_under_25,Over,3.750,lost,-1.0000,https://www.forebet.com/en/football-predictions/predictions-1x2/2026-06-13
forebet,2026-06-13,AuN,Maitland FC,Valentine Phoenix,over_under_25,Over,3.750,lost,-1.0000,https://www.forebet.com/en/football-predictions/predictions-1x2/2026-06-13
forebet,2026-06-13,AuT,Glenorchy Knights,Riverside Olympic,over_under_25,Over,3.000,lost,-1.0000,https://www.forebet.com/en/football-predictions/predictions-1x2/2026-06-13
forebet,2026-06-13,AuW,Perth Glory Youth,Perth SC,over_under_25,Over,3.100,won,2.1000,https://www.forebet.com/en/football-predictions/predictions-1x2/2026-06-13
forebet,2026-06-13,AuW,Armadale SC,Bayswater City,over_under_25,Over,3.100,won,2.1000,https://www.forebet.com/en/football-predictions/predictions-1x2/2026-06-13
forebet,2026-06-13,AuW,Dianella White Eagles,Western Knights,over_under_25,Over,2.600,lost,-1.0000,https://www.forebet.com/en/football-predictions/predictions-1x2/2026-06-13
forebet,2026-06-13,AuW,Fremantle City,Balcatta,over_under_25,Over,2.600,won,1.6000,https://www.forebet.com/en/football-predictions/predictions-1x2/2026-06-13
forebet,2026-06-13,Cn2,Changchun YaTai,Dalian Kuncheng,over_under_25,Under,1.950,lost,-1.0000,https://www.forebet.com/en/football-predictions/predictions-1x2/2026-06-13
forebet,2026-06-14,WC,Brazil,Morocco,1x2,1,1.650,lost,-1.0000,https://www.forebet.com/en/football-predictions/predictions-1x2/2026-06-14
forebet,2026-06-14,Us2,Loudoun United,Rhode Island,1x2,X,3.700,lost,-1.0000,https://www.forebet.com/en/football-predictions/predictions-1x2/2026-06-14
forebet,2026-06-14,Us4,Chicago Dutch Lions,River Light,1x2,2,1.800,lost,-1.0000,https://www.forebet.com/en/football-predictions/predictions-1x2/2026-06-14
forebet,2026-06-14,Us4,North Carolina II,Carolina Dynamo,1x2,1,1.720,lost,-1.0000,https://www.forebet.com/en/football-predictions/predictions-1x2/2026-06-14
forebet,2026-06-14,Us4,Portland Hearts of Pine,Chattanooga RW,1x2,1,2.620,lost,-1.0000,https://www.forebet.com/en/football-predictions/predictions-1x2/2026-06-14
forebet,2026-06-14,Ar2,Gimnasia Jujuy,San Martin San Juan,1x2,1,1.950,won,0.9500,https://www.forebet.com/en/football-predictions/predictions-1x2/2026-06-14
forebet,2026-06-14,Us2,Lexington,San Antonio FC,1x2,2,3.300,lost,-1.0000,https://www.forebet.com/en/football-predictions/predictions-1x2/2026-06-14
forebet,2026-06-14,Us2,Pittsburgh Riverhounds,Indy Eleven,1x2,1,1.750,won,0.7500,https://www.forebet.com/en/football-predictions/predictions-1x2/2026-06-14
forebet,2026-06-14,Ar3,Escobar FC,9 de Julio Rafaela,1x2,2,4.500,lost,-1.0000,https://www.forebet.com/en/football-predictions/predictions-1x2/2026-06-14
forebet,2026-06-14,Ar3,Sarmiento Resistencia,Defensores Pto. Vilelas,1x2,X,6.500,lost,-1.0000,https://www.forebet.com/en/football-predictions/predictions-1x2/2026-06-14
forebet,2026-06-14,Ar3,Sportivo Las Parejas,Gimnasia Chivilcoy,1x2,1,1.950,lost,-1.0000,https://www.forebet.com/en/football-predictions/predictions-1x2/2026-06-14
forebet,2026-06-14,Us4,One Knoxville,New York Cosmos,1x2,1,1.450,won,0.4500,https://www.forebet.com/en/football-predictions/predictions-1x2/2026-06-14
forebet,2026-06-14,Us4,Charlotte Independence,Naples,1x2,1,1.610,won,0.6100,https://www.forebet.com/en/football-predictions/predictions-1x2/2026-06-14
forebet,2026-06-14,Us4,Christos,Patuxent,1x2,1,1.100,won,0.1000,https://www.forebet.com/en/football-predictions/predictions-1x2/2026-06-14
forebet,2026-06-14,Us4,Lorain County Leviathan,Akron City,1x2,1,2.500,won,1.5000,https://www.forebet.com/en/football-predictions/predictions-1x2/2026-06-14
forebet,2026-06-14,Us4,Delaware FC,OC Nor'easters,1x2,2,1.250,won,0.2500,https://www.forebet.com/en/football-predictions/predictions-1x2/2026-06-14
forebet,2026-06-14,Us4,SC United Bantams,Hickory,1x2,2,2.600,won,1.6000,https://www.forebet.com/en/football-predictions/predictions-1x2/2026-06-14
forebet,2026-06-14,Us4,Sporting Jax 2,Inter Gainesville,1x2,2,2.700,lost,-1.0000,https://www.forebet.com/en/football-predictions/predictions-1x2/2026-06-14
forebet,2026-06-14,Us2,Charleston Battery,FC Tulsa,1x2,1,1.600,won,0.6000,https://www.forebet.com/en/football-predictions/predictions-1x2/2026-06-14
forebet,2026-06-14,Us2,Tampa Bay Rowdies,Hartford Athletic,1x2,1,1.440,lost,-1.0000,https://www.forebet.com/en/football-predictions/predictions-1x2/2026-06-14
forebet,2026-06-14,Uy2,Oriental (URU),CA Rentistas,1x2,X,3.000,lost,-1.0000,https://www.forebet.com/en/football-predictions/predictions-1x2/2026-06-14
forebet,2026-06-14,Us4,Sarasota Paradise,Union Omaha,1x2,2,2.200,lost,-1.0000,https://www.forebet.com/en/football-predictions/predictions-1x2/2026-06-14
forebet,2026-06-14,WC,Brazil,Morocco,over_under_25,Over,1.700,lost,-1.0000,https://www.forebet.com/en/football-predictions/predictions-1x2/2026-06-14
forebet,2026-06-14,Us2,Loudoun United,Rhode Island,over_under_25,Under,1.770,lost,-1.0000,https://www.forebet.com/en/football-predictions/predictions-1x2/2026-06-14
forebet,2026-06-14,Us4,Portland Hearts of Pine,Chattanooga RW,over_under_25,Under,1.950,lost,-1.0000,https://www.forebet.com/en/football-predictions/predictions-1x2/2026-06-14
forebet,2026-06-14,Ar2,Gimnasia Jujuy,San Martin San Juan,over_under_25,Under,2.450,lost,-1.0000,https://www.forebet.com/en/football-predictions/predictions-1x2/2026-06-14
forebet,2026-06-14,Us2,Lexington,San Antonio FC,over_under_25,Over,1.850,lost,-1.0000,https://www.forebet.com/en/football-predictions/predictions-1x2/2026-06-14
forebet,2026-06-14,Us2,Pittsburgh Riverhounds,Indy Eleven,over_under_25,Under,1.850,won,0.8500,https://www.forebet.com/en/football-predictions/predictions-1x2/2026-06-14
forebet,2026-06-14,Ar3,Escobar FC,9 de Julio Rafaela,over_under_25,Over,1.500,lost,-1.0000,https://www.forebet.com/en/football-predictions/predictions-1x2/2026-06-14
forebet,2026-06-14,Ar3,Sarmiento Resistencia,Defensores Pto. Vilelas,over_under_25,Under,1.250,won,0.2500,https://www.forebet.com/en/football-predictions/predictions-1x2/2026-06-14
forebet,2026-06-14,Ar3,Sportivo Las Parejas,Gimnasia Chivilcoy,over_under_25,Under,2.450,won,1.4500,https://www.forebet.com/en/football-predictions/predictions-1x2/2026-06-14
forebet,2026-06-14,Us4,One Knoxville,New York Cosmos,over_under_25,Under,1.680,lost,-1.0000,https://www.forebet.com/en/football-predictions/predictions-1x2/2026-06-14
forebet,2026-06-14,Us4,Charlotte Independence,Naples,over_under_25,Over,1.900,won,0.9000,https://www.forebet.com/en/football-predictions/predictions-1x2/2026-06-14
forebet,2026-06-14,Us4,Sporting Jax 2,Inter Gainesville,over_under_25,Under,1.650,won,0.6500,https://www.forebet.com/en/football-predictions/predictions-1x2/2026-06-14
forebet,2026-06-14,Us2,Charleston Battery,FC Tulsa,over_under_25,Under,1.930,lost,-1.0000,https://www.forebet.com/en/football-predictions/predictions-1x2/2026-06-14
forebet,2026-06-14,Us2,Tampa Bay Rowdies,Hartford Athletic,over_under_25,Over,1.930,lost,-1.0000,https://www.forebet.com/en/football-predictions/predictions-1x2/2026-06-14
forebet,2026-06-14,Uy2,Oriental (URU),CA Rentistas,over_under_25,Under,2.600,lost,-1.0000,https://www.forebet.com/en/football-predictions/predictions-1x2/2026-06-14
forebet,2026-06-14,Us4,Sarasota Paradise,Union Omaha,over_under_25,Under,1.800,won,0.8000,https://www.forebet.com/en/football-predictions/predictions-1x2/2026-06-14
forebet,2026-06-15,Br2,Botafogo SP,Operário PR,1x2,X,2.800,lost,-1.0000,https://www.forebet.com/en/football-predictions/predictions-1x2/2026-06-15
forebet,2026-06-15,Br2,Novorizontino SP,Nautico,1x2,2,3.500,lost,-1.0000,https://www.forebet.com/en/football-predictions/predictions-1x2/2026-06-15
forebet,2026-06-15,Ar3,Deportivo Merlo,Argentino Merlo,1x2,1,2.150,lost,-1.0000,https://www.forebet.com/en/football-predictions/predictions-1x2/2026-06-15
forebet,2026-06-15,Ca1,Vancouver FC,Pacific,1x2,X,3.500,lost,-1.0000,https://www.forebet.com/en/football-predictions/predictions-1x2/2026-06-15
forebet,2026-06-15,Br3,Volta Redonda,Confiança,1x2,1,1.950,won,0.9500,https://www.forebet.com/en/football-predictions/predictions-1x2/2026-06-15
forebet,2026-06-15,Br3,Floresta CE,Figueirense,1x2,X,2.800,lost,-1.0000,https://www.forebet.com/en/football-predictions/predictions-1x2/2026-06-15
forebet,2026-06-15,WC,Ivory Coast,Ecuador,1x2,X,2.800,lost,-1.0000,https://www.forebet.com/en/football-predictions/predictions-1x2/2026-06-15
forebet,2026-06-15,Us4,Westchester SC,Greenville Triumph,1x2,1,2.870,won,1.8700,https://www.forebet.com/en/football-predictions/predictions-1x2/2026-06-15
forebet,2026-06-15,WC,Sweden,Tunisia,1x2,X,3.400,lost,-1.0000,https://www.forebet.com/en/football-predictions/predictions-1x2/2026-06-15
forebet,2026-06-15,Et1,Negele Arsi Ketema,Awassa Kenema,1x2,X,2.600,lost,-1.0000,https://www.forebet.com/en/football-predictions/predictions-1x2/2026-06-15
forebet,2026-06-15,Et1,Arba Minch Kenema,Shire Endaselassie,1x2,X,2.750,lost,-1.0000,https://www.forebet.com/en/football-predictions/predictions-1x2/2026-06-15
forebet,2026-06-15,Tz1,KMC,Coastal Union,1x2,2,1.500,won,0.5000,https://www.forebet.com/en/football-predictions/predictions-1x2/2026-06-15
forebet,2026-06-15,Et1,Adama Kenema,Ethiopia Nigd Bank,1x2,X,2.750,lost,-1.0000,https://www.forebet.com/en/football-predictions/predictions-1x2/2026-06-15
forebet,2026-06-15,Ir2,Sorkhpooshan Pakdasht,Mes Kerman,1x2,X,2.450,won,1.4500,https://www.forebet.com/en/football-predictions/predictions-1x2/2026-06-15
forebet,2026-06-15,Ir2,Mes Soongoun,Nassaji Mazandaran,1x2,2,11.000,lost,-1.0000,https://www.forebet.com/en/football-predictions/predictions-1x2/2026-06-15
forebet,2026-06-15,Ir2,Mes Shahr-e Babak,Be'sat Kermanshah,1x2,1,1.670,lost,-1.0000,https://www.forebet.com/en/football-predictions/predictions-1x2/2026-06-15
forebet,2026-06-15,Ir2,Fard Alborz,Sanat Naft AC,1x2,2,3.000,won,2.0000,https://www.forebet.com/en/football-predictions/predictions-1x2/2026-06-15
forebet,2026-06-15,Et1,Hadiya Hosaena,Fasil Kenema,1x2,X,2.500,lost,-1.0000,https://www.forebet.com/en/football-predictions/predictions-1x2/2026-06-15
forebet,2026-06-15,Fi2,SJK Akatemia,FC Haka,1x2,2,1.570,won,0.5700,https://www.forebet.com/en/football-predictions/predictions-1x2/2026-06-15
forebet,2026-06-15,WC,Spain,Cape Verde,1x2,1,1.060,lost,-1.0000,https://www.forebet.com/en/football-predictions/predictions-1x2/2026-06-15
forebet,2026-06-15,Ee2,Nomme Kalju II,Nõmme United II,1x2,1,1.950,won,0.9500,https://www.forebet.com/en/football-predictions/predictions-1x2/2026-06-15
forebet,2026-06-15,Br2,Botafogo SP,Operário PR,over_under_25,Under,2.500,lost,-1.0000,https://www.forebet.com/en/football-predictions/predictions-1x2/2026-06-15
forebet,2026-06-15,Br2,Novorizontino SP,Nautico,over_under_25,Over,1.670,won,0.6700,https://www.forebet.com/en/football-predictions/predictions-1x2/2026-06-15
forebet,2026-06-15,Ar3,Deportivo Merlo,Argentino Merlo,over_under_25,Under,3.100,lost,-1.0000,https://www.forebet.com/en/football-predictions/predictions-1x2/2026-06-15
forebet,2026-06-15,Ca1,Vancouver FC,Pacific,over_under_25,Over,2.300,won,1.3000,https://www.forebet.com/en/football-predictions/predictions-1x2/2026-06-15
forebet,2026-06-15,Br3,Volta Redonda,Confiança,over_under_25,Under,2.650,won,1.6500,https://www.forebet.com/en/football-predictions/predictions-1x2/2026-06-15
forebet,2026-06-15,Br3,Floresta CE,Figueirense,over_under_25,Under,2.900,lost,-1.0000,https://www.forebet.com/en/football-predictions/predictions-1x2/2026-06-15
forebet,2026-06-15,WC,Ivory Coast,Ecuador,over_under_25,Under,2.900,won,1.9000,https://www.forebet.com/en/football-predictions/predictions-1x2/2026-06-15
forebet,2026-06-15,Us4,Westchester SC,Greenville Triumph,over_under_25,Over,1.920,won,0.9200,https://www.forebet.com/en/football-predictions/predictions-1x2/2026-06-15
forebet,2026-06-15,WC,Sweden,Tunisia,over_under_25,Under,2.200,lost,-1.0000,https://www.forebet.com/en/football-predictions/predictions-1x2/2026-06-15
forebet,2026-06-15,Tz1,KMC,Coastal Union,over_under_25,Under,1.770,lost,-1.0000,https://www.forebet.com/en/football-predictions/predictions-1x2/2026-06-15
forebet,2026-06-15,Et1,Adama Kenema,Ethiopia Nigd Bank,over_under_25,Under,2.280,lost,-1.0000,https://www.forebet.com/en/football-predictions/predictions-1x2/2026-06-15
forebet,2026-06-15,Ir2,Sorkhpooshan Pakdasht,Mes Kerman,over_under_25,Under,3.400,won,2.4000,https://www.forebet.com/en/football-predictions/predictions-1x2/2026-06-15
forebet,2026-06-15,Ir2,Mes Soongoun,Nassaji Mazandaran,over_under_25,Under,1.250,won,0.2500,https://www.forebet.com/en/football-predictions/predictions-1x2/2026-06-15
forebet,2026-06-15,Ir2,Mes Shahr-e Babak,Be'sat Kermanshah,over_under_25,Under,2.300,won,1.3000,https://www.forebet.com/en/football-predictions/predictions-1x2/2026-06-15
forebet,2026-06-15,Ir2,Fard Alborz,Sanat Naft AC,over_under_25,Under,3.750,lost,-1.0000,https://www.forebet.com/en/football-predictions/predictions-1x2/2026-06-15
forebet,2026-06-15,Fi2,SJK Akatemia,FC Haka,over_under_25,Under,1.570,won,0.5700,https://www.forebet.com/en/football-predictions/predictions-1x2/2026-06-15
forebet,2026-06-15,WC,Spain,Cape Verde,over_under_25,Over,3.450,lost,-1.0000,https://www.forebet.com/en/football-predictions/predictions-1x2/2026-06-15
forebet,2026-06-15,Ee2,Nomme Kalju II,Nõmme United II,over_under_25,Over,1.550,won,0.5500,https://www.forebet.com/en/football-predictions/predictions-1x2/2026-06-15
forebet,2026-06-16,WC,Saudi Arabia,Uruguay,1x2,2,1.420,lost,-1.0000,https://www.forebet.com/en/football-predictions/predictions-1x2/2026-06-16
forebet,2026-06-16,Br3,Maringá FC PR,Maranhão MA,1x2,X,3.700,won,2.7000,https://www.forebet.com/en/football-predictions/predictions-1x2/2026-06-16
forebet,2026-06-16,Us4,Christos,Annapolis Blues,1x2,1,3.500,won,2.5000,https://www.forebet.com/en/football-predictions/predictions-1x2/2026-06-16
forebet,2026-06-16,Br3,Ferroviária SP,Barra,1x2,X,3.000,lost,-1.0000,https://www.forebet.com/en/football-predictions/predictions-1x2/2026-06-16
forebet,2026-06-16,Br3,Ypiranga RS,Botafogo PB,1x2,1,2.100,lost,-1.0000,https://www.forebet.com/en/football-predictions/predictions-1x2/2026-06-16
forebet,2026-06-16,Br2,Criciúma,Ceará SC,1x2,1,1.750,lost,-1.0000,https://www.forebet.com/en/football-predictions/predictions-1x2/2026-06-16
forebet,2026-06-16,Br2,Londrina,Avai FC,1x2,X,3.000,lost,-1.0000,https://www.forebet.com/en/football-predictions/predictions-1x2/2026-06-16
forebet,2026-06-16,Us4,River Light,Edgewater Castle,1x2,1,1.650,won,0.6500,https://www.forebet.com/en/football-predictions/predictions-1x2/2026-06-16
forebet,2026-06-16,Aw1,Dakota,Sporting Aruba,1x2,1,1.610,lost,-1.0000,https://www.forebet.com/en/football-predictions/predictions-1x2/2026-06-16
forebet,2026-06-16,WC,Iran,New Zealand,1x2,1,1.850,lost,-1.0000,https://www.forebet.com/en/football-predictions/predictions-1x2/2026-06-16
forebet,2026-06-16,Vn3,Truong Giang,Lam Dong,1x2,X,3.200,won,2.2000,https://www.forebet.com/en/football-predictions/predictions-1x2/2026-06-16
forebet,2026-06-16,AuQ,Rochedale Rovers,Moreton City Excelsior,1x2,2,1.400,won,0.4000,https://www.forebet.com/en/football-predictions/predictions-1x2/2026-06-16
forebet,2026-06-16,AuQ,WDSC Wolves FC,Eastern Suburbs,1x2,2,2.150,won,1.1500,https://www.forebet.com/en/football-predictions/predictions-1x2/2026-06-16
forebet,2026-06-16,Et1,Mebrat Hayl,Mekelle 70,1x2,1,2.400,lost,-1.0000,https://www.forebet.com/en/football-predictions/predictions-1x2/2026-06-16
forebet,2026-06-16,Lb,Al Ahed Beirut,Al Hikma Beirut,1x2,1,1.530,won,0.5300,https://www.forebet.com/en/football-predictions/predictions-1x2/2026-06-16
forebet,2026-06-16,Lb,Shabab Al Sahel,Racing Beirut,1x2,1,1.160,won,0.1600,https://www.forebet.com/en/football-predictions/predictions-1x2/2026-06-16
forebet,2026-06-16,Lb,Tadamon Sour,Al Mabarrah,1x2,X,2.870,won,1.8700,https://www.forebet.com/en/football-predictions/predictions-1x2/2026-06-16
forebet,2026-06-16,Tz1,Namungo,Kitayosce,1x2,2,3.400,lost,-1.0000,https://www.forebet.com/en/football-predictions/predictions-1x2/2026-06-16
forebet,2026-06-16,Et1,Bahardar,Welayta Dicha,1x2,X,2.150,lost,-1.0000,https://www.forebet.com/en/football-predictions/predictions-1x2/2026-06-16
forebet,2026-06-16,Et1,Sheger Ketema,Welwalo Adigrat Uni,1x2,X,2.700,won,1.7000,https://www.forebet.com/en/football-predictions/predictions-1x2/2026-06-16
forebet,2026-06-16,Mz1,Costa do Sol Maputo,Chingale de Tete,1x2,1,1.480,won,0.4800,https://www.forebet.com/en/football-predictions/predictions-1x2/2026-06-16
forebet,2026-06-16,Ir2,Shahrdari Noshahr,Navad Urmia,1x2,1,1.800,lost,-1.0000,https://www.forebet.com/en/football-predictions/predictions-1x2/2026-06-16
forebet,2026-06-16,Ir2,Ario Eslamshahr,Naft Bandar Abbas,1x2,X,2.620,lost,-1.0000,https://www.forebet.com/en/football-predictions/predictions-1x2/2026-06-16
forebet,2026-06-16,Lv1,BFC Daugavpils,Supernova Riga,1x2,1,1.830,lost,-1.0000,https://www.forebet.com/en/football-predictions/predictions-1x2/2026-06-16
forebet,2026-06-16,NoWC,Viking FK W,Hønefoss W,1x2,1,2.100,won,1.1000,https://www.forebet.com/en/football-predictions/predictions-1x2/2026-06-16
forebet,2026-06-16,NoWC,Lyn W,Brann W,1x2,2,1.270,won,0.2700,https://www.forebet.com/en/football-predictions/predictions-1x2/2026-06-16
forebet,2026-06-16,Lt1,FK Suduva,FA Siauliai,1x2,X,3.700,lost,-1.0000,https://www.forebet.com/en/football-predictions/predictions-1x2/2026-06-16
forebet,2026-06-16,Ee1,Parnu,Flora Tallinn,1x2,2,1.360,won,0.3600,https://www.forebet.com/en/football-predictions/predictions-1x2/2026-06-16
forebet,2026-06-16,Ee1,FC Kuressaare,Trans Narva,1x2,1,2.050,lost,-1.0000,https://www.forebet.com/en/football-predictions/predictions-1x2/2026-06-16
forebet,2026-06-16,Ge1,Dila Gori,FC Spaeri,1x2,X,3.600,lost,-1.0000,https://www.forebet.com/en/football-predictions/predictions-1x2/2026-06-16
forebet,2026-06-16,Lv1,Grobinas SC,FK Liepaja,1x2,2,1.750,lost,-1.0000,https://www.forebet.com/en/football-predictions/predictions-1x2/2026-06-16
forebet,2026-06-16,Tz1,Azam,Mashujaa,1x2,1,1.180,won,0.1800,https://www.forebet.com/en/football-predictions/predictions-1x2/2026-06-16
forebet,2026-06-16,WC,Saudi Arabia,Uruguay,over_under_25,Under,2.000,won,1.0000,https://www.forebet.com/en/football-predictions/predictions-1x2/2026-06-16
forebet,2026-06-16,Br3,Maringá FC PR,Maranhão MA,over_under_25,Under,1.670,won,0.6700,https://www.forebet.com/en/football-predictions/predictions-1x2/2026-06-16
forebet,2026-06-16,Br3,Ferroviária SP,Barra,over_under_25,Under,2.700,won,1.7000,https://www.forebet.com/en/football-predictions/predictions-1x2/2026-06-16
forebet,2026-06-16,Br3,Ypiranga RS,Botafogo PB,over_under_25,Over,1.620,lost,-1.0000,https://www.forebet.com/en/football-predictions/predictions-1x2/2026-06-16
forebet,2026-06-16,Br2,Criciúma,Ceará SC,over_under_25,Over,1.570,lost,-1.0000,https://www.forebet.com/en/football-predictions/predictions-1x2/2026-06-16
forebet,2026-06-16,Br2,Londrina,Avai FC,over_under_25,Under,2.350,lost,-1.0000,https://www.forebet.com/en/football-predictions/predictions-1x2/2026-06-16
forebet,2026-06-16,WC,Iran,New Zealand,over_under_25,Under,2.450,lost,-1.0000,https://www.forebet.com/en/football-predictions/predictions-1x2/2026-06-16
forebet,2026-06-16,Vn3,Truong Giang,Lam Dong,over_under_25,Under,1.970,won,0.9700,https://www.forebet.com/en/football-predictions/predictions-1x2/2026-06-16
forebet,2026-06-16,AuQ,Rochedale Rovers,Moreton City Excelsior,over_under_25,Over,3.250,won,2.2500,https://www.forebet.com/en/football-predictions/predictions-1x2/2026-06-16
forebet,2026-06-16,AuQ,WDSC Wolves FC,Eastern Suburbs,over_under_25,Over,3.100,won,2.1000,https://www.forebet.com/en/football-predictions/predictions-1x2/2026-06-16
forebet,2026-06-16,Lb,Al Ahed Beirut,Al Hikma Beirut,over_under_25,Over,1.770,lost,-1.0000,https://www.forebet.com/en/football-predictions/predictions-1x2/2026-06-16
forebet,2026-06-16,Lb,Shabab Al Sahel,Racing Beirut,over_under_25,Over,2.120,lost,-1.0000,https://www.forebet.com/en/football-predictions/predictions-1x2/2026-06-16
forebet,2026-06-16,Tz1,Namungo,Kitayosce,over_under_25,Under,1.780,won,0.7800,https://www.forebet.com/en/football-predictions/predictions-1x2/2026-06-16
forebet,2026-06-16,Mz1,Costa do Sol Maputo,Chingale de Tete,over_under_25,Under,2.100,won,1.1000,https://www.forebet.com/en/football-predictions/predictions-1x2/2026-06-16
forebet,2026-06-16,Ir2,Shahrdari Noshahr,Navad Urmia,over_under_25,Under,3.250,won,2.2500,https://www.forebet.com/en/football-predictions/predictions-1x2/2026-06-16
forebet,2026-06-16,Ir2,Ario Eslamshahr,Naft Bandar Abbas,over_under_25,Under,3.750,won,2.7500,https://www.forebet.com/en/football-predictions/predictions-1x2/2026-06-16
forebet,2026-06-16,Lv1,BFC Daugavpils,Supernova Riga,over_under_25,Under,1.850,won,0.8500,https://www.forebet.com/en/football-predictions/predictions-1x2/2026-06-16
forebet,2026-06-16,NoWC,Viking FK W,Hønefoss W,over_under_25,Over,2.250,won,1.2500,https://www.forebet.com/en/football-predictions/predictions-1x2/2026-06-16
forebet,2026-06-16,NoWC,Lyn W,Brann W,over_under_25,Over,1.970,lost,-1.0000,https://www.forebet.com/en/football-predictions/predictions-1x2/2026-06-16
forebet,2026-06-16,Lt1,FK Suduva,FA Siauliai,over_under_25,Under,2.020,lost,-1.0000,https://www.forebet.com/en/football-predictions/predictions-1x2/2026-06-16
forebet,2026-06-16,Ee1,Parnu,Flora Tallinn,over_under_25,Over,2.500,won,1.5000,https://www.forebet.com/en/football-predictions/predictions-1x2/2026-06-16
forebet,2026-06-16,Ee1,FC Kuressaare,Trans Narva,over_under_25,Over,2.050,lost,-1.0000,https://www.forebet.com/en/football-predictions/predictions-1x2/2026-06-16
forebet,2026-06-16,Ge1,Dila Gori,FC Spaeri,over_under_25,Under,1.770,lost,-1.0000,https://www.forebet.com/en/football-predictions/predictions-1x2/2026-06-16
forebet,2026-06-16,Lv1,Grobinas SC,FK Liepaja,over_under_25,Over,1.850,lost,-1.0000,https://www.forebet.com/en/football-predictions/predictions-1x2/2026-06-16
forebet,2026-06-16,Tz1,Azam,Mashujaa,over_under_25,Under,2.000,won,1.0000,https://www.forebet.com/en/football-predictions/predictions-1x2/2026-06-16
forebet,2026-06-17,WC,Iraq,Norway,1x2,2,1.220,won,0.2200,https://www.forebet.com/en/football-predictions/predictions-1x2/2026-06-17
forebet,2026-06-17,Us4,Cleveland Force,Erie Sports Center,1x2,1,1.250,won,0.2500,https://www.forebet.com/en/football-predictions/predictions-1x2/2026-06-17
forebet,2026-06-17,Br2,Fortaleza,América Mineiro,1x2,1,1.570,lost,-1.0000,https://www.forebet.com/en/football-predictions/predictions-1x2/2026-06-17
forebet,2026-06-17,Us4,Boston Olympiakos,Boston City,1x2,1,1.300,won,0.3000,https://www.forebet.com/en/football-predictions/predictions-1x2/2026-06-17
forebet,2026-06-17,Us4,Manhattan,Long Island RR,1x2,X,3.900,lost,-1.0000,https://www.forebet.com/en/football-predictions/predictions-1x2/2026-06-17
forebet,2026-06-17,Us4,Houston Sur,GFI,1x2,2,1.420,won,0.4200,https://www.forebet.com/en/football-predictions/predictions-1x2/2026-06-17
forebet,2026-06-17,Aw1,La Fama,Britannia,1x2,2,1.720,lost,-1.0000,https://www.forebet.com/en/football-predictions/predictions-1x2/2026-06-17
forebet,2026-06-17,Us4,West Chester United II,Philadelphia Lone Star,1x2,1,1.750,won,0.7500,https://www.forebet.com/en/football-predictions/predictions-1x2/2026-06-17
forebet,2026-06-17,Us4,Delaware FC,Pennsylvania Classics,1x2,1,1.830,lost,-1.0000,https://www.forebet.com/en/football-predictions/predictions-1x2/2026-06-17
forebet,2026-06-17,WC,Argentina,Algeria,1x2,1,1.550,won,0.5500,https://www.forebet.com/en/football-predictions/predictions-1x2/2026-06-17
forebet,2026-06-17,WC,Austria,Jordan,1x2,1,1.400,won,0.4000,https://www.forebet.com/en/football-predictions/predictions-1x2/2026-06-17
forebet,2026-06-17,Mn1,Tuv Azarganuud,FC Ulaanbaatar,1x2,2,1.420,lost,-1.0000,https://www.forebet.com/en/football-predictions/predictions-1x2/2026-06-17
forebet,2026-06-17,AuA,Canberra White Eagles,Canberra FC,1x2,2,1.060,won,0.0600,https://www.forebet.com/en/football-predictions/predictions-1x2/2026-06-17
forebet,2026-06-17,KrW,Changnyeong W,Suwon FMC W,1x2,2,1.450,won,0.4500,https://www.forebet.com/en/football-predictions/predictions-1x2/2026-06-17
forebet,2026-06-17,KrW,Gyeongju W,Hwacheon KSPO W,1x2,2,1.720,won,0.7200,https://www.forebet.com/en/football-predictions/predictions-1x2/2026-06-17
forebet,2026-06-17,KrW,Gumi Sportstoto W,Incheon Red Angels W,1x2,2,1.900,lost,-1.0000,https://www.forebet.com/en/football-predictions/predictions-1x2/2026-06-17
forebet,2026-06-17,KrW,Seoul W,Boeun Sangmu W,1x2,2,3.000,lost,-1.0000,https://www.forebet.com/en/football-predictions/predictions-1x2/2026-06-17
forebet,2026-06-17,Tz1,Mbeya City,Simba,1x2,2,1.280,won,0.2800,https://www.forebet.com/en/football-predictions/predictions-1x2/2026-06-17
forebet,2026-06-17,Cm1,Gazelle,Canon Yaoundé,1x2,X,3.000,lost,-1.0000,https://www.forebet.com/en/football-predictions/predictions-1x2/2026-06-17
forebet,2026-06-17,Ge2,Merani Martvili,FC Samtredia,1x2,1,1.400,won,0.4000,https://www.forebet.com/en/football-predictions/predictions-1x2/2026-06-17
forebet,2026-06-17,Ge2,Gareji Sagarejo,Shturmi,1x2,1,2.100,lost,-1.0000,https://www.forebet.com/en/football-predictions/predictions-1x2/2026-06-17
forebet,2026-06-17,ByC,FC Molodechno,BATE Borisov,1x2,X,4.000,lost,-1.0000,https://www.forebet.com/en/football-predictions/predictions-1x2/2026-06-17
forebet,2026-06-17,Tz1,Singida Black Stars,Dodoma Jiji,1x2,1,1.330,won,0.3300,https://www.forebet.com/en/football-predictions/predictions-1x2/2026-06-17
forebet,2026-06-17,Mz1,CD Maxaquene,UD Songo,1x2,2,1.600,won,0.6000,https://www.forebet.com/en/football-predictions/predictions-1x2/2026-06-17
forebet,2026-06-17,Mz1,Baía de Pemba,ENH Vilankulo,1x2,X,2.800,won,1.8000,https://www.forebet.com/en/football-predictions/predictions-1x2/2026-06-17
forebet,2026-06-17,FiWC,Gnistan W,KuPS W,1x2,2,1.220,won,0.2200,https://www.forebet.com/en/football-predictions/predictions-1x2/2026-06-17
forebet,2026-06-17,WC,Iraq,Norway,over_under_25,Under,1.620,lost,-1.0000,https://www.forebet.com/en/football-predictions/predictions-1x2/2026-06-17
forebet,2026-06-17,Br2,Fortaleza,América Mineiro,over_under_25,Over,1.850,won,0.8500,https://www.forebet.com/en/football-predictions/predictions-1x2/2026-06-17
forebet,2026-06-17,Aw1,La Fama,Britannia,over_under_25,Under,1.550,lost,-1.0000,https://www.forebet.com/en/football-predictions/predictions-1x2/2026-06-17
forebet,2026-06-17,Us4,Delaware FC,Pennsylvania Classics,over_under_25,Over,2.550,lost,-1.0000,https://www.forebet.com/en/football-predictions/predictions-1x2/2026-06-17
forebet,2026-06-17,WC,Argentina,Algeria,over_under_25,Under,2.000,lost,-1.0000,https://www.forebet.com/en/football-predictions/predictions-1x2/2026-06-17
forebet,2026-06-17,WC,Austria,Jordan,over_under_25,Under,1.800,lost,-1.0000,https://www.forebet.com/en/football-predictions/predictions-1x2/2026-06-17
forebet,2026-06-17,AuA,Canberra White Eagles,Canberra FC,over_under_25,Over,6.000,won,5.0000,https://www.forebet.com/en/football-predictions/predictions-1x2/2026-06-17
forebet,2026-06-17,KrW,Changnyeong W,Suwon FMC W,over_under_25,Over,2.350,won,1.3500,https://www.forebet.com/en/football-predictions/predictions-1x2/2026-06-17
forebet,2026-06-17,KrW,Gyeongju W,Hwacheon KSPO W,over_under_25,Over,1.970,lost,-1.0000,https://www.forebet.com/en/football-predictions/predictions-1x2/2026-06-17
forebet,2026-06-17,KrW,Gumi Sportstoto W,Incheon Red Angels W,over_under_25,Over,1.820,lost,-1.0000,https://www.forebet.com/en/football-predictions/predictions-1x2/2026-06-17
forebet,2026-06-17,KrW,Seoul W,Boeun Sangmu W,over_under_25,Under,1.740,lost,-1.0000,https://www.forebet.com/en/football-predictions/predictions-1x2/2026-06-17
forebet,2026-06-17,Tz1,Mbeya City,Simba,over_under_25,Under,1.920,won,0.9200,https://www.forebet.com/en/football-predictions/predictions-1x2/2026-06-17
forebet,2026-06-17,Cm1,Gazelle,Canon Yaoundé,over_under_25,Under,2.160,won,1.1600,https://www.forebet.com/en/football-predictions/predictions-1x2/2026-06-17
forebet,2026-06-17,Ge2,Merani Martvili,FC Samtredia,over_under_25,Over,2.000,won,1.0000,https://www.forebet.com/en/football-predictions/predictions-1x2/2026-06-17
forebet,2026-06-17,Ge2,Gareji Sagarejo,Shturmi,over_under_25,Over,1.700,lost,-1.0000,https://www.forebet.com/en/football-predictions/predictions-1x2/2026-06-17
forebet,2026-06-17,ByC,FC Molodechno,BATE Borisov,over_under_25,Under,1.800,lost,-1.0000,https://www.forebet.com/en/football-predictions/predictions-1x2/2026-06-17
forebet,2026-06-17,Tz1,Singida Black Stars,Dodoma Jiji,over_under_25,Over,1.980,won,0.9800,https://www.forebet.com/en/football-predictions/predictions-1x2/2026-06-17
forebet,2026-06-17,Mz1,CD Maxaquene,UD Songo,over_under_25,Under,2.300,lost,-1.0000,https://www.forebet.com/en/football-predictions/predictions-1x2/2026-06-17
forebet,2026-06-18,BrM,Caldense MG,Guarani MG,1x2,1,2.300,lost,-1.0000,https://www.forebet.com/en/football-predictions/predictions-1x2/2026-06-18
forebet,2026-06-18,BrB,Bragantino U20,Fluminense U20,1x2,1,1.670,won,0.6700,https://www.forebet.com/en/football-predictions/predictions-1x2/2026-06-18
forebet,2026-06-18,Us4,Rochester,RKC,1x2,2,1.420,lost,-1.0000,https://www.forebet.com/en/football-predictions/predictions-1x2/2026-06-18
forebet,2026-06-18,BrC,Nação,Juventus SC,1x2,1,2.200,won,1.2000,https://www.forebet.com/en/football-predictions/predictions-1x2/2026-06-18
forebet,2026-06-18,BrM,Uberaba MG,Patrocinense MG,1x2,2,3.800,lost,-1.0000,https://www.forebet.com/en/football-predictions/predictions-1x2/2026-06-18
forebet,2026-06-18,WC,Ghana,Panama,1x2,1,2.300,won,1.3000,https://www.forebet.com/en/football-predictions/predictions-1x2/2026-06-18
forebet,2026-06-18,BrM,Valeriodoce,Aymorés,1x2,2,2.700,lost,-1.0000,https://www.forebet.com/en/football-predictions/predictions-1x2/2026-06-18
forebet,2026-06-18,Us4,Annapolis Blues,Hill City,1x2,1,1.850,won,0.8500,https://www.forebet.com/en/football-predictions/predictions-1x2/2026-06-18
forebet,2026-06-18,Us4,Sporting Jax 2,Nona,1x2,X,3.900,lost,-1.0000,https://www.forebet.com/en/football-predictions/predictions-1x2/2026-06-18
forebet,2026-06-18,Us4,SF Glens,Academica SC,1x2,1,1.800,won,0.8000,https://www.forebet.com/en/football-predictions/predictions-1x2/2026-06-18
forebet,2026-06-18,Us4,Christos,Northern Virginia,1x2,1,2.620,lost,-1.0000,https://www.forebet.com/en/football-predictions/predictions-1x2/2026-06-18
forebet,2026-06-18,Us4,Connecticut Rush,Western Mass Pioneers,1x2,2,1.610,won,0.6100,https://www.forebet.com/en/football-predictions/predictions-1x2/2026-06-18
forebet,2026-06-18,Us4,Weston,Miami FC,1x2,1,2.250,won,1.2500,https://www.forebet.com/en/football-predictions/predictions-1x2/2026-06-18
forebet,2026-06-18,Us2,FC Tulsa,Monterey Bay,1x2,1,1.650,won,0.6500,https://www.forebet.com/en/football-predictions/predictions-1x2/2026-06-18
forebet,2026-06-18,Us4,Fort Worth Vaqueros,McKinney Chupacabras,1x2,2,1.070,won,0.0700,https://www.forebet.com/en/football-predictions/predictions-1x2/2026-06-18
forebet,2026-06-18,Us4,Forward Madison,Fort Wayne,1x2,X,3.250,won,2.2500,https://www.forebet.com/en/football-predictions/predictions-1x2/2026-06-18
forebet,2026-06-18,BrB,Bragantino U20,Fluminense U20,over_under_25,Over,2.250,won,1.2500,https://www.forebet.com/en/football-predictions/predictions-1x2/2026-06-18
forebet,2026-06-18,BrC,Nação,Juventus SC,over_under_25,Over,1.550,lost,-1.0000,https://www.forebet.com/en/football-predictions/predictions-1x2/2026-06-18
forebet,2026-06-18,BrM,Uberaba MG,Patrocinense MG,over_under_25,Under,2.350,won,1.3500,https://www.forebet.com/en/football-predictions/predictions-1x2/2026-06-18
forebet,2026-06-18,WC,Ghana,Panama,over_under_25,Under,2.350,won,1.3500,https://www.forebet.com/en/football-predictions/predictions-1x2/2026-06-18
forebet,2026-06-18,BrM,Valeriodoce,Aymorés,over_under_25,Under,2.350,won,1.3500,https://www.forebet.com/en/football-predictions/predictions-1x2/2026-06-18
forebet,2026-06-18,Us4,Sporting Jax 2,Nona,over_under_25,Under,1.800,lost,-1.0000,https://www.forebet.com/en/football-predictions/predictions-1x2/2026-06-18
forebet,2026-06-18,Us2,FC Tulsa,Monterey Bay,over_under_25,Under,1.800,won,0.8000,https://www.forebet.com/en/football-predictions/predictions-1x2/2026-06-18
forebet,2026-06-18,Us4,Fort Worth Vaqueros,McKinney Chupacabras,over_under_25,Over,3.450,won,2.4500,https://www.forebet.com/en/football-predictions/predictions-1x2/2026-06-18
forebet,2026-06-18,Us4,Forward Madison,Fort Wayne,over_under_25,Under,1.900,won,0.9000,https://www.forebet.com/en/football-predictions/predictions-1x2/2026-06-18
forebet,2026-06-19,WC,Canada,Qatar,1x2,1,1.280,won,0.2800,https://www.forebet.com/en/football-predictions/predictions-1x2/2026-06-19
forebet,2026-06-19,Us4,Lansing City,Midwest United,1x2,2,1.160,won,0.1600,https://www.forebet.com/en/football-predictions/predictions-1x2/2026-06-19
forebet,2026-06-19,Us4,Real Central New Jersey,OC Nor'easters,1x2,2,1.720,won,0.7200,https://www.forebet.com/en/football-predictions/predictions-1x2/2026-06-19
forebet,2026-06-19,Cl1,Univ de Chile,O Higgins,1x2,1,2.050,won,1.0500,https://www.forebet.com/en/football-predictions/predictions-1x2/2026-06-19
forebet,2026-06-19,Br2,Sport Recife,Atlético GO,1x2,X,3.250,won,2.2500,https://www.forebet.com/en/football-predictions/predictions-1x2/2026-06-19
forebet,2026-06-19,Us4,Texoma,West Texas,1x2,2,3.700,lost,-1.0000,https://www.forebet.com/en/football-predictions/predictions-1x2/2026-06-19
forebet,2026-06-19,WC,Mexico,South Korea,1x2,1,2.100,won,1.1000,https://www.forebet.com/en/football-predictions/predictions-1x2/2026-06-19
forebet,2026-06-19,Us4,Utah United,Atletico Union,1x2,X,3.900,lost,-1.0000,https://www.forebet.com/en/football-predictions/predictions-1x2/2026-06-19
forebet,2026-06-19,Us4,Ballard,Bigfoot,1x2,1,1.110,won,0.1100,https://www.forebet.com/en/football-predictions/predictions-1x2/2026-06-19
forebet,2026-06-19,Nz2,Auckland II,Western Springs,1x2,2,2.200,won,1.2000,https://www.forebet.com/en/football-predictions/predictions-1x2/2026-06-19
forebet,2026-06-19,CnC,Xi'an Ronghai,Qingdao West Coast,1x2,2,1.650,lost,-1.0000,https://www.forebet.com/en/football-predictions/predictions-1x2/2026-06-19
forebet,2026-06-19,CnC,Dalian Kewei,Shenyang City,1x2,2,2.200,lost,-1.0000,https://www.forebet.com/en/football-predictions/predictions-1x2/2026-06-19
forebet,2026-06-19,CnC,Shanghai Segenda,Shanghai SIPG,1x2,2,1.220,won,0.2200,https://www.forebet.com/en/football-predictions/predictions-1x2/2026-06-19
forebet,2026-06-19,AuV,Bentleigh Greens,South Melbourne,1x2,2,1.800,won,0.8000,https://www.forebet.com/en/football-predictions/predictions-1x2/2026-06-19
forebet,2026-06-19,AuQ,Gold Coast Knights,Magic United,1x2,1,1.200,won,0.2000,https://www.forebet.com/en/football-predictions/predictions-1x2/2026-06-19
forebet,2026-06-19,Cn3,Dalian Yingbo B,Nantong Haimen,1x2,X,2.900,lost,-1.0000,https://www.forebet.com/en/football-predictions/predictions-1x2/2026-06-19
forebet,2026-06-19,AuV,Oakleigh Cannons,Melbourne City II,1x2,X,4.750,lost,-1.0000,https://www.forebet.com/en/football-predictions/predictions-1x2/2026-06-19
forebet,2026-06-19,Cn3,Guangzhou Dandelion,Hubei Chufeng Heli,1x2,2,4.100,won,3.1000,https://www.forebet.com/en/football-predictions/predictions-1x2/2026-06-19
forebet,2026-06-19,CnC,Shenzhen Juniors,Sichuan FC,1x2,X,3.600,lost,-1.0000,https://www.forebet.com/en/football-predictions/predictions-1x2/2026-06-19
forebet,2026-06-19,CnC,Shaanxi Union,Zhejiang FC,1x2,1,4.500,lost,-1.0000,https://www.forebet.com/en/football-predictions/predictions-1x2/2026-06-19
forebet,2026-06-19,Cn3,Shangyu Pterosaur,Guangdong Mingtu,1x2,X,3.000,lost,-1.0000,https://www.forebet.com/en/football-predictions/predictions-1x2/2026-06-19
forebet,2026-06-19,Cn3,Guizhou Zhicheng,Xiamen Feilu,1x2,2,4.500,lost,-1.0000,https://www.forebet.com/en/football-predictions/predictions-1x2/2026-06-19
forebet,2026-06-19,CnC,Jiangxi Liansheng,Henan Jianye,1x2,1,4.500,lost,-1.0000,https://www.forebet.com/en/football-predictions/predictions-1x2/2026-06-19
forebet,2026-06-19,CnC,Guangdong GZ-Power,Beijing Guoan,1x2,2,1.500,won,0.5000,https://www.forebet.com/en/football-predictions/predictions-1x2/2026-06-19
forebet,2026-06-19,CnC,Rizhao Yuqi,Tianjin Teda,1x2,2,2.150,lost,-1.0000,https://www.forebet.com/en/football-predictions/predictions-1x2/2026-06-19
forebet,2026-06-19,CnC,Langfang Glory City,Dalian Zhixing,1x2,X,4.500,won,3.5000,https://www.forebet.com/en/football-predictions/predictions-1x2/2026-06-19
forebet,2026-06-19,Kz2,FC Shakhter,Jaiyq,1x2,1,1.130,won,0.1300,https://www.forebet.com/en/football-predictions/predictions-1x2/2026-06-19
forebet,2026-06-19,Mo1,Gala,Benfica de Macau,1x2,2,2.800,lost,-1.0000,https://www.forebet.com/en/football-predictions/predictions-1x2/2026-06-19
forebet,2026-06-19,By2,FK Minsk-2,FK Volna Pinsk,1x2,2,2.080,won,1.0800,https://www.forebet.com/en/football-predictions/predictions-1x2/2026-06-19
forebet,2026-06-19,Sy1,Hutteen Latakia,Khan Sheikhoun,1x2,1,1.660,won,0.6600,https://www.forebet.com/en/football-predictions/predictions-1x2/2026-06-19
forebet,2026-06-19,Sy1,Jableh SC,Wathba Homs,1x2,2,1.200,won,0.2000,https://www.forebet.com/en/football-predictions/predictions-1x2/2026-06-19
forebet,2026-06-19,Sy1,Hurriya Aleppo,Majd Damascus,1x2,X,3.350,lost,-1.0000,https://www.forebet.com/en/football-predictions/predictions-1x2/2026-06-19
forebet,2026-06-19,Sy1,Wahda Damascus,Ittihad Aleppo,1x2,2,1.820,lost,-1.0000,https://www.forebet.com/en/football-predictions/predictions-1x2/2026-06-19
forebet,2026-06-19,WC,Canada,Qatar,over_under_25,Under,1.820,lost,-1.0000,https://www.forebet.com/en/football-predictions/predictions-1x2/2026-06-19
forebet,2026-06-19,Cl1,Univ de Chile,O Higgins,over_under_25,Over,1.770,lost,-1.0000,https://www.forebet.com/en/football-predictions/predictions-1x2/2026-06-19
forebet,2026-06-19,Br2,Sport Recife,Atlético GO,over_under_25,Under,2.140,won,1.1400,https://www.forebet.com/en/football-predictions/predictions-1x2/2026-06-19
forebet,2026-06-19,Us4,Texoma,West Texas,over_under_25,Over,2.230,lost,-1.0000,https://www.forebet.com/en/football-predictions/predictions-1x2/2026-06-19
forebet,2026-06-19,WC,Mexico,South Korea,over_under_25,Under,2.000,won,1.0000,https://www.forebet.com/en/football-predictions/predictions-1x2/2026-06-19
forebet,2026-06-19,CnC,Xi'an Ronghai,Qingdao West Coast,over_under_25,Under,1.710,won,0.7100,https://www.forebet.com/en/football-predictions/predictions-1x2/2026-06-19
forebet,2026-06-19,CnC,Dalian Kewei,Shenyang City,over_under_25,Under,1.900,won,0.9000,https://www.forebet.com/en/football-predictions/predictions-1x2/2026-06-19
forebet,2026-06-19,CnC,Shanghai Segenda,Shanghai SIPG,over_under_25,Over,2.340,won,1.3400,https://www.forebet.com/en/football-predictions/predictions-1x2/2026-06-19
forebet,2026-06-19,AuV,Bentleigh Greens,South Melbourne,over_under_25,Over,2.200,won,1.2000,https://www.forebet.com/en/football-predictions/predictions-1x2/2026-06-19
forebet,2026-06-19,AuQ,Gold Coast Knights,Magic United,over_under_25,Over,4.330,won,3.3300,https://www.forebet.com/en/football-predictions/predictions-1x2/2026-06-19
forebet,2026-06-19,Cn3,Dalian Yingbo B,Nantong Haimen,over_under_25,Under,2.250,lost,-1.0000,https://www.forebet.com/en/football-predictions/predictions-1x2/2026-06-19
forebet,2026-06-19,AuV,Oakleigh Cannons,Melbourne City II,over_under_25,Under,1.200,lost,-1.0000,https://www.forebet.com/en/football-predictions/predictions-1x2/2026-06-19
forebet,2026-06-19,Cn3,Guangzhou Dandelion,Hubei Chufeng Heli,over_under_25,Under,2.250,lost,-1.0000,https://www.forebet.com/en/football-predictions/predictions-1x2/2026-06-19
forebet,2026-06-19,CnC,Shenzhen Juniors,Sichuan FC,over_under_25,Over,1.920,won,0.9200,https://www.forebet.com/en/football-predictions/predictions-1x2/2026-06-19
forebet,2026-06-19,CnC,Shaanxi Union,Zhejiang FC,over_under_25,Under,1.800,won,0.8000,https://www.forebet.com/en/football-predictions/predictions-1x2/2026-06-19
forebet,2026-06-19,Cn3,Shangyu Pterosaur,Guangdong Mingtu,over_under_25,Under,2.250,won,1.2500,https://www.forebet.com/en/football-predictions/predictions-1x2/2026-06-19
forebet,2026-06-19,Cn3,Guizhou Zhicheng,Xiamen Feilu,over_under_25,Over,1.730,lost,-1.0000,https://www.forebet.com/en/football-predictions/predictions-1x2/2026-06-19
forebet,2026-06-19,CnC,Jiangxi Liansheng,Henan Jianye,over_under_25,Under,1.950,won,0.9500,https://www.forebet.com/en/football-predictions/predictions-1x2/2026-06-19
forebet,2026-06-19,CnC,Guangdong GZ-Power,Beijing Guoan,over_under_25,Over,2.000,won,1.0000,https://www.forebet.com/en/football-predictions/predictions-1x2/2026-06-19
forebet,2026-06-19,CnC,Rizhao Yuqi,Tianjin Teda,over_under_25,Under,2.230,won,1.2300,https://www.forebet.com/en/football-predictions/predictions-1x2/2026-06-19
forebet,2026-06-19,CnC,Langfang Glory City,Dalian Zhixing,over_under_25,Over,1.850,lost,-1.0000,https://www.forebet.com/en/football-predictions/predictions-1x2/2026-06-19
forebet,2026-06-19,By2,FK Minsk-2,FK Volna Pinsk,over_under_25,Over,2.250,won,1.2500,https://www.forebet.com/en/football-predictions/predictions-1x2/2026-06-19
forebet,2026-06-19,Sy1,Hutteen Latakia,Khan Sheikhoun,over_under_25,Under,2.180,won,1.1800,https://www.forebet.com/en/football-predictions/predictions-1x2/2026-06-19
forebet,2026-06-19,Sy1,Jableh SC,Wathba Homs,over_under_25,Under,1.520,won,0.5200,https://www.forebet.com/en/football-predictions/predictions-1x2/2026-06-19
forebet,2026-06-20,WC,Scotland,Morocco,1x2,2,1.650,won,0.6500,https://www.forebet.com/en/football-predictions/predictions-1x2/2026-06-20
forebet,2026-06-20,Ar3,Ituzaingó,Liniers,1x2,X,2.700,won,1.7000,https://www.forebet.com/en/football-predictions/predictions-1x2/2026-06-20
forebet,2026-06-20,ClC,Audax Italiano,Deportes Santa Cruz,1x2,X,3.800,lost,-1.0000,https://www.forebet.com/en/football-predictions/predictions-1x2/2026-06-20
forebet,2026-06-20,Us4,Westchester SC,Portland Hearts of Pine,1x2,X,3.500,lost,-1.0000,https://www.forebet.com/en/football-predictions/predictions-1x2/2026-06-20
forebet,2026-06-20,Us4,Tobacco Road,Asheville City,1x2,X,4.500,lost,-1.0000,https://www.forebet.com/en/football-predictions/predictions-1x2/2026-06-20
forebet,2026-06-20,Us4,Loudoun United II,Bethesda SC,1x2,2,1.850,lost,-1.0000,https://www.forebet.com/en/football-predictions/predictions-1x2/2026-06-20
forebet,2026-06-20,Us4,Western Mass Pioneers,Boston Olympiakos,1x2,1,1.420,lost,-1.0000,https://www.forebet.com/en/football-predictions/predictions-1x2/2026-06-20
forebet,2026-06-20,ClC,San Marcos Arica,Limache,1x2,1,3.250,won,2.2500,https://www.forebet.com/en/football-predictions/predictions-1x2/2026-06-20
forebet,2026-06-20,Us4,Houston Sur,Houston FC,1x2,2,1.660,won,0.6600,https://www.forebet.com/en/football-predictions/predictions-1x2/2026-06-20
forebet,2026-06-20,WC,Brazil,Haiti,1x2,1,1.080,won,0.0800,https://www.forebet.com/en/football-predictions/predictions-1x2/2026-06-20
forebet,2026-06-20,Nz2,Northern AFC,Ferrymead Bays,1x2,2,1.500,lost,-1.0000,https://www.forebet.com/en/football-predictions/predictions-1x2/2026-06-20
forebet,2026-06-20,Nz2,Island Bay United,Napier City Rovers,1x2,2,1.200,won,0.2000,https://www.forebet.com/en/football-predictions/predictions-1x2/2026-06-20
forebet,2026-06-20,Nz2,Nelson Suburbs,Wanaka,1x2,1,1.100,won,0.1000,https://www.forebet.com/en/football-predictions/predictions-1x2/2026-06-20
forebet,2026-06-20,WC,Türkiye,Paraguay,1x2,1,2.000,lost,-1.0000,https://www.forebet.com/en/football-predictions/predictions-1x2/2026-06-20
forebet,2026-06-20,Nz2,Tauranga City United,Bay Olympic,1x2,1,1.800,lost,-1.0000,https://www.forebet.com/en/football-predictions/predictions-1x2/2026-06-20
forebet,2026-06-20,Nz2,Auckland United,Eastern Suburbs (NZL),1x2,2,2.050,lost,-1.0000,https://www.forebet.com/en/football-predictions/predictions-1x2/2026-06-20
forebet,2026-06-20,Nz2,Upper Hutt City,Miramar,1x2,2,1.270,won,0.2700,https://www.forebet.com/en/football-predictions/predictions-1x2/2026-06-20
forebet,2026-06-20,Nz2,Wellington Phoenix (R),Waterside Karori,1x2,1,1.420,lost,-1.0000,https://www.forebet.com/en/football-predictions/predictions-1x2/2026-06-20
forebet,2026-06-20,Nz2,Melville United,Fencibles United,1x2,2,1.420,won,0.4200,https://www.forebet.com/en/football-predictions/predictions-1x2/2026-06-20
forebet,2026-06-20,Nz2,Wellington Olympic,Western Suburbs,1x2,2,4.500,lost,-1.0000,https://www.forebet.com/en/football-predictions/predictions-1x2/2026-06-20
forebet,2026-06-20,AuV,Hume City FC,Green Gully SC,1x2,1,1.450,won,0.4500,https://www.forebet.com/en/football-predictions/predictions-1x2/2026-06-20
forebet,2026-06-20,AuN,Lambton Jaffas,Adamstown FC,1x2,1,1.440,lost,-1.0000,https://www.forebet.com/en/football-predictions/predictions-1x2/2026-06-20
forebet,2026-06-20,AuN,Cooks Hill United,Lake Macquarie FC,1x2,2,1.800,lost,-1.0000,https://www.forebet.com/en/football-predictions/predictions-1x2/2026-06-20
forebet,2026-06-20,JpW2,Ehime W,NGU Lublield Nagoya W,1x2,2,1.720,won,0.7200,https://www.forebet.com/en/football-predictions/predictions-1x2/2026-06-20
forebet,2026-06-20,JpW3,Diosa Izumo W,Veertien Mie W,1x2,X,2.860,lost,-1.0000,https://www.forebet.com/en/football-predictions/predictions-1x2/2026-06-20
forebet,2026-06-20,AuT,Devonport City,Hobart Zebras,1x2,1,1.300,lost,-1.0000,https://www.forebet.com/en/football-predictions/predictions-1x2/2026-06-20
forebet,2026-06-20,AuT,South East United,Glenorchy Knights,1x2,2,1.380,lost,-1.0000,https://www.forebet.com/en/football-predictions/predictions-1x2/2026-06-20
forebet,2026-06-20,AuT,Launceston United,Ulverstone,1x2,1,2.050,won,1.0500,https://www.forebet.com/en/football-predictions/predictions-1x2/2026-06-20
forebet,2026-06-20,AuA,Canberra Olympic,Monaro Panthers,1x2,2,1.450,won,0.4500,https://www.forebet.com/en/football-predictions/predictions-1x2/2026-06-20
forebet,2026-06-20,AuN,WS Wanderers Youth,Sutherland Sharks,1x2,2,3.000,won,2.0000,https://www.forebet.com/en/football-predictions/predictions-1x2/2026-06-20
forebet,2026-06-20,AuV,Avondale FC,Thunder SC,1x2,1,1.330,won,0.3300,https://www.forebet.com/en/football-predictions/predictions-1x2/2026-06-20
forebet,2026-06-20,AuV,Heidelberg United,Preston Lions,1x2,1,1.900,lost,-1.0000,https://www.forebet.com/en/football-predictions/predictions-1x2/2026-06-20
forebet,2026-06-20,AuQ,Gold Coast United,Brisbane Roar U21,1x2,1,1.900,lost,-1.0000,https://www.forebet.com/en/football-predictions/predictions-1x2/2026-06-20
forebet,2026-06-20,AuN,Belmont Swansea,Broadmeadow,1x2,2,1.610,lost,-1.0000,https://www.forebet.com/en/football-predictions/predictions-1x2/2026-06-20
forebet,2026-06-20,WC,Scotland,Morocco,over_under_25,Under,2.150,won,1.1500,https://www.forebet.com/en/football-predictions/predictions-1x2/2026-06-20
forebet,2026-06-20,Ar3,Ituzaingó,Liniers,over_under_25,Under,3.100,won,2.1000,https://www.forebet.com/en/football-predictions/predictions-1x2/2026-06-20
forebet,2026-06-20,ClC,Audax Italiano,Deportes Santa Cruz,over_under_25,Under,1.650,won,0.6500,https://www.forebet.com/en/football-predictions/predictions-1x2/2026-06-20
forebet,2026-06-20,Us4,Westchester SC,Portland Hearts of Pine,over_under_25,Over,1.970,won,0.9700,https://www.forebet.com/en/football-predictions/predictions-1x2/2026-06-20
forebet,2026-06-20,ClC,San Marcos Arica,Limache,over_under_25,Under,1.820,lost,-1.0000,https://www.forebet.com/en/football-predictions/predictions-1x2/2026-06-20
forebet,2026-06-20,WC,Brazil,Haiti,over_under_25,Over,3.350,won,2.3500,https://www.forebet.com/en/football-predictions/predictions-1x2/2026-06-20
forebet,2026-06-20,WC,Türkiye,Paraguay,over_under_25,Over,1.760,lost,-1.0000,https://www.forebet.com/en/football-predictions/predictions-1x2/2026-06-20
forebet,2026-06-20,Nz2,Auckland United,Eastern Suburbs (NZL),over_under_25,Under,1.920,won,0.9200,https://www.forebet.com/en/football-predictions/predictions-1x2/2026-06-20
forebet,2026-06-20,AuV,Hume City FC,Green Gully SC,over_under_25,Under,1.580,lost,-1.0000,https://www.forebet.com/en/football-predictions/predictions-1x2/2026-06-20
forebet,2026-06-20,AuN,Lambton Jaffas,Adamstown FC,over_under_25,Over,2.380,lost,-1.0000,https://www.forebet.com/en/football-predictions/predictions-1x2/2026-06-20
forebet,2026-06-20,AuN,Cooks Hill United,Lake Macquarie FC,over_under_25,Over,2.380,won,1.3800,https://www.forebet.com/en/football-predictions/predictions-1x2/2026-06-20
forebet,2026-06-20,JpW2,Ehime W,NGU Lublield Nagoya W,over_under_25,Over,1.900,won,0.9000,https://www.forebet.com/en/football-predictions/predictions-1x2/2026-06-20
forebet,2026-06-20,AuT,Devonport City,Hobart Zebras,over_under_25,Over,3.750,won,2.7500,https://www.forebet.com/en/football-predictions/predictions-1x2/2026-06-20
forebet,2026-06-20,AuT,South East United,Glenorchy Knights,over_under_25,Over,3.750,lost,-1.0000,https://www.forebet.com/en/football-predictions/predictions-1x2/2026-06-20
forebet,2026-06-20,AuT,Launceston United,Ulverstone,over_under_25,Over,3.750,won,2.7500,https://www.forebet.com/en/football-predictions/predictions-1x2/2026-06-20
forebet,2026-06-20,AuA,Canberra Olympic,Monaro Panthers,over_under_25,Over,4.330,won,3.3300,https://www.forebet.com/en/football-predictions/predictions-1x2/2026-06-20
forebet,2026-06-20,AuN,WS Wanderers Youth,Sutherland Sharks,over_under_25,Under,1.560,lost,-1.0000,https://www.forebet.com/en/football-predictions/predictions-1x2/2026-06-20
forebet,2026-06-20,AuV,Avondale FC,Thunder SC,over_under_25,Over,2.850,won,1.8500,https://www.forebet.com/en/football-predictions/predictions-1x2/2026-06-20
forebet,2026-06-20,AuV,Heidelberg United,Preston Lions,over_under_25,Over,1.980,lost,-1.0000,https://www.forebet.com/en/football-predictions/predictions-1x2/2026-06-20
forebet,2026-06-20,AuQ,Gold Coast United,Brisbane Roar U21,over_under_25,Over,2.600,won,1.6000,https://www.forebet.com/en/football-predictions/predictions-1x2/2026-06-20
forebet,2026-06-20,AuN,Belmont Swansea,Broadmeadow,over_under_25,Over,2.600,lost,-1.0000,https://www.forebet.com/en/football-predictions/predictions-1x2/2026-06-20
forebet,2026-06-21,Br2,Ceará SC,Botafogo SP,1x2,1,1.900,lost,-1.0000,https://www.forebet.com/en/football-predictions/predictions-1x2/2026-06-21
forebet,2026-06-21,Br2,Vila Nova FC,Nautico,1x2,1,2.250,won,1.2500,https://www.forebet.com/en/football-predictions/predictions-1x2/2026-06-21
forebet,2026-06-21,Br3,Santa Cruz,Ypiranga RS,1x2,1,1.750,lost,-1.0000,https://www.forebet.com/en/football-predictions/predictions-1x2/2026-06-21
forebet,2026-06-21,Uy2,Plaza Colonia,Atenas San Carlos,1x2,1,1.830,lost,-1.0000,https://www.forebet.com/en/football-predictions/predictions-1x2/2026-06-21
forebet,2026-06-21,Br4,Velo Clube,Agua Santa SP,1x2,1,2.050,lost,-1.0000,https://www.forebet.com/en/football-predictions/predictions-1x2/2026-06-21
forebet,2026-06-21,ClC,Everton de Vina,San Luis Quillota,1x2,X,3.700,won,2.7000,https://www.forebet.com/en/football-predictions/predictions-1x2/2026-06-21
forebet,2026-06-21,ClC,Rangers Talca,Univ de Concepcion,1x2,2,1.850,lost,-1.0000,https://www.forebet.com/en/football-predictions/predictions-1x2/2026-06-21
forebet,2026-06-21,Us4,North Carolina II,Port City,1x2,1,1.160,lost,-1.0000,https://www.forebet.com/en/football-predictions/predictions-1x2/2026-06-21
forebet,2026-06-21,Us4,AC Connecticut,Black Rock,1x2,2,1.570,won,0.5700,https://www.forebet.com/en/football-predictions/predictions-1x2/2026-06-21
forebet,2026-06-21,Us2,Hartford Athletic,Pittsburgh Riverhounds,1x2,2,3.000,lost,-1.0000,https://www.forebet.com/en/football-predictions/predictions-1x2/2026-06-21
forebet,2026-06-21,Us2,Brooklyn FC,Tampa Bay Rowdies,1x2,2,1.570,won,0.5700,https://www.forebet.com/en/football-predictions/predictions-1x2/2026-06-21
forebet,2026-06-21,Ar3,Tucumán Central,Boca Unidos,1x2,1,2.200,won,1.2000,https://www.forebet.com/en/football-predictions/predictions-1x2/2026-06-21
forebet,2026-06-21,Ar3,Gimnasia Chivilcoy,Escobar FC,1x2,1,1.450,won,0.4500,https://www.forebet.com/en/football-predictions/predictions-1x2/2026-06-21
forebet,2026-06-21,Ar3,Defensores Pto. Vilelas,Sol de América,1x2,2,2.550,lost,-1.0000,https://www.forebet.com/en/football-predictions/predictions-1x2/2026-06-21
forebet,2026-06-21,Us4,Richmond Kickers,Fort Wayne,1x2,X,3.500,lost,-1.0000,https://www.forebet.com/en/football-predictions/predictions-1x2/2026-06-21
forebet,2026-06-21,Us4,Greenville Triumph,Alta,1x2,2,3.500,won,2.5000,https://www.forebet.com/en/football-predictions/predictions-1x2/2026-06-21
forebet,2026-06-21,Us4,Chattanooga RW,Naples,1x2,1,1.660,won,0.6600,https://www.forebet.com/en/football-predictions/predictions-1x2/2026-06-21
forebet,2026-06-21,Us4,Akron City,Steel City,1x2,2,1.610,won,0.6100,https://www.forebet.com/en/football-predictions/predictions-1x2/2026-06-21
forebet,2026-06-21,Us4,SC United Bantams,Charlotte Eagles,1x2,1,2.050,lost,-1.0000,https://www.forebet.com/en/football-predictions/predictions-1x2/2026-06-21
forebet,2026-06-21,Us4,Utah United,Colorado Storm,1x2,1,2.050,lost,-1.0000,https://www.forebet.com/en/football-predictions/predictions-1x2/2026-06-21
forebet,2026-06-21,Br2,Ceará SC,Botafogo SP,over_under_25,Over,1.580,lost,-1.0000,https://www.forebet.com/en/football-predictions/predictions-1x2/2026-06-21
forebet,2026-06-21,Br2,Vila Nova FC,Nautico,over_under_25,Over,1.680,won,0.6800,https://www.forebet.com/en/football-predictions/predictions-1x2/2026-06-21
forebet,2026-06-21,Br3,Santa Cruz,Ypiranga RS,over_under_25,Under,2.200,won,1.2000,https://www.forebet.com/en/football-predictions/predictions-1x2/2026-06-21
forebet,2026-06-21,Uy2,Plaza Colonia,Atenas San Carlos,over_under_25,Under,2.060,lost,-1.0000,https://www.forebet.com/en/football-predictions/predictions-1x2/2026-06-21
forebet,2026-06-21,Br4,Velo Clube,Agua Santa SP,over_under_25,Under,2.020,won,1.0200,https://www.forebet.com/en/football-predictions/predictions-1x2/2026-06-21
forebet,2026-06-21,ClC,Everton de Vina,San Luis Quillota,over_under_25,Under,1.760,lost,-1.0000,https://www.forebet.com/en/football-predictions/predictions-1x2/2026-06-21
forebet,2026-06-21,ClC,Rangers Talca,Univ de Concepcion,over_under_25,Under,1.850,lost,-1.0000,https://www.forebet.com/en/football-predictions/predictions-1x2/2026-06-21
forebet,2026-06-21,Us2,Hartford Athletic,Pittsburgh Riverhounds,over_under_25,Under,2.020,won,1.0200,https://www.forebet.com/en/football-predictions/predictions-1x2/2026-06-21
forebet,2026-06-21,Us2,Brooklyn FC,Tampa Bay Rowdies,over_under_25,Under,1.560,won,0.5600,https://www.forebet.com/en/football-predictions/predictions-1x2/2026-06-21
forebet,2026-06-21,Ar3,Tucumán Central,Boca Unidos,over_under_25,Over,1.500,lost,-1.0000,https://www.forebet.com/en/football-predictions/predictions-1x2/2026-06-21
forebet,2026-06-21,Ar3,Gimnasia Chivilcoy,Escobar FC,over_under_25,Under,2.380,won,1.3800,https://www.forebet.com/en/football-predictions/predictions-1x2/2026-06-21
forebet,2026-06-21,Ar3,Defensores Pto. Vilelas,Sol de América,over_under_25,Over,1.850,won,0.8500,https://www.forebet.com/en/football-predictions/predictions-1x2/2026-06-21
forebet,2026-06-21,Us4,Richmond Kickers,Fort Wayne,over_under_25,Under,1.800,won,0.8000,https://www.forebet.com/en/football-predictions/predictions-1x2/2026-06-21
forebet,2026-06-21,Us4,Greenville Triumph,Alta,over_under_25,Under,1.800,lost,-1.0000,https://www.forebet.com/en/football-predictions/predictions-1x2/2026-06-21
forebet,2026-06-21,Us4,Chattanooga RW,Naples,over_under_25,Over,1.850,lost,-1.0000,https://www.forebet.com/en/football-predictions/predictions-1x2/2026-06-21
forebet,2026-06-21,Us4,Akron City,Steel City,over_under_25,Under,1.620,won,0.6200,https://www.forebet.com/en/football-predictions/predictions-1x2/2026-06-21
forebet,2026-06-22,WC,Uruguay,Cape Verde,1x2,1,1.400,lost,-1.0000,https://www.forebet.com/en/football-predictions/predictions-1x2/2026-06-22
forebet,2026-06-22,Us4,Sueno,St. Croix,1x2,1,1.220,won,0.2200,https://www.forebet.com/en/football-predictions/predictions-1x2/2026-06-22
forebet,2026-06-22,Us4,Annapolis Blues,Northern Virginia,1x2,2,3.200,won,2.2000,https://www.forebet.com/en/football-predictions/predictions-1x2/2026-06-22
forebet,2026-06-22,ClC,O Higgins,Unión Española,1x2,X,3.200,won,2.2000,https://www.forebet.com/en/football-predictions/predictions-1x2/2026-06-22
forebet,2026-06-22,Us4,AHFC Royals,San Antonio FC 2,1x2,1,1.500,won,0.5000,https://www.forebet.com/en/football-predictions/predictions-1x2/2026-06-22
forebet,2026-06-22,Us4,West Seattle Junction,Ballard,1x2,2,1.400,won,0.4000,https://www.forebet.com/en/football-predictions/predictions-1x2/2026-06-22
forebet,2026-06-22,WC,New Zealand,Egypt,1x2,X,3.900,lost,-1.0000,https://www.forebet.com/en/football-predictions/predictions-1x2/2026-06-22
forebet,2026-06-22,Mn1,Hunters,Khoromkhon Club,1x2,1,1.030,won,0.0300,https://www.forebet.com/en/football-predictions/predictions-1x2/2026-06-22
forebet,2026-06-22,Mn1,Khovd Western,Khovd FC,1x2,1,1.220,won,0.2200,https://www.forebet.com/en/football-predictions/predictions-1x2/2026-06-22
forebet,2026-06-22,Et1,Fasil Kenema,Arba Minch Kenema,1x2,1,2.440,won,1.4400,https://www.forebet.com/en/football-predictions/predictions-1x2/2026-06-22
forebet,2026-06-22,Et1,Welayta Dicha,Mebrat Hayl,1x2,X,2.620,lost,-1.0000,https://www.forebet.com/en/football-predictions/predictions-1x2/2026-06-22
forebet,2026-06-22,Ge2,Merani Martvili,FC Gori,1x2,1,1.530,lost,-1.0000,https://www.forebet.com/en/football-predictions/predictions-1x2/2026-06-22
forebet,2026-06-22,Ge2,Gareji Sagarejo,FC Lazika,1x2,1,1.610,lost,-1.0000,https://www.forebet.com/en/football-predictions/predictions-1x2/2026-06-22
forebet,2026-06-22,Ge2,Kolkheti Poti,Shturmi,1x2,X,3.200,won,2.2000,https://www.forebet.com/en/football-predictions/predictions-1x2/2026-06-22
forebet,2026-06-22,Kg1,Asiagoal,Bishkek City,1x2,1,2.100,lost,-1.0000,https://www.forebet.com/en/football-predictions/predictions-1x2/2026-06-22
forebet,2026-06-22,Ge1,Dila Gori,Metalurgi Rustavi,1x2,2,2.900,lost,-1.0000,https://www.forebet.com/en/football-predictions/predictions-1x2/2026-06-22
forebet,2026-06-22,Lv1,Rigas Futbola skola,FK Ogre,1x2,1,1.050,won,0.0500,https://www.forebet.com/en/football-predictions/predictions-1x2/2026-06-22
forebet,2026-06-22,Et1,Welwalo Adigrat Uni,Hadiya Hosaena,1x2,X,2.500,lost,-1.0000,https://www.forebet.com/en/football-predictions/predictions-1x2/2026-06-22
forebet,2026-06-22,Ee2,FC Elva,Flora Tallinn II,1x2,2,2.150,won,1.1500,https://www.forebet.com/en/football-predictions/predictions-1x2/2026-06-22
forebet,2026-06-22,Ee2,FC Maardu,Viimsi JK,1x2,2,1.750,lost,-1.0000,https://www.forebet.com/en/football-predictions/predictions-1x2/2026-06-22
forebet,2026-06-22,Ge2,FC Telavi,Dusheti Aragvi,1x2,1,1.500,won,0.5000,https://www.forebet.com/en/football-predictions/predictions-1x2/2026-06-22
forebet,2026-06-22,KW,Salmiya SC,Fahaheel SC,1x2,1,1.500,won,0.5000,https://www.forebet.com/en/football-predictions/predictions-1x2/2026-06-22
forebet,2026-06-22,Gm1,Real de Banjul,Greater Tomorrow,1x2,1,1.800,lost,-1.0000,https://www.forebet.com/en/football-predictions/predictions-1x2/2026-06-22
forebet,2026-06-22,Gm1,Team Rhino,TMT,1x2,X,3.100,lost,-1.0000,https://www.forebet.com/en/football-predictions/predictions-1x2/2026-06-22
forebet,2026-06-22,Gm1,Hawks,Samger,1x2,X,2.620,won,1.6200,https://www.forebet.com/en/football-predictions/predictions-1x2/2026-06-22
forebet,2026-06-22,Gm1,Dutch Lions,Brikama United,1x2,1,3.400,lost,-1.0000,https://www.forebet.com/en/football-predictions/predictions-1x2/2026-06-22
forebet,2026-06-22,Gm1,Fortune,Steve Biko FC,1x2,X,3.200,lost,-1.0000,https://www.forebet.com/en/football-predictions/predictions-1x2/2026-06-22
forebet,2026-06-22,Gm1,Gambia Ports A.,Medina United,1x2,X,2.900,lost,-1.0000,https://www.forebet.com/en/football-predictions/predictions-1x2/2026-06-22
forebet,2026-06-22,WC,Uruguay,Cape Verde,over_under_25,Under,2.050,lost,-1.0000,https://www.forebet.com/en/football-predictions/predictions-1x2/2026-06-22
forebet,2026-06-22,Us4,Annapolis Blues,Northern Virginia,over_under_25,Over,2.160,won,1.1600,https://www.forebet.com/en/football-predictions/predictions-1x2/2026-06-22
forebet,2026-06-22,ClC,O Higgins,Unión Española,over_under_25,Under,1.850,won,0.8500,https://www.forebet.com/en/football-predictions/predictions-1x2/2026-06-22
forebet,2026-06-22,WC,New Zealand,Egypt,over_under_25,Under,2.020,lost,-1.0000,https://www.forebet.com/en/football-predictions/predictions-1x2/2026-06-22
forebet,2026-06-22,Ge2,Merani Martvili,FC Gori,over_under_25,Under,1.800,won,0.8000,https://www.forebet.com/en/football-predictions/predictions-1x2/2026-06-22
forebet,2026-06-22,Ge2,Gareji Sagarejo,FC Lazika,over_under_25,Under,1.980,lost,-1.0000,https://www.forebet.com/en/football-predictions/predictions-1x2/2026-06-22
forebet,2026-06-22,Ge2,Kolkheti Poti,Shturmi,over_under_25,Under,2.010,won,1.0100,https://www.forebet.com/en/football-predictions/predictions-1x2/2026-06-22
forebet,2026-06-22,Ge1,Dila Gori,Metalurgi Rustavi,over_under_25,Over,1.630,won,0.6300,https://www.forebet.com/en/football-predictions/predictions-1x2/2026-06-22
forebet,2026-06-22,Lv1,Rigas Futbola skola,FK Ogre,over_under_25,Over,3.900,won,2.9000,https://www.forebet.com/en/football-predictions/predictions-1x2/2026-06-22
forebet,2026-06-22,Ee2,FC Elva,Flora Tallinn II,over_under_25,Over,2.150,won,1.1500,https://www.forebet.com/en/football-predictions/predictions-1x2/2026-06-22
forebet,2026-06-22,Ee2,FC Maardu,Viimsi JK,over_under_25,Under,1.650,won,0.6500,https://www.forebet.com/en/football-predictions/predictions-1x2/2026-06-22
forebet,2026-06-22,Ge2,FC Telavi,Dusheti Aragvi,over_under_25,Under,2.020,won,1.0200,https://www.forebet.com/en/football-predictions/predictions-1x2/2026-06-22
forebet,2026-06-22,KW,Salmiya SC,Fahaheel SC,over_under_25,Over,2.000,won,1.0000,https://www.forebet.com/en/football-predictions/predictions-1x2/2026-06-22
forebet,2026-06-22,Gm1,Fortune,Steve Biko FC,over_under_25,Under,2.380,won,1.3800,https://www.forebet.com/en/football-predictions/predictions-1x2/2026-06-22
forebet,2026-06-22,Gm1,Gambia Ports A.,Medina United,over_under_25,Under,2.300,won,1.3000,https://www.forebet.com/en/football-predictions/predictions-1x2/2026-06-22
forebet,2026-06-23,Br3,Confiança,Guarani,1x2,2,2.150,lost,-1.0000,https://www.forebet.com/en/football-predictions/predictions-1x2/2026-06-23
forebet,2026-06-23,Br2,Ponte Preta,Novorizontino SP,1x2,2,1.850,won,0.8500,https://www.forebet.com/en/football-predictions/predictions-1x2/2026-06-23
forebet,2026-06-23,Ar3,9 de Julio Rafaela,El Linqueño,1x2,1,1.650,won,0.6500,https://www.forebet.com/en/football-predictions/predictions-1x2/2026-06-23
forebet,2026-06-23,WC,Norway,Senegal,1x2,X,3.400,lost,-1.0000,https://www.forebet.com/en/football-predictions/predictions-1x2/2026-06-23
forebet,2026-06-23,Us4,Denton Diablos,McKinney Chupacabras,1x2,2,2.300,lost,-1.0000,https://www.forebet.com/en/football-predictions/predictions-1x2/2026-06-23
forebet,2026-06-23,WC,Jordan,Algeria,1x2,X,4.330,lost,-1.0000,https://www.forebet.com/en/football-predictions/predictions-1x2/2026-06-23
forebet,2026-06-23,Cn3,Shanghai Second,Dalian Yingbo B,1x2,2,2.350,won,1.3500,https://www.forebet.com/en/football-predictions/predictions-1x2/2026-06-23
forebet,2026-06-23,Cn3,Changchun Xidu,Rizhao Yuqi,1x2,X,2.250,won,1.2500,https://www.forebet.com/en/football-predictions/predictions-1x2/2026-06-23
forebet,2026-06-23,Cn3,Qingdao Red Lions,Dalian Kewei,1x2,2,2.050,lost,-1.0000,https://www.forebet.com/en/football-predictions/predictions-1x2/2026-06-23
forebet,2026-06-23,Cn3,Xiamen Feilu,Hubei Chufeng Heli,1x2,X,3.200,won,2.2000,https://www.forebet.com/en/football-predictions/predictions-1x2/2026-06-23
forebet,2026-06-23,AuQ,Gold Coast Knights,Eastern Suburbs,1x2,2,2.750,lost,-1.0000,https://www.forebet.com/en/football-predictions/predictions-1x2/2026-06-23
forebet,2026-06-23,AuN,Edgeworth Eagles,Lambton Jaffas,1x2,2,2.100,lost,-1.0000,https://www.forebet.com/en/football-predictions/predictions-1x2/2026-06-23
forebet,2026-06-23,Cn3,Guangdong Mingtu,Guizhou Zhicheng,1x2,2,1.800,lost,-1.0000,https://www.forebet.com/en/football-predictions/predictions-1x2/2026-06-23
forebet,2026-06-23,Cn3,Nantong Haimen,Shanghai Port II,1x2,2,2.620,lost,-1.0000,https://www.forebet.com/en/football-predictions/predictions-1x2/2026-06-23
forebet,2026-06-23,Kg1,Alga Bishkek,Bars,1x2,2,2.500,lost,-1.0000,https://www.forebet.com/en/football-predictions/predictions-1x2/2026-06-23
forebet,2026-06-23,Fi1,VPS Vaasa,AC Oulu,1x2,2,3.400,lost,-1.0000,https://www.forebet.com/en/football-predictions/predictions-1x2/2026-06-23
forebet,2026-06-23,Fi1,KuPS Kuopio,Ilves,1x2,1,1.600,won,0.6000,https://www.forebet.com/en/football-predictions/predictions-1x2/2026-06-23
forebet,2026-06-23,Fi1,FC Lahti,TPS Turku,1x2,1,1.750,lost,-1.0000,https://www.forebet.com/en/football-predictions/predictions-1x2/2026-06-23
forebet,2026-06-23,Ge1,Saburtalo,Meshakhte Tkibuli,1x2,1,1.280,won,0.2800,https://www.forebet.com/en/football-predictions/predictions-1x2/2026-06-23
forebet,2026-06-23,LtC,Vilniaus BFA,FK Kauno Zalgiris,1x2,2,1.110,won,0.1100,https://www.forebet.com/en/football-predictions/predictions-1x2/2026-06-23
forebet,2026-06-23,LtC,FK Minija Kretinga,Panevezys,1x2,2,1.900,lost,-1.0000,https://www.forebet.com/en/football-predictions/predictions-1x2/2026-06-23
forebet,2026-06-23,Fi1,Inter Turku,Seinajoen JK,1x2,1,1.550,lost,-1.0000,https://www.forebet.com/en/football-predictions/predictions-1x2/2026-06-23
forebet,2026-06-23,Fi1,FF Jaro,IF Gnistan,1x2,2,1.830,lost,-1.0000,https://www.forebet.com/en/football-predictions/predictions-1x2/2026-06-23
forebet,2026-06-23,Fi1,IFK Mariehamn,HJK Helsinki,1x2,2,1.330,won,0.3300,https://www.forebet.com/en/football-predictions/predictions-1x2/2026-06-23
forebet,2026-06-23,WC,Portugal,Uzbekistan,1x2,1,1.140,won,0.1400,https://www.forebet.com/en/football-predictions/predictions-1x2/2026-06-23
forebet,2026-06-23,Ge1,Dinamo Tbilisi,Dinamo Batumi,1x2,X,3.400,lost,-1.0000,https://www.forebet.com/en/football-predictions/predictions-1x2/2026-06-23
forebet,2026-06-23,SeC,BK Astrio,Ängelholms FF,1x2,X,5.000,lost,-1.0000,https://www.forebet.com/en/football-predictions/predictions-1x2/2026-06-23
forebet,2026-06-23,SeC,Järfälla,FC Arlanda,1x2,1,3.200,lost,-1.0000,https://www.forebet.com/en/football-predictions/predictions-1x2/2026-06-23
forebet,2026-06-23,BrC,Olaria RJ,Duque de Caxias RJ,1x2,1,1.500,won,0.5000,https://www.forebet.com/en/football-predictions/predictions-1x2/2026-06-23
forebet,2026-06-23,BrC,Perolas Negras,Santa Cruz RJ,1x2,1,1.330,won,0.3300,https://www.forebet.com/en/football-predictions/predictions-1x2/2026-06-23
forebet,2026-06-23,BrC,Americano RJ,Macaé RJ,1x2,1,1.200,won,0.2000,https://www.forebet.com/en/football-predictions/predictions-1x2/2026-06-23
forebet,2026-06-23,BrC,Cabofriense RJ,Bonsucesso RJ,1x2,X,3.000,won,2.0000,https://www.forebet.com/en/football-predictions/predictions-1x2/2026-06-23
forebet,2026-06-23,BrB,Cruzeiro U20,América Mineiro U20,1x2,1,1.530,lost,-1.0000,https://www.forebet.com/en/football-predictions/predictions-1x2/2026-06-23
forebet,2026-06-23,BrB,Sao Paulo U20,Fortaleza U20,1x2,1,1.550,won,0.5500,https://www.forebet.com/en/football-predictions/predictions-1x2/2026-06-23
forebet,2026-06-23,BrB,Gremio U20,Bahia U20,1x2,2,2.100,lost,-1.0000,https://www.forebet.com/en/football-predictions/predictions-1x2/2026-06-23
forebet,2026-06-23,BrB,Vitoria U20,Santos U20,1x2,X,3.400,lost,-1.0000,https://www.forebet.com/en/football-predictions/predictions-1x2/2026-06-23
forebet,2026-06-23,ClC,Coquimbo Unido,Limache,1x2,1,1.600,lost,-1.0000,https://www.forebet.com/en/football-predictions/predictions-1x2/2026-06-23
forebet,2026-06-23,Br3,Confiança,Guarani,over_under_25,Under,2.490,won,1.4900,https://www.forebet.com/en/football-predictions/predictions-1x2/2026-06-23
forebet,2026-06-23,Br2,Ponte Preta,Novorizontino SP,over_under_25,Under,2.170,won,1.1700,https://www.forebet.com/en/football-predictions/predictions-1x2/2026-06-23
forebet,2026-06-23,Ar3,9 de Julio Rafaela,El Linqueño,over_under_25,Under,2.080,lost,-1.0000,https://www.forebet.com/en/football-predictions/predictions-1x2/2026-06-23
forebet,2026-06-23,WC,Norway,Senegal,over_under_25,Under,1.820,lost,-1.0000,https://www.forebet.com/en/football-predictions/predictions-1x2/2026-06-23
forebet,2026-06-23,Us4,Denton Diablos,McKinney Chupacabras,over_under_25,Over,2.250,won,1.2500,https://www.forebet.com/en/football-predictions/predictions-1x2/2026-06-23
forebet,2026-06-23,WC,Jordan,Algeria,over_under_25,Under,1.970,lost,-1.0000,https://www.forebet.com/en/football-predictions/predictions-1x2/2026-06-23
forebet,2026-06-23,Cn3,Shanghai Second,Dalian Yingbo B,over_under_25,Over,1.480,won,0.4800,https://www.forebet.com/en/football-predictions/predictions-1x2/2026-06-23
forebet,2026-06-23,Cn3,Changchun Xidu,Rizhao Yuqi,over_under_25,Under,3.000,won,2.0000,https://www.forebet.com/en/football-predictions/predictions-1x2/2026-06-23
forebet,2026-06-23,Cn3,Qingdao Red Lions,Dalian Kewei,over_under_25,Under,2.250,won,1.2500,https://www.forebet.com/en/football-predictions/predictions-1x2/2026-06-23
forebet,2026-06-23,Cn3,Xiamen Feilu,Hubei Chufeng Heli,over_under_25,Over,1.600,lost,-1.0000,https://www.forebet.com/en/football-predictions/predictions-1x2/2026-06-23
forebet,2026-06-23,AuQ,Gold Coast Knights,Eastern Suburbs,over_under_25,Over,2.900,won,1.9000,https://www.forebet.com/en/football-predictions/predictions-1x2/2026-06-23
forebet,2026-06-23,AuN,Edgeworth Eagles,Lambton Jaffas,over_under_25,Over,2.900,won,1.9000,https://www.forebet.com/en/football-predictions/predictions-1x2/2026-06-23
forebet,2026-06-23,Cn3,Guangdong Mingtu,Guizhou Zhicheng,over_under_25,Over,1.570,lost,-1.0000,https://www.forebet.com/en/football-predictions/predictions-1x2/2026-06-23
forebet,2026-06-23,Cn3,Nantong Haimen,Shanghai Port II,over_under_25,Over,1.600,won,0.6000,https://www.forebet.com/en/football-predictions/predictions-1x2/2026-06-23
forebet,2026-06-23,Kg1,Alga Bishkek,Bars,over_under_25,Under,1.850,lost,-1.0000,https://www.forebet.com/en/football-predictions/predictions-1x2/2026-06-23
forebet,2026-06-23,Fi1,VPS Vaasa,AC Oulu,over_under_25,Under,1.970,lost,-1.0000,https://www.forebet.com/en/football-predictions/predictions-1x2/2026-06-23
forebet,2026-06-23,Fi1,KuPS Kuopio,Ilves,over_under_25,Over,2.180,won,1.1800,https://www.forebet.com/en/football-predictions/predictions-1x2/2026-06-23
forebet,2026-06-23,Fi1,FC Lahti,TPS Turku,over_under_25,Over,2.000,lost,-1.0000,https://www.forebet.com/en/football-predictions/predictions-1x2/2026-06-23
forebet,2026-06-23,Ge1,Saburtalo,Meshakhte Tkibuli,over_under_25,Over,2.120,won,1.1200,https://www.forebet.com/en/football-predictions/predictions-1x2/2026-06-23
forebet,2026-06-23,LtC,Vilniaus BFA,FK Kauno Zalgiris,over_under_25,Over,2.300,won,1.3000,https://www.forebet.com/en/football-predictions/predictions-1x2/2026-06-23
forebet,2026-06-23,LtC,FK Minija Kretinga,Panevezys,over_under_25,Over,2.100,won,1.1000,https://www.forebet.com/en/football-predictions/predictions-1x2/2026-06-23
forebet,2026-06-23,Fi1,Inter Turku,Seinajoen JK,over_under_25,Over,2.230,lost,-1.0000,https://www.forebet.com/en/football-predictions/predictions-1x2/2026-06-23
forebet,2026-06-23,Fi1,FF Jaro,IF Gnistan,over_under_25,Over,2.000,lost,-1.0000,https://www.forebet.com/en/football-predictions/predictions-1x2/2026-06-23
forebet,2026-06-23,Fi1,IFK Mariehamn,HJK Helsinki,over_under_25,Over,2.400,won,1.4000,https://www.forebet.com/en/football-predictions/predictions-1x2/2026-06-23
forebet,2026-06-23,WC,Portugal,Uzbekistan,over_under_25,Over,2.480,won,1.4800,https://www.forebet.com/en/football-predictions/predictions-1x2/2026-06-23
forebet,2026-06-23,Ge1,Dinamo Tbilisi,Dinamo Batumi,over_under_25,Over,1.920,won,0.9200,https://www.forebet.com/en/football-predictions/predictions-1x2/2026-06-23
forebet,2026-06-23,SeC,BK Astrio,Ängelholms FF,over_under_25,Under,1.530,lost,-1.0000,https://www.forebet.com/en/football-predictions/predictions-1x2/2026-06-23
forebet,2026-06-23,SeC,Järfälla,FC Arlanda,over_under_25,Over,2.280,lost,-1.0000,https://www.forebet.com/en/football-predictions/predictions-1x2/2026-06-23
forebet,2026-06-23,BrC,Olaria RJ,Duque de Caxias RJ,over_under_25,Under,1.970,lost,-1.0000,https://www.forebet.com/en/football-predictions/predictions-1x2/2026-06-23
forebet,2026-06-23,BrC,Americano RJ,Macaé RJ,over_under_25,Under,1.610,lost,-1.0000,https://www.forebet.com/en/football-predictions/predictions-1x2/2026-06-23
forebet,2026-06-23,BrC,Cabofriense RJ,Bonsucesso RJ,over_under_25,Under,2.330,won,1.3300,https://www.forebet.com/en/football-predictions/predictions-1x2/2026-06-23
forebet,2026-06-23,BrB,Cruzeiro U20,América Mineiro U20,over_under_25,Over,1.970,won,0.9700,https://www.forebet.com/en/football-predictions/predictions-1x2/2026-06-23
forebet,2026-06-23,BrB,Sao Paulo U20,Fortaleza U20,over_under_25,Under,1.820,won,0.8200,https://www.forebet.com/en/football-predictions/predictions-1x2/2026-06-23
forebet,2026-06-23,BrB,Gremio U20,Bahia U20,over_under_25,Over,2.250,won,1.2500,https://www.forebet.com/en/football-predictions/predictions-1x2/2026-06-23
forebet,2026-06-23,BrB,Vitoria U20,Santos U20,over_under_25,Under,1.570,lost,-1.0000,https://www.forebet.com/en/football-predictions/predictions-1x2/2026-06-23
forebet,2026-06-23,ClC,Coquimbo Unido,Limache,over_under_25,Over,1.970,lost,-1.0000,https://www.forebet.com/en/football-predictions/predictions-1x2/2026-06-23
forebet,2026-07-25,Ar1,Racing Club,Gimnasia La Plata,1x2,2,5.000,lost,-1.0000,https://www.forebet.com/en/football-predictions/predictions-1x2/2026-07-25
forebet,2026-07-25,Ar1,Vélez Sársfield,Instituto Córdoba,1x2,2,3.900,lost,-1.0000,https://www.forebet.com/en/football-predictions/predictions-1x2/2026-07-25
forebet,2026-07-25,Uy1,CA Torque,Danubio FC,1x2,1,1.700,won,0.7000,https://www.forebet.com/en/football-predictions/predictions-1x2/2026-07-25
forebet,2026-07-25,Ca1,HFX Wanderers,Supra du Québec,1x2,2,3.100,won,2.1000,https://www.forebet.com/en/football-predictions/predictions-1x2/2026-07-25
forebet,2026-07-25,BrW,América Mineiro W,Santos W,1x2,1,4.500,lost,-1.0000,https://www.forebet.com/en/football-predictions/predictions-1x2/2026-07-25
forebet,2026-07-25,BrW,Flamengo W,Grêmio W,1x2,X,4.200,won,3.2000,https://www.forebet.com/en/football-predictions/predictions-1x2/2026-07-25
forebet,2026-07-25,Co2,Tigres FC (COL),Leones,1x2,1,1.800,lost,-1.0000,https://www.forebet.com/en/football-predictions/predictions-1x2/2026-07-25
forebet,2026-07-25,BrW,Internacional RS W,Fluminense W,1x2,X,3.250,lost,-1.0000,https://www.forebet.com/en/football-predictions/predictions-1x2/2026-07-25
forebet,2026-07-25,Co1,Llaneros FC (COL),Deportivo Pereira,1x2,X,3.500,lost,-1.0000,https://www.forebet.com/en/football-predictions/predictions-1x2/2026-07-25
forebet,2026-07-25,Gt1,Antigua GFC,CD Marquense,1x2,1,1.450,won,0.4500,https://www.forebet.com/en/football-predictions/predictions-1x2/2026-07-25
forebet,2026-07-25,Ar1,CA Platense,Unión Santa Fe,1x2,2,3.500,lost,-1.0000,https://www.forebet.com/en/football-predictions/predictions-1x2/2026-07-25
forebet,2026-07-25,Ar1,CA Huracán,CA Banfield,1x2,1,2.000,won,1.0000,https://www.forebet.com/en/football-predictions/predictions-1x2/2026-07-25
forebet,2026-07-25,Cl1,Colo Colo,Limache,1x2,1,1.570,won,0.5700,https://www.forebet.com/en/football-predictions/predictions-1x2/2026-07-25
forebet,2026-07-25,Cl2,Deportes Iquique,Deportes Temuco,1x2,2,3.100,lost,-1.0000,https://www.forebet.com/en/football-predictions/predictions-1x2/2026-07-25
forebet,2026-07-25,BrW,Cruzeiro W,São Paulo W,1x2,X,3.400,lost,-1.0000,https://www.forebet.com/en/football-predictions/predictions-1x2/2026-07-25
forebet,2026-07-25,Mx2,Zacatecas,Correcaminos,1x2,1,1.570,lost,-1.0000,https://www.forebet.com/en/football-predictions/predictions-1x2/2026-07-25
forebet,2026-07-25,Co1,Deportivo Cali,Jaguares de Córdoba,1x2,1,1.570,won,0.5700,https://www.forebet.com/en/football-predictions/predictions-1x2/2026-07-25
forebet,2026-07-25,Pe1,Universitario,Cusco FC,1x2,1,1.450,won,0.4500,https://www.forebet.com/en/football-predictions/predictions-1x2/2026-07-25
forebet,2026-07-25,Sv1,CD FAS,Municipal Limeño,1x2,1,1.450,won,0.4500,https://www.forebet.com/en/football-predictions/predictions-1x2/2026-07-25
forebet,2026-07-25,Cr1,Saprissa,Pérez Zeledón,1x2,1,1.220,won,0.2200,https://www.forebet.com/en/football-predictions/predictions-1x2/2026-07-25
forebet,2026-07-25,Gt1,CSD Municipal,Deportivo Mixco,1x2,1,1.360,won,0.3600,https://www.forebet.com/en/football-predictions/predictions-1x2/2026-07-25
forebet,2026-07-25,Ca1,Vancouver FC,Cavalry FC,1x2,2,2.150,lost,-1.0000,https://www.forebet.com/en/football-predictions/predictions-1x2/2026-07-25
forebet,2026-07-25,Mx1,Club Tijuana,Club León,1x2,1,1.900,won,0.9000,https://www.forebet.com/en/football-predictions/predictions-1x2/2026-07-25
forebet,2026-07-25,Mx1,Atlante FC,Club América,1x2,2,1.550,lost,-1.0000,https://www.forebet.com/en/football-predictions/predictions-1x2/2026-07-25
forebet,2026-07-25,AuN,Cooks Hill United,Lambton Jaffas,1x2,X,3.750,lost,-1.0000,https://www.forebet.com/en/football-predictions/predictions-1x2/2026-07-25
forebet,2026-07-25,AuT,Launceston United,Devonport City,1x2,2,1.100,won,0.1000,https://www.forebet.com/en/football-predictions/predictions-1x2/2026-07-25
forebet,2026-07-25,AuT,Riverside Olympic,Launceston City,1x2,2,1.800,lost,-1.0000,https://www.forebet.com/en/football-predictions/predictions-1x2/2026-07-25
forebet,2026-07-25,AuA,Canberra Olympic,Queanbeyan City,1x2,2,1.830,lost,-1.0000,https://www.forebet.com/en/football-predictions/predictions-1x2/2026-07-25
forebet,2026-07-25,AuV,Melbourne City II,Avondale FC,1x2,2,1.670,won,0.6700,https://www.forebet.com/en/football-predictions/predictions-1x2/2026-07-25
forebet,2026-07-25,Ar1,Racing Club,Gimnasia La Plata,over_under_25,Under,2.550,lost,-1.0000,https://www.forebet.com/en/football-predictions/predictions-1x2/2026-07-25
forebet,2026-07-25,Ar1,Vélez Sársfield,Instituto Córdoba,over_under_25,Under,2.650,won,1.6500,https://www.forebet.com/en/football-predictions/predictions-1x2/2026-07-25
forebet,2026-07-25,Uy1,CA Torque,Danubio FC,over_under_25,Over,1.800,lost,-1.0000,https://www.forebet.com/en/football-predictions/predictions-1x2/2026-07-25
forebet,2026-07-25,Ca1,HFX Wanderers,Supra du Québec,over_under_25,Over,2.380,won,1.3800,https://www.forebet.com/en/football-predictions/predictions-1x2/2026-07-25
forebet,2026-07-25,BrW,América Mineiro W,Santos W,over_under_25,Under,1.950,won,0.9500,https://www.forebet.com/en/football-predictions/predictions-1x2/2026-07-25
forebet,2026-07-25,BrW,Flamengo W,Grêmio W,over_under_25,Under,1.600,lost,-1.0000,https://www.forebet.com/en/football-predictions/predictions-1x2/2026-07-25
forebet,2026-07-25,Co2,Tigres FC (COL),Leones,over_under_25,Over,1.500,lost,-1.0000,https://www.forebet.com/en/football-predictions/predictions-1x2/2026-07-25
forebet,2026-07-25,BrW,Internacional RS W,Fluminense W,over_under_25,Under,2.200,won,1.2000,https://www.forebet.com/en/football-predictions/predictions-1x2/2026-07-25
forebet,2026-07-25,Co1,Llaneros FC (COL),Deportivo Pereira,over_under_25,Under,2.200,won,1.2000,https://www.forebet.com/en/football-predictions/predictions-1x2/2026-07-25
forebet,2026-07-25,Gt1,Antigua GFC,CD Marquense,over_under_25,Over,1.930,won,0.9300,https://www.forebet.com/en/football-predictions/predictions-1x2/2026-07-25
forebet,2026-07-25,Ar1,CA Platense,Unión Santa Fe,over_under_25,Under,2.700,lost,-1.0000,https://www.forebet.com/en/football-predictions/predictions-1x2/2026-07-25
forebet,2026-07-25,Ar1,CA Huracán,CA Banfield,over_under_25,Under,3.000,won,2.0000,https://www.forebet.com/en/football-predictions/predictions-1x2/2026-07-25
forebet,2026-07-25,Cl1,Colo Colo,Limache,over_under_25,Over,2.550,won,1.5500,https://www.forebet.com/en/football-predictions/predictions-1x2/2026-07-25
forebet,2026-07-25,Cl2,Deportes Iquique,Deportes Temuco,over_under_25,Under,1.770,won,0.7700,https://www.forebet.com/en/football-predictions/predictions-1x2/2026-07-25
forebet,2026-07-25,BrW,Cruzeiro W,São Paulo W,over_under_25,Over,1.900,won,0.9000,https://www.forebet.com/en/football-predictions/predictions-1x2/2026-07-25
forebet,2026-07-25,Mx2,Zacatecas,Correcaminos,over_under_25,Over,2.250,won,1.2500,https://www.forebet.com/en/football-predictions/predictions-1x2/2026-07-25
forebet,2026-07-25,Co1,Deportivo Cali,Jaguares de Córdoba,over_under_25,Under,2.150,won,1.1500,https://www.forebet.com/en/football-predictions/predictions-1x2/2026-07-25
forebet,2026-07-25,Pe1,Universitario,Cusco FC,over_under_25,Under,1.750,lost,-1.0000,https://www.forebet.com/en/football-predictions/predictions-1x2/2026-07-25
forebet,2026-07-25,Sv1,CD FAS,Municipal Limeño,over_under_25,Over,1.770,won,0.7700,https://www.forebet.com/en/football-predictions/predictions-1x2/2026-07-25
forebet,2026-07-25,Cr1,Saprissa,Pérez Zeledón,over_under_25,Over,2.350,won,1.3500,https://www.forebet.com/en/football-predictions/predictions-1x2/2026-07-25
forebet,2026-07-25,Gt1,CSD Municipal,Deportivo Mixco,over_under_25,Over,1.930,lost,-1.0000,https://www.forebet.com/en/football-predictions/predictions-1x2/2026-07-25
forebet,2026-07-25,Ca1,Vancouver FC,Cavalry FC,over_under_25,Over,2.000,lost,-1.0000,https://www.forebet.com/en/football-predictions/predictions-1x2/2026-07-25
forebet,2026-07-25,Mx1,Club Tijuana,Club León,over_under_25,Over,2.200,lost,-1.0000,https://www.forebet.com/en/football-predictions/predictions-1x2/2026-07-25
forebet,2026-07-25,Mx1,Atlante FC,Club América,over_under_25,Over,1.950,lost,-1.0000,https://www.forebet.com/en/football-predictions/predictions-1x2/2026-07-25
forebet,2026-07-25,AuN,Cooks Hill United,Lambton Jaffas,over_under_25,Over,2.000,lost,-1.0000,https://www.forebet.com/en/football-predictions/predictions-1x2/2026-07-25
forebet,2026-07-25,AuT,Launceston United,Devonport City,over_under_25,Over,4.330,won,3.3300,https://www.forebet.com/en/football-predictions/predictions-1x2/2026-07-25
forebet,2026-07-25,AuT,Riverside Olympic,Launceston City,over_under_25,Over,3.400,lost,-1.0000,https://www.forebet.com/en/football-predictions/predictions-1x2/2026-07-25
forebet,2026-07-25,AuA,Canberra Olympic,Queanbeyan City,over_under_25,Over,3.000,won,2.0000,https://www.forebet.com/en/football-predictions/predictions-1x2/2026-07-25
forebet,2026-07-25,AuV,Melbourne City II,Avondale FC,over_under_25,Over,2.850,won,1.8500,https://www.forebet.com/en/football-predictions/predictions-1x2/2026-07-25
forebet,2026-07-26,Ar2,San Martín Tucumán,Temperley,1x2,X,2.750,lost,-1.0000,https://www.forebet.com/en/football-predictions/predictions-1x2/2026-07-26
forebet,2026-07-26,Mx2,Tlaxcala,Leones Negros,1x2,1,1.850,lost,-1.0000,https://www.forebet.com/en/football-predictions/predictions-1x2/2026-07-26
forebet,2026-07-26,Br3,Volta Redonda,Anápolis GO,1x2,1,1.750,lost,-1.0000,https://www.forebet.com/en/football-predictions/predictions-1x2/2026-07-26
forebet,2026-07-26,Ar3,Deportivo Merlo,Villa San Carlos,1x2,X,2.880,lost,-1.0000,https://www.forebet.com/en/football-predictions/predictions-1x2/2026-07-26
forebet,2026-07-26,BrC,Primavera SP,Oeste FC,1x2,1,1.750,won,0.7500,https://www.forebet.com/en/football-predictions/predictions-1x2/2026-07-26
forebet,2026-07-26,BrP,Corinthians U20,Itapirense U20,1x2,1,1.250,won,0.2500,https://www.forebet.com/en/football-predictions/predictions-1x2/2026-07-26
forebet,2026-07-26,Ar1,River Plate,Barracas Central,1x2,1,1.400,lost,-1.0000,https://www.forebet.com/en/football-predictions/predictions-1x2/2026-07-26
forebet,2026-07-26,Us1,New York Red Bulls,Charlotte FC,1x2,1,2.200,lost,-1.0000,https://www.forebet.com/en/football-predictions/predictions-1x2/2026-07-26
forebet,2026-07-26,Cr1,CS Cartaginés,Inter San Carlos,1x2,1,1.620,won,0.6200,https://www.forebet.com/en/football-predictions/predictions-1x2/2026-07-26
forebet,2026-07-26,Mx2,Venados Yucatán,Alebrijes de Oaxaca,1x2,1,1.950,won,0.9500,https://www.forebet.com/en/football-predictions/predictions-1x2/2026-07-26
forebet,2026-07-26,Us2,Detroit City FC,Las Vegas Lights,1x2,1,1.570,lost,-1.0000,https://www.forebet.com/en/football-predictions/predictions-1x2/2026-07-26
forebet,2026-07-26,Us2,Brooklyn FC,San Antonio FC,1x2,2,2.700,won,1.7000,https://www.forebet.com/en/football-predictions/predictions-1x2/2026-07-26
forebet,2026-07-26,Us2,Pittsburgh Riverhounds,Rhode Island,1x2,1,2.550,lost,-1.0000,https://www.forebet.com/en/football-predictions/predictions-1x2/2026-07-26
forebet,2026-07-26,Us2,Miami FC II,Tampa Bay Rowdies,1x2,2,2.450,won,1.4500,https://www.forebet.com/en/football-predictions/predictions-1x2/2026-07-26
forebet,2026-07-26,Us2,Indy Eleven,Loudoun United,1x2,1,1.670,lost,-1.0000,https://www.forebet.com/en/football-predictions/predictions-1x2/2026-07-26
forebet,2026-07-26,Mx1,Guadalajara Chivas,FC Juárez,1x2,1,1.450,won,0.4500,https://www.forebet.com/en/football-predictions/predictions-1x2/2026-07-26
forebet,2026-07-26,Us1,Columbus Crew,FC Cincinnati,1x2,X,4.000,lost,-1.0000,https://www.forebet.com/en/football-predictions/predictions-1x2/2026-07-26
forebet,2026-07-26,Co1,Millonarios,Atlético Bucaramanga,1x2,1,1.900,lost,-1.0000,https://www.forebet.com/en/football-predictions/predictions-1x2/2026-07-26
forebet,2026-07-26,Ar2,San Martín Tucumán,Temperley,over_under_25,Under,3.350,lost,-1.0000,https://www.forebet.com/en/football-predictions/predictions-1x2/2026-07-26
forebet,2026-07-26,Mx2,Tlaxcala,Leones Negros,over_under_25,Over,1.650,won,0.6500,https://www.forebet.com/en/football-predictions/predictions-1x2/2026-07-26
forebet,2026-07-26,Br3,Volta Redonda,Anápolis GO,over_under_25,Under,2.150,lost,-1.0000,https://www.forebet.com/en/football-predictions/predictions-1x2/2026-07-26
forebet,2026-07-26,Ar3,Deportivo Merlo,Villa San Carlos,over_under_25,Under,2.600,lost,-1.0000,https://www.forebet.com/en/football-predictions/predictions-1x2/2026-07-26
forebet,2026-07-26,BrC,Primavera SP,Oeste FC,over_under_25,Over,1.650,lost,-1.0000,https://www.forebet.com/en/football-predictions/predictions-1x2/2026-07-26
forebet,2026-07-26,BrP,Corinthians U20,Itapirense U20,over_under_25,Under,1.440,lost,-1.0000,https://www.forebet.com/en/football-predictions/predictions-1x2/2026-07-26
forebet,2026-07-26,Ar1,River Plate,Barracas Central,over_under_25,Over,1.650,lost,-1.0000,https://www.forebet.com/en/football-predictions/predictions-1x2/2026-07-26
forebet,2026-07-26,Us1,New York Red Bulls,Charlotte FC,over_under_25,Over,2.700,lost,-1.0000,https://www.forebet.com/en/football-predictions/predictions-1x2/2026-07-26
forebet,2026-07-26,Cr1,CS Cartaginés,Inter San Carlos,over_under_25,Under,1.800,lost,-1.0000,https://www.forebet.com/en/football-predictions/predictions-1x2/2026-07-26
forebet,2026-07-26,Mx2,Venados Yucatán,Alebrijes de Oaxaca,over_under_25,Over,1.800,won,0.8000,https://www.forebet.com/en/football-predictions/predictions-1x2/2026-07-26
forebet,2026-07-26,Us2,Detroit City FC,Las Vegas Lights,over_under_25,Under,1.700,won,0.7000,https://www.forebet.com/en/football-predictions/predictions-1x2/2026-07-26
forebet,2026-07-26,Us2,Brooklyn FC,San Antonio FC,over_under_25,Under,1.700,won,0.7000,https://www.forebet.com/en/football-predictions/predictions-1x2/2026-07-26
forebet,2026-07-26,Us2,Pittsburgh Riverhounds,Rhode Island,over_under_25,Under,2.150,won,1.1500,https://www.forebet.com/en/football-predictions/predictions-1x2/2026-07-26
forebet,2026-07-26,Us2,Miami FC II,Tampa Bay Rowdies,over_under_25,Over,1.650,won,0.6500,https://www.forebet.com/en/football-predictions/predictions-1x2/2026-07-26
forebet,2026-07-26,Us2,Indy Eleven,Loudoun United,over_under_25,Over,2.350,lost,-1.0000,https://www.forebet.com/en/football-predictions/predictions-1x2/2026-07-26
forebet,2026-07-26,Mx1,Guadalajara Chivas,FC Juárez,over_under_25,Over,2.300,lost,-1.0000,https://www.forebet.com/en/football-predictions/predictions-1x2/2026-07-26
forebet,2026-07-26,Us1,Columbus Crew,FC Cincinnati,over_under_25,Over,3.000,won,2.0000,https://www.forebet.com/en/football-predictions/predictions-1x2/2026-07-26
forebet,2026-07-26,Co1,Millonarios,Atlético Bucaramanga,over_under_25,Under,2.250,won,1.2500,https://www.forebet.com/en/football-predictions/predictions-1x2/2026-07-26
forebet,2026-07-27,Co2,Orsomarso SC,Barranquilla FC,1x2,X,3.300,lost,-1.0000,https://www.forebet.com/en/football-predictions/predictions-1x2/2026-07-27
forebet,2026-07-27,Ar1,Deportivo Riestra,Boca Juniors,1x2,2,2.000,lost,-1.0000,https://www.forebet.com/en/football-predictions/predictions-1x2/2026-07-27
forebet,2026-07-27,Br1,Palmeiras,Atlético Mineiro,1x2,1,1.600,lost,-1.0000,https://www.forebet.com/en/football-predictions/predictions-1x2/2026-07-27
forebet,2026-07-27,Br1,Remo PA,Vitória,1x2,X,3.400,lost,-1.0000,https://www.forebet.com/en/football-predictions/predictions-1x2/2026-07-27
forebet,2026-07-27,Uy2,Miramar Misiones,La Luz FC,1x2,X,3.000,lost,-1.0000,https://www.forebet.com/en/football-predictions/predictions-1x2/2026-07-27
forebet,2026-07-27,Mx1,Club Necaxa,CF Monterrey,1x2,2,2.100,lost,-1.0000,https://www.forebet.com/en/football-predictions/predictions-1x2/2026-07-27
forebet,2026-07-27,Cr1,San Carlos,Escorpiones Belén,1x2,2,3.400,won,2.4000,https://www.forebet.com/en/football-predictions/predictions-1x2/2026-07-27
forebet,2026-07-27,Gt1,Suchitepéquez,Comunicaciones,1x2,1,2.100,lost,-1.0000,https://www.forebet.com/en/football-predictions/predictions-1x2/2026-07-27
forebet,2026-07-27,Co1,Alianza Petrolera,Fortaleza (COL),1x2,X,3.100,won,2.1000,https://www.forebet.com/en/football-predictions/predictions-1x2/2026-07-27
forebet,2026-07-27,Bo1,Nacional Potosí,Real Tomayapo,1x2,1,1.380,won,0.3800,https://www.forebet.com/en/football-predictions/predictions-1x2/2026-07-27
forebet,2026-07-27,Br3,Amazonas,Paysandu,1x2,2,2.100,lost,-1.0000,https://www.forebet.com/en/football-predictions/predictions-1x2/2026-07-27
forebet,2026-07-27,Pe1,Deportivo Garcilaso,FC Cajamarca,1x2,X,3.900,lost,-1.0000,https://www.forebet.com/en/football-predictions/predictions-1x2/2026-07-27
forebet,2026-07-27,Mx1,Pachuca CF,Querétaro FC,1x2,1,1.570,lost,-1.0000,https://www.forebet.com/en/football-predictions/predictions-1x2/2026-07-27
forebet,2026-07-27,Co1,Once Caldas,Cúcuta Deportivo,1x2,1,1.450,won,0.4500,https://www.forebet.com/en/football-predictions/predictions-1x2/2026-07-27
forebet,2026-07-27,Cn3,Qingdao Red Lions,Beijing BIT FC,1x2,1,1.500,won,0.5000,https://www.forebet.com/en/football-predictions/predictions-1x2/2026-07-27
forebet,2026-07-27,Co2,Orsomarso SC,Barranquilla FC,over_under_25,Under,2.050,won,1.0500,https://www.forebet.com/en/football-predictions/predictions-1x2/2026-07-27
forebet,2026-07-27,Ar1,Deportivo Riestra,Boca Juniors,over_under_25,Under,3.250,lost,-1.0000,https://www.forebet.com/en/football-predictions/predictions-1x2/2026-07-27
forebet,2026-07-27,Br1,Palmeiras,Atlético Mineiro,over_under_25,Under,1.950,lost,-1.0000,https://www.forebet.com/en/football-predictions/predictions-1x2/2026-07-27
forebet,2026-07-27,Br1,Remo PA,Vitória,over_under_25,Under,2.000,won,1.0000,https://www.forebet.com/en/football-predictions/predictions-1x2/2026-07-27
forebet,2026-07-27,Uy2,Miramar Misiones,La Luz FC,over_under_25,Under,2.600,won,1.6000,https://www.forebet.com/en/football-predictions/predictions-1x2/2026-07-27
forebet,2026-07-27,Mx1,Club Necaxa,CF Monterrey,over_under_25,Over,2.250,won,1.2500,https://www.forebet.com/en/football-predictions/predictions-1x2/2026-07-27
forebet,2026-07-27,Cr1,San Carlos,Escorpiones Belén,over_under_25,Under,1.770,lost,-1.0000,https://www.forebet.com/en/football-predictions/predictions-1x2/2026-07-27
forebet,2026-07-27,Gt1,Suchitepéquez,Comunicaciones,over_under_25,Under,2.500,won,1.5000,https://www.forebet.com/en/football-predictions/predictions-1x2/2026-07-27
forebet,2026-07-27,Co1,Alianza Petrolera,Fortaleza (COL),over_under_25,Under,2.380,won,1.3800,https://www.forebet.com/en/football-predictions/predictions-1x2/2026-07-27
forebet,2026-07-27,Bo1,Nacional Potosí,Real Tomayapo,over_under_25,Over,2.700,won,1.7000,https://www.forebet.com/en/football-predictions/predictions-1x2/2026-07-27
forebet,2026-07-27,Br3,Amazonas,Paysandu,over_under_25,Under,2.200,lost,-1.0000,https://www.forebet.com/en/football-predictions/predictions-1x2/2026-07-27
forebet,2026-07-27,Pe1,Deportivo Garcilaso,FC Cajamarca,over_under_25,Under,1.950,lost,-1.0000,https://www.forebet.com/en/football-predictions/predictions-1x2/2026-07-27
forebet,2026-07-27,Mx1,Pachuca CF,Querétaro FC,over_under_25,Under,1.730,lost,-1.0000,https://www.forebet.com/en/football-predictions/predictions-1x2/2026-07-27
forebet,2026-07-27,Co1,Once Caldas,Cúcuta Deportivo,over_under_25,Under,1.800,lost,-1.0000,https://www.forebet.com/en/football-predictions/predictions-1x2/2026-07-27
forebet,2026-07-27,Cn3,Qingdao Red Lions,Beijing BIT FC,over_under_25,Under,2.150,lost,-1.0000,https://www.forebet.com/en/football-predictions/predictions-1x2/2026-07-27
forebet,2026-07-28,BrW,Bahia W,Botafogo W,1x2,1,3.400,won,2.4000,https://www.forebet.com/en/football-predictions/predictions-1x2/2026-07-28
forebet,2026-07-28,BrW,São Paulo W,Mirassol W,1x2,1,3.400,won,2.4000,https://www.forebet.com/en/football-predictions/predictions-1x2/2026-07-28
forebet,2026-07-28,ArR,Talleres Córdoba Res.,River Plate Res.,1x2,2,4.000,lost,-1.0000,https://www.forebet.com/en/football-predictions/predictions-1x2/2026-07-28
forebet,2026-07-28,Br2,Sport Recife,Cuiabá,1x2,X,3.000,won,2.0000,https://www.forebet.com/en/football-predictions/predictions-1x2/2026-07-28
forebet,2026-07-28,Br2,CRB AL,Vila Nova FC,1x2,2,3.600,lost,-1.0000,https://www.forebet.com/en/football-predictions/predictions-1x2/2026-07-28
forebet,2026-07-28,Br2,Atlético GO,Operário PR,1x2,2,3.800,lost,-1.0000,https://www.forebet.com/en/football-predictions/predictions-1x2/2026-07-28
forebet,2026-07-28,BrC,Grêmio Prudente,Bandeirante SP,1x2,1,1.670,won,0.6700,https://www.forebet.com/en/football-predictions/predictions-1x2/2026-07-28
forebet,2026-07-28,Ar2,CA Atlanta,Club Almagro,1x2,1,1.620,lost,-1.0000,https://www.forebet.com/en/football-predictions/predictions-1x2/2026-07-28
forebet,2026-07-28,Cl1,Unión La Calera,Everton de Vina,1x2,2,2.880,lost,-1.0000,https://www.forebet.com/en/football-predictions/predictions-1x2/2026-07-28
forebet,2026-07-28,Br3,Floresta CE,Maringá FC PR,1x2,X,2.900,won,1.9000,https://www.forebet.com/en/football-predictions/predictions-1x2/2026-07-28
forebet,2026-07-28,Br3,Guarani,Inter Limeira SP,1x2,X,3.300,lost,-1.0000,https://www.forebet.com/en/football-predictions/predictions-1x2/2026-07-28
forebet,2026-07-28,Cl2,Unión Española,Deportes Recoleta,1x2,X,3.400,lost,-1.0000,https://www.forebet.com/en/football-predictions/predictions-1x2/2026-07-28
forebet,2026-07-28,Co2,Atlético FC,Independiente Yumbo,1x2,X,3.000,lost,-1.0000,https://www.forebet.com/en/football-predictions/predictions-1x2/2026-07-28
forebet,2026-07-28,In3,United Kolkata,Mohun Bagan AC,1x2,2,1.950,won,0.9500,https://www.forebet.com/en/football-predictions/predictions-1x2/2026-07-28
forebet,2026-07-28,RuC,BoMiK,Fankom SSh 5,1x2,2,1.950,won,0.9500,https://www.forebet.com/en/football-predictions/predictions-1x2/2026-07-28
forebet,2026-07-28,RuC,Anzhi Makhachkala,Neftyanik Ufa,1x2,X,3.400,lost,-1.0000,https://www.forebet.com/en/football-predictions/predictions-1x2/2026-07-28
forebet,2026-07-28,UCL,KuPS Kuopio,Sabah,1x2,2,2.400,won,1.4000,https://www.forebet.com/en/football-predictions/predictions-1x2/2026-07-28
forebet,2026-07-28,Uz1,Nasaf Qarshi,Qyzylqum,1x2,1,1.480,won,0.4800,https://www.forebet.com/en/football-predictions/predictions-1x2/2026-07-28
forebet,2026-07-28,Uz1,Xorazm Urganch,Surkhon,1x2,1,2.000,won,1.0000,https://www.forebet.com/en/football-predictions/predictions-1x2/2026-07-28
forebet,2026-07-28,Uz1,Neftchi Fergana,Navbahor,1x2,1,1.650,lost,-1.0000,https://www.forebet.com/en/football-predictions/predictions-1x2/2026-07-28
forebet,2026-07-28,Lt2,DFK Dainava,TransINVEST Vilnius II,1x2,1,1.220,won,0.2200,https://www.forebet.com/en/football-predictions/predictions-1x2/2026-07-28
forebet,2026-07-28,Bg2,Vihren Sandanski,CSKA II Sofia,1x2,1,1.800,lost,-1.0000,https://www.forebet.com/en/football-predictions/predictions-1x2/2026-07-28
forebet,2026-07-28,Bg2,Rilski Sportist,Ludogorets II,1x2,1,1.730,lost,-1.0000,https://www.forebet.com/en/football-predictions/predictions-1x2/2026-07-28
forebet,2026-07-28,Bg2,Dobrudzha,Pirin Blagoevgrad,1x2,2,5.000,lost,-1.0000,https://www.forebet.com/en/football-predictions/predictions-1x2/2026-07-28
forebet,2026-07-28,UCL,Lincoln Red Imps,Mjällby AIF,1x2,2,1.500,lost,-1.0000,https://www.forebet.com/en/football-predictions/predictions-1x2/2026-07-28
forebet,2026-07-28,Lt2,Zalgiris-2,FK Minija Kretinga,1x2,2,1.330,lost,-1.0000,https://www.forebet.com/en/football-predictions/predictions-1x2/2026-07-28
forebet,2026-07-28,RuC,Kristall MEZ,Salyut Belgorod,1x2,2,3.200,lost,-1.0000,https://www.forebet.com/en/football-predictions/predictions-1x2/2026-07-28
forebet,2026-07-28,EeC,FC Tallinn,Tallinna FC Zapoos,1x2,1,2.380,won,1.3800,https://www.forebet.com/en/football-predictions/predictions-1x2/2026-07-28
forebet,2026-07-28,IlC,Hapoel Haifa,Ironi Tiberias,1x2,X,3.000,lost,-1.0000,https://www.forebet.com/en/football-predictions/predictions-1x2/2026-07-28
forebet,2026-07-28,Se2,Helsingborg,United Nordic,1x2,2,2.750,lost,-1.0000,https://www.forebet.com/en/football-predictions/predictions-1x2/2026-07-28
forebet,2026-07-28,Se2,Landskrona BoIS,Norrköping,1x2,2,2.050,won,1.0500,https://www.forebet.com/en/football-predictions/predictions-1x2/2026-07-28
forebet,2026-07-28,RuC,2Drots,FK Oryol,1x2,1,1.950,won,0.9500,https://www.forebet.com/en/football-predictions/predictions-1x2/2026-07-28
forebet,2026-07-28,IlC,Ironi Kiryat Shmona,Maccabi Haifa,1x2,1,4.100,won,3.1000,https://www.forebet.com/en/football-predictions/predictions-1x2/2026-07-28
forebet,2026-07-28,ECL,Apollon Limassol,Dila Gori,1x2,1,1.330,won,0.3300,https://www.forebet.com/en/football-predictions/predictions-1x2/2026-07-28
forebet,2026-07-28,BrW,Bahia W,Botafogo W,over_under_25,Under,2.100,lost,-1.0000,https://www.forebet.com/en/football-predictions/predictions-1x2/2026-07-28
forebet,2026-07-28,BrW,São Paulo W,Mirassol W,over_under_25,Under,2.100,won,1.1000,https://www.forebet.com/en/football-predictions/predictions-1x2/2026-07-28
forebet,2026-07-28,ArR,Talleres Córdoba Res.,River Plate Res.,over_under_25,Under,2.900,won,1.9000,https://www.forebet.com/en/football-predictions/predictions-1x2/2026-07-28
forebet,2026-07-28,Br2,Sport Recife,Cuiabá,over_under_25,Under,2.550,won,1.5500,https://www.forebet.com/en/football-predictions/predictions-1x2/2026-07-28
forebet,2026-07-28,Br2,CRB AL,Vila Nova FC,over_under_25,Under,2.100,won,1.1000,https://www.forebet.com/en/football-predictions/predictions-1x2/2026-07-28
forebet,2026-07-28,Br2,Atlético GO,Operário PR,over_under_25,Under,2.250,lost,-1.0000,https://www.forebet.com/en/football-predictions/predictions-1x2/2026-07-28
forebet,2026-07-28,BrC,Grêmio Prudente,Bandeirante SP,over_under_25,Under,2.200,won,1.2000,https://www.forebet.com/en/football-predictions/predictions-1x2/2026-07-28
forebet,2026-07-28,Ar2,CA Atlanta,Club Almagro,over_under_25,Under,2.620,lost,-1.0000,https://www.forebet.com/en/football-predictions/predictions-1x2/2026-07-28
forebet,2026-07-28,Cl1,Unión La Calera,Everton de Vina,over_under_25,Over,1.700,lost,-1.0000,https://www.forebet.com/en/football-predictions/predictions-1x2/2026-07-28
forebet,2026-07-28,Br3,Floresta CE,Maringá FC PR,over_under_25,Under,2.350,won,1.3500,https://www.forebet.com/en/football-predictions/predictions-1x2/2026-07-28
forebet,2026-07-28,Br3,Guarani,Inter Limeira SP,over_under_25,Under,2.000,lost,-1.0000,https://www.forebet.com/en/football-predictions/predictions-1x2/2026-07-28
forebet,2026-07-28,Cl2,Unión Española,Deportes Recoleta,over_under_25,Under,1.770,lost,-1.0000,https://www.forebet.com/en/football-predictions/predictions-1x2/2026-07-28
forebet,2026-07-28,Co2,Atlético FC,Independiente Yumbo,over_under_25,Under,2.400,won,1.4000,https://www.forebet.com/en/football-predictions/predictions-1x2/2026-07-28
forebet,2026-07-28,In3,United Kolkata,Mohun Bagan AC,over_under_25,Under,1.650,won,0.6500,https://www.forebet.com/en/football-predictions/predictions-1x2/2026-07-28
forebet,2026-07-28,RuC,BoMiK,Fankom SSh 5,over_under_25,Under,1.650,lost,-1.0000,https://www.forebet.com/en/football-predictions/predictions-1x2/2026-07-28
forebet,2026-07-28,RuC,Anzhi Makhachkala,Neftyanik Ufa,over_under_25,Under,1.770,lost,-1.0000,https://www.forebet.com/en/football-predictions/predictions-1x2/2026-07-28
forebet,2026-07-28,UCL,KuPS Kuopio,Sabah,over_under_25,Under,1.900,won,0.9000,https://www.forebet.com/en/football-predictions/predictions-1x2/2026-07-28
forebet,2026-07-28,Uz1,Nasaf Qarshi,Qyzylqum,over_under_25,Under,1.900,won,0.9000,https://www.forebet.com/en/football-predictions/predictions-1x2/2026-07-28
forebet,2026-07-28,Uz1,Xorazm Urganch,Surkhon,over_under_25,Over,1.650,lost,-1.0000,https://www.forebet.com/en/football-predictions/predictions-1x2/2026-07-28
forebet,2026-07-28,Uz1,Neftchi Fergana,Navbahor,over_under_25,Under,1.850,won,0.8500,https://www.forebet.com/en/football-predictions/predictions-1x2/2026-07-28
forebet,2026-07-28,Lt2,DFK Dainava,TransINVEST Vilnius II,over_under_25,Over,2.750,won,1.7500,https://www.forebet.com/en/football-predictions/predictions-1x2/2026-07-28
forebet,2026-07-28,Bg2,Vihren Sandanski,CSKA II Sofia,over_under_25,Over,1.900,lost,-1.0000,https://www.forebet.com/en/football-predictions/predictions-1x2/2026-07-28
forebet,2026-07-28,Bg2,Rilski Sportist,Ludogorets II,over_under_25,Under,1.850,won,0.8500,https://www.forebet.com/en/football-predictions/predictions-1x2/2026-07-28
forebet,2026-07-28,Bg2,Dobrudzha,Pirin Blagoevgrad,over_under_25,Over,1.650,won,0.6500,https://www.forebet.com/en/football-predictions/predictions-1x2/2026-07-28
forebet,2026-07-28,UCL,Lincoln Red Imps,Mjällby AIF,over_under_25,Over,2.150,lost,-1.0000,https://www.forebet.com/en/football-predictions/predictions-1x2/2026-07-28
forebet,2026-07-28,Lt2,Zalgiris-2,FK Minija Kretinga,over_under_25,Over,2.500,lost,-1.0000,https://www.forebet.com/en/football-predictions/predictions-1x2/2026-07-28
forebet,2026-07-28,RuC,Kristall MEZ,Salyut Belgorod,over_under_25,Under,1.770,lost,-1.0000,https://www.forebet.com/en/football-predictions/predictions-1x2/2026-07-28
forebet,2026-07-28,EeC,FC Tallinn,Tallinna FC Zapoos,over_under_25,Over,2.100,won,1.1000,https://www.forebet.com/en/football-predictions/predictions-1x2/2026-07-28
forebet,2026-07-28,IlC,Hapoel Haifa,Ironi Tiberias,over_under_25,Under,1.930,lost,-1.0000,https://www.forebet.com/en/football-predictions/predictions-1x2/2026-07-28
forebet,2026-07-28,Se2,Helsingborg,United Nordic,over_under_25,Over,2.350,lost,-1.0000,https://www.forebet.com/en/football-predictions/predictions-1x2/2026-07-28
forebet,2026-07-28,Se2,Landskrona BoIS,Norrköping,over_under_25,Under,1.670,won,0.6700,https://www.forebet.com/en/football-predictions/predictions-1x2/2026-07-28
forebet,2026-07-28,RuC,2Drots,FK Oryol,over_under_25,Under,1.770,won,0.7700,https://www.forebet.com/en/football-predictions/predictions-1x2/2026-07-28
forebet,2026-07-28,IlC,Ironi Kiryat Shmona,Maccabi Haifa,over_under_25,Over,2.150,won,1.1500,https://www.forebet.com/en/football-predictions/predictions-1x2/2026-07-28
forebet,2026-07-28,ECL,Apollon Limassol,Dila Gori,over_under_25,Over,2.150,won,1.1500,https://www.forebet.com/en/football-predictions/predictions-1x2/2026-07-28
forebet,2026-07-29,Ar1,San Lorenzo,Gimnasia Mendoza,1x2,1,1.950,won,0.9500,https://www.forebet.com/en/football-predictions/predictions-1x2/2026-07-29
forebet,2026-07-29,Ar1,CA Banfield,Sarmiento Junín,1x2,1,2.050,won,1.0500,https://www.forebet.com/en/football-predictions/predictions-1x2/2026-07-29
forebet,2026-07-29,CS,CA Tigre,Nacional (URU),1x2,1,2.150,lost,-1.0000,https://www.forebet.com/en/football-predictions/predictions-1x2/2026-07-29
forebet,2026-07-29,BrW,RB Bragantino W,Santos W,1x2,X,3.300,won,2.3000,https://www.forebet.com/en/football-predictions/predictions-1x2/2026-07-29
forebet,2026-07-29,Br2,Ponte Preta,Athletic Club MG,1x2,2,2.150,lost,-1.0000,https://www.forebet.com/en/football-predictions/predictions-1x2/2026-07-29
forebet,2026-07-29,Br2,Juventude,Avai FC,1x2,1,1.700,won,0.7000,https://www.forebet.com/en/football-predictions/predictions-1x2/2026-07-29
forebet,2026-07-29,Py2,Independiente FBC,Deportivo Capiatá,1x2,X,3.200,won,2.2000,https://www.forebet.com/en/football-predictions/predictions-1x2/2026-07-29
forebet,2026-07-29,CoC,Deportes Quindío,Deportes Tolima,1x2,X,2.900,lost,-1.0000,https://www.forebet.com/en/football-predictions/predictions-1x2/2026-07-29
forebet,2026-07-29,CoC,Bogotá FC,Deportivo Pasto,1x2,1,3.900,lost,-1.0000,https://www.forebet.com/en/football-predictions/predictions-1x2/2026-07-29
forebet,2026-07-29,Ar1,Rosario Central,Racing Club,1x2,2,4.100,lost,-1.0000,https://www.forebet.com/en/football-predictions/predictions-1x2/2026-07-29
forebet,2026-07-29,Ar1,Argentinos Juniors,Estudiantes Río Cuarto,1x2,X,4.330,lost,-1.0000,https://www.forebet.com/en/football-predictions/predictions-1x2/2026-07-29
forebet,2026-07-29,CS,Santos,UCV FC,1x2,1,1.200,won,0.2000,https://www.forebet.com/en/football-predictions/predictions-1x2/2026-07-29
forebet,2026-07-29,Br2,Fortaleza,Botafogo SP,1x2,1,1.900,won,0.9000,https://www.forebet.com/en/football-predictions/predictions-1x2/2026-07-29
forebet,2026-07-29,Ca1,Cavalry FC,Supra du Québec,1x2,1,1.480,won,0.4800,https://www.forebet.com/en/football-predictions/predictions-1x2/2026-07-29
forebet,2026-07-29,CoC,Tigres FC (COL),Atlético Nacional,1x2,2,1.450,won,0.4500,https://www.forebet.com/en/football-predictions/predictions-1x2/2026-07-29
forebet,2026-07-29,Nz2,Auckland City,Bay Olympic,1x2,1,1.160,won,0.1600,https://www.forebet.com/en/football-predictions/predictions-1x2/2026-07-29
forebet,2026-07-29,VnW,Ho Chi Minh City II W,Ha Noi W,1x2,2,1.140,won,0.1400,https://www.forebet.com/en/football-predictions/predictions-1x2/2026-07-29
forebet,2026-07-29,AuA,Brindabella Blues,Queanbeyan City,1x2,2,1.220,lost,-1.0000,https://www.forebet.com/en/football-predictions/predictions-1x2/2026-07-29
forebet,2026-07-29,KrC,Bucheon FC 1995,Paju Citizen,1x2,1,1.610,won,0.6100,https://www.forebet.com/en/football-predictions/predictions-1x2/2026-07-29
forebet,2026-07-29,KrC,Busan I'Park,FC Seoul,1x2,X,3.700,lost,-1.0000,https://www.forebet.com/en/football-predictions/predictions-1x2/2026-07-29
forebet,2026-07-29,KrC,Sangju Sangmu,Suwon FC,1x2,2,2.900,lost,-1.0000,https://www.forebet.com/en/football-predictions/predictions-1x2/2026-07-29
forebet,2026-07-29,KrC,Incheon United,GimPo Citizen,1x2,X,3.900,lost,-1.0000,https://www.forebet.com/en/football-predictions/predictions-1x2/2026-07-29
forebet,2026-07-29,KrC,Gwangju FC,Cheonan City,1x2,X,3.400,lost,-1.0000,https://www.forebet.com/en/football-predictions/predictions-1x2/2026-07-29
forebet,2026-07-29,KrC,Ulsan Citizen,Ulsan Hyundai,1x2,2,1.380,lost,-1.0000,https://www.forebet.com/en/football-predictions/predictions-1x2/2026-07-29
forebet,2026-07-29,KrC,Asan Mugunghwa,Siheung Citizen,1x2,2,3.400,lost,-1.0000,https://www.forebet.com/en/football-predictions/predictions-1x2/2026-07-29
forebet,2026-07-29,KrC,Yeoju Citizen,Dangjin Citizen,1x2,X,3.600,lost,-1.0000,https://www.forebet.com/en/football-predictions/predictions-1x2/2026-07-29
forebet,2026-07-29,KrC,Busan Kyotong,Jinju Citizen,1x2,1,1.950,lost,-1.0000,https://www.forebet.com/en/football-predictions/predictions-1x2/2026-07-29
forebet,2026-07-29,KrC,Jeju United,Hwaseong FC,1x2,X,3.600,won,2.6000,https://www.forebet.com/en/football-predictions/predictions-1x2/2026-07-29
forebet,2026-07-29,KrC,Cheongju FC,FC Anyang,1x2,2,1.900,won,0.9000,https://www.forebet.com/en/football-predictions/predictions-1x2/2026-07-29
forebet,2026-07-29,Cn3,Beijing BIT FC,Nantong Haimen,1x2,X,3.400,lost,-1.0000,https://www.forebet.com/en/football-predictions/predictions-1x2/2026-07-29
forebet,2026-07-29,KrC,Gimhae City,Seongnam FC,1x2,X,3.300,lost,-1.0000,https://www.forebet.com/en/football-predictions/predictions-1x2/2026-07-29
forebet,2026-07-29,VnW,GT Thai Nguyen W,TKS Viet Nam W,1x2,1,1.220,won,0.2200,https://www.forebet.com/en/football-predictions/predictions-1x2/2026-07-29
forebet,2026-07-29,Cn3,Rizhao Yuqi,Tai'an Tiankuang,1x2,2,2.800,lost,-1.0000,https://www.forebet.com/en/football-predictions/predictions-1x2/2026-07-29
forebet,2026-07-29,Cn3,Wuhan Three Towns B,Xiamen Feilu,1x2,2,2.100,lost,-1.0000,https://www.forebet.com/en/football-predictions/predictions-1x2/2026-07-29
forebet,2026-07-29,Lb,Reyady Abaseya,Tadamon Sour,1x2,2,3.200,lost,-1.0000,https://www.forebet.com/en/football-predictions/predictions-1x2/2026-07-29
forebet,2026-07-29,RuC,Ilpar,Metallurg Asha,1x2,1,2.470,won,1.4700,https://www.forebet.com/en/football-predictions/predictions-1x2/2026-07-29
forebet,2026-07-29,RuC,Kristall,Avtomobilist Noginsk,1x2,2,1.420,won,0.4200,https://www.forebet.com/en/football-predictions/predictions-1x2/2026-07-29
forebet,2026-07-29,Ar1,San Lorenzo,Gimnasia Mendoza,over_under_25,Under,2.450,won,1.4500,https://www.forebet.com/en/football-predictions/predictions-1x2/2026-07-29
forebet,2026-07-29,Ar1,CA Banfield,Sarmiento Junín,over_under_25,Under,2.700,lost,-1.0000,https://www.forebet.com/en/football-predictions/predictions-1x2/2026-07-29
forebet,2026-07-29,CS,CA Tigre,Nacional (URU),over_under_25,Under,2.050,lost,-1.0000,https://www.forebet.com/en/football-predictions/predictions-1x2/2026-07-29
forebet,2026-07-29,BrW,RB Bragantino W,Santos W,over_under_25,Over,1.900,lost,-1.0000,https://www.forebet.com/en/football-predictions/predictions-1x2/2026-07-29
forebet,2026-07-29,Br2,Ponte Preta,Athletic Club MG,over_under_25,Under,2.170,won,1.1700,https://www.forebet.com/en/football-predictions/predictions-1x2/2026-07-29
forebet,2026-07-29,Br2,Juventude,Avai FC,over_under_25,Over,1.550,lost,-1.0000,https://www.forebet.com/en/football-predictions/predictions-1x2/2026-07-29
forebet,2026-07-29,Py2,Independiente FBC,Deportivo Capiatá,over_under_25,Under,2.450,won,1.4500,https://www.forebet.com/en/football-predictions/predictions-1x2/2026-07-29
forebet,2026-07-29,CoC,Deportes Quindío,Deportes Tolima,over_under_25,Under,2.800,lost,-1.0000,https://www.forebet.com/en/football-predictions/predictions-1x2/2026-07-29
forebet,2026-07-29,CoC,Bogotá FC,Deportivo Pasto,over_under_25,Under,1.970,lost,-1.0000,https://www.forebet.com/en/football-predictions/predictions-1x2/2026-07-29
forebet,2026-07-29,Ar1,Rosario Central,Racing Club,over_under_25,Under,2.450,won,1.4500,https://www.forebet.com/en/football-predictions/predictions-1x2/2026-07-29
forebet,2026-07-29,Ar1,Argentinos Juniors,Estudiantes Río Cuarto,over_under_25,Under,2.430,lost,-1.0000,https://www.forebet.com/en/football-predictions/predictions-1x2/2026-07-29
forebet,2026-07-29,CS,Santos,UCV FC,over_under_25,Over,2.280,won,1.2800,https://www.forebet.com/en/football-predictions/predictions-1x2/2026-07-29
forebet,2026-07-29,Br2,Fortaleza,Botafogo SP,over_under_25,Over,1.560,lost,-1.0000,https://www.forebet.com/en/football-predictions/predictions-1x2/2026-07-29
forebet,2026-07-29,Ca1,Cavalry FC,Supra du Québec,over_under_25,Under,1.850,lost,-1.0000,https://www.forebet.com/en/football-predictions/predictions-1x2/2026-07-29
forebet,2026-07-29,CoC,Tigres FC (COL),Atlético Nacional,over_under_25,Under,1.820,won,0.8200,https://www.forebet.com/en/football-predictions/predictions-1x2/2026-07-29
forebet,2026-07-29,Nz2,Auckland City,Bay Olympic,over_under_25,Over,2.650,won,1.6500,https://www.forebet.com/en/football-predictions/predictions-1x2/2026-07-29
forebet,2026-07-29,AuA,Brindabella Blues,Queanbeyan City,over_under_25,Under,1.280,won,0.2800,https://www.forebet.com/en/football-predictions/predictions-1x2/2026-07-29
forebet,2026-07-29,KrC,Bucheon FC 1995,Paju Citizen,over_under_25,Over,1.900,won,0.9000,https://www.forebet.com/en/football-predictions/predictions-1x2/2026-07-29
forebet,2026-07-29,KrC,Busan I'Park,FC Seoul,over_under_25,Over,2.000,lost,-1.0000,https://www.forebet.com/en/football-predictions/predictions-1x2/2026-07-29
forebet,2026-07-29,KrC,Sangju Sangmu,Suwon FC,over_under_25,Over,2.000,won,1.0000,https://www.forebet.com/en/football-predictions/predictions-1x2/2026-07-29
forebet,2026-07-29,KrC,Incheon United,GimPo Citizen,over_under_25,Under,1.530,won,0.5300,https://www.forebet.com/en/football-predictions/predictions-1x2/2026-07-29
forebet,2026-07-29,KrC,Gwangju FC,Cheonan City,over_under_25,Under,1.850,won,0.8500,https://www.forebet.com/en/football-predictions/predictions-1x2/2026-07-29
forebet,2026-07-29,KrC,Ulsan Citizen,Ulsan Hyundai,over_under_25,Under,1.550,won,0.5500,https://www.forebet.com/en/football-predictions/predictions-1x2/2026-07-29
forebet,2026-07-29,KrC,Asan Mugunghwa,Siheung Citizen,over_under_25,Under,1.970,lost,-1.0000,https://www.forebet.com/en/football-predictions/predictions-1x2/2026-07-29
forebet,2026-07-29,KrC,Yeoju Citizen,Dangjin Citizen,over_under_25,Over,1.970,lost,-1.0000,https://www.forebet.com/en/football-predictions/predictions-1x2/2026-07-29
forebet,2026-07-29,KrC,Busan Kyotong,Jinju Citizen,over_under_25,Under,1.920,won,0.9200,https://www.forebet.com/en/football-predictions/predictions-1x2/2026-07-29
forebet,2026-07-29,KrC,Jeju United,Hwaseong FC,over_under_25,Under,1.820,lost,-1.0000,https://www.forebet.com/en/football-predictions/predictions-1x2/2026-07-29
forebet,2026-07-29,KrC,Cheongju FC,FC Anyang,over_under_25,Under,1.870,lost,-1.0000,https://www.forebet.com/en/football-predictions/predictions-1x2/2026-07-29
forebet,2026-07-29,Cn3,Beijing BIT FC,Nantong Haimen,over_under_25,Under,2.150,lost,-1.0000,https://www.forebet.com/en/football-predictions/predictions-1x2/2026-07-29
forebet,2026-07-29,KrC,Gimhae City,Seongnam FC,over_under_25,Under,2.000,won,1.0000,https://www.forebet.com/en/football-predictions/predictions-1x2/2026-07-29
forebet,2026-07-29,VnW,GT Thai Nguyen W,TKS Viet Nam W,over_under_25,Over,1.850,won,0.8500,https://www.forebet.com/en/football-predictions/predictions-1x2/2026-07-29
forebet,2026-07-29,Cn3,Rizhao Yuqi,Tai'an Tiankuang,over_under_25,Under,3.000,lost,-1.0000,https://www.forebet.com/en/football-predictions/predictions-1x2/2026-07-29
forebet,2026-07-29,Cn3,Wuhan Three Towns B,Xiamen Feilu,over_under_25,Under,2.300,lost,-1.0000,https://www.forebet.com/en/football-predictions/predictions-1x2/2026-07-29
forebet,2026-07-29,Lb,Reyady Abaseya,Tadamon Sour,over_under_25,Over,1.820,won,0.8200,https://www.forebet.com/en/football-predictions/predictions-1x2/2026-07-29
forebet,2026-07-29,RuC,Ilpar,Metallurg Asha,over_under_25,Over,1.950,lost,-1.0000,https://www.forebet.com/en/football-predictions/predictions-1x2/2026-07-29
forebet,2026-07-29,RuC,Kristall,Avtomobilist Noginsk,over_under_25,Over,1.950,won,0.9500,https://www.forebet.com/en/football-predictions/predictions-1x2/2026-07-29
forebet,2026-07-30,CS,Vasco da Gama,Ind Medellin,1x2,2,6.000,lost,-1.0000,https://www.forebet.com/en/football-predictions/predictions-1x2/2026-07-30
forebet,2026-07-30,CoC,Cortuluá,Internacional de Bogotá,1x2,X,3.400,lost,-1.0000,https://www.forebet.com/en/football-predictions/predictions-1x2/2026-07-30
forebet,2026-07-30,BrW,Palmeiras W,Corinthians W,1x2,2,2.870,lost,-1.0000,https://www.forebet.com/en/football-predictions/predictions-1x2/2026-07-30
forebet,2026-07-30,Ar1,Gimnasia La Plata,River Plate,1x2,2,2.000,lost,-1.0000,https://www.forebet.com/en/football-predictions/predictions-1x2/2026-07-30
forebet,2026-07-30,Br1,Mirassol SP,Remo PA,1x2,X,3.750,lost,-1.0000,https://www.forebet.com/en/football-predictions/predictions-1x2/2026-07-30
forebet,2026-07-30,Br1,Internacional,Flamengo,1x2,2,1.950,lost,-1.0000,https://www.forebet.com/en/football-predictions/predictions-1x2/2026-07-30
forebet,2026-07-30,CoC,Barranquilla FC,Junior Barranquilla,1x2,X,3.600,won,2.6000,https://www.forebet.com/en/football-predictions/predictions-1x2/2026-07-30
forebet,2026-07-30,Sv1,Municipal Limeño,INCA-Aruba,1x2,1,1.360,won,0.3600,https://www.forebet.com/en/football-predictions/predictions-1x2/2026-07-30
forebet,2026-07-30,Us2,Pittsburgh Riverhounds,FC Tulsa,1x2,1,1.800,lost,-1.0000,https://www.forebet.com/en/football-predictions/predictions-1x2/2026-07-30
forebet,2026-07-30,Us4,Greenville Triumph,Athletic Club Boise,1x2,2,2.150,lost,-1.0000,https://www.forebet.com/en/football-predictions/predictions-1x2/2026-07-30
forebet,2026-07-30,Us2,Louisville City,Birmingham Legion,1x2,1,1.380,won,0.3800,https://www.forebet.com/en/football-predictions/predictions-1x2/2026-07-30
forebet,2026-07-30,Ec2,Santo Domingo,9 de Octubre,1x2,X,2.750,won,1.7500,https://www.forebet.com/en/football-predictions/predictions-1x2/2026-07-30
forebet,2026-07-30,BrW,Ferroviária W,Taubaté W,1x2,1,1.080,won,0.0800,https://www.forebet.com/en/football-predictions/predictions-1x2/2026-07-30
forebet,2026-07-30,Us4,Forward Madison,Chattanooga RW,1x2,1,2.150,won,1.1500,https://www.forebet.com/en/football-predictions/predictions-1x2/2026-07-30
forebet,2026-07-30,Ar1,Instituto Córdoba,CA Platense,1x2,X,3.000,lost,-1.0000,https://www.forebet.com/en/football-predictions/predictions-1x2/2026-07-30
forebet,2026-07-30,Br1,Fluminense,Bahia,1x2,X,3.600,won,2.6000,https://www.forebet.com/en/football-predictions/predictions-1x2/2026-07-30
forebet,2026-07-30,Br1,Vitória,Palmeiras,1x2,2,2.000,won,1.0000,https://www.forebet.com/en/football-predictions/predictions-1x2/2026-07-30
forebet,2026-07-30,CS,RB Bragantino,Sporting Cristal,1x2,1,1.280,won,0.2800,https://www.forebet.com/en/football-predictions/predictions-1x2/2026-07-30
forebet,2026-07-30,CS,Cienciano,Lanús,1x2,2,3.100,lost,-1.0000,https://www.forebet.com/en/football-predictions/predictions-1x2/2026-07-30
forebet,2026-07-30,Sv1,Luís Ángel Firpo,Fuerte San Francisco,1x2,X,4.750,lost,-1.0000,https://www.forebet.com/en/football-predictions/predictions-1x2/2026-07-30
forebet,2026-07-30,CoC,Real Cartagena,América de Cali,1x2,1,3.100,lost,-1.0000,https://www.forebet.com/en/football-predictions/predictions-1x2/2026-07-30
forebet,2026-07-30,RuC,Anri Vladivostok,Dynamo Barnaul,1x2,2,1.360,won,0.3600,https://www.forebet.com/en/football-predictions/predictions-1x2/2026-07-30
forebet,2026-07-30,AuC,Sydney Olympic,Brisbane Roar,1x2,2,1.400,won,0.4000,https://www.forebet.com/en/football-predictions/predictions-1x2/2026-07-30
forebet,2026-07-30,AuC,South Melbourne,Adelaide United,1x2,1,3.200,won,2.2000,https://www.forebet.com/en/football-predictions/predictions-1x2/2026-07-30
forebet,2026-07-30,RuC,Temp Barnaul,KDV,1x2,2,1.260,won,0.2600,https://www.forebet.com/en/football-predictions/predictions-1x2/2026-07-30
forebet,2026-07-30,Kz2,Kaspiy II,Aktobe-Zhas,1x2,X,3.620,lost,-1.0000,https://www.forebet.com/en/football-predictions/predictions-1x2/2026-07-30
forebet,2026-07-30,Kz2,FK Taraz,Akademiya Ontustik,1x2,2,2.540,lost,-1.0000,https://www.forebet.com/en/football-predictions/predictions-1x2/2026-07-30
forebet,2026-07-30,Kz2,Khan Tengri,FC Turan,1x2,2,1.170,won,0.1700,https://www.forebet.com/en/football-predictions/predictions-1x2/2026-07-30
forebet,2026-07-30,ECL,AC d'Escaldes,FC Vaduz,1x2,2,1.570,won,0.5700,https://www.forebet.com/en/football-predictions/predictions-1x2/2026-07-30
forebet,2026-07-30,ECL,Tobol Kostanay,Panevezys,1x2,1,1.250,lost,-1.0000,https://www.forebet.com/en/football-predictions/predictions-1x2/2026-07-30
forebet,2026-07-30,Fi2,JIPPO Joensuu,JäPS,1x2,X,3.900,lost,-1.0000,https://www.forebet.com/en/football-predictions/predictions-1x2/2026-07-30
forebet,2026-07-30,UEL,Maccabi Tel Aviv,Sheriff Tiraspol,1x2,1,1.300,won,0.3000,https://www.forebet.com/en/football-predictions/predictions-1x2/2026-07-30
forebet,2026-07-30,CzC,Hluboká nad Vltavou,Spartak Sobeslav,1x2,X,4.000,lost,-1.0000,https://www.forebet.com/en/football-predictions/predictions-1x2/2026-07-30
forebet,2026-07-30,ECL,Nomme Kalju,Shelbourne FC,1x2,X,3.500,lost,-1.0000,https://www.forebet.com/en/football-predictions/predictions-1x2/2026-07-30
forebet,2026-07-30,ECL,Zira,Paide,1x2,1,1.180,lost,-1.0000,https://www.forebet.com/en/football-predictions/predictions-1x2/2026-07-30
forebet,2026-07-30,ECL,Auda,FCSB,1x2,2,1.530,lost,-1.0000,https://www.forebet.com/en/football-predictions/predictions-1x2/2026-07-30
forebet,2026-07-30,ECL,Inter Turku,Basaksehir,1x2,X,3.500,lost,-1.0000,https://www.forebet.com/en/football-predictions/predictions-1x2/2026-07-30
forebet,2026-07-30,CS,Vasco da Gama,Ind Medellin,over_under_25,Over,1.920,lost,-1.0000,https://www.forebet.com/en/football-predictions/predictions-1x2/2026-07-30
forebet,2026-07-30,CoC,Cortuluá,Internacional de Bogotá,over_under_25,Under,2.000,lost,-1.0000,https://www.forebet.com/en/football-predictions/predictions-1x2/2026-07-30
forebet,2026-07-30,BrW,Palmeiras W,Corinthians W,over_under_25,Over,1.920,lost,-1.0000,https://www.forebet.com/en/football-predictions/predictions-1x2/2026-07-30
forebet,2026-07-30,Ar1,Gimnasia La Plata,River Plate,over_under_25,Under,2.380,won,1.3800,https://www.forebet.com/en/football-predictions/predictions-1x2/2026-07-30
forebet,2026-07-30,Br1,Mirassol SP,Remo PA,over_under_25,Over,1.970,won,0.9700,https://www.forebet.com/en/football-predictions/predictions-1x2/2026-07-30
forebet,2026-07-30,Br1,Internacional,Flamengo,over_under_25,Over,1.850,lost,-1.0000,https://www.forebet.com/en/football-predictions/predictions-1x2/2026-07-30
forebet,2026-07-30,CoC,Barranquilla FC,Junior Barranquilla,over_under_25,Under,1.900,lost,-1.0000,https://www.forebet.com/en/football-predictions/predictions-1x2/2026-07-30
forebet,2026-07-30,Sv1,Municipal Limeño,INCA-Aruba,over_under_25,Under,1.740,won,0.7400,https://www.forebet.com/en/football-predictions/predictions-1x2/2026-07-30
forebet,2026-07-30,Us2,Pittsburgh Riverhounds,FC Tulsa,over_under_25,Under,2.050,won,1.0500,https://www.forebet.com/en/football-predictions/predictions-1x2/2026-07-30
forebet,2026-07-30,Us4,Greenville Triumph,Athletic Club Boise,over_under_25,Under,1.800,lost,-1.0000,https://www.forebet.com/en/football-predictions/predictions-1x2/2026-07-30
forebet,2026-07-30,Us2,Louisville City,Birmingham Legion,over_under_25,Under,1.480,lost,-1.0000,https://www.forebet.com/en/football-predictions/predictions-1x2/2026-07-30
forebet,2026-07-30,BrW,Ferroviária W,Taubaté W,over_under_25,Over,2.160,won,1.1600,https://www.forebet.com/en/football-predictions/predictions-1x2/2026-07-30
forebet,2026-07-30,Us4,Forward Madison,Chattanooga RW,over_under_25,Over,1.900,won,0.9000,https://www.forebet.com/en/football-predictions/predictions-1x2/2026-07-30
forebet,2026-07-30,Ar1,Instituto Córdoba,CA Platense,over_under_25,Under,2.750,lost,-1.0000,https://www.forebet.com/en/football-predictions/predictions-1x2/2026-07-30
forebet,2026-07-30,Br1,Fluminense,Bahia,over_under_25,Under,1.920,won,0.9200,https://www.forebet.com/en/football-predictions/predictions-1x2/2026-07-30
forebet,2026-07-30,Br1,Vitória,Palmeiras,over_under_25,Over,1.640,won,0.6400,https://www.forebet.com/en/football-predictions/predictions-1x2/2026-07-30
forebet,2026-07-30,CS,RB Bragantino,Sporting Cristal,over_under_25,Under,1.500,won,0.5000,https://www.forebet.com/en/football-predictions/predictions-1x2/2026-07-30
forebet,2026-07-30,CS,Cienciano,Lanús,over_under_25,Under,1.870,lost,-1.0000,https://www.forebet.com/en/football-predictions/predictions-1x2/2026-07-30
forebet,2026-07-30,Sv1,Luís Ángel Firpo,Fuerte San Francisco,over_under_25,Under,1.950,lost,-1.0000,https://www.forebet.com/en/football-predictions/predictions-1x2/2026-07-30
forebet,2026-07-30,CoC,Real Cartagena,América de Cali,over_under_25,Under,2.000,won,1.0000,https://www.forebet.com/en/football-predictions/predictions-1x2/2026-07-30
forebet,2026-07-30,RuC,Anri Vladivostok,Dynamo Barnaul,over_under_25,Over,1.950,won,0.9500,https://www.forebet.com/en/football-predictions/predictions-1x2/2026-07-30
forebet,2026-07-30,AuC,Sydney Olympic,Brisbane Roar,over_under_25,Over,2.110,won,1.1100,https://www.forebet.com/en/football-predictions/predictions-1x2/2026-07-30
forebet,2026-07-30,AuC,South Melbourne,Adelaide United,over_under_25,Over,2.200,won,1.2000,https://www.forebet.com/en/football-predictions/predictions-1x2/2026-07-30
forebet,2026-07-30,RuC,Temp Barnaul,KDV,over_under_25,Under,1.770,lost,-1.0000,https://www.forebet.com/en/football-predictions/predictions-1x2/2026-07-30
forebet,2026-07-30,ECL,AC d'Escaldes,FC Vaduz,over_under_25,Over,2.100,lost,-1.0000,https://www.forebet.com/en/football-predictions/predictions-1x2/2026-07-30
forebet,2026-07-30,ECL,Tobol Kostanay,Panevezys,over_under_25,Under,1.610,won,0.6100,https://www.forebet.com/en/football-predictions/predictions-1x2/2026-07-30
forebet,2026-07-30,Fi2,JIPPO Joensuu,JäPS,over_under_25,Over,1.950,lost,-1.0000,https://www.forebet.com/en/football-predictions/predictions-1x2/2026-07-30
forebet,2026-07-30,UEL,Maccabi Tel Aviv,Sheriff Tiraspol,over_under_25,Over,2.300,lost,-1.0000,https://www.forebet.com/en/football-predictions/predictions-1x2/2026-07-30
forebet,2026-07-30,CzC,Hluboká nad Vltavou,Spartak Sobeslav,over_under_25,Over,2.700,won,1.7000,https://www.forebet.com/en/football-predictions/predictions-1x2/2026-07-30
forebet,2026-07-30,ECL,Nomme Kalju,Shelbourne FC,over_under_25,Over,2.200,won,1.2000,https://www.forebet.com/en/football-predictions/predictions-1x2/2026-07-30
forebet,2026-07-30,ECL,Zira,Paide,over_under_25,Under,1.800,won,0.8000,https://www.forebet.com/en/football-predictions/predictions-1x2/2026-07-30
forebet,2026-07-30,ECL,Auda,FCSB,over_under_25,Over,2.120,won,1.1200,https://www.forebet.com/en/football-predictions/predictions-1x2/2026-07-30
forebet,2026-07-30,ECL,Inter Turku,Basaksehir,over_under_25,Under,1.800,won,0.8000,https://www.forebet.com/en/football-predictions/predictions-1x2/2026-07-30
forebet,2026-07-31,Ar1,Talleres Córdoba,Vélez Sársfield,1x2,2,3.200,won,2.2000,https://www.forebet.com/en/football-predictions/predictions-1x2/2026-07-31
forebet,2026-07-31,Ar1,Independiente Rivadavia,CA Huracán,1x2,X,3.000,lost,-1.0000,https://www.forebet.com/en/football-predictions/predictions-1x2/2026-07-31
forebet,2026-07-31,Ni1,Jalapa ART,Real Estelí,1x2,X,3.100,lost,-1.0000,https://www.forebet.com/en/football-predictions/predictions-1x2/2026-07-31
forebet,2026-07-31,CS,Grêmio,Bolívar,1x2,2,11.000,won,10.0000,https://www.forebet.com/en/football-predictions/predictions-1x2/2026-07-31
forebet,2026-07-31,BrP,Oeste U20,XV de Piracicaba U20,1x2,1,1.950,lost,-1.0000,https://www.forebet.com/en/football-predictions/predictions-1x2/2026-07-31
forebet,2026-07-31,Br1,Corinthians,Atlético PR,1x2,2,4.330,lost,-1.0000,https://www.forebet.com/en/football-predictions/predictions-1x2/2026-07-31
forebet,2026-07-31,Sv1,Isidro Metapán,CD FAS,1x2,2,2.500,lost,-1.0000,https://www.forebet.com/en/football-predictions/predictions-1x2/2026-07-31
forebet,2026-07-31,Ar1,Independiente,Newell's Old Boys,1x2,2,6.500,lost,-1.0000,https://www.forebet.com/en/football-predictions/predictions-1x2/2026-07-31
forebet,2026-07-31,Ar1,Central Córdoba SdE,Atlético Tucumán,1x2,X,3.000,lost,-1.0000,https://www.forebet.com/en/football-predictions/predictions-1x2/2026-07-31
forebet,2026-07-31,Br1,Coritiba,Cruzeiro,1x2,X,3.100,lost,-1.0000,https://www.forebet.com/en/football-predictions/predictions-1x2/2026-07-31
forebet,2026-07-31,CS,O Higgins,Boca Juniors,1x2,2,1.850,lost,-1.0000,https://www.forebet.com/en/football-predictions/predictions-1x2/2026-07-31
forebet,2026-07-31,CS,Caracas,Ind Santa Fe,1x2,2,2.450,won,1.4500,https://www.forebet.com/en/football-predictions/predictions-1x2/2026-07-31
forebet,2026-07-31,Co1,Atlético Bucaramanga,Llaneros FC (COL),1x2,X,3.600,won,2.6000,https://www.forebet.com/en/football-predictions/predictions-1x2/2026-07-31
forebet,2026-07-31,Mx2,Alebrijes de Oaxaca,Dorados Sinaloa,1x2,1,2.150,lost,-1.0000,https://www.forebet.com/en/football-predictions/predictions-1x2/2026-07-31
forebet,2026-07-31,Sv1,Inter F.A,CD Águila,1x2,X,3.100,won,2.1000,https://www.forebet.com/en/football-predictions/predictions-1x2/2026-07-31
forebet,2026-07-31,Ua3,FK Trostyanets,Oleksandria II,1x2,X,4.500,lost,-1.0000,https://www.forebet.com/en/football-predictions/predictions-1x2/2026-07-31
forebet,2026-07-31,RuY,Ural U19,Chertanovo U20,1x2,X,3.040,lost,-1.0000,https://www.forebet.com/en/football-predictions/predictions-1x2/2026-07-31
forebet,2026-07-31,RuY,Almaz-Antey U19,Akademiya Konoplev U20,1x2,X,3.350,won,2.3500,https://www.forebet.com/en/football-predictions/predictions-1x2/2026-07-31
forebet,2026-07-31,AuV,Bentleigh Greens,Oakleigh Cannons,1x2,2,1.380,lost,-1.0000,https://www.forebet.com/en/football-predictions/predictions-1x2/2026-07-31
forebet,2026-07-31,AuQ,WDSC Wolves FC,Brisbane City,1x2,X,4.000,lost,-1.0000,https://www.forebet.com/en/football-predictions/predictions-1x2/2026-07-31
forebet,2026-07-31,AuQ,Rochedale Rovers,Eastern Suburbs,1x2,2,1.950,lost,-1.0000,https://www.forebet.com/en/football-predictions/predictions-1x2/2026-07-31
forebet,2026-07-31,In3,Peerless,Kalighat Club,1x2,1,1.480,won,0.4800,https://www.forebet.com/en/football-predictions/predictions-1x2/2026-07-31
forebet,2026-07-31,In3,United,Rainbow,1x2,1,2.000,won,1.0000,https://www.forebet.com/en/football-predictions/predictions-1x2/2026-07-31
forebet,2026-07-31,Ua2,UCSA,PFK Aleksandriya,1x2,X,3.200,won,2.2000,https://www.forebet.com/en/football-predictions/predictions-1x2/2026-07-31
forebet,2026-07-31,AuS,Campbelltown City,Adelaide City,1x2,2,1.700,won,0.7000,https://www.forebet.com/en/football-predictions/predictions-1x2/2026-07-31
forebet,2026-07-31,AuN,Cooks Hill United,Broadmeadow,1x2,2,1.660,won,0.6600,https://www.forebet.com/en/football-predictions/predictions-1x2/2026-07-31
forebet,2026-07-31,KrW,Incheon Red Angels W,Hwacheon KSPO W,1x2,2,1.750,won,0.7500,https://www.forebet.com/en/football-predictions/predictions-1x2/2026-07-31
forebet,2026-07-31,KrW,Suwon FMC W,Gumi Sportstoto W,1x2,1,1.220,won,0.2200,https://www.forebet.com/en/football-predictions/predictions-1x2/2026-07-31
forebet,2026-07-31,AuV,Preston Lions,Green Gully SC,1x2,1,1.420,lost,-1.0000,https://www.forebet.com/en/football-predictions/predictions-1x2/2026-07-31
forebet,2026-07-31,Cn1,Henan Jianye,Dalian Zhixing,1x2,1,1.800,lost,-1.0000,https://www.forebet.com/en/football-predictions/predictions-1x2/2026-07-31
forebet,2026-07-31,Am1,Van Yerevan,Sardarapat,1x2,1,1.900,lost,-1.0000,https://www.forebet.com/en/football-predictions/predictions-1x2/2026-07-31
forebet,2026-07-31,RuY,Lokomotiv Moskva U19,Nizhny Novgorod U19,1x2,1,1.170,won,0.1700,https://www.forebet.com/en/football-predictions/predictions-1x2/2026-07-31
forebet,2026-07-31,Ua2,FC Ahrobiznes,Yarud Mariupol,1x2,1,2.750,won,1.7500,https://www.forebet.com/en/football-predictions/predictions-1x2/2026-07-31
forebet,2026-07-31,Zw1,Herentals FC,TelOne FC,1x2,1,1.900,won,0.9000,https://www.forebet.com/en/football-predictions/predictions-1x2/2026-07-31
forebet,2026-07-31,Ar1,Talleres Córdoba,Vélez Sársfield,over_under_25,Under,2.700,lost,-1.0000,https://www.forebet.com/en/football-predictions/predictions-1x2/2026-07-31
forebet,2026-07-31,Ar1,Independiente Rivadavia,CA Huracán,over_under_25,Under,2.880,lost,-1.0000,https://www.forebet.com/en/football-predictions/predictions-1x2/2026-07-31
forebet,2026-07-31,Ni1,Jalapa ART,Real Estelí,over_under_25,Under,1.970,won,0.9700,https://www.forebet.com/en/football-predictions/predictions-1x2/2026-07-31
forebet,2026-07-31,CS,Grêmio,Bolívar,over_under_25,Over,2.250,lost,-1.0000,https://www.forebet.com/en/football-predictions/predictions-1x2/2026-07-31
forebet,2026-07-31,BrP,Oeste U20,XV de Piracicaba U20,over_under_25,Over,1.850,lost,-1.0000,https://www.forebet.com/en/football-predictions/predictions-1x2/2026-07-31
forebet,2026-07-31,Br1,Corinthians,Atlético PR,over_under_25,Over,1.500,lost,-1.0000,https://www.forebet.com/en/football-predictions/predictions-1x2/2026-07-31
forebet,2026-07-31,Sv1,Isidro Metapán,CD FAS,over_under_25,Over,1.530,lost,-1.0000,https://www.forebet.com/en/football-predictions/predictions-1x2/2026-07-31
forebet,2026-07-31,Ar1,Independiente,Newell's Old Boys,over_under_25,Under,2.250,won,1.2500,https://www.forebet.com/en/football-predictions/predictions-1x2/2026-07-31
forebet,2026-07-31,Ar1,Central Córdoba SdE,Atlético Tucumán,over_under_25,Under,2.450,won,1.4500,https://www.forebet.com/en/football-predictions/predictions-1x2/2026-07-31
forebet,2026-07-31,Br1,Coritiba,Cruzeiro,over_under_25,Over,1.660,lost,-1.0000,https://www.forebet.com/en/football-predictions/predictions-1x2/2026-07-31
forebet,2026-07-31,CS,O Higgins,Boca Juniors,over_under_25,Under,2.280,won,1.2800,https://www.forebet.com/en/football-predictions/predictions-1x2/2026-07-31
forebet,2026-07-31,CS,Caracas,Ind Santa Fe,over_under_25,Under,2.160,lost,-1.0000,https://www.forebet.com/en/football-predictions/predictions-1x2/2026-07-31
forebet,2026-07-31,Co1,Atlético Bucaramanga,Llaneros FC (COL),over_under_25,Under,2.180,won,1.1800,https://www.forebet.com/en/football-predictions/predictions-1x2/2026-07-31
forebet,2026-07-31,Mx2,Alebrijes de Oaxaca,Dorados Sinaloa,over_under_25,Over,1.870,lost,-1.0000,https://www.forebet.com/en/football-predictions/predictions-1x2/2026-07-31
forebet,2026-07-31,Sv1,Inter F.A,CD Águila,over_under_25,Under,2.050,won,1.0500,https://www.forebet.com/en/football-predictions/predictions-1x2/2026-07-31
forebet,2026-07-31,Ua3,FK Trostyanets,Oleksandria II,over_under_25,Under,1.480,won,0.4800,https://www.forebet.com/en/football-predictions/predictions-1x2/2026-07-31
forebet,2026-07-31,RuY,Ural U19,Chertanovo U20,over_under_25,Over,2.190,won,1.1900,https://www.forebet.com/en/football-predictions/predictions-1x2/2026-07-31
forebet,2026-07-31,AuV,Bentleigh Greens,Oakleigh Cannons,over_under_25,Over,2.200,lost,-1.0000,https://www.forebet.com/en/football-predictions/predictions-1x2/2026-07-31
forebet,2026-07-31,AuQ,WDSC Wolves FC,Brisbane City,over_under_25,Over,3.200,won,2.2000,https://www.forebet.com/en/football-predictions/predictions-1x2/2026-07-31
forebet,2026-07-31,AuQ,Rochedale Rovers,Eastern Suburbs,over_under_25,Over,3.200,won,2.2000,https://www.forebet.com/en/football-predictions/predictions-1x2/2026-07-31
forebet,2026-07-31,In3,Peerless,Kalighat Club,over_under_25,Under,1.850,won,0.8500,https://www.forebet.com/en/football-predictions/predictions-1x2/2026-07-31
forebet,2026-07-31,In3,United,Rainbow,over_under_25,Over,2.000,won,1.0000,https://www.forebet.com/en/football-predictions/predictions-1x2/2026-07-31
forebet,2026-07-31,Ua2,UCSA,PFK Aleksandriya,over_under_25,Over,1.650,won,0.6500,https://www.forebet.com/en/football-predictions/predictions-1x2/2026-07-31
forebet,2026-07-31,AuS,Campbelltown City,Adelaide City,over_under_25,Under,1.580,lost,-1.0000,https://www.forebet.com/en/football-predictions/predictions-1x2/2026-07-31
forebet,2026-07-31,AuN,Cooks Hill United,Broadmeadow,over_under_25,Over,2.250,lost,-1.0000,https://www.forebet.com/en/football-predictions/predictions-1x2/2026-07-31
forebet,2026-07-31,KrW,Incheon Red Angels W,Hwacheon KSPO W,over_under_25,Under,1.960,won,0.9600,https://www.forebet.com/en/football-predictions/predictions-1x2/2026-07-31
forebet,2026-07-31,KrW,Suwon FMC W,Gumi Sportstoto W,over_under_25,Under,1.520,lost,-1.0000,https://www.forebet.com/en/football-predictions/predictions-1x2/2026-07-31
forebet,2026-07-31,AuV,Preston Lions,Green Gully SC,over_under_25,Over,2.100,won,1.1000,https://www.forebet.com/en/football-predictions/predictions-1x2/2026-07-31
forebet,2026-07-31,Cn1,Henan Jianye,Dalian Zhixing,over_under_25,Over,2.150,lost,-1.0000,https://www.forebet.com/en/football-predictions/predictions-1x2/2026-07-31
forebet,2026-07-31,Am1,Van Yerevan,Sardarapat,over_under_25,Under,1.950,lost,-1.0000,https://www.forebet.com/en/football-predictions/predictions-1x2/2026-07-31
forebet,2026-07-31,Ua2,FC Ahrobiznes,Yarud Mariupol,over_under_25,Under,2.340,won,1.3400,https://www.forebet.com/en/football-predictions/predictions-1x2/2026-07-31
