source,kickoff_date,league,home_team,away_team,market,pick,odds,result,pnl_per_unit,ref_url
betaminic,2026-10-04,New Zealand - National Womens League,Southern United,Fencibles United,1x2,Away,1.750,won,0.7500,https://www.betaminic.com/shootingbets/results/
betaminic,2026-10-03,Mexico - Liga TDP,Arietes,Canoneros II,1x2,Home,1.750,won,0.7500,https://www.betaminic.com/shootingbets/results/
betaminic,2026-10-03,Mexico - Liga Premier,Pioneros de Cancun,Montaneses,1x2,Home,2.500,won,1.5000,https://www.betaminic.com/shootingbets/results/
betaminic,2026-10-03,CAF - Africa Cup of Nations U20 Qualifiers,Egypt,Morocco,1x2,Away,3.400,won,2.4000,https://www.betaminic.com/shootingbets/results/
betaminic,2026-10-03,Morocco - Botola 2,Olympique Khouribga,Chabab Atlas Khenifra,1x2,Draw,3.100,lost,-1.0000,https://www.betaminic.com/shootingbets/results/
betaminic,2026-10-03,Ireland - National League,TU Dublin,Salthill Devon,1x2,Away,2.600,lost,-1.0000,https://www.betaminic.com/shootingbets/results/
betaminic,2026-10-03,Club Friendlies,AEK Larnaca,Apollon Limassol,over_under_25,Under,2.080,lost,-1.0000,https://www.betaminic.com/shootingbets/results/
betaminic,2026-10-03,Ireland - National League,Newbridge Town,UCC,1x2,Away,2.050,won,1.0500,https://www.betaminic.com/shootingbets/results/
betaminic,2026-10-03,Austria - Landesliga,Grossklein,Leoben,1x2,Home,1.670,won,0.6700,https://www.betaminic.com/shootingbets/results/
betaminic,2026-10-03,Austria - Landesliga,Pinkafeld,SV Eberau,1x2,Home,2.250,won,1.2500,https://www.betaminic.com/shootingbets/results/
betaminic,2026-10-03,Spain - Segunda Federacion Women,Real Sporting de Gijon,Burgos,1x2,Home,3.200,won,2.2000,https://www.betaminic.com/shootingbets/results/
betaminic,2026-10-03,England - FA Cup Qualification,Kettering Town,Worcester City,1x2,Home,2.000,lost,-1.0000,https://www.betaminic.com/shootingbets/results/
betaminic,2026-10-03,England - FA Cup Qualification,Mulbarton Wanderers,Gloucester City,1x2,Away,1.850,won,0.8500,https://www.betaminic.com/shootingbets/results/
betaminic,2026-10-03,Club Friendlies,Winterthur,Basel,1x2,Home,5.500,won,4.5000,https://www.betaminic.com/shootingbets/results/
betaminic,2026-10-03,Algeria - Ligue 2,ESM Kolea,MC El Bayadh,1x2,Away,5.000,lost,-1.0000,https://www.betaminic.com/shootingbets/results/
betaminic,2026-10-03,Algeria - Ligue 2,JS Djijel,Azazga,1x2,Away,5.000,lost,-1.0000,https://www.betaminic.com/shootingbets/results/
betaminic,2026-10-03,Czech Republic - 4. Liga,Tempo Prague,Banik Sokolov,1x2,Home,2.500,won,1.5000,https://www.betaminic.com/shootingbets/results/
betaminic,2026-10-03,England - Northern League Division 1,Grantham Town,Coleshill Town,1x2,Away,2.800,won,1.8000,https://www.betaminic.com/shootingbets/results/
betaminic,2026-10-03,France - National 2,Aubervilliers,OCPAM,1x2,Home,2.300,won,1.3000,https://www.betaminic.com/shootingbets/results/
betaminic,2026-10-03,England - Southern League Division 1,Bishops Cleeve,Melksham Town,1x2,Draw,5.000,lost,-1.0000,https://www.betaminic.com/shootingbets/results/
betaminic,2026-10-03,Spain - Primera Federacion Women,Real Madrid II,Cacereno,1x2,Away,3.400,won,2.4000,https://www.betaminic.com/shootingbets/results/
betaminic,2026-10-03,Botswana - Premier League,Matebele,Tonota,1x2,Away,2.600,won,1.6000,https://www.betaminic.com/shootingbets/results/
betaminic,2026-10-03,Spain - Regional Leagues,CDF San Martin,Iru-Bat Santa Lucia,1x2,Away,2.300,lost,-1.0000,https://www.betaminic.com/shootingbets/results/
betaminic,2026-10-03,Slovenia - 3. SNL,IB Ljubljana,Adria Miren,1x2,Home,2.300,won,1.3000,https://www.betaminic.com/shootingbets/results/
betaminic,2026-10-03,Slovenia - 3. SNL,Race,Ljutomer,1x2,Home,2.000,won,1.0000,https://www.betaminic.com/shootingbets/results/
betaminic,2026-10-03,Czech Republic - 4. Liga,Dosta Bystrc Kninicky,Pelhrimov,1x2,Away,2.350,lost,-1.0000,https://www.betaminic.com/shootingbets/results/
betaminic,2026-10-03,Club Friendlies,St. Pauli,Borussia Monchengladbach,1x2,Away,2.350,lost,-1.0000,https://www.betaminic.com/shootingbets/results/
betaminic,2026-10-03,CAF - Africa Cup of Nations U20 Qualifiers,Tunisia,Libya,1x2,Home,1.530,lost,-1.0000,https://www.betaminic.com/shootingbets/results/
betaminic,2026-10-03,Netherlands - Tweede Divisie,Katwijk,Kozakken Boys,1x2,Away,2.600,won,1.6000,https://www.betaminic.com/shootingbets/results/
betaminic,2026-10-03,Norway - 3rd Division,Kvik,Byasen,1x2,Away,1.530,won,0.5300,https://www.betaminic.com/shootingbets/results/
betaminic,2026-10-03,Paraguay - Division Intermedia,Paraguari AC,3 De Noviembre,1x2,Away,2.900,lost,-1.0000,https://www.betaminic.com/shootingbets/results/
betaminic,2026-10-03,Club Friendlies,Rodez,Inter Club d'Escaldes,1x2,Away,5.500,lost,-1.0000,https://www.betaminic.com/shootingbets/results/
betaminic,2026-10-03,Poland - 4th Liga,Tluchowia Tluchowo,Cuiavia Inowroclaw,over_under_25,Under,3.500,lost,-1.0000,https://www.betaminic.com/shootingbets/results/
betaminic,2026-10-03,Italy - Primavera 3 U19,Guidonia Montecelio,Arezzo,1x2,Away,2.400,lost,-1.0000,https://www.betaminic.com/shootingbets/results/
betaminic,2026-10-03,Italy - Primavera 3 U19,Novara,FC Arzignano Valchiampo,1x2,Home,2.250,won,1.2500,https://www.betaminic.com/shootingbets/results/
betaminic,2026-10-03,Italy - Serie B Women,Vicenza,San Marino Academy,1x2,Home,1.730,lost,-1.0000,https://www.betaminic.com/shootingbets/results/
betaminic,2026-10-03,Italy - Primavera 3 U19,Pergolettese,Alcione,1x2,Away,2.150,won,1.1500,https://www.betaminic.com/shootingbets/results/
betaminic,2026-10-03,Italy - Primavera 3 U19,Giana Erminio,Carrarese,1x2,Away,2.880,won,1.8800,https://www.betaminic.com/shootingbets/results/
betaminic,2026-10-03,Netherlands - Tweede Divisie,RKAV Volendam,Jong Almere City,1x2,Home,2.450,lost,-1.0000,https://www.betaminic.com/shootingbets/results/
betaminic,2026-10-03,Indonesia - Championship,PSMS Medan,Persikad Depok,1x2,Home,1.420,won,0.4200,https://www.betaminic.com/shootingbets/results/
betaminic,2026-10-03,Denmark - 2nd Division,Skive,HIK,1x2,Away,3.900,lost,-1.0000,https://www.betaminic.com/shootingbets/results/
betaminic,2026-10-03,Club Friendlies,Viktoria Koln,FC Koln,1x2,Home,5.000,lost,-1.0000,https://www.betaminic.com/shootingbets/results/
betaminic,2026-10-03,Turkey - 3rd League,Silifke Belediyespor,Nigde Belediyesispor,1x2,Away,2.700,won,1.7000,https://www.betaminic.com/shootingbets/results/
betaminic,2026-10-03,England - FA Cup Qualification,Brentwood Town,Dagenham and Redbridge,1x2,Home,4.500,won,3.5000,https://www.betaminic.com/shootingbets/results/
betaminic,2026-10-03,Italy - Primavera 3 U19,Giugliano,Foggia,1x2,Home,2.000,lost,-1.0000,https://www.betaminic.com/shootingbets/results/
betaminic,2026-10-03,Sweden - Division 2,Stenungsunds,IFK Skovde,1x2,Home,3.400,lost,-1.0000,https://www.betaminic.com/shootingbets/results/
betaminic,2026-10-03,Serbia - U19 League,Novi Pazar,Cukaricki,1x2,Home,1.950,won,0.9500,https://www.betaminic.com/shootingbets/results/
betaminic,2026-10-03,Finland - Kolmonen,KePS,Villan Pojat,1x2,Home,2.800,won,1.8000,https://www.betaminic.com/shootingbets/results/
betaminic,2026-10-03,Spain - U19 League,Acodetti,Herbania,1x2,Away,2.500,lost,-1.0000,https://www.betaminic.com/shootingbets/results/
betaminic,2026-10-03,Finland - Kolmonen,EuPa,PIF,1x2,Home,1.910,won,0.9100,https://www.betaminic.com/shootingbets/results/
betaminic,2026-10-03,Poland - U19 League,Korona Kielce,Escola Varsovia,1x2,Home,3.100,lost,-1.0000,https://www.betaminic.com/shootingbets/results/
betaminic,2026-10-03,Poland - U19 League,Talent Warszawa,Jagiellonia Bialystok,1x2,Home,2.500,lost,-1.0000,https://www.betaminic.com/shootingbets/results/
betaminic,2026-10-03,Finland - U21 League,TiPS,HPS/FC Pohu YJ,1x2,Away,1.910,won,0.9100,https://www.betaminic.com/shootingbets/results/
betaminic,2026-10-03,Club Friendlies,Artis Brno,Trencin,1x2,Home,1.910,won,0.9100,https://www.betaminic.com/shootingbets/results/
betaminic,2026-10-03,Finland - Kolmonen,PPJ/Ruoholahti,EPS/Reservi,1x2,Home,2.750,won,1.7500,https://www.betaminic.com/shootingbets/results/
betaminic,2026-10-03,Finland - Kolmonen,HooGee,Gilla FC,1x2,Away,2.250,lost,-1.0000,https://www.betaminic.com/shootingbets/results/
betaminic,2026-10-03,Finland - Kolmonen,Lohjan Pallo,SexyPoxyt,1x2,Away,2.350,lost,-1.0000,https://www.betaminic.com/shootingbets/results/
betaminic,2026-10-03,Club Friendlies,Perth Glory,Adelaide United,1x2,Away,3.250,won,2.2500,https://www.betaminic.com/shootingbets/results/
betaminic,2026-10-03,Costa Rica - Primera Division Women,Moravia,Municipal Pococi,1x2,Away,3.700,won,2.7000,https://www.betaminic.com/shootingbets/results/
betaminic,2026-10-03,New Zealand - National Womens League,West Coast Rangers,Waterside Karori,1x2,Away,4.750,won,3.7500,https://www.betaminic.com/shootingbets/results/
betaminic,2026-10-02,Mexico - Liga TDP,Artesanos Metepec II,Grupo Sherwood,1x2,Home,2.000,won,1.0000,https://www.betaminic.com/shootingbets/results/
betaminic,2026-10-02,Brazil - Copa Parana,Athletico Paranaense II,Sao Joseense,1x2,Home,1.950,won,0.9500,https://www.betaminic.com/shootingbets/results/
betaminic,2026-10-02,Mexico - Liga TDP,Alamos FC,Muxes,1x2,Away,3.500,lost,-1.0000,https://www.betaminic.com/shootingbets/results/
betaminic,2026-10-02,Mexico - Liga TDP,Guerreros de Puebla,Liga de Futbol de Tehuacan,1x2,Away,2.400,lost,-1.0000,https://www.betaminic.com/shootingbets/results/
betaminic,2026-10-02,Belgium - Reserve Pro League U21,Sporting Hasselt,KV Kortrijk,1x2,Home,5.250,lost,-1.0000,https://www.betaminic.com/shootingbets/results/
betaminic,2026-10-02,Ireland - Leinster Senior League,Montpelier FC,Crumlin United,1x2,Away,2.500,won,1.5000,https://www.betaminic.com/shootingbets/results/
betaminic,2026-10-02,Austria - Landesliga,Bad Waltersdorf,Schladming,1x2,Home,2.250,lost,-1.0000,https://www.betaminic.com/shootingbets/results/
betaminic,2026-10-02,Finland - Kolmonen,HPS ll,MPS/Atletico Malmi,1x2,Home,3.500,lost,-1.0000,https://www.betaminic.com/shootingbets/results/
betaminic,2026-10-02,Finland - Kolmonen,LPS,TiPS,1x2,Away,4.200,lost,-1.0000,https://www.betaminic.com/shootingbets/results/
betaminic,2026-10-02,Mexico - Liga TDP,Aztecas AMF,CDM,1x2,Away,2.880,lost,-1.0000,https://www.betaminic.com/shootingbets/results/
betaminic,2026-10-02,Czech Republic - 4. Liga,Hlucin,Novy Jicin,1x2,Home,1.530,lost,-1.0000,https://www.betaminic.com/shootingbets/results/
betaminic,2026-10-02,Jordan - 1st Division,Hayy Al-Amir Hassan,Al Hashemeya,1x2,Away,3.800,lost,-1.0000,https://www.betaminic.com/shootingbets/results/
betaminic,2026-10-02,Burkina Faso - Premier League,Salitas FC,Real du Faso,1x2,Away,3.500,won,2.5000,https://www.betaminic.com/shootingbets/results/
betaminic,2026-10-02,Finland - Kakkonen,Ilves II,Huima/Urho,1x2,Home,1.800,won,0.8000,https://www.betaminic.com/shootingbets/results/
betaminic,2026-10-02,Club Friendlies,Aarau,Young Boys,1x2,Home,5.500,lost,-1.0000,https://www.betaminic.com/shootingbets/results/
betaminic,2026-10-02,Club Friendlies,MFK Karvina,Stal Rzeszow,1x2,Home,2.100,lost,-1.0000,https://www.betaminic.com/shootingbets/results/
betaminic,2026-10-02,Club Friendlies,Eintracht Frankfurt,Eintracht Braunschweig,1x2,Away,7.000,lost,-1.0000,https://www.betaminic.com/shootingbets/results/
betaminic,2026-10-02,Poland - U19 League,Zaglebie Lubin,Wisla Krakow,1x2,Away,2.630,lost,-1.0000,https://www.betaminic.com/shootingbets/results/
betaminic,2026-10-02,Club Friendlies,HNK Gorica,Bravo,1x2,Home,2.880,lost,-1.0000,https://www.betaminic.com/shootingbets/results/
betaminic,2026-10-02,Club Friendlies,Frosinone,Benevento,over_under_25,Over,1.700,won,0.7000,https://www.betaminic.com/shootingbets/results/
betaminic,2026-10-02,Club Friendlies,Sigma Olomouc,Zilina,1x2,Home,2.050,won,1.0500,https://www.betaminic.com/shootingbets/results/
betaminic,2026-10-02,Club Friendlies,Augsburg,Hertha BSC,1x2,Away,3.500,lost,-1.0000,https://www.betaminic.com/shootingbets/results/
betaminic,2026-10-02,Club Friendlies,Sparta Prague,Vysocina Jihlava,1x2,Home,1.420,won,0.4200,https://www.betaminic.com/shootingbets/results/
betaminic,2026-10-02,Club Friendlies,FC Lugano,Hellas Verona,1x2,Home,2.550,lost,-1.0000,https://www.betaminic.com/shootingbets/results/
betaminic,2026-10-02,Club Friendlies,Admira Wacker,Austria Vienna,1x2,Home,5.750,lost,-1.0000,https://www.betaminic.com/shootingbets/results/
betaminic,2026-10-02,Club Friendlies,Sudtirol,Wacker Innsbruck,1x2,Away,4.500,won,3.5000,https://www.betaminic.com/shootingbets/results/
betaminic,2026-10-02,Algeria - U20 League,MO Constantine,IRC Setif,1x2,Home,3.000,won,2.0000,https://www.betaminic.com/shootingbets/results/
betaminic,2026-10-02,Club Friendlies,Arsenal Ceska Lipa,Usti nad Labem,1x2,Home,3.250,lost,-1.0000,https://www.betaminic.com/shootingbets/results/
betaminic,2026-10-02,Asian Games - Women,China,South Korea,1x2,Home,4.500,lost,-1.0000,https://www.betaminic.com/shootingbets/results/
betaminic,2026-10-01,Argentina - Reserve League,Argentino de Rosario,Club Lujan,1x2,Away,2.050,lost,-1.0000,https://www.betaminic.com/shootingbets/results/
betaminic,2026-10-01,Club Friendlies,Atert Bissen,RFC Liege,1x2,Home,3.500,lost,-1.0000,https://www.betaminic.com/shootingbets/results/
betaminic,2026-10-01,Jordan - 1st Division,Jerash SC,Al-Ahli Amman,1x2,Home,2.450,won,1.4500,https://www.betaminic.com/shootingbets/results/
betaminic,2026-10-01,Israel - Liga Bet,Givat Olga,Maccabi Ironi Kfar Yona,over_under_25,Under,2.350,won,1.3500,https://www.betaminic.com/shootingbets/results/
betaminic,2026-10-01,Poland - 4th Liga,Przemsza Siewierz,Rozwoj Katowice,over_under_25,Under,3.400,lost,-1.0000,https://www.betaminic.com/shootingbets/results/
betaminic,2026-10-01,Oman - Cup,Al-Nasr,Samail,over_under_25,Under,2.350,lost,-1.0000,https://www.betaminic.com/shootingbets/results/
betaminic,2026-10-01,Israel - Liga Alef,Hapoel Ihud Bnei Jatt,Maccabi Nujeidat Ahmed,1x2,Away,2.000,lost,-1.0000,https://www.betaminic.com/shootingbets/results/
betaminic,2026-10-01,Malawi - League Women,Mighty Wanderers Queens,Ascent Academy,over_under_25,Under,2.000,lost,-1.0000,https://www.betaminic.com/shootingbets/results/
betaminic,2026-10-01,Israel - Liga Bet,FC Kababir,Tzofi Haifa,over_under_25,Under,2.000,lost,-1.0000,https://www.betaminic.com/shootingbets/results/
betaminic,2026-10-01,Kenya - Premier League,Mombasa United,Kariobangi Sharks,1x2,Away,3.000,lost,-1.0000,https://www.betaminic.com/shootingbets/results/
betaminic,2026-10-01,Guatemala - Primera Division de Ascenso,Nueva Santa Rosa,Mictlan,1x2,Draw,3.500,lost,-1.0000,https://www.betaminic.com/shootingbets/results/
betaminic,2026-09-30,Bolivia - Liga Nacional U19,Club Independiente Petrolero,Real Tomayapo,over_under_25,Under,2.630,lost,-1.0000,https://www.betaminic.com/shootingbets/results/
betaminic,2026-09-30,England - Southern League Division 1,Exmouth Town,Weymouth,1x2,Away,1.900,won,0.9000,https://www.betaminic.com/shootingbets/results/
betaminic,2026-09-30,England - Southern League Division 1,Aylesbury United,Waltham Abbey,1x2,Away,1.800,won,0.8000,https://www.betaminic.com/shootingbets/results/
betaminic,2026-09-30,England - Southern League Division 1,Slimbridge,Larkhall Athletic,1x2,Home,2.400,lost,-1.0000,https://www.betaminic.com/shootingbets/results/
betaminic,2026-09-30,Belgium - First Amateur Division,Harelbeke,Hoogstraten VV,1x2,Home,3.200,lost,-1.0000,https://www.betaminic.com/shootingbets/results/
betaminic,2026-09-30,Brazil - Carioca A2 U20,America RJ,Cabofriense,1x2,Home,2.200,won,1.2000,https://www.betaminic.com/shootingbets/results/
betaminic,2026-09-30,Spain - Cup Women,CE Europa,Villarreal,1x2,Home,3.400,won,2.4000,https://www.betaminic.com/shootingbets/results/
betaminic,2026-09-30,UEFA - Europa Cup Women,Malmo,St. Polten,1x2,Home,1.570,won,0.5700,https://www.betaminic.com/shootingbets/results/
betaminic,2026-09-30,UEFA - Europa Cup Women,Czarni Sosnowiec,Breidablik,1x2,Away,4.200,lost,-1.0000,https://www.betaminic.com/shootingbets/results/
betaminic,2026-09-30,Sweden - Division 2,Umeaa Akademi,IFK Umea,1x2,Home,1.400,won,0.4000,https://www.betaminic.com/shootingbets/results/
betaminic,2026-09-30,Finland - Kolmonen,SibboV,JaPS II,1x2,Away,4.100,won,3.1000,https://www.betaminic.com/shootingbets/results/
betaminic,2026-09-30,Slovenia - 3. SNL,Dobrovce,Hajdina,1x2,Home,3.000,lost,-1.0000,https://www.betaminic.com/shootingbets/results/
betaminic,2026-09-30,Spain - Cup Women,Levante,Alhama,over_under_25,Under,2.100,lost,-1.0000,https://www.betaminic.com/shootingbets/results/
betaminic,2026-09-30,UEFA - Europa Cup Women,Spartak Myjava,PAOK,1x2,Away,2.380,lost,-1.0000,https://www.betaminic.com/shootingbets/results/
betaminic,2026-09-30,Spain - Cup Women,Sporting de Huelva,Cordoba,1x2,Home,1.670,won,0.6700,https://www.betaminic.com/shootingbets/results/
betaminic,2026-09-30,Israel - Liga Alef,Hapoel Bnei Musmus,Maccabi Kiryat Ata-Bialik,1x2,Away,1.750,lost,-1.0000,https://www.betaminic.com/shootingbets/results/
betaminic,2026-09-30,International - Friendlies,Seychelles,Sri Lanka,1x2,Away,2.300,won,1.3000,https://www.betaminic.com/shootingbets/results/
betaminic,2026-09-30,International - Friendlies,Papua New Guinea,Solomon Islands,1x2,Away,2.450,lost,-1.0000,https://www.betaminic.com/shootingbets/results/
betaminic,2026-09-29,Bolivia - Cup,Universitario de Vinto,Guabira,1x2,Home,2.150,won,1.1500,https://www.betaminic.com/shootingbets/results/
betaminic,2026-09-29,Northern Ireland - Conference Premier,Dergview,Dollingstown,1x2,Home,2.500,won,1.5000,https://www.betaminic.com/shootingbets/results/
betaminic,2026-09-29,England - Isthmian Division 1 North,Fakenham Town,Felixstowe and Walton United,1x2,Away,1.670,lost,-1.0000,https://www.betaminic.com/shootingbets/results/
betaminic,2026-09-29,England - Northern League Division 1,Beverley Town,Lincoln United,1x2,Home,2.300,lost,-1.0000,https://www.betaminic.com/shootingbets/results/
betaminic,2026-09-29,England - Northern League Division 1,Matlock Town,Bradford Park Avenue,1x2,Away,2.900,won,1.9000,https://www.betaminic.com/shootingbets/results/
betaminic,2026-09-29,England - Northern League Division 1,West Auckland Town,Ashington,1x2,Home,2.100,won,1.1000,https://www.betaminic.com/shootingbets/results/
betaminic,2026-09-29,England - Northern League Division 1,Bedworth United,Grantham Town,1x2,Home,2.150,won,1.1500,https://www.betaminic.com/shootingbets/results/
betaminic,2026-09-29,England - Northern League Division 1,Wythenshawe FC,Padiham,1x2,Home,1.730,lost,-1.0000,https://www.betaminic.com/shootingbets/results/
betaminic,2026-09-29,England - Southern League Division 1,Thame United,Beaconsfield Town,1x2,Home,1.730,won,0.7300,https://www.betaminic.com/shootingbets/results/
betaminic,2026-09-29,Argentina - Primera C Metropolitana,Deportivo Muniz,Club El Porvenir,over_under_25,Over,2.300,won,1.3000,https://www.betaminic.com/shootingbets/results/
betaminic,2026-09-29,Qatar - Stars Cup,Al Markhiya,Al Ahli Doha,1x2,Away,2.050,lost,-1.0000,https://www.betaminic.com/shootingbets/results/
betaminic,2026-09-29,Japan - League Cup,Sagan Tosu,Tokyo Verdy,1x2,Home,3.200,lost,-1.0000,https://www.betaminic.com/shootingbets/results/
betaminic,2026-09-29,Japan - League Cup,Montedio Yamagata,Yokohama F. Marinos,1x2,Away,1.570,won,0.5700,https://www.betaminic.com/shootingbets/results/
betaminic,2026-09-28,Honduras - Reserve League,Choloma,Estrella Roja,1x2,Away,2.500,lost,-1.0000,https://www.betaminic.com/shootingbets/results/
betaminic,2026-09-28,Paraguay - Division Intermedia,Atletico Tembetary,Paraguari AC,1x2,Home,3.100,won,2.1000,https://www.betaminic.com/shootingbets/results/
betaminic,2026-09-28,Paraguay - Reserve League,Sportivo Luqueno,Club Guarani,over_under_25,Under,2.200,lost,-1.0000,https://www.betaminic.com/shootingbets/results/
betaminic,2026-09-28,Argentina - Primera C Metropolitana,Centro Espanol,Defensores de Cambaceres,1x2,Away,5.500,lost,-1.0000,https://www.betaminic.com/shootingbets/results/
betaminic,2026-09-28,Slovenia - 2. SNL,Rudar Velenje,Dravinja,1x2,Away,3.500,lost,-1.0000,https://www.betaminic.com/shootingbets/results/
betaminic,2026-09-28,Serbia - Prva Liga,FK Bor 1919,Metalac Gornji Milanovac,1x2,Away,2.800,won,1.8000,https://www.betaminic.com/shootingbets/results/
betaminic,2026-09-28,Serbia - Prva Liga,Graficar,Teleoptik,1x2,Home,1.850,won,0.8500,https://www.betaminic.com/shootingbets/results/
betaminic,2026-09-28,FIFA - ASEAN Cup Division 1,Malaysia,Indonesia,1x2,Home,4.750,lost,-1.0000,https://www.betaminic.com/shootingbets/results/
betaminic,2026-09-28,Ukraine - Persha Liga,Polissya Zhytomyr II,Kolos Kovalivka II,over_under_25,Over,2.200,won,1.2000,https://www.betaminic.com/shootingbets/results/
betaminic,2026-09-28,International - Friendlies U19,Kazakhstan,Switzerland,1x2,Home,5.750,lost,-1.0000,https://www.betaminic.com/shootingbets/results/
betaminic,2026-09-28,China - U20 League,Jiangxi Lushan,Qingdao Hainiu,1x2,Home,2.050,lost,-1.0000,https://www.betaminic.com/shootingbets/results/
betaminic,2026-09-28,CONCACAF - Nations League A,Trinidad and Tobago,Dominican Republic,1x2,Away,3.000,won,2.0000,https://www.betaminic.com/shootingbets/results/
betaminic,2026-09-28,CONCACAF - Nations League B,Dominica,Puerto Rico,1x2,Away,2.100,won,1.1000,https://www.betaminic.com/shootingbets/results/
betaminic,2026-09-27,Mexico - Liga TDP,CeFor Chiapas,Jaguares de Chiapas FC II,1x2,Away,2.900,lost,-1.0000,https://www.betaminic.com/shootingbets/results/
betaminic,2026-09-27,Guatemala - Primera Division de Ascenso,Fraijanes,Sayaxche,1x2,Home,2.300,lost,-1.0000,https://www.betaminic.com/shootingbets/results/
betaminic,2026-09-27,Uruguay - Primera Division Amateur,Mar de Fondo,Sud America,1x2,Home,2.550,lost,-1.0000,https://www.betaminic.com/shootingbets/results/
betaminic,2026-09-27,Brazil - Gaucho 2,Aimore,Esportvo Bento Goncalves,1x2,Home,2.100,lost,-1.0000,https://www.betaminic.com/shootingbets/results/
betaminic,2026-09-27,Brazil - Gaucho 2,Gaucho,Santa Cruz RS,1x2,Home,2.630,lost,-1.0000,https://www.betaminic.com/shootingbets/results/
betaminic,2026-09-27,Brazil - Carioca B2,Santa Cruz RJ,Cardoso Moreira,1x2,Away,2.400,lost,-1.0000,https://www.betaminic.com/shootingbets/results/
betaminic,2026-09-27,Argentina - Primera Division Women,San Luis FC,Lanus,over_under_25,Over,2.150,lost,-1.0000,https://www.betaminic.com/shootingbets/results/
betaminic,2026-09-27,Argentina - Primera C Metropolitana,Canuelas,CA Fenix,1x2,Away,13.000,lost,-1.0000,https://www.betaminic.com/shootingbets/results/
betaminic,2026-09-27,Mexico - U19 League,Necaxa,Club America,1x2,Home,2.630,lost,-1.0000,https://www.betaminic.com/shootingbets/results/
betaminic,2026-09-27,Mexico - Liga Premier,H20 Purepechas,Los Cabos United,1x2,Away,2.250,won,1.2500,https://www.betaminic.com/shootingbets/results/
betaminic,2026-09-27,Guatemala - Primera Division de Ascenso,Mictlan,Sacachispas,1x2,Home,2.200,lost,-1.0000,https://www.betaminic.com/shootingbets/results/
betaminic,2026-09-27,Guatemala - Primera Division de Ascenso,Santa Lucia Cotzumalguapa,Huehuetecos,1x2,Home,1.850,lost,-1.0000,https://www.betaminic.com/shootingbets/results/
betaminic,2026-09-27,Bulgaria - Second League,Hebar,Dobrudzha Dobrich,1x2,Away,8.000,won,7.0000,https://www.betaminic.com/shootingbets/results/
betaminic,2026-09-27,Turkey - 2nd League,Adana Demirspor,Erbaaspor,1x2,Away,1.800,won,0.8000,https://www.betaminic.com/shootingbets/results/
betaminic,2026-09-27,Hungary - NB 2 Women,Budaorsi,Godolloi SK,1x2,Home,1.730,won,0.7300,https://www.betaminic.com/shootingbets/results/
betaminic,2026-09-27,Spain - Tercera Division,Torrijos,Quintanar Del Rey,1x2,Away,3.100,lost,-1.0000,https://www.betaminic.com/shootingbets/results/
betaminic,2026-09-27,Finland - Kolmonen,ACE,Ylojarvi United,1x2,Away,2.630,lost,-1.0000,https://www.betaminic.com/shootingbets/results/
betaminic,2026-09-27,Finland - Kolmonen,VJS II,Toolon Taisto,1x2,Home,1.800,won,0.8000,https://www.betaminic.com/shootingbets/results/
betaminic,2026-09-27,Portugal - Campeonato de Portugal Prio,SC Mineiro Aljustrelense,Alcochetense,1x2,Away,2.300,won,1.3000,https://www.betaminic.com/shootingbets/results/
betaminic,2026-09-27,Finland - Kolmonen,Villan Pojat,HauPa,1x2,Away,3.900,lost,-1.0000,https://www.betaminic.com/shootingbets/results/
betaminic,2026-09-27,Italy - Serie D,Virtus Francavilla,Gladiator,1x2,Home,1.670,won,0.6700,https://www.betaminic.com/shootingbets/results/
betaminic,2026-09-27,Sweden - Division 2,Sleipner,FOC Farsta,1x2,Away,3.250,lost,-1.0000,https://www.betaminic.com/shootingbets/results/
betaminic,2026-09-27,Finland - Kolmonen,EPS/Reservi,LePa,1x2,Away,6.250,lost,-1.0000,https://www.betaminic.com/shootingbets/results/
betaminic,2026-09-27,Tunisia - League 2,EGS Gafsa,AS Kasserine,1x2,Away,2.880,won,1.8800,https://www.betaminic.com/shootingbets/results/
betaminic,2026-09-27,Portugal - Campeonato de Portugal Prio,Alverca B,Fazendense,1x2,Home,2.100,won,1.1000,https://www.betaminic.com/shootingbets/results/
betaminic,2026-09-27,Portugal - Campeonato de Portugal Prio,O Elvas,Sertanense,1x2,Home,2.150,won,1.1500,https://www.betaminic.com/shootingbets/results/
betaminic,2026-09-27,Poland - 4th Liga,UKS Pionier Bransk,Ruch Wysokie Mazowieckie,over_under_25,Under,3.750,won,2.7500,https://www.betaminic.com/shootingbets/results/
betaminic,2026-09-27,Spain - Tercera Division,Pontevedra II,Arenteiro,1x2,Away,3.600,lost,-1.0000,https://www.betaminic.com/shootingbets/results/
betaminic,2026-09-27,Slovakia - 3. Liga,Sokol Medzibrod,Rimavska Sobota,1x2,Away,2.500,lost,-1.0000,https://www.betaminic.com/shootingbets/results/
betaminic,2026-09-27,England - Women Super League 2,Sheffield United,Durham,1x2,Away,2.900,lost,-1.0000,https://www.betaminic.com/shootingbets/results/
betaminic,2026-09-27,Austria - Regionalliga West,Hohenems,Kufstein,1x2,Draw,6.000,lost,-1.0000,https://www.betaminic.com/shootingbets/results/
betaminic,2026-09-27,Czech Republic - 1. Liga Women,Viktoria Plzen,Slovacko,1x2,Away,2.350,won,1.3500,https://www.betaminic.com/shootingbets/results/
betaminic,2026-09-27,England - Women Super League 2,Watford,Sunderland,1x2,Away,1.730,won,0.7300,https://www.betaminic.com/shootingbets/results/
betaminic,2026-09-27,Switzerland - 2. Liga Interregional,Besa Biel/Bienne,Yverdon Sport II,1x2,Home,2.250,lost,-1.0000,https://www.betaminic.com/shootingbets/results/
betaminic,2026-09-27,Belgium - 2nd Amateur Division,Ganshoren,Eupen II,1x2,Home,1.950,won,0.9500,https://www.betaminic.com/shootingbets/results/
betaminic,2026-09-27,Greece - Super League Women,REA,NFC Volos,1x2,Home,2.050,won,1.0500,https://www.betaminic.com/shootingbets/results/
betaminic,2026-09-27,Wales - Premier Womens League,Cardiff Metropolitan,Aberystwyth Town,1x2,Home,2.400,won,1.4000,https://www.betaminic.com/shootingbets/results/
betaminic,2026-09-27,England - National League Cup Women,MK Dons,Abingdon United,1x2,Away,9.000,lost,-1.0000,https://www.betaminic.com/shootingbets/results/
betaminic,2026-09-27,Italy - Serie D,Valenzana,Borgosesia,1x2,Home,2.250,lost,-1.0000,https://www.betaminic.com/shootingbets/results/
betaminic,2026-09-27,Italy - Serie D,Chisola,Ligorna,1x2,Away,2.300,won,1.3000,https://www.betaminic.com/shootingbets/results/
betaminic,2026-09-27,Finland - Kolmonen,Gilla FC,Lohjan Pallo,1x2,Home,1.800,won,0.8000,https://www.betaminic.com/shootingbets/results/
betaminic,2026-09-27,Italy - Serie D,Seravezza,Terranuova Traiana,1x2,Home,1.900,won,0.9000,https://www.betaminic.com/shootingbets/results/
betaminic,2026-09-27,Netherlands - Derde Divisie,Groene Ster,Gemert,1x2,Away,2.880,won,1.8800,https://www.betaminic.com/shootingbets/results/
betaminic,2026-09-27,Turkey - 2nd League,Hatayspor,Arnavutkoy Belediyespor,1x2,Away,6.000,lost,-1.0000,https://www.betaminic.com/shootingbets/results/
betaminic,2026-09-27,Austria - Regionalliga West,Rothis,WSG Tirol II,1x2,Away,2.750,won,1.7500,https://www.betaminic.com/shootingbets/results/
betaminic,2026-09-27,Sweden - Division 2,Franke,Kungsangens,1x2,Away,3.000,lost,-1.0000,https://www.betaminic.com/shootingbets/results/
betaminic,2026-09-27,Sweden - Division 2,Vastra Frolunda,Astorps,1x2,Away,2.700,lost,-1.0000,https://www.betaminic.com/shootingbets/results/
betaminic,2026-09-27,Greece - Super League U19,Iraklis,Asteras Tripolis,1x2,Home,2.550,won,1.5500,https://www.betaminic.com/shootingbets/results/
betaminic,2026-09-27,Denmark - Division 2 Women,Odense Q II,Damso,1x2,Away,8.000,won,7.0000,https://www.betaminic.com/shootingbets/results/
betaminic,2026-09-27,Spain - Regional Leagues,Cabecense,UP Viso,1x2,Home,2.000,won,1.0000,https://www.betaminic.com/shootingbets/results/
betaminic,2026-09-27,Spain - Regional Leagues,Dubra,Negreira,1x2,Away,1.910,won,0.9100,https://www.betaminic.com/shootingbets/results/
betaminic,2026-09-27,Japan - League Cup Women,Nagano Parceiro,Nojima Stella,over_under_25,Under,2.150,won,1.1500,https://www.betaminic.com/shootingbets/results/
betaminic,2026-09-27,Poland - U19 League,Miedz Legnica,Korona Kielce,1x2,Away,3.900,lost,-1.0000,https://www.betaminic.com/shootingbets/results/
betaminic,2026-09-27,Spain - Segunda Federacion Women,Levante Badalona II,Espanyol II,1x2,Home,1.950,won,0.9500,https://www.betaminic.com/shootingbets/results/
betaminic,2026-09-27,Slovakia - 3. Liga,Raca Bratislava,DAC 1904 II,1x2,Home,2.100,lost,-1.0000,https://www.betaminic.com/shootingbets/results/
betaminic,2026-09-27,Hong Kong - HKFA 2. Division,Sui Tung,Yau Tsim Mong,1x2,Home,1.700,lost,-1.0000,https://www.betaminic.com/shootingbets/results/
betaminic,2026-09-27,Japan - Regional League,Nihon University,Aries Toshima,1x2,Home,3.000,lost,-1.0000,https://www.betaminic.com/shootingbets/results/
betaminic,2026-09-27,Japan - Regional League,Shibuya City,Toho Titanium,1x2,Away,1.950,lost,-1.0000,https://www.betaminic.com/shootingbets/results/
betaminic,2026-09-27,Japan - Regional League,KUFC Nankoku,Llamas Kochi,1x2,Home,3.200,won,2.2000,https://www.betaminic.com/shootingbets/results/
betaminic,2026-09-27,New Zealand - National League,Birkenhead United,Cashmere Technical,1x2,Home,2.880,lost,-1.0000,https://www.betaminic.com/shootingbets/results/
betaminic,2026-09-27,Japan - Regional League,Tadotsu FC,MSP Yashima FC,over_under_25,Under,2.630,lost,-1.0000,https://www.betaminic.com/shootingbets/results/
betaminic,2026-09-27,Puerto Rico - National League,Guaynabo Gol SC,Taurinos,over_under_25,Under,2.750,lost,-1.0000,https://www.betaminic.com/shootingbets/results/
betaminic,2026-09-26,Mexico - Liga TDP,Selva Canera,Zapata FC,1x2,Away,2.700,lost,-1.0000,https://www.betaminic.com/shootingbets/results/
betaminic,2026-09-26,Mexico - Liga TDP,Ejidatarios de Bonfil,Deportiva Venados II,1x2,Away,3.000,lost,-1.0000,https://www.betaminic.com/shootingbets/results/
betaminic,2026-09-26,Dominican Republic - Liga Mayor,Delfines Del Este,Atlantico,over_under_25,Under,2.350,lost,-1.0000,https://www.betaminic.com/shootingbets/results/
betaminic,2026-09-26,Brazil - Copa Santa Catarina,Blumenau,Marcilio Dias,1x2,Away,2.500,lost,-1.0000,https://www.betaminic.com/shootingbets/results/
betaminic,2026-09-26,UEFA - Nations League B,North Macedonia,Switzerland,over_under_25,Over,1.950,won,0.9500,https://www.betaminic.com/shootingbets/results/
betaminic,2026-09-26,Brazil - Goiano 2,Goiania,Tupy GO,1x2,Home,1.900,lost,-1.0000,https://www.betaminic.com/shootingbets/results/
betaminic,2026-09-26,Brazil - Carioca U20,Portuguesa RJ,Bangu,1x2,Away,2.900,won,1.9000,https://www.betaminic.com/shootingbets/results/
betaminic,2026-09-26,Mexico - U19 League,Cruz Azul,Deportivo Toluca,1x2,Away,1.850,won,0.8500,https://www.betaminic.com/shootingbets/results/
betaminic,2026-09-26,Norway - 3rd Division,Lokomotiv Oslo,Gamle Oslo,1x2,Home,4.330,won,3.3300,https://www.betaminic.com/shootingbets/results/
betaminic,2026-09-26,Spain - Primera Federacion Women,Alhama,Albacete,1x2,Home,1.800,won,0.8000,https://www.betaminic.com/shootingbets/results/
betaminic,2026-09-26,Poland - 3rd Liga,LKS Barycz Sulow,Zaglebie Lubin II,1x2,Home,2.700,lost,-1.0000,https://www.betaminic.com/shootingbets/results/
betaminic,2026-09-26,Jordan - 1st Division,Al Hashemeya,Jerash SC,1x2,Away,2.550,won,1.5500,https://www.betaminic.com/shootingbets/results/
betaminic,2026-09-26,Switzerland - 2. Liga Interregional,Ajoie-Monterri,FC Farvagny-Ogoz,1x2,Away,3.100,won,2.1000,https://www.betaminic.com/shootingbets/results/
betaminic,2026-09-26,Finland - Kakkonen Group B,MuSa,NJS,1x2,Home,1.800,won,0.8000,https://www.betaminic.com/shootingbets/results/
betaminic,2026-09-26,Ghana - Premier League,Karela United,Hearts of Oak,1x2,Away,3.100,lost,-1.0000,https://www.betaminic.com/shootingbets/results/
betaminic,2026-09-26,Algeria - Ligue 2,NC Magra,US Chaouia,1x2,Away,4.000,lost,-1.0000,https://www.betaminic.com/shootingbets/results/
betaminic,2026-09-26,Algeria - Ligue 2,AS Khroub,USM Annaba,1x2,Home,3.700,won,2.7000,https://www.betaminic.com/shootingbets/results/
betaminic,2026-09-26,Czech Republic - 3. Liga,Jiskra Domazlice,Dynamo Ceske Budejovice,1x2,Away,3.250,lost,-1.0000,https://www.betaminic.com/shootingbets/results/
betaminic,2026-09-26,Austria - Regionalliga South,Donau Klagenfurt,Wolfsberger AC II,1x2,Home,3.750,lost,-1.0000,https://www.betaminic.com/shootingbets/results/
betaminic,2026-09-26,Netherlands - Eredivisie Women,Feyenoord,PEC Zwolle,1x2,Home,2.050,lost,-1.0000,https://www.betaminic.com/shootingbets/results/
betaminic,2026-09-26,Portugal - U19 Championship,Vizela,Academico Viseu,1x2,Home,2.500,lost,-1.0000,https://www.betaminic.com/shootingbets/results/
betaminic,2026-09-26,England - Isthmian Division 1 North,Gorleston,Cambridge City,1x2,Away,2.880,lost,-1.0000,https://www.betaminic.com/shootingbets/results/
betaminic,2026-09-26,Austria - Regionalliga Ost,Donau,Wiener Sport-Club,1x2,Away,1.650,won,0.6500,https://www.betaminic.com/shootingbets/results/
betaminic,2026-09-26,Austria - Regionalliga Ost,SR Donaufeld,Gloggnitz,1x2,Home,2.150,won,1.1500,https://www.betaminic.com/shootingbets/results/
betaminic,2026-09-26,Hungary - NB 3,Budafoki MTE,Dunaharaszti MTK,over_under_25,Under,2.630,lost,-1.0000,https://www.betaminic.com/shootingbets/results/
betaminic,2026-09-26,Poland - 3rd Liga,Victoria Wrzesnia,Lipno Steszew,1x2,Away,3.100,lost,-1.0000,https://www.betaminic.com/shootingbets/results/
betaminic,2026-09-26,Austria - Landesliga,Furstenfeld,Ilzer SV,1x2,Home,3.250,lost,-1.0000,https://www.betaminic.com/shootingbets/results/
betaminic,2026-09-26,Scotland - Lowland League,Auchinleck Talbot,Cumnock Juniors,1x2,Away,4.500,lost,-1.0000,https://www.betaminic.com/shootingbets/results/
betaminic,2026-09-26,Slovenia - 3. SNL,NK Fuzinar,NK Ormoz,1x2,Home,2.700,won,1.7000,https://www.betaminic.com/shootingbets/results/
betaminic,2026-09-26,Sweden - Elitettan Women,Alingsas,Trelleborgs,1x2,Home,3.300,lost,-1.0000,https://www.betaminic.com/shootingbets/results/
betaminic,2026-09-26,Scotland - Highland League,Lossiemouth,Wick Academy,1x2,Away,3.900,won,2.9000,https://www.betaminic.com/shootingbets/results/
betaminic,2026-09-26,England - FA Trophy,Hyde United,FC United of Manchester,1x2,Away,3.600,lost,-1.0000,https://www.betaminic.com/shootingbets/results/
betaminic,2026-09-26,Serbia - Prva Liga,Borac Cacak,TSC,1x2,Away,2.400,lost,-1.0000,https://www.betaminic.com/shootingbets/results/
betaminic,2026-09-26,Scotland - Challenge Cup,Cowdenbeath,Clyde,1x2,Home,4.200,lost,-1.0000,https://www.betaminic.com/shootingbets/results/
betaminic,2026-09-26,Spain - Segunda Federacion Women,Cacereno II,Almeria,1x2,Home,2.500,won,1.5000,https://www.betaminic.com/shootingbets/results/
betaminic,2026-09-26,England - FA Trophy,Curzon Ashton,Stalybridge Celtic,1x2,Away,4.750,lost,-1.0000,https://www.betaminic.com/shootingbets/results/
betaminic,2026-09-26,Poland - 4th Liga,Legion Pilzno,Ekoball Stal Sanok,over_under_25,Under,2.630,won,1.6300,https://www.betaminic.com/shootingbets/results/
betaminic,2026-09-26,Switzerland - Promotion League,FC Zurich II,Grand-Saconnex,1x2,Away,1.700,won,0.7000,https://www.betaminic.com/shootingbets/results/
betaminic,2026-09-26,Portugal - Campeonato de Portugal Prio,Real Queluz,Serpa,1x2,Away,3.000,lost,-1.0000,https://www.betaminic.com/shootingbets/results/
betaminic,2026-09-26,Switzerland - Promotion League,Young Boys II,Basel II,1x2,Home,2.200,lost,-1.0000,https://www.betaminic.com/shootingbets/results/
betaminic,2026-09-26,Wales - Premier League,Penybont,Airbus UK Broughton,1x2,Away,2.600,lost,-1.0000,https://www.betaminic.com/shootingbets/results/
betaminic,2026-09-26,Netherlands - Tweede Divisie,Jong Sparta Rotterdam,HSV Hoek,1x2,Home,2.750,won,1.7500,https://www.betaminic.com/shootingbets/results/
betaminic,2026-09-26,Brazil - Carioca U20,Flamengo,Fluminense,1x2,Draw,3.300,lost,-1.0000,https://www.betaminic.com/shootingbets/results/
betaminic,2026-09-26,Austria - Bundesliga Women,Rapid Vienna,Salzburg,1x2,Away,2.880,won,1.8800,https://www.betaminic.com/shootingbets/results/
betaminic,2026-09-26,Netherlands - Tweede Divisie,IJsselmeervogels,Rijnsburgse Boys,1x2,Home,2.380,won,1.3800,https://www.betaminic.com/shootingbets/results/
betaminic,2026-09-26,Italy - Primavera 3 U19,FC Arzignano Valchiampo,Vis Pesaro,1x2,Home,1.800,lost,-1.0000,https://www.betaminic.com/shootingbets/results/
betaminic,2026-09-26,Turkey - 2nd League,Inegol Kafkasspor,Kastamonuspor,1x2,Home,2.000,won,1.0000,https://www.betaminic.com/shootingbets/results/
betaminic,2026-09-26,Denmark - 3rd Division,Holstebro,Ishoj,1x2,Away,3.250,won,2.2500,https://www.betaminic.com/shootingbets/results/
betaminic,2026-09-26,Norway - 3rd Division,Byasen,Orkla,1x2,Away,7.000,lost,-1.0000,https://www.betaminic.com/shootingbets/results/
betaminic,2026-09-26,Indonesia - Championship,Persipura Jayapura,Persis Solo,1x2,Home,2.500,lost,-1.0000,https://www.betaminic.com/shootingbets/results/
betaminic,2026-09-26,Finland - Kolmonen,Kumu,LAUTP,1x2,Home,3.600,lost,-1.0000,https://www.betaminic.com/shootingbets/results/
betaminic,2026-09-26,Sweden - Elitettan Women,Enskede,KIF Orebro,1x2,Away,1.530,won,0.5300,https://www.betaminic.com/shootingbets/results/
betaminic,2026-09-26,Finland - Kansallinen Women,KuPS,HJK Helsinki,over_under_25,Over,1.800,lost,-1.0000,https://www.betaminic.com/shootingbets/results/
betaminic,2026-09-26,Finland - Kolmonen,KPV Akatemia,SIF,1x2,Home,4.000,lost,-1.0000,https://www.betaminic.com/shootingbets/results/
betaminic,2026-09-26,Spain - Primera Division Women,FC Badalona,Granada,1x2,Home,1.830,lost,-1.0000,https://www.betaminic.com/shootingbets/results/
betaminic,2026-09-26,China - U20 League,Tianjin Jinmen Tiger,Shaanxi Union,1x2,Away,2.250,lost,-1.0000,https://www.betaminic.com/shootingbets/results/
betaminic,2026-09-26,Netherlands - U21 Divisie,Vitesse Arnhem,Fortuna Sittard,1x2,Home,1.830,won,0.8300,https://www.betaminic.com/shootingbets/results/
betaminic,2026-09-26,Denmark - Denmark Series,Glostrup,Nerashte Ballerup,1x2,Away,9.000,lost,-1.0000,https://www.betaminic.com/shootingbets/results/
betaminic,2026-09-26,Netherlands - U21 Divisie,Alphense Boys,Quick Boys,1x2,Home,4.200,lost,-1.0000,https://www.betaminic.com/shootingbets/results/
betaminic,2026-09-26,Poland - 3rd Liga,Korona Kielce II,Wieczysta Krakow II,1x2,Home,2.200,won,1.2000,https://www.betaminic.com/shootingbets/results/
betaminic,2026-09-26,Italy - Primavera 3 U19,Arezzo,Sorrento,1x2,Away,2.880,won,1.8800,https://www.betaminic.com/shootingbets/results/
betaminic,2026-09-26,Czech Republic - U19 League,SFC Opava,Slovacko,over_under_25,Under,3.750,lost,-1.0000,https://www.betaminic.com/shootingbets/results/
betaminic,2026-09-26,Czech Republic - U19 League,Hradec Kralove,Dukla Prague,over_under_25,Under,3.400,won,2.4000,https://www.betaminic.com/shootingbets/results/
betaminic,2026-09-26,Club Friendlies,Sepsi,Gloria Bistrita,1x2,Away,8.500,lost,-1.0000,https://www.betaminic.com/shootingbets/results/
betaminic,2026-09-26,Mongolia - Premier League,Khaan Khuns-Erchim FC,Khovd Club,1x2,Away,1.950,won,0.9500,https://www.betaminic.com/shootingbets/results/
betaminic,2026-09-26,New Zealand - National Womens League,West Coast Rangers,Eastern Suburbs AFC,1x2,Away,1.910,won,0.9100,https://www.betaminic.com/shootingbets/results/
betaminic,2026-09-26,New Zealand - National Womens League,Waterside Karori,Fencibles United,1x2,Home,3.200,lost,-1.0000,https://www.betaminic.com/shootingbets/results/
betaminic,2026-09-25,Mexico - Liga TDP,UDS,Academia Dragones FC,1x2,Home,2.300,lost,-1.0000,https://www.betaminic.com/shootingbets/results/
betaminic,2026-09-25,Scotland - Challenge Cup,Spartans,Dundee B,over_under_25,Under,3.400,won,2.4000,https://www.betaminic.com/shootingbets/results/
betaminic,2026-09-25,England - FA Trophy,Biggleswade,Three Bridges,1x2,Home,2.380,lost,-1.0000,https://www.betaminic.com/shootingbets/results/
betaminic,2026-09-25,Ireland - Leinster Senior League,Wayside Celtic,Tolka Rovers,1x2,Away,10.000,won,9.0000,https://www.betaminic.com/shootingbets/results/
betaminic,2026-09-25,Northern Ireland - Championship,Rathfriland Rangers,Warrenpoint Town,1x2,Home,3.700,lost,-1.0000,https://www.betaminic.com/shootingbets/results/
betaminic,2026-09-25,Argentina - Liga Pro Reserves,San Martin de San Juan,Godoy Cruz,1x2,Away,1.730,won,0.7300,https://www.betaminic.com/shootingbets/results/
betaminic,2026-09-25,Poland - 4th Liga,Tecza Biskupiec,MKS Elk,over_under_25,Under,2.750,lost,-1.0000,https://www.betaminic.com/shootingbets/results/
betaminic,2026-09-25,Switzerland - 2. Liga Interregional,FC Concordia Lausanne,Stade Lausanne-Ouchy II,1x2,Away,2.300,lost,-1.0000,https://www.betaminic.com/shootingbets/results/
betaminic,2026-09-25,Brazil - Paulista U20,Santo Andre,Sertaozinho,1x2,Home,1.850,won,0.8500,https://www.betaminic.com/shootingbets/results/
betaminic,2026-09-25,Brazil - Paulista U20,Sfera,XV de Piracicaba,1x2,Home,2.000,won,1.0000,https://www.betaminic.com/shootingbets/results/
betaminic,2026-09-25,Brazil - Carioca B1,AA Carapebus,Sao Cristovao,1x2,Home,7.500,lost,-1.0000,https://www.betaminic.com/shootingbets/results/
betaminic,2026-09-25,Czech Republic - 4. Liga,SK Batov,Nove Sady,1x2,Home,2.250,lost,-1.0000,https://www.betaminic.com/shootingbets/results/
betaminic,2026-09-25,Mexico - Liga TDP,Correcaminos de la UAT III,Fut-Car,1x2,Away,3.600,lost,-1.0000,https://www.betaminic.com/shootingbets/results/
betaminic,2026-09-25,Peru - Primera Division Women,Killas,Flamengo FBC,1x2,Home,2.750,won,1.7500,https://www.betaminic.com/shootingbets/results/
betaminic,2026-09-25,Finland - Kolmonen,NoPS,TPV II,1x2,Home,2.250,lost,-1.0000,https://www.betaminic.com/shootingbets/results/
betaminic,2026-09-25,Panama - Liga Prom,Academia Costa del Este,Potros del Este,over_under_25,Under,2.350,lost,-1.0000,https://www.betaminic.com/shootingbets/results/
betaminic,2026-09-25,Slovakia - 3. Liga,Slavia TU Kosice,Spartak Medzev,1x2,Home,2.500,won,1.5000,https://www.betaminic.com/shootingbets/results/
betaminic,2026-09-25,England - Professional Development League U21,Barnsley,Sheffield United,1x2,Away,2.550,won,1.5500,https://www.betaminic.com/shootingbets/results/
betaminic,2026-09-24,Brazil - Paraibano 2,Santa Rita PB,Serrano PB,1x2,Home,2.000,won,1.0000,https://www.betaminic.com/shootingbets/results/
betaminic,2026-09-24,Costa Rica - Ascenso,Cariari Pococi,Pitbulls,1x2,Home,2.380,won,1.3800,https://www.betaminic.com/shootingbets/results/
betaminic,2026-09-24,Switzerland - 2. Liga Interregional,FC Bole,Champagne Sport,1x2,Home,3.600,lost,-1.0000,https://www.betaminic.com/shootingbets/results/
betaminic,2026-09-24,Norway - U19 League,Follo,Lillehammer,1x2,Home,1.620,won,0.6200,https://www.betaminic.com/shootingbets/results/
betaminic,2026-09-24,Finland - Kolmonen,MPS,SexyPoxyt,1x2,Away,2.630,lost,-1.0000,https://www.betaminic.com/shootingbets/results/
betaminic,2026-09-24,Israel - Liga Alef,Hapoel Migdal Haemeq,Hapoel Nof Hagalil,1x2,Away,2.500,won,1.5000,https://www.betaminic.com/shootingbets/results/
betaminic,2026-09-24,Finland - Kolmonen,Kontu,LPS,1x2,Home,3.300,lost,-1.0000,https://www.betaminic.com/shootingbets/results/
betaminic,2026-09-24,Jordan - 1st Division,Al-Ahli Amman,Ma'an,1x2,Home,2.000,lost,-1.0000,https://www.betaminic.com/shootingbets/results/
betaminic,2026-09-24,Estonia - Cup,Elva,Tallinna Kalev,over_under_25,Under,2.500,lost,-1.0000,https://www.betaminic.com/shootingbets/results/
betaminic,2026-09-24,Slovakia - 3. Liga,Podkonice,MFK Ruzomberok II,over_under_25,Under,2.200,lost,-1.0000,https://www.betaminic.com/shootingbets/results/
betaminic,2026-09-24,Israel - Premier League Women,Hapoel Tel Aviv,Hapoel Raanana,1x2,Away,3.500,won,2.5000,https://www.betaminic.com/shootingbets/results/
betaminic,2026-09-24,Israel - Liga Alef,Maccabi Nujeidat Ahmed,Hapoel Ironi Arraba,1x2,Home,2.100,won,1.1000,https://www.betaminic.com/shootingbets/results/
betaminic,2026-09-23,Paraguay - Cup,Club Fernando de La Mora,Libertad Asuncion,1x2,Draw,7.500,won,6.5000,https://www.betaminic.com/shootingbets/results/
betaminic,2026-09-23,Chile - Cup,Curico Unido,Deportes Concepcion,over_under_25,Over,2.200,won,1.2000,https://www.betaminic.com/shootingbets/results/
betaminic,2026-09-23,England - Isthmian Division 1 South Central,Kingstonian,Bedfont,1x2,Home,2.100,won,1.1000,https://www.betaminic.com/shootingbets/results/
betaminic,2026-09-23,UEFA - Europa Cup Women,Hearts,Real Sociedad,1x2,Home,7.500,lost,-1.0000,https://www.betaminic.com/shootingbets/results/
betaminic,2026-09-23,Netherlands - Cup,TOGB,Rohda Raalte,1x2,Home,4.500,lost,-1.0000,https://www.betaminic.com/shootingbets/results/
betaminic,2026-09-23,UEFA - Europa Cup Women,Hammarby,Rangers,1x2,Away,4.750,lost,-1.0000,https://www.betaminic.com/shootingbets/results/
betaminic,2026-09-23,UEFA - Europa Cup Women,Brondby,Sporting CP,1x2,Home,2.900,won,1.9000,https://www.betaminic.com/shootingbets/results/
betaminic,2026-09-23,UEFA - Europa Cup Women,Breidablik,Czarni Sosnowiec,1x2,Home,1.800,lost,-1.0000,https://www.betaminic.com/shootingbets/results/
betaminic,2026-09-23,Club Friendlies,Wiedenbruck,Osnabruck,1x2,Home,8.500,lost,-1.0000,https://www.betaminic.com/shootingbets/results/
betaminic,2026-09-23,UEFA - Europa Cup Women,HJK Helsinki,Brann,1x2,Home,5.750,lost,-1.0000,https://www.betaminic.com/shootingbets/results/
betaminic,2026-09-23,Ghana - Premier League,Dreams,Medeama,over_under_25,Over,1.800,won,0.8000,https://www.betaminic.com/shootingbets/results/
betaminic,2026-09-23,Slovenia - 3. SNL,Videm,Hajdina,1x2,Home,2.000,lost,-1.0000,https://www.betaminic.com/shootingbets/results/
betaminic,2026-09-23,Nigeria - NPFL,Inter Lagos,Kano Pillars,1x2,Away,2.100,lost,-1.0000,https://www.betaminic.com/shootingbets/results/
betaminic,2026-09-23,Italy - Serie B Women,Brescia,Venezia,1x2,Away,5.250,lost,-1.0000,https://www.betaminic.com/shootingbets/results/
betaminic,2026-09-23,Japan - League Cup Women,Omiya Ardija Ventus,Mynavi Sendai,1x2,Home,2.300,lost,-1.0000,https://www.betaminic.com/shootingbets/results/
betaminic,2026-09-22,Paraguay - Cup,2 de Mayo,Club Sol de America,over_under_25,Over,1.950,won,0.9500,https://www.betaminic.com/shootingbets/results/
betaminic,2026-09-22,Honduras - Reserve League,Real Espana,Lobos UPNFM,over_under_25,Under,2.500,won,1.5000,https://www.betaminic.com/shootingbets/results/
betaminic,2026-09-22,England - Southern Premier League Central,Rushall Olympic,Kettering Town,1x2,Home,3.100,won,2.1000,https://www.betaminic.com/shootingbets/results/
betaminic,2026-09-22,England - Isthmian Division 1 North,Cambridge City,Witham Town,1x2,Home,1.910,lost,-1.0000,https://www.betaminic.com/shootingbets/results/
betaminic,2026-09-22,England - Isthmian Division 1 South East,South Park,Cray Valley Paper Mills,1x2,Away,3.400,lost,-1.0000,https://www.betaminic.com/shootingbets/results/
betaminic,2026-09-22,England - Isthmian Premier League,Three Bridges,Leatherhead,1x2,Away,3.000,lost,-1.0000,https://www.betaminic.com/shootingbets/results/
betaminic,2026-09-22,England - Southern Premier League Central,Bury Town,Hitchin Town,1x2,Away,7.000,lost,-1.0000,https://www.betaminic.com/shootingbets/results/
betaminic,2026-09-22,England - Isthmian Division 1 North,Takeley,Redbridge,1x2,Home,3.300,lost,-1.0000,https://www.betaminic.com/shootingbets/results/
betaminic,2026-09-22,England - Northern League Division 1,Long Eaton United,Loughborough University,1x2,Away,2.500,won,1.5000,https://www.betaminic.com/shootingbets/results/
betaminic,2026-09-22,England - Northern League Division 1,Nuneaton Town,Grantham Town,1x2,Home,2.200,won,1.2000,https://www.betaminic.com/shootingbets/results/
betaminic,2026-09-22,England - Northern League Division 1,Chasetown,Padiham,1x2,Home,1.750,won,0.7500,https://www.betaminic.com/shootingbets/results/
betaminic,2026-09-22,England - FA Cup Qualification,Chippenham Town,Yate Town,1x2,Home,2.400,lost,-1.0000,https://www.betaminic.com/shootingbets/results/
betaminic,2026-09-22,England - EFL Trophy,Gillingham,Cambridge United,1x2,Away,2.050,won,1.0500,https://www.betaminic.com/shootingbets/results/
betaminic,2026-09-22,Austria - Regionalliga South,Austria Klagenfurt,Donau Klagenfurt,over_under_25,Under,2.750,lost,-1.0000,https://www.betaminic.com/shootingbets/results/
betaminic,2026-09-22,Austria - Regionalliga Ost,Traiskirchen,Kremser,1x2,Home,1.900,won,0.9000,https://www.betaminic.com/shootingbets/results/
betaminic,2026-09-22,UAE - President's Cup,Al Hamriyah,Al-Dhaid,1x2,Home,2.000,lost,-1.0000,https://www.betaminic.com/shootingbets/results/
betaminic,2026-09-22,Uzbekistan - Pro League,TerDU,Gazalkent FK,over_under_25,Over,1.700,won,0.7000,https://www.betaminic.com/shootingbets/results/
betaminic,2026-09-22,Egypt - Cup,Tanta,Sporting Alexandria,over_under_25,Over,2.250,lost,-1.0000,https://www.betaminic.com/shootingbets/results/
betaminic,2026-09-22,CECAFA - U20 Championship,Uganda,Sudan,1x2,Home,1.700,lost,-1.0000,https://www.betaminic.com/shootingbets/results/
betaminic,2026-09-22,China - U20 League,Ningbo Professional,Jiangxi Lushan,1x2,Home,1.900,won,0.9000,https://www.betaminic.com/shootingbets/results/
betaminic,2026-09-22,Mexico - Liga Premier,Reboceros de La Piedad,Irapuato,1x2,Away,2.550,won,1.5500,https://www.betaminic.com/shootingbets/results/
betaminic,2026-09-21,Bolivia - Copa Simon Bolivar,Ingenieros,26 de Febrero Colquiri,over_under_25,Under,2.750,won,1.7500,https://www.betaminic.com/shootingbets/results/
betaminic,2026-09-21,England - Northern League Division 1,Coleshill Town,Sutton Coldfield Town,1x2,Away,2.700,won,1.7000,https://www.betaminic.com/shootingbets/results/
betaminic,2026-09-21,England - Northern League Division 1,St Ives Town,Corby Town,1x2,Home,2.250,won,1.2500,https://www.betaminic.com/shootingbets/results/
betaminic,2026-09-21,Argentina - Primera C Metropolitana,CA Fenix,Deportivo Muniz,1x2,Home,2.250,won,1.2500,https://www.betaminic.com/shootingbets/results/
betaminic,2026-09-21,Norway - 3rd Division,Nardo,Ranheim II,1x2,Home,2.050,won,1.0500,https://www.betaminic.com/shootingbets/results/
betaminic,2026-09-21,Portugal - Nacional Championship Women,Porto,Braga,1x2,Away,2.500,lost,-1.0000,https://www.betaminic.com/shootingbets/results/
betaminic,2026-09-21,Norway - 3rd Division,Brumunddal,Sandefjord II,1x2,Home,7.000,lost,-1.0000,https://www.betaminic.com/shootingbets/results/
betaminic,2026-09-21,COSAFA - U20 Cup,Eswatini,Lesotho,1x2,Home,3.100,won,2.1000,https://www.betaminic.com/shootingbets/results/
betaminic,2026-09-21,Bulgaria - Second League,Dobrudzha Dobrich,CSKA Sofia II,1x2,Home,3.800,lost,-1.0000,https://www.betaminic.com/shootingbets/results/
betaminic,2026-09-21,Qatar - Stars Cup,Umm Salal,Al Kharaitiyat,over_under_25,Over,1.850,lost,-1.0000,https://www.betaminic.com/shootingbets/results/
betaminic,2026-09-21,Estonia - Esiliiga A,Nomme JK Kalju II,Nomme United II,1x2,Away,1.530,won,0.5300,https://www.betaminic.com/shootingbets/results/
betaminic,2026-09-21,Greece - Super League 2,Panthrakikos,Niki Volou,1x2,Home,5.250,won,4.2500,https://www.betaminic.com/shootingbets/results/
betaminic,2026-09-21,COSAFA - U20 Cup,Botswana,Malawi,1x2,Away,2.900,won,1.9000,https://www.betaminic.com/shootingbets/results/
betaminic,2026-09-21,England - Professional Development League U21,Bolton Wanderers,Queens Park Rangers,1x2,Away,3.000,lost,-1.0000,https://www.betaminic.com/shootingbets/results/
betaminic,2026-09-21,China - U20 League,Guangdong GZ-Power,Shandong Taishan,1x2,Away,1.670,won,0.6700,https://www.betaminic.com/shootingbets/results/
betaminic,2026-09-20,Canada - Northern Super League Women,Ottawa Rapid,Calgary Wild,1x2,Away,7.000,lost,-1.0000,https://www.betaminic.com/shootingbets/results/
betaminic,2026-09-20,Andorra - Premier Division,Inter Club d'Escaldes,FC Rangers,1x2,Home,1.850,won,0.8500,https://www.betaminic.com/shootingbets/results/
betaminic,2026-09-20,Argentina - Torneo Federal A,Alvarado,Olimpo Bahia Blanca,1x2,Away,4.330,lost,-1.0000,https://www.betaminic.com/shootingbets/results/
betaminic,2026-09-20,Argentina - Torneo Federal A,Sarmiento de la Banda,Defensores de Belgrano VR,1x2,Away,3.900,won,2.9000,https://www.betaminic.com/shootingbets/results/
betaminic,2026-09-20,Mexico - U19 League,Pachuca,Club Tijuana,1x2,Home,2.100,lost,-1.0000,https://www.betaminic.com/shootingbets/results/
betaminic,2026-09-20,Qatar - Stars Cup,Al Ahli Doha,Al-Shahaniya,1x2,Home,1.670,lost,-1.0000,https://www.betaminic.com/shootingbets/results/
betaminic,2026-09-20,Guatemala - Primera Division de Ascenso,Amatitlan,Juventud Copalera,1x2,Home,3.100,won,2.1000,https://www.betaminic.com/shootingbets/results/
betaminic,2026-09-20,Georgia - Erovnuli Liga,Dinamo Batumi,Torpedo Kutaisi,1x2,Home,2.000,won,1.0000,https://www.betaminic.com/shootingbets/results/
betaminic,2026-09-20,Burkina Faso - Premier League,Rahimo FC,Real du Faso,1x2,Draw,3.400,lost,-1.0000,https://www.betaminic.com/shootingbets/results/
betaminic,2026-09-20,Ghana - Premier League,Hearts of Oak,Bechem United,over_under_25,Over,2.200,lost,-1.0000,https://www.betaminic.com/shootingbets/results/
betaminic,2026-09-20,Spain - Segunda Federacion Women,Arratia,Bizkerre,1x2,Home,2.500,won,1.5000,https://www.betaminic.com/shootingbets/results/
betaminic,2026-09-20,Spain - U19 League,Kelme,San Francisco,over_under_25,Under,2.080,won,1.0800,https://www.betaminic.com/shootingbets/results/
betaminic,2026-09-20,Estonia - Meistriliiga,Narva Trans,Levadia Tallinn,over_under_25,Under,3.300,won,2.3000,https://www.betaminic.com/shootingbets/results/
betaminic,2026-09-20,Hungary - NB 3,Tiszaujvaros,Kisvarda 2,1x2,Away,2.100,won,1.1000,https://www.betaminic.com/shootingbets/results/
betaminic,2026-09-20,Bulgaria - Second League,Marek Dupnitsa,Rilski Sportist,1x2,Home,2.250,lost,-1.0000,https://www.betaminic.com/shootingbets/results/
betaminic,2026-09-20,Austria - Landesliga,Nenzing,Brauerei Egg,1x2,Away,1.900,lost,-1.0000,https://www.betaminic.com/shootingbets/results/
betaminic,2026-09-20,Czech Republic - 4. Liga,Kravare,Bridlicna,1x2,Away,7.000,lost,-1.0000,https://www.betaminic.com/shootingbets/results/
betaminic,2026-09-20,Czech Republic - 4. Liga,Zdas Zdar nad Sazavou,Humpolec,1x2,Home,1.750,lost,-1.0000,https://www.betaminic.com/shootingbets/results/
betaminic,2026-09-20,Brazil - Carioca U20,Boavista RJ,Nova Iguacu,1x2,Home,2.500,won,1.5000,https://www.betaminic.com/shootingbets/results/
betaminic,2026-09-20,Italy - Serie D,Ternana,Tau Altopascio,1x2,Home,2.200,won,1.2000,https://www.betaminic.com/shootingbets/results/
betaminic,2026-09-20,Italy - Serie D,Licata,Ragusa,1x2,Home,2.600,won,1.6000,https://www.betaminic.com/shootingbets/results/
betaminic,2026-09-20,Belgium - 2nd Amateur Division,Eendracht Termien,Sint-Truidense II,1x2,Away,4.500,lost,-1.0000,https://www.betaminic.com/shootingbets/results/
betaminic,2026-09-20,England - National League Premier Women,Norwich City,Stoke City,1x2,Home,10.000,lost,-1.0000,https://www.betaminic.com/shootingbets/results/
betaminic,2026-09-20,Greece - Super League Women,AO Agia Paraskevi,Rethymniakis Enosos,1x2,Away,3.000,lost,-1.0000,https://www.betaminic.com/shootingbets/results/
betaminic,2026-09-20,France - U19 League,Le Havre,Versailles,1x2,Home,2.100,won,1.1000,https://www.betaminic.com/shootingbets/results/
betaminic,2026-09-20,France - U19 League,Stade Briochin,Guingamp,1x2,Away,2.400,won,1.4000,https://www.betaminic.com/shootingbets/results/
betaminic,2026-09-20,France - U19 League,Rouen,US Quevilly,1x2,Away,2.300,lost,-1.0000,https://www.betaminic.com/shootingbets/results/
betaminic,2026-09-20,Italy - Serie D,Villa Valle,AC Milan II,1x2,Away,2.600,won,1.6000,https://www.betaminic.com/shootingbets/results/
betaminic,2026-09-20,Italy - Serie D,Celle Varazze,Ligorna,1x2,Away,2.200,won,1.2000,https://www.betaminic.com/shootingbets/results/
betaminic,2026-09-20,Italy - Serie D,Club Milano,Virtus Ciserano Bergamo,1x2,Away,3.000,won,2.0000,https://www.betaminic.com/shootingbets/results/
betaminic,2026-09-20,Turkey - 3rd League,Etimesgut Belediyespor,Bucaspor 1928,1x2,Home,1.750,won,0.7500,https://www.betaminic.com/shootingbets/results/
betaminic,2026-09-20,Switzerland - 2. Liga Interregional,SC Cham II,Malcantone,over_under_25,Under,2.000,lost,-1.0000,https://www.betaminic.com/shootingbets/results/
betaminic,2026-09-20,Malaysia - FA Cup,DPMM,Kuala Lumpur,1x2,Home,3.400,lost,-1.0000,https://www.betaminic.com/shootingbets/results/
betaminic,2026-09-20,Lithuania - 1 Lyga,Vilnius Zalgiris II,Babrungas Plunge,1x2,Away,1.850,won,0.8500,https://www.betaminic.com/shootingbets/results/
betaminic,2026-09-20,Georgia - Erovnuli Liga 2,Odishi 1919 Zugdidi,Telavi,1x2,Home,2.700,lost,-1.0000,https://www.betaminic.com/shootingbets/results/
betaminic,2026-09-20,Serbia - Prva Liga,Teleoptik,Borac Cacak,1x2,Away,2.630,won,1.6300,https://www.betaminic.com/shootingbets/results/
betaminic,2026-09-20,Netherlands - Derde Divisie,Purmersteijn,ADO '20,1x2,Away,2.400,lost,-1.0000,https://www.betaminic.com/shootingbets/results/
betaminic,2026-09-20,Netherlands - Derde Divisie,USV Hercules,TEC,1x2,Away,2.550,won,1.5500,https://www.betaminic.com/shootingbets/results/
betaminic,2026-09-20,Netherlands - Derde Divisie,Blauw Geel 38,VV Dongen,1x2,Home,2.450,won,1.4500,https://www.betaminic.com/shootingbets/results/
betaminic,2026-09-20,Slovenia - League Women,Radomlje,ZNK Ljubljana,1x2,Home,1.670,won,0.6700,https://www.betaminic.com/shootingbets/results/
betaminic,2026-09-20,Spain - U19 League,Osasuna,SD Huesca,1x2,Away,3.700,lost,-1.0000,https://www.betaminic.com/shootingbets/results/
betaminic,2026-09-20,Spain - Regional Leagues,Union Balompedica Lebrijana,Arcos CF,1x2,Home,2.200,lost,-1.0000,https://www.betaminic.com/shootingbets/results/
betaminic,2026-09-20,Spain - Tercera Division,Torrent,Atzeneta,1x2,Home,1.830,lost,-1.0000,https://www.betaminic.com/shootingbets/results/
betaminic,2026-09-20,Spain - U19 League,San Felix,Arenas Armilla,1x2,Home,2.200,won,1.2000,https://www.betaminic.com/shootingbets/results/
betaminic,2026-09-20,Hong Kong - HKFA 1. Division,Kui Tan,Hoi King,1x2,Home,2.250,won,1.2500,https://www.betaminic.com/shootingbets/results/
betaminic,2026-09-20,Spain - Regional Leagues,CD Thader,UE Tavernes,1x2,Home,2.100,lost,-1.0000,https://www.betaminic.com/shootingbets/results/
betaminic,2026-09-20,Spain - Regional Leagues,SD Iturrigorri,Dinamo de San Juan CF,1x2,Home,2.250,lost,-1.0000,https://www.betaminic.com/shootingbets/results/
betaminic,2026-09-20,Czech Republic - 3. Liga,Teplice II,Chrudim,1x2,Away,4.100,lost,-1.0000,https://www.betaminic.com/shootingbets/results/
betaminic,2026-09-20,Greece - Super League U19,Aris Thessaloniki,Iraklis,1x2,Away,7.000,lost,-1.0000,https://www.betaminic.com/shootingbets/results/
betaminic,2026-09-20,Finland - U21 League,Atlantis,JaPS,1x2,Home,2.500,lost,-1.0000,https://www.betaminic.com/shootingbets/results/
betaminic,2026-09-20,Romania - Liga 2,Ramnicu Valcea,Bihor Oradea,over_under_25,Over,1.850,won,0.8500,https://www.betaminic.com/shootingbets/results/
betaminic,2026-09-20,Slovenia - 3. SNL,Videm,Odranci,1x2,Home,2.750,lost,-1.0000,https://www.betaminic.com/shootingbets/results/
betaminic,2026-09-20,Slovakia - 3. Liga,MFK Ruzomberok II,Tatran Oravske Vesele,1x2,Home,1.480,won,0.4800,https://www.betaminic.com/shootingbets/results/
betaminic,2026-09-20,China - U20 League,Lanzhou Longyuan Athletic,Qingdao Red Lions,1x2,Away,1.950,won,0.9500,https://www.betaminic.com/shootingbets/results/
betaminic,2026-09-20,Australia - NPL Victoria Women,Box Hill United,Avondale,1x2,Away,2.630,won,1.6300,https://www.betaminic.com/shootingbets/results/
betaminic,2026-09-20,Hong Kong - HKFA 2. Division,Kowloon Cricket Club,Tsun Tat,1x2,Home,2.750,won,1.7500,https://www.betaminic.com/shootingbets/results/
betaminic,2026-09-20,Panama - Liga Prom,UMECIT II,San Martin,over_under_25,Under,2.200,lost,-1.0000,https://www.betaminic.com/shootingbets/results/
betaminic,2026-09-19,Costa Rica - Ascenso,AD Cofutpa,AD Sarchi,1x2,Home,3.250,lost,-1.0000,https://www.betaminic.com/shootingbets/results/
betaminic,2026-09-19,Brazil - Copa Santa Catarina,Blumenau,Metropolitano,1x2,Home,2.000,lost,-1.0000,https://www.betaminic.com/shootingbets/results/
betaminic,2026-09-19,Argentina - Torneo Federal A,Independiente Chivilcoy,Atletico Escobar,1x2,Home,2.450,won,1.4500,https://www.betaminic.com/shootingbets/results/
betaminic,2026-09-19,Brazil - Gaucho 2,Gloria,Brasil de Farroupilha,1x2,Home,2.900,lost,-1.0000,https://www.betaminic.com/shootingbets/results/
betaminic,2026-09-19,France - National 2,Gazelec FCO Ajaccio,Linas Monthlery ESA,1x2,Home,2.380,lost,-1.0000,https://www.betaminic.com/shootingbets/results/
betaminic,2026-09-19,Uruguay - Primera Division Amateur,Sud America,Sportivo Bella Italia,1x2,Away,2.350,won,1.3500,https://www.betaminic.com/shootingbets/results/
betaminic,2026-09-19,Spain - Regional Leagues,Deusto,Uritarra,1x2,Home,2.100,lost,-1.0000,https://www.betaminic.com/shootingbets/results/
betaminic,2026-09-19,Netherlands - Derde Divisie,EVV Echt,Groene Ster,1x2,Away,2.400,lost,-1.0000,https://www.betaminic.com/shootingbets/results/
betaminic,2026-09-19,Albania - Superliga,Dinamo City,Laci,over_under_25,Over,2.300,won,1.3000,https://www.betaminic.com/shootingbets/results/
betaminic,2026-09-19,Serbia - U19 League,Jedinstvo Ub,Novi Pazar,1x2,Away,2.500,won,1.5000,https://www.betaminic.com/shootingbets/results/
betaminic,2026-09-19,Turkey - 2nd League,Menemen,Ankaraspor,1x2,Home,5.500,won,4.5000,https://www.betaminic.com/shootingbets/results/
betaminic,2026-09-19,Turkey - 2nd League,Ankaragucu,Serik Belediyespor,1x2,Away,4.750,lost,-1.0000,https://www.betaminic.com/shootingbets/results/
betaminic,2026-09-19,Mexico - Liga TDP,Deportivo Independiente Mexiquense,Sangre de Campeon,1x2,Home,1.830,lost,-1.0000,https://www.betaminic.com/shootingbets/results/
betaminic,2026-09-19,France - National 2,Stade Lavallois II,Avoine OCC,1x2,Away,3.250,won,2.2500,https://www.betaminic.com/shootingbets/results/
betaminic,2026-09-19,France - National 2,Lyon II,Thonon Evian,1x2,Home,2.900,won,1.9000,https://www.betaminic.com/shootingbets/results/
betaminic,2026-09-19,Israel - U19 Elite Division,Hapoel Rishon Lezion,FC Ashdod,1x2,Away,1.950,lost,-1.0000,https://www.betaminic.com/shootingbets/results/
betaminic,2026-09-19,Algeria - Ligue 2,ES Mostaganem,USM Blida,1x2,Home,2.250,lost,-1.0000,https://www.betaminic.com/shootingbets/results/
betaminic,2026-09-19,Austria - Regionalliga Ost,Wiener Viktoria,SV Wienerberg,1x2,Draw,6.500,lost,-1.0000,https://www.betaminic.com/shootingbets/results/
betaminic,2026-09-19,France - National 2,Blagnac,Onet le Chateau Football,1x2,Home,2.380,lost,-1.0000,https://www.betaminic.com/shootingbets/results/
betaminic,2026-09-19,Spain - Tercera Division,Pasaia,Real Sociedad III,1x2,Away,2.100,lost,-1.0000,https://www.betaminic.com/shootingbets/results/
betaminic,2026-09-19,Ireland - National League Women,Treaty United,Peamount United,1x2,Home,2.450,won,1.4500,https://www.betaminic.com/shootingbets/results/
betaminic,2026-09-19,Poland - 3rd Liga,Lipno Steszew,Baltyk Koszalin,1x2,Home,2.700,won,1.7000,https://www.betaminic.com/shootingbets/results/
betaminic,2026-09-19,England - Isthmian Division 1 South Central,Bognor Regis Town,Harrow Borough,1x2,Home,1.900,won,0.9000,https://www.betaminic.com/shootingbets/results/
betaminic,2026-09-19,Poland - 3rd Liga,MKS Mazovia Minsk Mazowiecki,Wisla Plock II,1x2,Home,2.100,won,1.1000,https://www.betaminic.com/shootingbets/results/
betaminic,2026-09-19,France - National 2,Sochaux II,Aubervilliers,1x2,Home,4.750,lost,-1.0000,https://www.betaminic.com/shootingbets/results/
betaminic,2026-09-19,Northern Ireland - Conference Premier,Knockbreda,St. James Swifts,1x2,Away,1.670,lost,-1.0000,https://www.betaminic.com/shootingbets/results/
betaminic,2026-09-19,Spain - U19 League,Roces,Real Oviedo,1x2,Away,2.630,lost,-1.0000,https://www.betaminic.com/shootingbets/results/
betaminic,2026-09-19,Northern Ireland - Conference Premier,Portstewart,Rosario FC,1x2,Home,1.800,won,0.8000,https://www.betaminic.com/shootingbets/results/
betaminic,2026-09-19,CECAFA - U20 Championship,Sudan,Uganda,1x2,Away,2.250,won,1.2500,https://www.betaminic.com/shootingbets/results/
betaminic,2026-09-19,North Macedonia - 2nd League,Makedonija Gjorce Petrov,Rabotnicki,1x2,Away,2.250,won,1.2500,https://www.betaminic.com/shootingbets/results/
betaminic,2026-09-19,North Macedonia - 2nd League,Teteks Tetovo,Osogovo Kocani,1x2,Home,2.400,lost,-1.0000,https://www.betaminic.com/shootingbets/results/
betaminic,2026-09-19,Poland - 3rd Liga,Sleza Wroclaw,Miedz Legnica II,1x2,Away,1.900,won,0.9000,https://www.betaminic.com/shootingbets/results/
betaminic,2026-09-19,UAE - League Cup,Al Ittihad Kalba,Khor Fakkan Club,1x2,Home,2.630,won,1.6300,https://www.betaminic.com/shootingbets/results/
betaminic,2026-09-19,Slovakia - 3. Liga,Dolny Kubin,Rimavska Sobota,1x2,Home,2.700,lost,-1.0000,https://www.betaminic.com/shootingbets/results/
betaminic,2026-09-19,Czech Republic - 4. Liga,Bedrichov,Pelhrimov,1x2,Away,1.910,won,0.9100,https://www.betaminic.com/shootingbets/results/
betaminic,2026-09-19,San Marino - Campionato,Pennarossa,Fiorentino,1x2,Home,4.750,won,3.7500,https://www.betaminic.com/shootingbets/results/
betaminic,2026-09-19,Norway - 3rd Division,Vag,Brodd,1x2,Away,2.600,lost,-1.0000,https://www.betaminic.com/shootingbets/results/
betaminic,2026-09-19,Italy - Primavera 2 U19,Catanzaro,Frosinone,1x2,Away,4.000,lost,-1.0000,https://www.betaminic.com/shootingbets/results/
betaminic,2026-09-19,France - National 2,Auxerre II,Chateauroux II,1x2,Home,2.100,won,1.1000,https://www.betaminic.com/shootingbets/results/
betaminic,2026-09-19,Brazil - Paulista U20,Sertaozinho,Santo Andre,1x2,Away,2.880,lost,-1.0000,https://www.betaminic.com/shootingbets/results/
betaminic,2026-09-19,Denmark - 3rd Division,Bronshoj,ASA Aarhus,1x2,Home,1.800,won,0.8000,https://www.betaminic.com/shootingbets/results/
betaminic,2026-09-19,Denmark - 3rd Division,Hoersholm-Usseroed,Vanlose,1x2,Home,2.750,lost,-1.0000,https://www.betaminic.com/shootingbets/results/
betaminic,2026-09-19,Denmark - Division 1 Women,Naestved IF HG,Sundby BK,1x2,Away,2.250,lost,-1.0000,https://www.betaminic.com/shootingbets/results/
betaminic,2026-09-19,Belgium - Super League Women,Standard Liege,Oud-Heverlee Leuven,1x2,Away,1.480,won,0.4800,https://www.betaminic.com/shootingbets/results/
betaminic,2026-09-19,Finland - Kansallinen Women,KuPS,HPS,1x2,Away,3.600,lost,-1.0000,https://www.betaminic.com/shootingbets/results/
betaminic,2026-09-19,Poland - 3rd Liga,Unia Swarzedz,KTS-K Luzino,1x2,Home,3.750,lost,-1.0000,https://www.betaminic.com/shootingbets/results/
betaminic,2026-09-19,Denmark - U19 League,Silkeborg,Sonderjyske,1x2,Home,2.500,lost,-1.0000,https://www.betaminic.com/shootingbets/results/
betaminic,2026-09-19,Japan - League Cup Women,Sanfrecce Hiroshima Regina,JEF United Chiba,1x2,Home,1.800,lost,-1.0000,https://www.betaminic.com/shootingbets/results/
betaminic,2026-09-19,Sweden - Division 2,Qviding FIF,Dalstorps,1x2,Home,2.500,lost,-1.0000,https://www.betaminic.com/shootingbets/results/
betaminic,2026-09-19,Japan - Football League,Vonds Ichihara,Maruyasu Okazaki,1x2,Home,2.750,won,1.7500,https://www.betaminic.com/shootingbets/results/
betaminic,2026-09-19,Japan - League Cup Women,Nagano Parceiro,Cerezo Osaka,1x2,Away,2.100,won,1.1000,https://www.betaminic.com/shootingbets/results/
betaminic,2026-09-19,Slovakia - U19 League,FC Kosice,Podbrezova,1x2,Home,2.050,lost,-1.0000,https://www.betaminic.com/shootingbets/results/
betaminic,2026-09-19,Japan - League Cup Women,Mynavi Sendai,Albirex Niigata,1x2,Away,2.700,lost,-1.0000,https://www.betaminic.com/shootingbets/results/
betaminic,2026-09-19,Slovenia - 3. SNL,IB Ljubljana,NK Litija,1x2,Away,2.750,won,1.7500,https://www.betaminic.com/shootingbets/results/
betaminic,2026-09-19,Serbia - U19 League,Vojvodina,TSC,1x2,Home,1.850,lost,-1.0000,https://www.betaminic.com/shootingbets/results/
betaminic,2026-09-19,Israel - U19 Elite Division,Hapoel Haifa,Hapoel Jerusalem,1x2,Away,2.550,lost,-1.0000,https://www.betaminic.com/shootingbets/results/
betaminic,2026-09-19,China - League Two,Xi'an Chongde Ronghai,Guizhou Zhucheng Athletic,1x2,Away,2.880,lost,-1.0000,https://www.betaminic.com/shootingbets/results/
betaminic,2026-09-19,Korea Republic - K4 League,Jecheon Citizen,Geoje Citizen,1x2,Away,2.400,won,1.4000,https://www.betaminic.com/shootingbets/results/
betaminic,2026-09-19,Club Friendlies,Auckland FC,Western Sydney Wanderers,1x2,Away,4.000,won,3.0000,https://www.betaminic.com/shootingbets/results/
betaminic,2026-09-19,Japan - Regional League,Nobeoka Agata,Mitsubishi Heavy Industries,1x2,Home,1.360,lost,-1.0000,https://www.betaminic.com/shootingbets/results/
betaminic,2026-09-19,Guatemala - Liga Nacional,Comunicaciones,Guastatoya,1x2,Home,1.670,lost,-1.0000,https://www.betaminic.com/shootingbets/results/
betaminic,2026-09-19,Mexico - Liga TDP,Caballeros de Cordoba,Montaneses FC II,1x2,Home,1.570,lost,-1.0000,https://www.betaminic.com/shootingbets/results/
betaminic,2026-09-19,Australia - Victoria Premier League 2,Bayside Argonauts,Essendon Royals,1x2,Home,2.300,won,1.3000,https://www.betaminic.com/shootingbets/results/
betaminic,2026-09-18,Paraguay - Division Intermedia,3 De Noviembre,Guairena,over_under_25,Over,2.000,lost,-1.0000,https://www.betaminic.com/shootingbets/results/
betaminic,2026-09-18,San Marino - Campionato,SP Tre Fiori,Virtus,1x2,Away,2.380,won,1.3800,https://www.betaminic.com/shootingbets/results/
betaminic,2026-09-18,Northern Ireland - Premiership Women,Crusaders Strikers,Larne,1x2,Away,11.000,lost,-1.0000,https://www.betaminic.com/shootingbets/results/
betaminic,2026-09-18,Finland - U21 League,JaPS,TPV,1x2,Home,3.000,lost,-1.0000,https://www.betaminic.com/shootingbets/results/
betaminic,2026-09-18,Belgium - Reserve Pro League U21,RWDM Brussels,KVC Westerlo,1x2,Away,2.500,won,1.5000,https://www.betaminic.com/shootingbets/results/
betaminic,2026-09-18,Austria - Landesliga,Korneuburg,Admira Wacker II,1x2,Away,3.100,won,2.1000,https://www.betaminic.com/shootingbets/results/
betaminic,2026-09-18,Switzerland - Super League Women,Servette,FC Zurich,1x2,Home,1.700,lost,-1.0000,https://www.betaminic.com/shootingbets/results/
betaminic,2026-09-18,France - National 1,Saint-Colomban Locmine,Avranches,1x2,Home,3.750,won,2.7500,https://www.betaminic.com/shootingbets/results/
betaminic,2026-09-18,Mexico - Liga TDP,Aztecas AMF,Oceania,1x2,Away,7.000,won,6.0000,https://www.betaminic.com/shootingbets/results/
betaminic,2026-09-18,Slovakia - 3. Liga,MSK Senec,Dunajska Luzna,1x2,Away,2.900,lost,-1.0000,https://www.betaminic.com/shootingbets/results/
betaminic,2026-09-18,Finland - Kolmonen,JJK II,Komeetat,1x2,Home,2.500,lost,-1.0000,https://www.betaminic.com/shootingbets/results/
betaminic,2026-09-18,Algeria - Ligue 2,MO Bejaia,MO Constantine,1x2,Home,1.620,lost,-1.0000,https://www.betaminic.com/shootingbets/results/
betaminic,2026-09-18,Finland - Kolmonen,ACF,KaaPo,1x2,Home,3.400,lost,-1.0000,https://www.betaminic.com/shootingbets/results/
betaminic,2026-09-18,UAE - Division 1,Palm City,Forte Virtus,1x2,Away,3.400,won,2.4000,https://www.betaminic.com/shootingbets/results/
betaminic,2026-09-18,Poland - 3rd Liga,Lomza,Zabkovia Zabki,1x2,Home,2.880,lost,-1.0000,https://www.betaminic.com/shootingbets/results/
betaminic,2026-09-18,Kazakhstan - Premier League,FC Altai,Irtysh Pavlodar,1x2,Away,2.800,won,1.8000,https://www.betaminic.com/shootingbets/results/
betaminic,2026-09-18,Israel - Liga Alef,Maccabi Ironi Ashdod,Ironi Beit Shemesh,1x2,Home,3.100,lost,-1.0000,https://www.betaminic.com/shootingbets/results/
betaminic,2026-09-18,Israel - Liga Alef,Hapoel Marmorek,Hapoel Nir Ramat HaSharon,1x2,Home,3.600,lost,-1.0000,https://www.betaminic.com/shootingbets/results/
betaminic,2026-09-18,India - Bangalore Super Division,Stride Sports,FC Bengaluru United,over_under_25,Under,2.080,lost,-1.0000,https://www.betaminic.com/shootingbets/results/
betaminic,2026-09-17,CONCACAF - Caribbean Cup,Cibao,Portmore United,1x2,Away,5.250,won,4.2500,https://www.betaminic.com/shootingbets/results/
betaminic,2026-09-17,Finland - Kolmonen,HooGee,EsPa,1x2,Home,7.000,won,6.0000,https://www.betaminic.com/shootingbets/results/
betaminic,2026-09-17,Finland - Kolmonen,PPJ/Ruoholahti,LePa,1x2,Home,3.000,won,2.0000,https://www.betaminic.com/shootingbets/results/
betaminic,2026-09-17,Israel - Liga Alef,Kfar Saba 1928,Hapoel Hadera,1x2,Home,2.600,lost,-1.0000,https://www.betaminic.com/shootingbets/results/
betaminic,2026-09-17,FIFA - World Cup U20 Women,North Korea,Japan,1x2,Home,1.670,won,0.6700,https://www.betaminic.com/shootingbets/results/
betaminic,2026-09-17,Estonia - Esiliiga A,Viimsi JK,Tartu JK Welco,1x2,Home,2.350,lost,-1.0000,https://www.betaminic.com/shootingbets/results/
betaminic,2026-09-17,Finland - Kolmonen,EIF II,Gilla FC,1x2,Away,7.500,lost,-1.0000,https://www.betaminic.com/shootingbets/results/
betaminic,2026-09-17,Saudi Arabia - Premier League Women,Neom,Al-Ula,1x2,Home,5.000,lost,-1.0000,https://www.betaminic.com/shootingbets/results/
betaminic,2026-09-17,Kazakhstan - Premier League,Atyrau,Ordabasy,1x2,Away,1.650,won,0.6500,https://www.betaminic.com/shootingbets/results/
betaminic,2026-09-17,Uzbekistan - Pro League,BuxDU,Respublika FA,1x2,Away,2.200,won,1.2000,https://www.betaminic.com/shootingbets/results/
betaminic,2026-09-17,CECAFA - U20 Championship,Rwanda,Ethiopia,1x2,Away,3.000,lost,-1.0000,https://www.betaminic.com/shootingbets/results/
betaminic,2026-09-17,Georgia - Liga 3,Lokomotivi Tbilisi,Orbi,1x2,Home,2.500,won,1.5000,https://www.betaminic.com/shootingbets/results/
betaminic,2026-09-17,Asian Games - Women,Thailand,Chinese Taipei,1x2,Away,1.800,won,0.8000,https://www.betaminic.com/shootingbets/results/
betaminic,2026-09-16,Bolivia - Primera Division,Nacional Potosi,Always Ready,1x2,Home,3.900,lost,-1.0000,https://www.betaminic.com/shootingbets/results/
betaminic,2026-09-16,Italy - Serie D,Fiorenzuola,Pro Palazzolo,1x2,Away,2.100,won,1.1000,https://www.betaminic.com/shootingbets/results/
betaminic,2026-09-16,England - Southern League Division 1,Willand Rovers,Westbury United FC,1x2,Home,2.350,won,1.3500,https://www.betaminic.com/shootingbets/results/
betaminic,2026-09-16,Uruguay - Cup,CA Progreso,Nacional de Football,1x2,Away,1.480,won,0.4800,https://www.betaminic.com/shootingbets/results/
betaminic,2026-09-16,Brazil - Carioca U20,Serrano,CEAC/Araruama FC,1x2,Away,2.400,lost,-1.0000,https://www.betaminic.com/shootingbets/results/
betaminic,2026-09-16,Brazil - Gaucho 2,APAFUT,Pelotas,1x2,Home,2.500,won,1.5000,https://www.betaminic.com/shootingbets/results/
betaminic,2026-09-16,Finland - Kolmonen,JaPS II,TiPS,1x2,Home,1.360,won,0.3600,https://www.betaminic.com/shootingbets/results/
betaminic,2026-09-16,Finland - Kolmonen,TPV II,LeKi,1x2,Away,4.200,lost,-1.0000,https://www.betaminic.com/shootingbets/results/
betaminic,2026-09-16,Italy - Serie D,Reggina,Avola 1949,1x2,Draw,5.500,lost,-1.0000,https://www.betaminic.com/shootingbets/results/
betaminic,2026-09-16,Finland - Kolmonen,JIPPO II,NiemU,1x2,Home,4.500,lost,-1.0000,https://www.betaminic.com/shootingbets/results/
betaminic,2026-09-16,Italy - Serie D,AC Milan II,Brusaporto,1x2,Home,2.100,won,1.1000,https://www.betaminic.com/shootingbets/results/
betaminic,2026-09-16,Spain - U19 League,Arenas Armilla,Calavera,1x2,Home,3.500,lost,-1.0000,https://www.betaminic.com/shootingbets/results/
betaminic,2026-09-16,Norway - Cup,Sandviken,Asane,1x2,Home,1.910,lost,-1.0000,https://www.betaminic.com/shootingbets/results/
betaminic,2026-09-16,Turkey - Cup,Kirikkale FK,Kirsehir FSK,1x2,Away,3.250,won,2.2500,https://www.betaminic.com/shootingbets/results/
betaminic,2026-09-16,Italy - Serie D,Nissa,Trapani,1x2,Away,4.750,lost,-1.0000,https://www.betaminic.com/shootingbets/results/
betaminic,2026-09-16,Albania - 1st Division,Kastrioti Kruje,Flamurtari Vlore,over_under_25,Under,2.050,won,1.0500,https://www.betaminic.com/shootingbets/results/
betaminic,2026-09-16,Italy - Serie D,Correggese,Varesina,1x2,Home,2.550,won,1.5500,https://www.betaminic.com/shootingbets/results/
betaminic,2026-09-16,Italy - Serie D,AC Bra,Biellese,over_under_25,Over,1.950,lost,-1.0000,https://www.betaminic.com/shootingbets/results/
betaminic,2026-09-16,Hungary - NB 1 Women,Honved,Puskas Akademia,over_under_25,Over,1.730,lost,-1.0000,https://www.betaminic.com/shootingbets/results/
betaminic,2026-09-16,Georgia - Erovnuli Liga 2,Gareji,Gori,1x2,Away,3.900,lost,-1.0000,https://www.betaminic.com/shootingbets/results/
betaminic,2026-09-16,Turkey - Cup,Galata,Yesil Yalova,1x2,Away,3.000,lost,-1.0000,https://www.betaminic.com/shootingbets/results/
betaminic,2026-09-16,Turkey - Cup,Inkilapspor,Beykoz Anadolu,1x2,Home,2.600,lost,-1.0000,https://www.betaminic.com/shootingbets/results/
betaminic,2026-09-16,Ukraine - Cup,FK Kulykiv-Bilka,Veres Rivne,1x2,Home,6.500,lost,-1.0000,https://www.betaminic.com/shootingbets/results/
betaminic,2026-09-16,Hungary - NB 1 Women,MTK Budapest,Ujpesti FC,1x2,Home,1.750,won,0.7500,https://www.betaminic.com/shootingbets/results/
betaminic,2026-09-16,Spain - U19 League,Cadiz,UD Melilla,1x2,Home,1.530,won,0.5300,https://www.betaminic.com/shootingbets/results/
betaminic,2026-09-15,Brazil - Copa Paulista,Gremio Prudente,Linense,1x2,Home,2.600,lost,-1.0000,https://www.betaminic.com/shootingbets/results/
betaminic,2026-09-15,Paraguay - Division Intermedia,Atletico Tembetary,Sportivo Carapegua,1x2,Home,2.200,lost,-1.0000,https://www.betaminic.com/shootingbets/results/
betaminic,2026-09-15,England - Isthmian Division 1 South Central,Stoneham,Ashford Town,1x2,Home,2.600,lost,-1.0000,https://www.betaminic.com/shootingbets/results/
betaminic,2026-09-15,England - Premier League Cup U21,Bromley,Ipswich Town,1x2,Home,2.150,lost,-1.0000,https://www.betaminic.com/shootingbets/results/
betaminic,2026-09-15,Austria - Landesliga,Ilzer SV,Pachern,1x2,Draw,7.000,lost,-1.0000,https://www.betaminic.com/shootingbets/results/
betaminic,2026-09-15,Austria - Landesliga,UFC Fehring,Grossklein,1x2,Away,2.500,lost,-1.0000,https://www.betaminic.com/shootingbets/results/
betaminic,2026-09-15,Israel - State Cup,Ironi Beit Shemesh,Hapoel Herzliya,1x2,Home,3.100,lost,-1.0000,https://www.betaminic.com/shootingbets/results/
betaminic,2026-09-15,Finland - Kolmonen,Haka Juniorit,Fish United,1x2,Away,4.750,lost,-1.0000,https://www.betaminic.com/shootingbets/results/
betaminic,2026-09-15,Israel - U19 Elite Division,Hapoel Raanana,Bnei Yehuda,1x2,Home,2.900,lost,-1.0000,https://www.betaminic.com/shootingbets/results/
betaminic,2026-09-15,Denmark - Womens Cup,Randers FC,Viborg,1x2,Home,6.500,lost,-1.0000,https://www.betaminic.com/shootingbets/results/
betaminic,2026-09-15,Slovenia - Cup,Ljutomer,Carda,1x2,Away,2.600,won,1.6000,https://www.betaminic.com/shootingbets/results/
betaminic,2026-09-15,Netherlands - U21 Divisie,Vitesse Arnhem,NAC Breda,1x2,Home,2.100,won,1.1000,https://www.betaminic.com/shootingbets/results/
betaminic,2026-09-15,Uzbekistan - Cup,Andijan,Olimpik Mobiuz,1x2,Home,1.450,won,0.4500,https://www.betaminic.com/shootingbets/results/
betaminic,2026-09-15,Israel - U19 Elite Division,Hapoel Petah Tikva,Maccabi Herzliya,1x2,Away,3.100,lost,-1.0000,https://www.betaminic.com/shootingbets/results/
betaminic,2026-09-15,Uganda - Premier League,SC Villa,Kigezi HomeBoyz,over_under_25,Over,2.300,won,1.3000,https://www.betaminic.com/shootingbets/results/
betaminic,2026-09-15,Uganda - Premier League,BUL FC,Blacks Power FC,1x2,Home,1.750,won,0.7500,https://www.betaminic.com/shootingbets/results/
betaminic,2026-09-15,Israel - State Cup,Beitar Petah Tikva,Bnei Yehud,1x2,Away,2.500,lost,-1.0000,https://www.betaminic.com/shootingbets/results/
betaminic,2026-09-15,Netherlands - Jong Eredivisie U19,NEC Nijmegen,Feyenoord,1x2,Away,1.800,lost,-1.0000,https://www.betaminic.com/shootingbets/results/
betaminic,2026-09-14,Ireland - Munster Senior League,Douglas Hall,Carrigaline United,1x2,Home,2.300,won,1.3000,https://www.betaminic.com/shootingbets/results/
betaminic,2026-09-14,Northern Ireland - Reserve League,Ballymena United,Larne,1x2,Home,3.700,lost,-1.0000,https://www.betaminic.com/shootingbets/results/
betaminic,2026-09-14,England - Northern League Division 1,Barwell,Sutton Coldfield Town,1x2,Away,2.350,lost,-1.0000,https://www.betaminic.com/shootingbets/results/
betaminic,2026-09-14,England - Premier League 2 U21,Blackburn Rovers,Reading,1x2,Away,2.350,won,1.3500,https://www.betaminic.com/shootingbets/results/
betaminic,2026-09-14,Iraq - Stars League,Erbil,Al-Karma,1x2,Draw,3.000,lost,-1.0000,https://www.betaminic.com/shootingbets/results/
betaminic,2026-09-14,Argentina - Torneo Promocional Amateur,Ezeiza,Deportivo Metalurgico,1x2,Draw,2.900,lost,-1.0000,https://www.betaminic.com/shootingbets/results/
betaminic,2026-09-14,Norway - 3rd Division,Viking II,Varhaug,1x2,Home,2.550,won,1.5500,https://www.betaminic.com/shootingbets/results/
betaminic,2026-09-14,Norway - 3rd Division,Skedsmo,Lillestrom II,1x2,Away,3.900,lost,-1.0000,https://www.betaminic.com/shootingbets/results/
betaminic,2026-09-14,Bahrain - 2nd Division,Isa Town,Al Budaiya,1x2,Away,2.200,won,1.2000,https://www.betaminic.com/shootingbets/results/
betaminic,2026-09-14,Greece - Super League 2,Panthrakikos,PAOK II,1x2,Home,3.100,won,2.1000,https://www.betaminic.com/shootingbets/results/
betaminic,2026-09-14,Latvia - 1st Liga,Rfs II,Skanstes,1x2,Home,2.500,lost,-1.0000,https://www.betaminic.com/shootingbets/results/
betaminic,2026-09-13,Uruguay - Primera Division Amateur,Sportivo Bella Italia,Deportivo LSM,1x2,Home,2.350,lost,-1.0000,https://www.betaminic.com/shootingbets/results/
betaminic,2026-09-13,USA - MLS Next Pro League,New York Red Bulls II,FC Cincinnati II,1x2,Home,1.330,won,0.3300,https://www.betaminic.com/shootingbets/results/
betaminic,2026-09-13,Saint Kitts and Nevis - Premier League,Old Road Jets,St. Pauls United,1x2,Away,4.500,won,3.5000,https://www.betaminic.com/shootingbets/results/
betaminic,2026-09-13,USA - USL League One,Portland Hearts of Pine,AV Alta,1x2,Home,1.900,won,0.9000,https://www.betaminic.com/shootingbets/results/
betaminic,2026-09-13,Mexico - Liga TDP,CDC Dominguez Osos,Irapuato Olimpo,1x2,Home,3.600,lost,-1.0000,https://www.betaminic.com/shootingbets/results/
betaminic,2026-09-13,Bolivia - Primera Division,Universitario de Vinto,Independiente Petrolero,1x2,Home,1.950,won,0.9500,https://www.betaminic.com/shootingbets/results/
betaminic,2026-09-13,Jamaica - Premier League,Tivoli Gardens,Humble Lions,1x2,Away,5.500,lost,-1.0000,https://www.betaminic.com/shootingbets/results/
betaminic,2026-09-13,Canada - Northern Super League Women,Vancouver Rise,Ottawa Rapid,1x2,Home,2.750,won,1.7500,https://www.betaminic.com/shootingbets/results/
betaminic,2026-09-13,El Salvador - Reserve League U20,Luis Angel Firpo,Isidro Metapan,over_under_25,Under,2.300,won,1.3000,https://www.betaminic.com/shootingbets/results/
betaminic,2026-09-13,Argentina - Torneo Federal A,Sportivo y Biblioteca Atenas,Juventud Antoniana,1x2,Draw,3.200,lost,-1.0000,https://www.betaminic.com/shootingbets/results/
betaminic,2026-09-13,Brazil - Copa Paulista,Comercial SP,Sao Jose EC SP,1x2,Away,2.300,lost,-1.0000,https://www.betaminic.com/shootingbets/results/
betaminic,2026-09-13,Uruguay - Primera Division Amateur,Sud America,Bella Vista,1x2,Away,2.200,won,1.2000,https://www.betaminic.com/shootingbets/results/
betaminic,2026-09-13,Iraq - Stars League,Al Karkh,Duhok,1x2,Away,2.300,lost,-1.0000,https://www.betaminic.com/shootingbets/results/
betaminic,2026-09-13,Saudi Arabia - Division 1,Al-Tai,Al-Zulfi,1x2,Home,2.400,lost,-1.0000,https://www.betaminic.com/shootingbets/results/
betaminic,2026-09-13,Cyprus - 1st Division,Olympiakos Nicosia,Omonia 29is Maiou,1x2,Home,2.050,lost,-1.0000,https://www.betaminic.com/shootingbets/results/
betaminic,2026-09-13,Costa Rica - Ascenso,AD Santa Ana,Guadalupe,1x2,Home,2.200,won,1.2000,https://www.betaminic.com/shootingbets/results/
betaminic,2026-09-13,Spain - Primera Federacion Women,Alhama,Levante,1x2,Away,3.300,lost,-1.0000,https://www.betaminic.com/shootingbets/results/
betaminic,2026-09-13,Spain - Regional Leagues,Arcos CF,Inter Sevilla,1x2,Home,2.630,won,1.6300,https://www.betaminic.com/shootingbets/results/
betaminic,2026-09-13,Albania - Superliga,AF Elbasani,Egnatia Rrogozhine,1x2,Home,3.100,won,2.1000,https://www.betaminic.com/shootingbets/results/
betaminic,2026-09-13,Turkey - 2nd League,52 Orduspor,1461 Trabzon,1x2,Home,2.630,won,1.6300,https://www.betaminic.com/shootingbets/results/
betaminic,2026-09-13,Bahrain - 2nd Division,Al Ittihad Bahrain,Bahrain SC,1x2,Home,2.500,won,1.5000,https://www.betaminic.com/shootingbets/results/
betaminic,2026-09-13,Mexico - Liga TDP,Mineros Zacatecas CDMX,Atletico Pachuca,1x2,Away,3.800,lost,-1.0000,https://www.betaminic.com/shootingbets/results/
betaminic,2026-09-13,Saudi Arabia - Elite League U21,Al Riyadh,Al Tadamon,1x2,Home,5.250,won,4.2500,https://www.betaminic.com/shootingbets/results/
betaminic,2026-09-13,Latvia - 1st Liga,Riga II,Leevon PPK,1x2,Home,2.900,lost,-1.0000,https://www.betaminic.com/shootingbets/results/
betaminic,2026-09-13,Mexico - U21 League,Chivas Guadalajara,Pumas UNAM,1x2,Home,1.950,won,0.9500,https://www.betaminic.com/shootingbets/results/
betaminic,2026-09-13,CAF - Confederation Cup Qualifiers,Nations,Diarra,1x2,Home,2.400,lost,-1.0000,https://www.betaminic.com/shootingbets/results/
betaminic,2026-09-13,Croatia - U19 League,Trnje,Solin,over_under_25,Under,2.300,lost,-1.0000,https://www.betaminic.com/shootingbets/results/
betaminic,2026-09-13,Croatia - U19 League,Osijek,Kustosija Zagreb,1x2,Home,3.900,won,2.9000,https://www.betaminic.com/shootingbets/results/
betaminic,2026-09-13,Czech Republic - 4. Liga,Sparta Kolin,Spartak Police nad Metuji,1x2,Away,3.800,lost,-1.0000,https://www.betaminic.com/shootingbets/results/
betaminic,2026-09-13,Portugal - Campeonato de Portugal Prio,Maria Fonte,Braga II,1x2,Away,2.000,won,1.0000,https://www.betaminic.com/shootingbets/results/
betaminic,2026-09-13,Austria - Landesliga,TSV Neumarkt am Wallersee,Salzburger AK 1914,1x2,Home,2.750,lost,-1.0000,https://www.betaminic.com/shootingbets/results/
betaminic,2026-09-13,Ghana - Premier League,Swedru All Blacks,Debibi United,1x2,Home,1.910,won,0.9100,https://www.betaminic.com/shootingbets/results/
betaminic,2026-09-13,Spain - U19 League,UD Logrones,Betono,1x2,Away,3.600,lost,-1.0000,https://www.betaminic.com/shootingbets/results/
betaminic,2026-09-13,UAE - Division 1,Dibba Al Hisn,Palm City,1x2,Home,2.250,lost,-1.0000,https://www.betaminic.com/shootingbets/results/
betaminic,2026-09-13,Slovenia - 3. SNL,Ziri,Tolmin,1x2,Home,4.500,lost,-1.0000,https://www.betaminic.com/shootingbets/results/
betaminic,2026-09-13,Slovakia - 3. Liga,Castkovce,Raca Bratislava,1x2,Away,3.900,lost,-1.0000,https://www.betaminic.com/shootingbets/results/
betaminic,2026-09-13,Italy - Serie D,Milazzo,Ragusa,1x2,Away,3.100,lost,-1.0000,https://www.betaminic.com/shootingbets/results/
betaminic,2026-09-13,Italy - Serie D,Fezzanese,Chisola,1x2,Away,2.500,lost,-1.0000,https://www.betaminic.com/shootingbets/results/
betaminic,2026-09-13,Portugal - Campeonato de Portugal Prio,Nazarenos,Os Marialvas,1x2,Away,2.050,won,1.0500,https://www.betaminic.com/shootingbets/results/
betaminic,2026-09-13,Czech Republic - 4. Liga,Zabreh,Sumperk,1x2,Home,2.250,won,1.2500,https://www.betaminic.com/shootingbets/results/
betaminic,2026-09-13,Portugal - Campeonato de Portugal Prio,Montalegre,Maia Lidador,1x2,Home,2.250,lost,-1.0000,https://www.betaminic.com/shootingbets/results/
betaminic,2026-09-13,Portugal - Campeonato de Portugal Prio,Portel,SC Mineiro Aljustrelense,1x2,Home,2.450,lost,-1.0000,https://www.betaminic.com/shootingbets/results/
betaminic,2026-09-13,Portugal - Campeonato de Portugal Prio,Sousense,Uniao de Lamas,1x2,Away,2.150,lost,-1.0000,https://www.betaminic.com/shootingbets/results/
betaminic,2026-09-13,Portugal - Campeonato de Portugal Prio,Sport Benfica Castelo Branco,AD Nogueirense,1x2,Home,2.400,lost,-1.0000,https://www.betaminic.com/shootingbets/results/
betaminic,2026-09-13,Portugal - Campeonato de Portugal Prio,Vitoria Setubal,Juventude Evora,1x2,Home,2.380,lost,-1.0000,https://www.betaminic.com/shootingbets/results/
betaminic,2026-09-13,Indonesia - Championship,Persiraja Banda Aceh,Semen Padang,1x2,Home,2.500,lost,-1.0000,https://www.betaminic.com/shootingbets/results/
betaminic,2026-09-13,Czech Republic - 4. Liga,Hanacka Slavia Kromeriz II,Nove Sady,1x2,Home,1.650,won,0.6500,https://www.betaminic.com/shootingbets/results/
betaminic,2026-09-13,France - U19 League,Lyon,Auxerre,1x2,Home,2.250,lost,-1.0000,https://www.betaminic.com/shootingbets/results/
betaminic,2026-09-13,England - National League Division 1 Women,Sheffield FC,Northampton Town,1x2,Away,2.800,won,1.8000,https://www.betaminic.com/shootingbets/results/
betaminic,2026-09-13,Belgium - 2nd Amateur Division,Royal Aywaille,Eupen II,1x2,Away,2.550,won,1.5500,https://www.betaminic.com/shootingbets/results/
betaminic,2026-09-13,Paraguay - Division Intermedia,Deportivo Capiata,Deportivo Santani,1x2,Home,3.600,lost,-1.0000,https://www.betaminic.com/shootingbets/results/
betaminic,2026-09-13,Italy - Serie D,Virtus Bolzano,Brian Lignano,1x2,Away,2.300,lost,-1.0000,https://www.betaminic.com/shootingbets/results/
betaminic,2026-09-13,Italy - Serie D,Sant'Angelo,Varesina,1x2,Away,2.900,lost,-1.0000,https://www.betaminic.com/shootingbets/results/
betaminic,2026-09-13,Italy - Serie D,Derthona,Imperia,1x2,Away,2.600,lost,-1.0000,https://www.betaminic.com/shootingbets/results/
betaminic,2026-09-13,Italy - Serie D,Biellese,Ligorna,1x2,Away,2.600,lost,-1.0000,https://www.betaminic.com/shootingbets/results/
betaminic,2026-09-13,France - U19 League,Balma,Colomiers,1x2,Home,2.150,won,1.1500,https://www.betaminic.com/shootingbets/results/
betaminic,2026-09-13,Italy - Serie D,Grassina,Flaminia Civita Castellana,1x2,Away,2.050,won,1.0500,https://www.betaminic.com/shootingbets/results/
betaminic,2026-09-13,Italy - Serie D,Piacenza,Virtus Verona,1x2,Home,2.000,lost,-1.0000,https://www.betaminic.com/shootingbets/results/
betaminic,2026-09-13,Mozambique - Mocambola,Ferrovario Lichinga,Ferroviario Nampula,1x2,Home,2.000,won,1.0000,https://www.betaminic.com/shootingbets/results/
betaminic,2026-09-13,Switzerland - Super League Women,Yverdon,Aarau,1x2,Home,1.910,won,0.9100,https://www.betaminic.com/shootingbets/results/
betaminic,2026-09-13,Czech Republic - 1. Liga Women,Slovacko,Prague Raptors,1x2,Home,2.000,lost,-1.0000,https://www.betaminic.com/shootingbets/results/
betaminic,2026-09-13,Turkey - 2nd League,Sebat Genclikspor,Sanliurfaspor,1x2,Home,4.500,lost,-1.0000,https://www.betaminic.com/shootingbets/results/
betaminic,2026-09-13,Turkey - Super League Women,Galatasaray,Fomget GS,1x2,Away,3.500,lost,-1.0000,https://www.betaminic.com/shootingbets/results/
betaminic,2026-09-13,Sweden - Division 2,IFK Karlshamn,Torns,1x2,Home,2.550,lost,-1.0000,https://www.betaminic.com/shootingbets/results/
betaminic,2026-09-13,Indonesia - Championship,PSBS Biak Numfor,Deltras,1x2,Home,7.500,lost,-1.0000,https://www.betaminic.com/shootingbets/results/
betaminic,2026-09-13,Switzerland - 1. Liga Classic,Wettswil-Bonstetten,Thalwil,1x2,Home,3.700,lost,-1.0000,https://www.betaminic.com/shootingbets/results/
betaminic,2026-09-13,Vietnam - V League,Hong Linh Ha Tinh,Dong Nai,1x2,Home,2.150,won,1.1500,https://www.betaminic.com/shootingbets/results/
betaminic,2026-09-13,Denmark - Division 1 Women,Viborg,Sundby BK,over_under_25,Under,2.380,won,1.3800,https://www.betaminic.com/shootingbets/results/
betaminic,2026-09-13,Cambodia - Premier League,Nagaworld,Life FC SihanoukVille,1x2,Away,7.500,lost,-1.0000,https://www.betaminic.com/shootingbets/results/
betaminic,2026-09-13,Spain - Segunda Federacion Women,Guiniguada Apolinario,Cordoba,1x2,Home,2.450,lost,-1.0000,https://www.betaminic.com/shootingbets/results/
betaminic,2026-09-13,China - U20 League,Zhejiang FC,Shanghai Shenhua,1x2,Away,2.550,lost,-1.0000,https://www.betaminic.com/shootingbets/results/
betaminic,2026-09-13,Sweden - Division 2,Astorps,Qviding FIF,1x2,Home,2.100,lost,-1.0000,https://www.betaminic.com/shootingbets/results/
betaminic,2026-09-13,Poland - 3rd Liga,Rakow Czestochowa II,Sparta Katowice,1x2,Away,1.910,lost,-1.0000,https://www.betaminic.com/shootingbets/results/
betaminic,2026-09-13,Croatia - U19 League,HNK Rijeka,Hajduk Split,1x2,Home,2.750,won,1.7500,https://www.betaminic.com/shootingbets/results/
betaminic,2026-09-13,Croatia - U19 League,HNK Gorica,Lucko,1x2,Home,2.050,won,1.0500,https://www.betaminic.com/shootingbets/results/
betaminic,2026-09-13,Ireland - Leinster Senior League,Lucan United,Kilbarrack United,1x2,Home,3.750,lost,-1.0000,https://www.betaminic.com/shootingbets/results/
betaminic,2026-09-13,Poland - 4th Liga,Korona Kielce III,Sparta Kazimierza Wielka,1x2,Away,2.050,won,1.0500,https://www.betaminic.com/shootingbets/results/
betaminic,2026-09-13,Spain - U19 League,Gimnastica de Torrelavega,Roces,1x2,Home,2.250,lost,-1.0000,https://www.betaminic.com/shootingbets/results/
betaminic,2026-09-13,Thailand - League Cup,Padriew City,Navy,1x2,Away,1.800,lost,-1.0000,https://www.betaminic.com/shootingbets/results/
betaminic,2026-09-13,Finland - U21 League,TiPS,TPS,1x2,Away,3.400,lost,-1.0000,https://www.betaminic.com/shootingbets/results/
betaminic,2026-09-13,Spain - Tercera Division,Utrera,Conil,1x2,Away,3.400,lost,-1.0000,https://www.betaminic.com/shootingbets/results/
betaminic,2026-09-13,Spain - Tercera Division,Comillas,Cenicero,1x2,Home,2.100,lost,-1.0000,https://www.betaminic.com/shootingbets/results/
betaminic,2026-09-13,Spain - U19 League,Rayo Majadahonda,Trival Valderas,1x2,Home,2.300,won,1.3000,https://www.betaminic.com/shootingbets/results/
betaminic,2026-09-13,Estonia - Esiliiga A,Nomme United II,Viimsi JK,1x2,Away,1.700,lost,-1.0000,https://www.betaminic.com/shootingbets/results/
betaminic,2026-09-13,Vietnam - V League 2,Van Hien University,Becamex HCMC,1x2,Away,1.830,lost,-1.0000,https://www.betaminic.com/shootingbets/results/
betaminic,2026-09-13,Japan - League Cup Women,Omiya Ardija Ventus,Nagano Parceiro,1x2,Home,1.900,won,0.9000,https://www.betaminic.com/shootingbets/results/
betaminic,2026-09-13,Andorra - Premier Division,Ordino,Casa de Portugal,1x2,Home,2.750,won,1.7500,https://www.betaminic.com/shootingbets/results/
betaminic,2026-09-13,Japan - League Cup Women,Cerezo Osaka,Elfen Saitama,1x2,Home,2.000,lost,-1.0000,https://www.betaminic.com/shootingbets/results/
betaminic,2026-09-13,Poland - 4th Liga,GKS Katowice II,Przemsza Siewierz,1x2,Home,2.000,won,1.0000,https://www.betaminic.com/shootingbets/results/
betaminic,2026-09-13,South Africa - Super League Women,First Touch,University of Fort Hare,1x2,Away,1.950,won,0.9500,https://www.betaminic.com/shootingbets/results/
betaminic,2026-09-13,Indonesia - Championship,Sumsel United,PSMS Medan,1x2,Away,4.200,lost,-1.0000,https://www.betaminic.com/shootingbets/results/
betaminic,2026-09-13,Japan - Regional League,Tokyo 23,Nankatsu,over_under_25,Under,2.350,won,1.3500,https://www.betaminic.com/shootingbets/results/
betaminic,2026-09-13,Thailand - League Cup,Pluakdaeng United,Customs United,1x2,Away,2.600,lost,-1.0000,https://www.betaminic.com/shootingbets/results/
betaminic,2026-09-13,Slovakia - 3. Liga,Dukla Banska Bystrica II,Novohrad Lucenec,1x2,Home,3.300,won,2.3000,https://www.betaminic.com/shootingbets/results/
betaminic,2026-09-13,Romania - Liga 2,Chindia Targoviste,1599 Selimbar,over_under_25,Over,1.800,won,0.8000,https://www.betaminic.com/shootingbets/results/
betaminic,2026-09-13,Hong Kong - HKFA 1. Division,Leaper,Citizen AA,1x2,Away,1.800,won,0.8000,https://www.betaminic.com/shootingbets/results/
betaminic,2026-09-13,Japan - Regional League,Sendai University SC II,Shichinohe,1x2,Home,1.830,won,0.8300,https://www.betaminic.com/shootingbets/results/
betaminic,2026-09-13,Japan - Regional League,Yazaki Valente,Wyvern,1x2,Away,1.800,won,0.8000,https://www.betaminic.com/shootingbets/results/
betaminic,2026-09-13,Japan - Regional League,Llamas Kochi,R Velho Takamatsu,1x2,Away,2.900,won,1.9000,https://www.betaminic.com/shootingbets/results/
betaminic,2026-09-12,Costa Rica - Ascenso,Asociacion Deportiva Rosario,AD Cofutpa,1x2,Home,1.750,won,0.7500,https://www.betaminic.com/shootingbets/results/
betaminic,2026-09-12,Guatemala - Primera Division de Ascenso,Champs Academy,Nueva Santa Rosa,1x2,Home,2.400,lost,-1.0000,https://www.betaminic.com/shootingbets/results/
betaminic,2026-09-12,Brazil - Copa Paulista,Primavera SP,Noroeste,1x2,Home,2.400,lost,-1.0000,https://www.betaminic.com/shootingbets/results/
betaminic,2026-09-12,Colombia - Liga Women,Deportivo Cali,America de Cali,1x2,Away,4.000,won,3.0000,https://www.betaminic.com/shootingbets/results/
betaminic,2026-09-12,Italy - Serie C Group B,Forli,Vis Pesaro,over_under_25,Over,2.050,won,1.0500,https://www.betaminic.com/shootingbets/results/
betaminic,2026-09-12,Brazil - Mineiro Women,America Mineiro,Atletico Mineiro,1x2,Home,4.750,lost,-1.0000,https://www.betaminic.com/shootingbets/results/
betaminic,2026-09-12,Brazil - Carioca U20,Marica,Madureira,1x2,Home,4.000,lost,-1.0000,https://www.betaminic.com/shootingbets/results/
betaminic,2026-09-12,Argentina - Primera B Metropolitana,Arsenal de Sarandi,UAI Urquiza,over_under_25,Over,2.080,lost,-1.0000,https://www.betaminic.com/shootingbets/results/
betaminic,2026-09-12,Brazil - Paulista U20,Santo Andre,Velo Clube,1x2,Home,1.850,won,0.8500,https://www.betaminic.com/shootingbets/results/
betaminic,2026-09-12,Brazil - Paulista U20,Bandeirante,XV de Piracicaba,1x2,Away,2.000,lost,-1.0000,https://www.betaminic.com/shootingbets/results/
betaminic,2026-09-12,Switzerland - Nationalliga B Women,Gambarogno,FC Wil,1x2,Away,2.250,won,1.2500,https://www.betaminic.com/shootingbets/results/
betaminic,2026-09-12,Brazil - Alagoano U20,Desportiva Alianca,CSE,1x2,Away,2.200,lost,-1.0000,https://www.betaminic.com/shootingbets/results/
betaminic,2026-09-12,Brazil - Paulista U20,Botafogo SP,EC Sao Bernardo,1x2,Home,2.000,lost,-1.0000,https://www.betaminic.com/shootingbets/results/
betaminic,2026-09-12,Brazil - Carioca B1,Artsul,Campo Grande AC,1x2,Home,2.100,won,1.1000,https://www.betaminic.com/shootingbets/results/
betaminic,2026-09-12,Belgium - Super League Women,Standard Liege,RAAL La Louviere,1x2,Away,2.800,lost,-1.0000,https://www.betaminic.com/shootingbets/results/
betaminic,2026-09-12,Poland - 4th Liga,Hutnik Warszawa,Bron Radom,1x2,Away,2.800,lost,-1.0000,https://www.betaminic.com/shootingbets/results/
betaminic,2026-09-12,Spain - Primera Federacion Women,Atletico Madrid II,Albacete,1x2,Away,3.000,lost,-1.0000,https://www.betaminic.com/shootingbets/results/
betaminic,2026-09-12,Montenegro - Druga Liga,FK Zeta Golubovci,Budva,1x2,Home,2.450,lost,-1.0000,https://www.betaminic.com/shootingbets/results/
betaminic,2026-09-12,Austria - Landesliga,First Vienna II,Post SV Wien,1x2,Home,2.300,won,1.3000,https://www.betaminic.com/shootingbets/results/
betaminic,2026-09-12,Italy - Serie D,Virtus Lanciano,Trestina,1x2,Home,2.250,lost,-1.0000,https://www.betaminic.com/shootingbets/results/
betaminic,2026-09-12,Spain - U19 League,Marbella,Cordoba,1x2,Home,2.750,won,1.7500,https://www.betaminic.com/shootingbets/results/
betaminic,2026-09-12,England - Women Super League 2,Bristol City,Newcastle United,1x2,Away,2.300,won,1.3000,https://www.betaminic.com/shootingbets/results/
betaminic,2026-09-12,Malta - Challenge League,Pieta Hotspurs,Naxxar Lions,1x2,Home,3.600,won,2.6000,https://www.betaminic.com/shootingbets/results/
betaminic,2026-09-12,Cyprus - 2nd Division,Apea Akrotiriou,Doxa Katokopias,1x2,Home,3.500,lost,-1.0000,https://www.betaminic.com/shootingbets/results/
betaminic,2026-09-12,Spain - Tercera Division,Andratx,CD Llosetense,1x2,Home,2.750,won,1.7500,https://www.betaminic.com/shootingbets/results/
betaminic,2026-09-12,Faroe Islands - 1. Deild,Hoyvik,B36 Torshavn II,1x2,Away,2.500,won,1.5000,https://www.betaminic.com/shootingbets/results/
betaminic,2026-09-12,Poland - 3rd Liga,Warta Gorzow Wielkopolski,Stal Brzeg,1x2,Away,3.400,lost,-1.0000,https://www.betaminic.com/shootingbets/results/
betaminic,2026-09-12,Hungary - Cup,Pecsi MFC,Tiszakecskei LC,1x2,Home,4.750,won,3.7500,https://www.betaminic.com/shootingbets/results/
betaminic,2026-09-12,Georgia - Erovnuli Liga 2,Sioni Bolnisi,Kolkheti 1913 Poti,1x2,Away,3.100,lost,-1.0000,https://www.betaminic.com/shootingbets/results/
betaminic,2026-09-12,Montenegro - Druga Liga,Rudar Pljevlja,Jedinstvo,1x2,Away,2.600,lost,-1.0000,https://www.betaminic.com/shootingbets/results/
betaminic,2026-09-12,Spain - U19 League,Leganes,Las Rozas,1x2,Home,2.000,won,1.0000,https://www.betaminic.com/shootingbets/results/
betaminic,2026-09-12,Slovenia - 3. SNL,Ljutomer,NK Ormoz,1x2,Home,3.700,lost,-1.0000,https://www.betaminic.com/shootingbets/results/
betaminic,2026-09-12,Croatia - 2. NL,Hrvatski Dragovoljac,NK Slavonija Pozega,1x2,Away,3.300,lost,-1.0000,https://www.betaminic.com/shootingbets/results/
betaminic,2026-09-12,Finland - Kolmonen,Kontu,TiPS,1x2,Away,2.150,won,1.1500,https://www.betaminic.com/shootingbets/results/
betaminic,2026-09-12,North Macedonia - 2nd League,Makedonija Gjorce Petrov,KF Kamjani Kamenjane,1x2,Home,2.300,won,1.3000,https://www.betaminic.com/shootingbets/results/
betaminic,2026-09-12,England - Northern Premier League,Redcar Athletic,Leek Town,over_under_25,Over,1.950,won,0.9500,https://www.betaminic.com/shootingbets/results/
betaminic,2026-09-12,Slovakia - 3. Liga,Slovan Sabinov,OFK SIM Raslavice,1x2,Away,1.850,lost,-1.0000,https://www.betaminic.com/shootingbets/results/
betaminic,2026-09-12,Poland - 3rd Liga,Baltyk Koszalin,Blekitni Stargard,1x2,Away,2.050,won,1.0500,https://www.betaminic.com/shootingbets/results/
betaminic,2026-09-12,Poland - 3rd Liga,Pogon Sokol Lubaczow,Busko-Zdroj,1x2,Home,1.830,won,0.8300,https://www.betaminic.com/shootingbets/results/
betaminic,2026-09-12,Portugal - U19 Championship,UD Leiria,Clube Oriental de Lisboa,1x2,Home,2.450,lost,-1.0000,https://www.betaminic.com/shootingbets/results/
betaminic,2026-09-12,Iceland - 3. Deild,Fjallabyggd,KH Hlidarendi,1x2,Home,4.000,lost,-1.0000,https://www.betaminic.com/shootingbets/results/
betaminic,2026-09-12,Iceland - 2. Deild,Kari,Haukar Hafnarfjordur,1x2,Away,2.450,lost,-1.0000,https://www.betaminic.com/shootingbets/results/
betaminic,2026-09-12,Sweden - Division 2,Onsala,Galtabäcks BK,1x2,Away,4.000,lost,-1.0000,https://www.betaminic.com/shootingbets/results/
betaminic,2026-09-12,Austria - Regionalliga West,SV Lochau,Wolfurt,1x2,Home,2.150,won,1.1500,https://www.betaminic.com/shootingbets/results/
betaminic,2026-09-12,Bosnia and Herzegovina - 1st League,Zvijezda Gradacac,Sloboda Tuzla,1x2,Home,2.900,lost,-1.0000,https://www.betaminic.com/shootingbets/results/
betaminic,2026-09-12,Austria - Landesliga,Dinamo Helfort,TWL Elektra,1x2,Home,1.950,lost,-1.0000,https://www.betaminic.com/shootingbets/results/
betaminic,2026-09-12,Albania - 1st Division,Oriku,Bylis Ballsh,1x2,Home,4.750,lost,-1.0000,https://www.betaminic.com/shootingbets/results/
betaminic,2026-09-12,UAE - Reserve League U23,Bani Yas,Khor Fakkan Club,1x2,Home,1.700,lost,-1.0000,https://www.betaminic.com/shootingbets/results/
betaminic,2026-09-12,UAE - Reserve League U23,Al Ittihad Kalba,Ajman,1x2,Home,2.600,lost,-1.0000,https://www.betaminic.com/shootingbets/results/
betaminic,2026-09-12,Wales - Championship,Guilsfield,Gresford Athletic,over_under_25,Under,3.000,won,2.0000,https://www.betaminic.com/shootingbets/results/
betaminic,2026-09-12,Czech Republic - 4. Liga,Slovan Bzenec,SK Krumvir,1x2,Away,2.200,won,1.2000,https://www.betaminic.com/shootingbets/results/
betaminic,2026-09-12,Latvia - 1st Liga,JDFS Alberts,Valmiera,1x2,Away,1.900,won,0.9000,https://www.betaminic.com/shootingbets/results/
betaminic,2026-09-12,Finland - Kakkonen Group C,SJK Akatemia II,Vaajakoski,1x2,Home,2.550,won,1.5500,https://www.betaminic.com/shootingbets/results/
betaminic,2026-09-12,San Marino - Campionato,Virtus,Libertas,1x2,Draw,6.500,lost,-1.0000,https://www.betaminic.com/shootingbets/results/
betaminic,2026-09-12,Italy - Serie D,Varese,Pro Sesto,1x2,Away,2.750,won,1.7500,https://www.betaminic.com/shootingbets/results/
betaminic,2026-09-12,Italy - Serie D,Forsempronese,L’Aquila,1x2,Draw,3.100,lost,-1.0000,https://www.betaminic.com/shootingbets/results/
betaminic,2026-09-12,Italy - Primavera 2 U19,Napoli,Catanzaro,1x2,Home,2.800,lost,-1.0000,https://www.betaminic.com/shootingbets/results/
betaminic,2026-09-12,Sweden - Elitettan Women,Enskede,Alingsas,1x2,Away,3.200,won,2.2000,https://www.betaminic.com/shootingbets/results/
betaminic,2026-09-12,Brazil - Pernambucano U20,Atletico Torres PE,Atlético Pernambucano,1x2,Home,5.750,lost,-1.0000,https://www.betaminic.com/shootingbets/results/
betaminic,2026-09-12,Italy - Primavera 2 U19,Cittadella,Modena,1x2,Away,1.910,lost,-1.0000,https://www.betaminic.com/shootingbets/results/
betaminic,2026-09-12,Turkey - Super Lig U19,Alanyaspor,Goztepe,1x2,Home,3.600,lost,-1.0000,https://www.betaminic.com/shootingbets/results/
betaminic,2026-09-12,Thailand - League 2,Muang Thong United,Nong Bua Pitchaya,1x2,Home,2.450,won,1.4500,https://www.betaminic.com/shootingbets/results/
betaminic,2026-09-12,Ireland - National League Women,Bohemian,Wexford,1x2,Home,2.630,won,1.6300,https://www.betaminic.com/shootingbets/results/
betaminic,2026-09-12,Norway - 3rd Division,Oppsal,Fram Larvik,1x2,Away,2.630,lost,-1.0000,https://www.betaminic.com/shootingbets/results/
betaminic,2026-09-12,Iceland - 3. Deild,KV Vesturbaer,Ymir Kopavogur,1x2,Home,2.800,lost,-1.0000,https://www.betaminic.com/shootingbets/results/
betaminic,2026-09-12,Thailand - League Cup,Bangkok FC,Thonburi United,1x2,Home,1.800,lost,-1.0000,https://www.betaminic.com/shootingbets/results/
betaminic,2026-09-12,Norway - 3rd Division,Melhus,Volda TI,1x2,Home,2.300,lost,-1.0000,https://www.betaminic.com/shootingbets/results/
betaminic,2026-09-12,Sweden - Division 2,Linero,Staffanstorp United,1x2,Away,3.600,won,2.6000,https://www.betaminic.com/shootingbets/results/
betaminic,2026-09-12,Finland - Kolmonen,SJK-Juniorit,SIF,1x2,Away,2.750,won,1.7500,https://www.betaminic.com/shootingbets/results/
betaminic,2026-09-12,Denmark - Elitedivisionen Women,AGF,FC Copenhagen,1x2,Home,3.300,won,2.3000,https://www.betaminic.com/shootingbets/results/
betaminic,2026-09-12,Denmark - U19 League,Brondby,Lyngby BK,1x2,Away,6.000,lost,-1.0000,https://www.betaminic.com/shootingbets/results/
betaminic,2026-09-12,Poland - 3rd Liga,Miedz Legnica II,Goczalkowice Zdroj,1x2,Home,2.050,won,1.0500,https://www.betaminic.com/shootingbets/results/
betaminic,2026-09-12,Poland - 3rd Liga,Wisla Plock II,LKS Lodz II,1x2,Away,3.200,lost,-1.0000,https://www.betaminic.com/shootingbets/results/
betaminic,2026-09-12,Poland - 4th Liga,Ursus Warszawa,MKS Makowianka Makow Mazowiecki,1x2,Home,1.910,won,0.9100,https://www.betaminic.com/shootingbets/results/
betaminic,2026-09-12,Netherlands - U21 Divisie,IJsselmeervogels,Alphense Boys,1x2,Home,1.420,won,0.4200,https://www.betaminic.com/shootingbets/results/
betaminic,2026-09-12,Estonia - Meistriliiga Women,Viimsi JK,Saku Sporting,1x2,Away,2.750,won,1.7500,https://www.betaminic.com/shootingbets/results/
betaminic,2026-09-12,Japan - League Cup Women,Tokyo Verdy Beleza,INAC Kobe Leonessa,1x2,Home,2.900,won,1.9000,https://www.betaminic.com/shootingbets/results/
betaminic,2026-09-12,Slovakia - U19 League,Trencin,Skalica,1x2,Away,7.500,lost,-1.0000,https://www.betaminic.com/shootingbets/results/
betaminic,2026-09-12,Poland - U19 League,Rakow Czestochowa,Lech Poznan,1x2,Home,3.300,won,2.3000,https://www.betaminic.com/shootingbets/results/
betaminic,2026-09-12,Poland - U19 League,Arka Gdynia,Korona Kielce,1x2,Away,3.600,won,2.6000,https://www.betaminic.com/shootingbets/results/
betaminic,2026-09-12,Poland - 4th Liga,Jaguar Gdansk,Pogon Lebork,1x2,Home,4.000,lost,-1.0000,https://www.betaminic.com/shootingbets/results/
betaminic,2026-09-12,Italy - Primavera 2 U19,Frosinone,Pisa,1x2,Home,4.000,lost,-1.0000,https://www.betaminic.com/shootingbets/results/
betaminic,2026-09-12,Japan - Regional League,Nexus Miyakonojo,Nippon Steel Oita,1x2,Away,3.600,lost,-1.0000,https://www.betaminic.com/shootingbets/results/
betaminic,2026-09-12,Czech Republic - 4. Liga,Prostejov II,Sokol Lanzhot,1x2,Home,2.300,lost,-1.0000,https://www.betaminic.com/shootingbets/results/
betaminic,2026-09-12,Czech Republic - 4. Liga,Usti nad Labem II,Brandys Nad Labem,1x2,Away,3.800,won,2.8000,https://www.betaminic.com/shootingbets/results/
betaminic,2026-09-12,Czech Republic - 4. Liga,Banik Sokolov,Hvezda Cheb,1x2,Home,1.450,won,0.4500,https://www.betaminic.com/shootingbets/results/
betaminic,2026-09-12,Czech Republic - 4. Liga,Ujezd Praha 4,Sokol Hostoun,1x2,Away,2.100,won,1.1000,https://www.betaminic.com/shootingbets/results/
betaminic,2026-09-12,Czech Republic - 4. Liga,Tatran Bohunice,Kurim,1x2,Home,2.150,won,1.1500,https://www.betaminic.com/shootingbets/results/
betaminic,2026-09-12,Czech Republic - 4. Liga,Slavoj Vysehrad,Ostrov,1x2,Home,2.500,lost,-1.0000,https://www.betaminic.com/shootingbets/results/
betaminic,2026-09-12,Czech Republic - 3. Liga,Chrudim,Caslav,1x2,Home,1.570,lost,-1.0000,https://www.betaminic.com/shootingbets/results/
betaminic,2026-09-12,Czech Republic - 4. Liga,Slavia Hradec Kralove,Prepere,1x2,Away,2.000,won,1.0000,https://www.betaminic.com/shootingbets/results/
betaminic,2026-09-12,Spain - U19 League,Real Murcia,Elche,1x2,Away,2.600,won,1.6000,https://www.betaminic.com/shootingbets/results/
betaminic,2026-09-12,Japan - League Cup Women,Nojima Stella,Mynavi Sendai,1x2,Home,2.300,won,1.3000,https://www.betaminic.com/shootingbets/results/
betaminic,2026-09-12,Romania - Liga 2,Cetatea Suceava,Ramnicu Valcea,1x2,Home,2.150,won,1.1500,https://www.betaminic.com/shootingbets/results/
betaminic,2026-09-12,Australia - Victoria Premier League 2,Bayside Argonauts,Box Hill United,1x2,Home,2.100,won,1.1000,https://www.betaminic.com/shootingbets/results/
betaminic,2026-09-12,India - Bangalore Super Division,ASC and Center FC,SC Bengaluru,1x2,Away,2.100,won,1.1000,https://www.betaminic.com/shootingbets/results/
betaminic,2026-09-12,Japan - Regional League,Baleine Shimonoseki,Belugarosso Iwami,over_under_25,Under,2.350,won,1.3500,https://www.betaminic.com/shootingbets/results/
betaminic,2026-09-12,Japan - League Cup Women,Albirex Niigata,Sanfrecce Hiroshima Regina,1x2,Away,2.380,won,1.3800,https://www.betaminic.com/shootingbets/results/
betaminic,2026-09-12,Philippines - PFL,Maharlika Manila,Dynamic Herb Cebu,1x2,Home,4.100,won,3.1000,https://www.betaminic.com/shootingbets/results/
betaminic,2026-09-12,Japan - Regional League,ENEOS Mizushima,Mitsubishi Mizushima,1x2,Away,3.200,lost,-1.0000,https://www.betaminic.com/shootingbets/results/
betaminic,2026-09-12,India - Bangalore Super Division,Megt and Centre,HAL SC Bangalore,1x2,Away,4.750,lost,-1.0000,https://www.betaminic.com/shootingbets/results/
betaminic,2026-09-12,Australia - Western Australia State League 1 Reserves,UWA Nedlands,Kingsley Westside,1x2,Home,2.400,won,1.4000,https://www.betaminic.com/shootingbets/results/
betaminic,2026-09-12,Mexico - Liga Premier Serie A,ACF Zapotlanejo,Real Apodaca,1x2,Home,6.500,won,5.5000,https://www.betaminic.com/shootingbets/results/
betaminic,2026-09-11,Argentina - Torneo Regional Federal Amateur,Union de Villa Krause,Belgrano Media Agua,1x2,Draw,4.200,lost,-1.0000,https://www.betaminic.com/shootingbets/results/
betaminic,2026-09-11,Ireland - Leinster Senior League,Crumlin United,Wayside Celtic,1x2,Home,2.500,lost,-1.0000,https://www.betaminic.com/shootingbets/results/
betaminic,2026-09-11,England - Isthmian Division 1 North,Lowestoft Town,Felixstowe and Walton United,1x2,Away,2.000,lost,-1.0000,https://www.betaminic.com/shootingbets/results/
betaminic,2026-09-11,Wales - Championship,Pure Swansea FC,Pontardawe Town,1x2,Away,7.000,lost,-1.0000,https://www.betaminic.com/shootingbets/results/
betaminic,2026-09-11,Spain - Regional Leagues,Ribarroja,CF Nou Jove Castello,1x2,Home,2.200,won,1.2000,https://www.betaminic.com/shootingbets/results/
betaminic,2026-09-11,Mexico - Liga Premier Serie A,Mineros de Fresnillo,Santiago,1x2,Home,3.000,won,2.0000,https://www.betaminic.com/shootingbets/results/
betaminic,2026-09-11,Netherlands - U21 Divisie,Amsterdamsche FC,Excelsior Rotterdam,1x2,Away,1.950,won,0.9500,https://www.betaminic.com/shootingbets/results/
betaminic,2026-09-11,Jordan - 1st Division,Al Hashemeya,Al-Ahli Amman,1x2,Away,2.200,lost,-1.0000,https://www.betaminic.com/shootingbets/results/
betaminic,2026-09-11,Mexico - U19 League,Necaxa,Puebla,1x2,Home,2.100,lost,-1.0000,https://www.betaminic.com/shootingbets/results/
betaminic,2026-09-11,Finland - Kolmonen,SexyPoxyt,EIF II,1x2,Home,5.000,lost,-1.0000,https://www.betaminic.com/shootingbets/results/
betaminic,2026-09-11,Austria - Landesliga,Pachern,Lebring,1x2,Away,2.250,lost,-1.0000,https://www.betaminic.com/shootingbets/results/
betaminic,2026-09-11,Mexico - Liga Premier,Tritones Vallarta,Zacatepec FC,1x2,Away,2.880,lost,-1.0000,https://www.betaminic.com/shootingbets/results/
betaminic,2026-09-11,Czech Republic - 3. Liga,Pisek,Ceske Budejovice,1x2,Away,3.100,lost,-1.0000,https://www.betaminic.com/shootingbets/results/
betaminic,2026-09-11,Mexico - Liga TDP,Correcaminos de la UAT III,Cadereyta,1x2,Away,2.450,won,1.4500,https://www.betaminic.com/shootingbets/results/
betaminic,2026-09-11,CAF - Champions League Qualifiers,APR,Aigles du Congo,1x2,Home,2.150,won,1.1500,https://www.betaminic.com/shootingbets/results/
betaminic,2026-09-11,Finland - Kolmonen,Lohjan Pallo,PPJ/Ruoholahti,1x2,Away,3.500,lost,-1.0000,https://www.betaminic.com/shootingbets/results/
betaminic,2026-09-11,Finland - Kolmonen,Komeetat,FC Blackbird,1x2,Home,5.000,lost,-1.0000,https://www.betaminic.com/shootingbets/results/
betaminic,2026-09-11,Finland - Kolmonen,LeKi,Tampere United II,1x2,Home,5.750,won,4.7500,https://www.betaminic.com/shootingbets/results/
betaminic,2026-09-11,Finland - Kolmonen,JyTy,LTU,1x2,Home,2.550,lost,-1.0000,https://www.betaminic.com/shootingbets/results/
betaminic,2026-09-11,Czech Republic - FNL,Fotbal Trinec,MFK Karvina,over_under_25,Under,2.300,lost,-1.0000,https://www.betaminic.com/shootingbets/results/
betaminic,2026-09-11,Jordan - 1st Division,Sama Al Sarhan,Jerash SC,1x2,Away,4.100,won,3.1000,https://www.betaminic.com/shootingbets/results/
betaminic,2026-09-11,Australia - NorZone Premier League,Casuarina,Port Darwin,1x2,Home,4.000,lost,-1.0000,https://www.betaminic.com/shootingbets/results/
betaminic,2026-09-11,India - Calcutta Premier Division,Mohammedan Reserves,Bhawanipore,1x2,Away,1.910,lost,-1.0000,https://www.betaminic.com/shootingbets/results/
betaminic,2026-09-11,Australia - Victoria Premier League 2,Essendon Royals,Keilor Park,over_under_25,Under,3.250,lost,-1.0000,https://www.betaminic.com/shootingbets/results/
betaminic,2026-09-11,Czech Republic - 3. Liga,Slovan Liberec II,Pardubice II,1x2,Away,2.150,lost,-1.0000,https://www.betaminic.com/shootingbets/results/
betaminic,2026-09-10,Panama - Liga Prom,Potros del Este,Arabe Unido II,1x2,Away,2.550,won,1.5500,https://www.betaminic.com/shootingbets/results/
betaminic,2026-09-10,Brazil - U20 Cup,Galvez,Santa Cruz AC,1x2,Home,5.500,lost,-1.0000,https://www.betaminic.com/shootingbets/results/
betaminic,2026-09-10,Iceland - 4. Deild,Alafoss,Hafnir,1x2,Away,3.700,lost,-1.0000,https://www.betaminic.com/shootingbets/results/
betaminic,2026-09-10,Iceland - 2. Deild Women,KT Reykjavik,Augnablik,1x2,Home,2.880,won,1.8800,https://www.betaminic.com/shootingbets/results/
betaminic,2026-09-10,Brazil - Paraense 3,Pinheirense,Tesla,1x2,Home,3.200,lost,-1.0000,https://www.betaminic.com/shootingbets/results/
betaminic,2026-09-10,Norway - U19 League,Ready Fotball,Asker,1x2,Away,4.000,won,3.0000,https://www.betaminic.com/shootingbets/results/
betaminic,2026-09-10,Brazil - U20 Cup,Operario Ferroviario,Chapecoense,1x2,Away,2.700,lost,-1.0000,https://www.betaminic.com/shootingbets/results/
betaminic,2026-09-10,Finland - Kolmonen,HPS ll,Valtti,1x2,Away,2.880,lost,-1.0000,https://www.betaminic.com/shootingbets/results/
betaminic,2026-09-10,Finland - Kolmonen,VPV,Ylivieska,1x2,Home,2.100,lost,-1.0000,https://www.betaminic.com/shootingbets/results/
betaminic,2026-09-10,Estonia - Esiliiga B,Parnu Vaprus II,Phoenix Johvi,1x2,Home,2.100,lost,-1.0000,https://www.betaminic.com/shootingbets/results/
betaminic,2026-09-10,Finland - Kolmonen,Atlantis/PM,LPS,1x2,Home,2.550,lost,-1.0000,https://www.betaminic.com/shootingbets/results/
betaminic,2026-09-10,Finland - Kolmonen,TiPS,FC Lahti 69,1x2,Home,4.750,won,3.7500,https://www.betaminic.com/shootingbets/results/
betaminic,2026-09-10,Estonia - Esiliiga A,Nomme United II,Tallinna Kalev,1x2,Away,2.200,lost,-1.0000,https://www.betaminic.com/shootingbets/results/
betaminic,2026-09-10,Angola - Girabola,Interclube,Academica do Lobito,1x2,Home,1.650,won,0.6500,https://www.betaminic.com/shootingbets/results/
betaminic,2026-09-10,Argentina - Reserve League,CA San Miguel,Deportivo Moron,over_under_25,Over,2.500,won,1.5000,https://www.betaminic.com/shootingbets/results/
betaminic,2026-09-10,Egypt - 2nd Division B,Mustaqbal Sport,Gomhoryet Shebin,1x2,Home,3.100,lost,-1.0000,https://www.betaminic.com/shootingbets/results/
betaminic,2026-09-10,Norway - U19 League,Fredrikstad,Asane,1x2,Home,2.300,won,1.3000,https://www.betaminic.com/shootingbets/results/
betaminic,2026-09-10,UEFA - Youth League U19,Como 1907,RB Leipzig,1x2,Away,2.700,lost,-1.0000,https://www.betaminic.com/shootingbets/results/
betaminic,2026-09-10,Norway - U19 League,Brann,Viking,1x2,Away,2.880,lost,-1.0000,https://www.betaminic.com/shootingbets/results/
betaminic,2026-09-10,Azerbaijan - Division 1,Sabail,Energetik Mingechevir,1x2,Home,1.600,won,0.6000,https://www.betaminic.com/shootingbets/results/
betaminic,2026-09-10,Georgia - Liga 3,Betlemi Keda,Margveti 2006,1x2,Home,3.250,lost,-1.0000,https://www.betaminic.com/shootingbets/results/
betaminic,2026-09-10,Bhutan - Premier League,RTC,Thimphu City,1x2,Home,5.000,lost,-1.0000,https://www.betaminic.com/shootingbets/results/
betaminic,2026-09-10,Bolivia - Cup,Blooming,GV San Jose,1x2,Away,7.000,lost,-1.0000,https://www.betaminic.com/shootingbets/results/
betaminic,2026-09-09,Colombia - Cup,Real Cundinamarca,Inter Bogota,1x2,Away,2.000,won,1.0000,https://www.betaminic.com/shootingbets/results/
betaminic,2026-09-09,Brazil - Gaucho 2,Brasil de Farroupilha,Esportvo Bento Goncalves,1x2,Away,2.750,lost,-1.0000,https://www.betaminic.com/shootingbets/results/
betaminic,2026-09-09,Spain - Federation Cup,Talavera,Navalcarnero,1x2,Home,2.300,lost,-1.0000,https://www.betaminic.com/shootingbets/results/
betaminic,2026-09-09,El Salvador - Reserve League U20,CD Platense,Isidro Metapan,1x2,Away,2.100,won,1.1000,https://www.betaminic.com/shootingbets/results/
betaminic,2026-09-09,England - Northern League Division 1,Rugby Borough,Long Eaton United,1x2,Away,4.000,lost,-1.0000,https://www.betaminic.com/shootingbets/results/
betaminic,2026-09-09,England - National League Cup,Tamworth,Middlesbrough U21,1x2,Home,2.380,lost,-1.0000,https://www.betaminic.com/shootingbets/results/
betaminic,2026-09-09,Northern Ireland - Championship Women,Ballymena United,Ballyclare Comrades,1x2,Away,2.600,lost,-1.0000,https://www.betaminic.com/shootingbets/results/
betaminic,2026-09-09,Brazil - U20 Cup,Criciuma,Cascavel,1x2,Home,2.100,won,1.1000,https://www.betaminic.com/shootingbets/results/
betaminic,2026-09-09,Brazil - Mineiro Women,Atletico Mineiro,Itabirito,1x2,Away,5.250,lost,-1.0000,https://www.betaminic.com/shootingbets/results/
betaminic,2026-09-09,England - Premier League Cup U21,Blackburn Rovers,Queens Park Rangers,1x2,Away,2.750,lost,-1.0000,https://www.betaminic.com/shootingbets/results/
betaminic,2026-09-09,Iraq - Stars League,Newroz,Al Mosul,1x2,Home,2.200,won,1.2000,https://www.betaminic.com/shootingbets/results/
betaminic,2026-09-09,Brazil - U20 Cup,Santa Cruz PE,CSE,1x2,Home,1.730,won,0.7300,https://www.betaminic.com/shootingbets/results/
betaminic,2026-09-09,Switzerland - Nationalliga B Women,Etoile Carouge,Ostermundigen,1x2,Home,3.250,lost,-1.0000,https://www.betaminic.com/shootingbets/results/
betaminic,2026-09-09,Israel - Liga Alef,Hapoel Herzliya,AS Nordia Jerusalem,1x2,Away,7.000,lost,-1.0000,https://www.betaminic.com/shootingbets/results/
betaminic,2026-09-09,Finland - Kolmonen,LePa,GrIFK II,1x2,Away,5.000,won,4.0000,https://www.betaminic.com/shootingbets/results/
betaminic,2026-09-09,Switzerland - Super League Women,Basel,Grasshopper Club Zurich,1x2,Away,3.000,lost,-1.0000,https://www.betaminic.com/shootingbets/results/
betaminic,2026-09-09,Spain - Cup Women,Burgos,Bizkerre,1x2,Away,3.600,lost,-1.0000,https://www.betaminic.com/shootingbets/results/
betaminic,2026-09-09,Kosovo - Superliga,Gjilani,Ballkani,1x2,Home,3.900,won,2.9000,https://www.betaminic.com/shootingbets/results/
betaminic,2026-09-09,Finland - Kolmonen,KuPS Akatemia II,PK-37,1x2,Away,2.630,won,1.6300,https://www.betaminic.com/shootingbets/results/
betaminic,2026-09-09,Spain - Cup Women,Sporting de Huelva,Malaga,1x2,Home,2.300,won,1.3000,https://www.betaminic.com/shootingbets/results/
betaminic,2026-09-09,Italy - Serie C Cup,Grosseto,Latina,1x2,Away,3.400,won,2.4000,https://www.betaminic.com/shootingbets/results/
betaminic,2026-09-09,Israel - Liga Alef,Hapoel Hadera,Shimshon Tel Aviv,1x2,Away,2.900,lost,-1.0000,https://www.betaminic.com/shootingbets/results/
betaminic,2026-09-09,Finland - Kolmonen,FCV/2,KeuPa,1x2,Home,4.000,lost,-1.0000,https://www.betaminic.com/shootingbets/results/
betaminic,2026-09-09,Iraq - Stars League,Al-Talaba,Al Karkh,1x2,Home,1.900,won,0.9000,https://www.betaminic.com/shootingbets/results/
betaminic,2026-09-09,Slovakia - Cup,Banik Prievidza,Banik Lehota Pod Vtacnikom,1x2,Away,1.730,won,0.7300,https://www.betaminic.com/shootingbets/results/
betaminic,2026-09-09,Slovenia - Cup,Roltek Dob,Slovan Ljublana,1x2,Home,5.000,won,4.0000,https://www.betaminic.com/shootingbets/results/
betaminic,2026-09-09,North Macedonia - Cup,Osogovo Kocani,Belasica,1x2,Home,4.750,lost,-1.0000,https://www.betaminic.com/shootingbets/results/
betaminic,2026-09-09,Greece - Super League U19,Volos,Iraklis,1x2,Away,2.750,lost,-1.0000,https://www.betaminic.com/shootingbets/results/
betaminic,2026-09-09,Paraguay - Division Intermedia,Club Fernando de La Mora,Deportivo Capiata,1x2,Home,2.450,won,1.4500,https://www.betaminic.com/shootingbets/results/
betaminic,2026-09-09,Israel - Liga Alef,Maccabi Kiryat Ata-Bialik,Maccabi Nujeidat Ahmed,1x2,Draw,3.900,lost,-1.0000,https://www.betaminic.com/shootingbets/results/
betaminic,2026-09-09,Hong Kong - U22 League,Eastern District,North District,1x2,Away,2.500,won,1.5000,https://www.betaminic.com/shootingbets/results/
betaminic,2026-09-09,Japan - League Cup,Reilac Shiga,Tokyo Verdy,1x2,Home,5.750,lost,-1.0000,https://www.betaminic.com/shootingbets/results/
betaminic,2026-09-09,Czech Republic - U19 League,SFC Opava,Dynamo Ceske Budejovice,1x2,Away,2.750,lost,-1.0000,https://www.betaminic.com/shootingbets/results/
betaminic,2026-09-09,Serbia - U19 League,Partizan Belgrade,OFK Beograd,1x2,Home,2.750,won,1.7500,https://www.betaminic.com/shootingbets/results/
betaminic,2026-09-09,Bolivia - Cup,Oriente Petrolero,Guabira,1x2,Home,1.950,won,0.9500,https://www.betaminic.com/shootingbets/results/
betaminic,2026-09-09,Brazil - Amazonense Serie B,RB do Norte,Fast Clube,1x2,Away,2.400,won,1.4000,https://www.betaminic.com/shootingbets/results/
betaminic,2026-09-08,CONCACAF - Caribbean Cup,Club Sando,Delfines Del Este,1x2,Away,4.330,lost,-1.0000,https://www.betaminic.com/shootingbets/results/
betaminic,2026-09-08,USA - USL Cup,Hartford Athletic,Colorado Springs Switchbacks,over_under_25,Over,1.900,won,0.9000,https://www.betaminic.com/shootingbets/results/
betaminic,2026-09-08,Bolivia - Cup,Aurora,Real Potosi,1x2,Home,1.570,won,0.5700,https://www.betaminic.com/shootingbets/results/
betaminic,2026-09-08,Scotland - Challenge Cup,Peterhead,Clachnacuddin,1x2,Away,4.750,lost,-1.0000,https://www.betaminic.com/shootingbets/results/
betaminic,2026-09-08,Scotland - Challenge Cup,Annan Athletic,Motherwell B,over_under_25,Under,3.600,lost,-1.0000,https://www.betaminic.com/shootingbets/results/
betaminic,2026-09-08,England - National League South,Dagenham and Redbridge,Dover Athletic,over_under_25,Under,2.680,won,1.6800,https://www.betaminic.com/shootingbets/results/
betaminic,2026-09-08,England - Northern League Division 1,Mossley,Clitheroe,1x2,Away,2.700,won,1.7000,https://www.betaminic.com/shootingbets/results/
betaminic,2026-09-08,England - Northern League Division 1,Stafford Rangers,Nantwich Town,1x2,Home,2.350,won,1.3500,https://www.betaminic.com/shootingbets/results/
betaminic,2026-09-08,England - Isthmian Division 1 North,Little Oakley,Gorleston,1x2,Away,2.380,lost,-1.0000,https://www.betaminic.com/shootingbets/results/
betaminic,2026-09-08,England - National League Cup,Worthing,Norwich City U21,1x2,Home,2.400,lost,-1.0000,https://www.betaminic.com/shootingbets/results/
betaminic,2026-09-08,Iraq - Stars League,Al Gharraf,Al-Shorta,1x2,Away,1.830,won,0.8300,https://www.betaminic.com/shootingbets/results/
betaminic,2026-09-08,Spain - Cup Women,Huesca,Zaragoza CFF,1x2,Home,3.500,lost,-1.0000,https://www.betaminic.com/shootingbets/results/
betaminic,2026-09-08,Norway - Cup Women,Sarpsborg 08,SF Grei,1x2,Home,2.550,lost,-1.0000,https://www.betaminic.com/shootingbets/results/
betaminic,2026-09-08,Finland - Kolmonen,Metso,JPS,1x2,Away,1.700,won,0.7000,https://www.betaminic.com/shootingbets/results/
betaminic,2026-09-08,Slovakia - Cup,Namestovo,MFK Bytca,1x2,Home,2.400,lost,-1.0000,https://www.betaminic.com/shootingbets/results/
betaminic,2026-09-08,Kosovo - Superliga,Vushtrria,Llapi,1x2,Away,2.450,won,1.4500,https://www.betaminic.com/shootingbets/results/
betaminic,2026-09-08,Argentina - Reserve League,Central Ballester,General Lamadrid,over_under_25,Over,1.730,won,0.7300,https://www.betaminic.com/shootingbets/results/
betaminic,2026-09-08,Singapore - Premier League 2,Lion City Sailors II,Hougang United II,1x2,Home,2.250,won,1.2500,https://www.betaminic.com/shootingbets/results/
betaminic,2026-09-08,India - Mizoram Premier League,Kanan FC,Saikhamakawn,over_under_25,Under,2.380,won,1.3800,https://www.betaminic.com/shootingbets/results/
betaminic,2026-09-07,Honduras - Reserve League,Marathon,Real Espana,1x2,Away,2.800,won,1.8000,https://www.betaminic.com/shootingbets/results/
betaminic,2026-09-07,Paraguay - Reserve League,Sportivo Luqueno,Sportivo Ameliano,1x2,Away,2.250,lost,-1.0000,https://www.betaminic.com/shootingbets/results/
betaminic,2026-09-07,Honduras - Reserve League,Motagua,Lobos UPNFM,over_under_25,Under,2.500,lost,-1.0000,https://www.betaminic.com/shootingbets/results/
betaminic,2026-09-07,Northern Ireland - Reserve League,Carrick Rangers,Crusaders,1x2,Home,3.800,lost,-1.0000,https://www.betaminic.com/shootingbets/results/
betaminic,2026-09-07,England - Premier League Cup U21,Luton Town,Peterborough United,1x2,Away,1.830,won,0.8300,https://www.betaminic.com/shootingbets/results/
betaminic,2026-09-07,Brazil - Copa Santa Catarina,Metropolitano,Marcilio Dias,1x2,Away,2.250,won,1.2500,https://www.betaminic.com/shootingbets/results/
betaminic,2026-09-07,Brazil - Carioca B2,7 De Abril RJ,Serra Macaense FC,over_under_25,Over,2.200,won,1.2000,https://www.betaminic.com/shootingbets/results/
betaminic,2026-09-07,Israel - Liga Bet,Bnei Jaffa Ortodoxim,Maccabi HaSharon Netanya,1x2,Away,2.400,lost,-1.0000,https://www.betaminic.com/shootingbets/results/
betaminic,2026-09-07,Norway - 3rd Division,KFUM Oslo II,Lokomotiv Oslo,1x2,Away,3.400,won,2.4000,https://www.betaminic.com/shootingbets/results/
betaminic,2026-09-07,Norway - 3rd Division,Kvik,Ranheim II,1x2,Home,2.200,lost,-1.0000,https://www.betaminic.com/shootingbets/results/
betaminic,2026-09-07,Norway - 3rd Division,Drobak Frogn,Lyn II,1x2,Home,2.150,won,1.1500,https://www.betaminic.com/shootingbets/results/
betaminic,2026-09-07,Norway - 3rd Division,Molde II,Aalesund II,1x2,Home,1.650,won,0.6500,https://www.betaminic.com/shootingbets/results/
betaminic,2026-09-07,Serbia - Prva Liga,Vozdovac,TSC,1x2,Away,2.350,won,1.3500,https://www.betaminic.com/shootingbets/results/
betaminic,2026-09-07,Argentina - Youth League U20,Chacarita Juniors,Almagro,1x2,Away,4.330,lost,-1.0000,https://www.betaminic.com/shootingbets/results/
betaminic,2026-09-07,Slovenia - U19 League,Jadran Dekani,Mura,1x2,Home,2.600,won,1.6000,https://www.betaminic.com/shootingbets/results/
betaminic,2026-09-07,North Macedonia - 1st League,Struga Trim Lum,Sileks Kratovo,over_under_25,Under,1.900,won,0.9000,https://www.betaminic.com/shootingbets/results/
betaminic,2026-09-07,Greece - Super League 2,Marko,Panserraikos,1x2,Home,3.400,won,2.4000,https://www.betaminic.com/shootingbets/results/
betaminic,2026-09-07,Rwanda - Premier League,Police FC Rwanda,Gicumbi,1x2,Away,4.330,won,3.3300,https://www.betaminic.com/shootingbets/results/
betaminic,2026-09-07,Myanmar - National League,Ispe,Mahar United,1x2,Away,2.900,won,1.9000,https://www.betaminic.com/shootingbets/results/
betaminic,2026-09-06,Croatia - U19 League,Istra 1961,HNK Gorica,1x2,Home,1.800,won,0.8000,https://www.betaminic.com/shootingbets/results/
betaminic,2026-09-06,Saudi Arabia - Elite League U21,Al-Fateh,Al-Nassr,over_under_25,Under,2.050,lost,-1.0000,https://www.betaminic.com/shootingbets/results/
betaminic,2026-09-06,Czech Republic - 3. Liga,Sokol Brozany,Chrudim,1x2,Away,2.700,lost,-1.0000,https://www.betaminic.com/shootingbets/results/
betaminic,2026-09-06,Austria - Cup,Parndorf,Wolfsberger AC,over_under_25,Under,3.300,won,2.3000,https://www.betaminic.com/shootingbets/results/
betaminic,2026-09-06,Czech Republic - 3. Liga,Caslav,Benatky Nad Jizerou,1x2,Away,2.450,won,1.4500,https://www.betaminic.com/shootingbets/results/
betaminic,2026-09-06,Ghana - Premier League,Debibi United,Asante Kotoko,1x2,Away,2.880,lost,-1.0000,https://www.betaminic.com/shootingbets/results/
betaminic,2026-09-06,Nigeria - NPFL,Kun Khalifat,Barau,1x2,Away,3.600,lost,-1.0000,https://www.betaminic.com/shootingbets/results/
betaminic,2026-09-06,Austria - Landesliga,SV Eberau,USV Halbturn,1x2,Away,3.100,won,2.1000,https://www.betaminic.com/shootingbets/results/
betaminic,2026-09-06,Slovakia - 3. Liga,Druzstevnik Velke Ludince,Nitra,1x2,Home,6.000,lost,-1.0000,https://www.betaminic.com/shootingbets/results/
betaminic,2026-09-06,Hungary - NB 3,Hajdunanas FK,Fuzesabony,1x2,Home,2.250,lost,-1.0000,https://www.betaminic.com/shootingbets/results/
betaminic,2026-09-06,Turkey - Super League Women,Besiktas,Yuksekova,1x2,Home,1.700,won,0.7000,https://www.betaminic.com/shootingbets/results/
betaminic,2026-09-06,Kosovo - Superliga,Malisheva,Gjilani,1x2,Home,2.300,won,1.3000,https://www.betaminic.com/shootingbets/results/
betaminic,2026-09-06,Turkey - 3rd League,Beykoz Anadolu,Kucukcekmece Sinop Spor,1x2,Away,3.200,won,2.2000,https://www.betaminic.com/shootingbets/results/
betaminic,2026-09-06,Bulgaria - Second League,Nesebar,Rilski Sportist,1x2,Home,2.250,won,1.2500,https://www.betaminic.com/shootingbets/results/
betaminic,2026-09-06,Spain - U19 League,Unionistas de Salamanca,Antiguoko KE,1x2,Home,3.700,lost,-1.0000,https://www.betaminic.com/shootingbets/results/
betaminic,2026-09-06,Czech Republic - 1. Liga Women,Slovan Liberec,Slovacko,1x2,Home,2.250,won,1.2500,https://www.betaminic.com/shootingbets/results/
betaminic,2026-09-06,Austria - Landesliga,ASKO Kottmannsdorf,KAC 1909,1x2,Home,5.500,lost,-1.0000,https://www.betaminic.com/shootingbets/results/
betaminic,2026-09-06,Belgium - 2nd Amateur Division,RUS Binche,Stade Mouscronnois,1x2,Away,3.000,lost,-1.0000,https://www.betaminic.com/shootingbets/results/
betaminic,2026-09-06,Georgia - Erovnuli Liga 2,Kolkheti 1913 Poti,Merani Martvili,1x2,Home,2.100,won,1.1000,https://www.betaminic.com/shootingbets/results/
betaminic,2026-09-06,San Marino - Campionato,SP La Fiorita,San Marino Academy,1x2,Draw,7.500,won,6.5000,https://www.betaminic.com/shootingbets/results/
betaminic,2026-09-06,Paraguay - Division Intermedia,Benjamin Aceval,12 de Junio de Villa Hayes,1x2,Away,2.700,lost,-1.0000,https://www.betaminic.com/shootingbets/results/
betaminic,2026-09-06,France - U19 League,Paris FC,Stade de Reims,1x2,Home,2.350,lost,-1.0000,https://www.betaminic.com/shootingbets/results/
betaminic,2026-09-06,France - U19 League,US Quevilly,Valenciennes,1x2,Away,2.550,lost,-1.0000,https://www.betaminic.com/shootingbets/results/
betaminic,2026-09-06,France - U19 League,Lille,C'Chartres,1x2,Home,2.000,won,1.0000,https://www.betaminic.com/shootingbets/results/
betaminic,2026-09-06,France - U19 League,Auxerre,Clermont Foot,1x2,Home,2.200,lost,-1.0000,https://www.betaminic.com/shootingbets/results/
betaminic,2026-09-06,France - U19 League,Colomiers,Montpellier,1x2,Home,4.200,won,3.2000,https://www.betaminic.com/shootingbets/results/
betaminic,2026-09-06,France - National 2,Strasbourg II,Belfort,1x2,Home,2.600,won,1.6000,https://www.betaminic.com/shootingbets/results/
betaminic,2026-09-06,Brazil - Brasiliense B,Gremio Desportivo Valparaiso,Candango,1x2,Draw,8.000,won,7.0000,https://www.betaminic.com/shootingbets/results/
betaminic,2026-09-06,Rwanda - Premier League,Marines,Kigali,1x2,Draw,3.000,lost,-1.0000,https://www.betaminic.com/shootingbets/results/
betaminic,2026-09-06,Austria - Regionalliga West,Wolfurt,St. Johann in Tirol,1x2,Away,2.300,won,1.3000,https://www.betaminic.com/shootingbets/results/
betaminic,2026-09-06,Israel - Liga Alef,Hapoel Ironi Arraba,Beitar Nahariya,1x2,Home,3.000,lost,-1.0000,https://www.betaminic.com/shootingbets/results/
betaminic,2026-09-06,France - Feminine Division 2,Nice,AS Cannes,1x2,Home,2.100,lost,-1.0000,https://www.betaminic.com/shootingbets/results/
betaminic,2026-09-06,Italy - Serie B Women,Res Roma,Frosinone,1x2,Away,3.600,lost,-1.0000,https://www.betaminic.com/shootingbets/results/
betaminic,2026-09-06,Italy - Serie D,Notaresco,Ancona,1x2,Away,2.750,won,1.7500,https://www.betaminic.com/shootingbets/results/
betaminic,2026-09-06,Norway - 3rd Division,Lillestrom II,Bossekop UL,over_under_25,Under,4.500,lost,-1.0000,https://www.betaminic.com/shootingbets/results/
betaminic,2026-09-06,Poland - 4th Liga,Pogon Sokol Lubaczow,Czarni 1910 Jaslo,1x2,Home,2.000,won,1.0000,https://www.betaminic.com/shootingbets/results/
betaminic,2026-09-06,Poland - 4th Liga,Orleta Lukow,BLKS Granit Bychawa,1x2,Away,2.100,won,1.1000,https://www.betaminic.com/shootingbets/results/
betaminic,2026-09-06,Slovakia - U19 League,Tatran Liptovsky Mikulas,Petrzalka,1x2,Home,2.400,won,1.4000,https://www.betaminic.com/shootingbets/results/
betaminic,2026-09-06,Thailand - League 2,Chainat Hornbill,Phrae United,1x2,Away,3.250,lost,-1.0000,https://www.betaminic.com/shootingbets/results/
betaminic,2026-09-06,Thailand - League Cup,Roi Et PB United,Khonkaen Mordindang,1x2,Home,1.500,won,0.5000,https://www.betaminic.com/shootingbets/results/
betaminic,2026-09-06,Spain - Tercera Division,Montanesa,UE San Juan Atletico de Montcada,1x2,Home,2.350,won,1.3500,https://www.betaminic.com/shootingbets/results/
betaminic,2026-09-06,Poland - U19 League,Jagiellonia Bialystok,Escola Varsovia,1x2,Home,2.300,won,1.3000,https://www.betaminic.com/shootingbets/results/
betaminic,2026-09-06,Poland - U19 League,Korona Kielce,Rakow Czestochowa,1x2,Home,2.700,lost,-1.0000,https://www.betaminic.com/shootingbets/results/
betaminic,2026-09-06,Poland - 4th Liga,Podbeskidzie Bielsko-Bialo II,Rozwoj Katowice,1x2,Home,1.910,won,0.9100,https://www.betaminic.com/shootingbets/results/
betaminic,2026-09-06,Denmark - Division 2 Women,Vejle,Randers FC,1x2,Away,2.400,lost,-1.0000,https://www.betaminic.com/shootingbets/results/
betaminic,2026-09-06,Hong Kong - HKFA 2. Division,Wanchai,Wing Yee,1x2,Home,2.100,lost,-1.0000,https://www.betaminic.com/shootingbets/results/
betaminic,2026-09-06,North Macedonia - U19 League,Shkupi,Pelister,1x2,Away,2.300,won,1.3000,https://www.betaminic.com/shootingbets/results/
betaminic,2026-09-06,Czech Republic - 2. Liga Women,Hradec Kralove,Pardubice,1x2,Away,3.800,lost,-1.0000,https://www.betaminic.com/shootingbets/results/
betaminic,2026-09-06,Poland - 4th Liga,Lomza II,UKS Pionier Bransk,1x2,Home,1.750,lost,-1.0000,https://www.betaminic.com/shootingbets/results/
betaminic,2026-09-06,Finland - U21 League,Atlantis,Valtti,1x2,Home,1.730,lost,-1.0000,https://www.betaminic.com/shootingbets/results/
betaminic,2026-09-06,Greece - Super League U19,Levadiakos,Panetolikos,1x2,Away,4.200,lost,-1.0000,https://www.betaminic.com/shootingbets/results/
betaminic,2026-09-06,Hong Kong - HKFA 1. Division,Hoi King,Sham Shui Po,1x2,Away,4.200,lost,-1.0000,https://www.betaminic.com/shootingbets/results/
betaminic,2026-09-06,Australia - Tasmania Super League Women,Taroona,Launceston United,1x2,Away,2.050,won,1.0500,https://www.betaminic.com/shootingbets/results/
betaminic,2026-09-05,Dominican Republic - Liga Mayor,Cibao,Vega Real,1x2,Draw,4.000,lost,-1.0000,https://www.betaminic.com/shootingbets/results/
betaminic,2026-09-05,Bolivia - Primera Division,Guabira,Real Potosi,1x2,Home,1.800,lost,-1.0000,https://www.betaminic.com/shootingbets/results/
betaminic,2026-09-05,CAF - Champions League Qualifiers,Gaborone United,Young Africans,1x2,Away,2.100,lost,-1.0000,https://www.betaminic.com/shootingbets/results/
betaminic,2026-09-05,France - National 1,Granville,Le Poire-sur-Vie,1x2,Home,2.100,won,1.1000,https://www.betaminic.com/shootingbets/results/
betaminic,2026-09-05,Czech Republic - 4. Liga,Slany,Banik Sokolov,1x2,Away,2.880,won,1.8800,https://www.betaminic.com/shootingbets/results/
betaminic,2026-09-05,Czech Republic - 4. Liga,Tempo Prague,Ujezd Praha 4,1x2,Home,2.100,lost,-1.0000,https://www.betaminic.com/shootingbets/results/
betaminic,2026-09-05,Czech Republic - 4. Liga,Trutnov,Slavia Hradec Kralove,1x2,Home,2.000,lost,-1.0000,https://www.betaminic.com/shootingbets/results/
betaminic,2026-09-05,Czech Republic - 4. Liga,Velka Bites,Pelhrimov,1x2,Home,1.830,won,0.8300,https://www.betaminic.com/shootingbets/results/
betaminic,2026-09-05,Botswana - Premier League,Morupule Wanderers,Sua Flamingoes,1x2,Away,3.400,lost,-1.0000,https://www.betaminic.com/shootingbets/results/
betaminic,2026-09-05,Wales - Championship,Porthmadog,Bala Town,1x2,Away,2.300,won,1.3000,https://www.betaminic.com/shootingbets/results/
betaminic,2026-09-05,Malawi - Super League,Red Lions,Masters Security,1x2,Home,1.950,lost,-1.0000,https://www.betaminic.com/shootingbets/results/
betaminic,2026-09-05,Malawi - Super League,Big Bullets,Silver Strikers,1x2,Home,2.880,won,1.8800,https://www.betaminic.com/shootingbets/results/
betaminic,2026-09-05,Netherlands - Derde Divisie,Excelsior Maassluis,Noordwijk,1x2,Home,3.000,lost,-1.0000,https://www.betaminic.com/shootingbets/results/
betaminic,2026-09-05,Czech Republic - 1. Liga Women,Prague Raptors,Banik Ostrava,1x2,Home,2.150,won,1.1500,https://www.betaminic.com/shootingbets/results/
betaminic,2026-09-05,Netherlands - U21 Divisie,Groningen,Twente / Heracles,1x2,Home,1.950,won,0.9500,https://www.betaminic.com/shootingbets/results/
betaminic,2026-09-05,Sweden - Division 2,Galtabäcks BK,Dalstorps,1x2,Away,1.950,lost,-1.0000,https://www.betaminic.com/shootingbets/results/
betaminic,2026-09-05,Norway - 3rd Division,Varhaug,Brodd,1x2,Away,3.700,lost,-1.0000,https://www.betaminic.com/shootingbets/results/
betaminic,2026-09-05,Sweden - Division 2,Rappe GOIF,Solvesborgs,1x2,Away,2.050,won,1.0500,https://www.betaminic.com/shootingbets/results/
betaminic,2026-09-05,England - FA Cup Qualification,Curzon Ashton,Bradford Park Avenue,1x2,Away,5.000,won,4.0000,https://www.betaminic.com/shootingbets/results/
betaminic,2026-09-05,Poland - 3rd Liga,Blekitni Stargard,Kotwica Kornik,1x2,Home,1.570,lost,-1.0000,https://www.betaminic.com/shootingbets/results/
betaminic,2026-09-05,Czech Republic - U19 League,MFK Karvina,Slavia Prague,1x2,Home,1.950,won,0.9500,https://www.betaminic.com/shootingbets/results/
betaminic,2026-09-05,Czech Republic - U19 League,Dynamo Ceske Budejovice,Sigma Olomouc,1x2,Away,2.500,lost,-1.0000,https://www.betaminic.com/shootingbets/results/
betaminic,2026-09-05,Slovakia - U19 League,FC Kosice,Trencin,1x2,Home,2.500,lost,-1.0000,https://www.betaminic.com/shootingbets/results/
betaminic,2026-09-05,Thailand - League 2,Mahasarakham,Songkhla,1x2,Away,3.300,lost,-1.0000,https://www.betaminic.com/shootingbets/results/
betaminic,2026-09-05,Serbia - U19 League,Vozdovac,OFK Beograd,1x2,Home,1.650,lost,-1.0000,https://www.betaminic.com/shootingbets/results/
betaminic,2026-09-05,Sweden - Elitettan Women,Jitex BK,Gamla Upsala,1x2,Away,4.500,won,3.5000,https://www.betaminic.com/shootingbets/results/
betaminic,2026-09-05,Finland - Kolmonen,LPS,Valtti,1x2,Away,2.900,lost,-1.0000,https://www.betaminic.com/shootingbets/results/
betaminic,2026-09-05,Sweden - Elitettan Women,IFK Goteborg,Husqvarna,1x2,Home,1.380,won,0.3800,https://www.betaminic.com/shootingbets/results/
betaminic,2026-09-05,Italy - Primavera 2 U19,Ascoli,Spezia,1x2,Home,2.300,lost,-1.0000,https://www.betaminic.com/shootingbets/results/
betaminic,2026-09-05,Romania - Liga 1 Women,Olimpia Cluj,Csikszereda Miercurea Ciuc,1x2,Home,2.800,won,1.8000,https://www.betaminic.com/shootingbets/results/
betaminic,2026-09-05,Poland - 3rd Liga,Goczalkowice Zdroj,MKS Kluczbork,1x2,Away,2.700,lost,-1.0000,https://www.betaminic.com/shootingbets/results/
betaminic,2026-09-05,Romania - Liga 2,Popesti Leordeni,Bihor Oradea,1x2,Away,1.950,lost,-1.0000,https://www.betaminic.com/shootingbets/results/
betaminic,2026-09-05,Netherlands - U21 Divisie,Alphense Boys,HVV Hollandia,1x2,Home,3.100,lost,-1.0000,https://www.betaminic.com/shootingbets/results/
betaminic,2026-09-05,Netherlands - U21 Divisie,Excelsior Maassluis,Roda JC,1x2,Away,2.630,won,1.6300,https://www.betaminic.com/shootingbets/results/
betaminic,2026-09-05,Spain - U19 League,Compostela,Gimnastica de Torrelavega,1x2,Home,2.150,lost,-1.0000,https://www.betaminic.com/shootingbets/results/
betaminic,2026-09-05,Australia - Queensland Premier League Women,Caboolture,Mitchelton,1x2,Away,5.250,lost,-1.0000,https://www.betaminic.com/shootingbets/results/
betaminic,2026-09-05,Poland - 4th Liga,Orleta Kielce,Korona Kielce III,1x2,Home,1.830,won,0.8300,https://www.betaminic.com/shootingbets/results/
betaminic,2026-09-05,Japan - Regional League,Chukyo University,Kariya,1x2,Away,1.730,won,0.7300,https://www.betaminic.com/shootingbets/results/
betaminic,2026-09-05,Australia - NorZone Premier League,Port Darwin,University Azzurri,1x2,Draw,6.500,lost,-1.0000,https://www.betaminic.com/shootingbets/results/
betaminic,2026-09-05,Czech Republic - 4. Liga,Sparta Brno,Humpolec,1x2,Home,1.830,won,0.8300,https://www.betaminic.com/shootingbets/results/
betaminic,2026-09-05,Croatia - U19 League,NK Sesvete,Rudes,over_under_25,Under,2.350,lost,-1.0000,https://www.betaminic.com/shootingbets/results/
betaminic,2026-09-05,Thailand - League Cup,Lopburi City FC,Kasem Bundit University,1x2,Home,4.000,lost,-1.0000,https://www.betaminic.com/shootingbets/results/
betaminic,2026-09-05,Japan - Regional League,Tokyo 23,Ryutsu Keizai University,over_under_25,Under,2.300,lost,-1.0000,https://www.betaminic.com/shootingbets/results/
betaminic,2026-09-05,Poland - U19 League,Stal Rzeszow,Zaglebie Lubin,1x2,Home,2.380,lost,-1.0000,https://www.betaminic.com/shootingbets/results/
betaminic,2026-09-05,North Macedonia - U19 League,Bregalnica Stip,Shkendija,over_under_25,Under,3.400,won,2.4000,https://www.betaminic.com/shootingbets/results/
betaminic,2026-09-05,Australia - NPL New South Wales Women,UNSW,Apia Leichhardt,1x2,Home,2.450,won,1.4500,https://www.betaminic.com/shootingbets/results/
betaminic,2026-09-05,Australia - Western Australia State League 1 Reserves,Floreat Athena,Kingsley Westside,1x2,Home,2.450,lost,-1.0000,https://www.betaminic.com/shootingbets/results/
betaminic,2026-09-05,New Zealand - Chatham Cup,Cashmere Technical,Fencibles United,1x2,Home,1.800,lost,-1.0000,https://www.betaminic.com/shootingbets/results/
betaminic,2026-09-05,Solomon Islands - S-League,KOSSA,Marist Fire,1x2,Away,5.000,lost,-1.0000,https://www.betaminic.com/shootingbets/results/
betaminic,2026-09-04,Iceland - 3. Deild,Ymir Kopavogur,Reynir Sandgerdi,1x2,Away,1.650,lost,-1.0000,https://www.betaminic.com/shootingbets/results/
betaminic,2026-09-04,Northern Ireland - Premiership Women,Crusaders Strikers,Larne,over_under_25,Under,3.400,lost,-1.0000,https://www.betaminic.com/shootingbets/results/
betaminic,2026-09-04,Ireland - Leinster Senior League,St. Francis,Lucan United,1x2,Away,3.500,won,2.5000,https://www.betaminic.com/shootingbets/results/
betaminic,2026-09-04,Italy - Serie A,Genoa,Como,over_under_25,Over,2.100,won,1.1000,https://www.betaminic.com/shootingbets/results/
betaminic,2026-09-04,England - FA Cup Qualification,Quorn,Shepshed Dynamo,1x2,Away,3.800,lost,-1.0000,https://www.betaminic.com/shootingbets/results/
betaminic,2026-09-04,Ireland - Leinster Senior League,Malahide United,Inchicore Athletic,1x2,Away,3.750,won,2.7500,https://www.betaminic.com/shootingbets/results/
betaminic,2026-09-04,Ireland - FAI Cup,Waterford,Sligo Rovers,over_under_25,Over,1.900,won,0.9000,https://www.betaminic.com/shootingbets/results/
betaminic,2026-09-04,Ireland - Leinster Senior League,Montpelier FC,Kilbarrack United,1x2,Home,3.600,won,2.6000,https://www.betaminic.com/shootingbets/results/
betaminic,2026-09-04,England - Women Super League 2,Watford,Burnley,1x2,Away,2.200,lost,-1.0000,https://www.betaminic.com/shootingbets/results/
betaminic,2026-09-04,Belgium - Reserve Pro League U21,Francs Borains,KVC Westerlo,1x2,Home,4.100,lost,-1.0000,https://www.betaminic.com/shootingbets/results/
betaminic,2026-09-04,Brazil - Paulista U20,Mirassol,Ponte Preta,1x2,Home,1.910,lost,-1.0000,https://www.betaminic.com/shootingbets/results/
betaminic,2026-09-04,Slovenia - 3. SNL,Korotan Prevalje,Carda,1x2,Away,3.400,lost,-1.0000,https://www.betaminic.com/shootingbets/results/
betaminic,2026-09-04,Austria - Landesliga,Lebring,Bad Waltersdorf,1x2,Home,2.250,lost,-1.0000,https://www.betaminic.com/shootingbets/results/
betaminic,2026-09-04,Denmark - 3rd Division,Bronshoj,Helsingor,1x2,Home,2.300,won,1.3000,https://www.betaminic.com/shootingbets/results/
betaminic,2026-09-04,Lithuania - 1 Lyga,BFA Vilnius,Babrungas Plunge,1x2,Away,2.000,lost,-1.0000,https://www.betaminic.com/shootingbets/results/
betaminic,2026-09-04,Austria - Regionalliga South,Wolfsberg,Donau Klagenfurt,1x2,Away,2.500,lost,-1.0000,https://www.betaminic.com/shootingbets/results/
betaminic,2026-09-04,Norway - 3rd Division,Gamle Oslo,Heming,1x2,Home,1.670,won,0.6700,https://www.betaminic.com/shootingbets/results/
betaminic,2026-09-04,Croatia - 3. NL,Zagorec Krapina,NK Vrapce,1x2,Home,1.830,lost,-1.0000,https://www.betaminic.com/shootingbets/results/
betaminic,2026-09-04,Austria - Regionalliga North,Grodig,Hallein,1x2,Home,1.950,won,0.9500,https://www.betaminic.com/shootingbets/results/
betaminic,2026-09-04,Croatia - 3. NL,Precko,NK Samobor,1x2,Home,3.000,lost,-1.0000,https://www.betaminic.com/shootingbets/results/
betaminic,2026-09-04,Poland - 4th Liga,Wiazownica,Radomyslanka Wielki,1x2,Away,3.500,lost,-1.0000,https://www.betaminic.com/shootingbets/results/
betaminic,2026-09-04,Austria - Landesliga,Spittal an der Drau,Launsdorf,1x2,Home,3.300,won,2.3000,https://www.betaminic.com/shootingbets/results/
betaminic,2026-09-04,Lithuania - 1 Lyga,Hegelmann II,FA Siauliai II,1x2,Away,2.800,lost,-1.0000,https://www.betaminic.com/shootingbets/results/
betaminic,2026-09-04,Poland - 4th Liga,Pisa Barczewo,Dobre Miasto,1x2,Away,3.300,lost,-1.0000,https://www.betaminic.com/shootingbets/results/
betaminic,2026-09-04,Czech Republic - 3. Liga,Ceske Budejovice,Dukla Prague II,1x2,Home,1.620,lost,-1.0000,https://www.betaminic.com/shootingbets/results/
betaminic,2026-09-04,Serbia - U19 League,Vojvodina,Mladost Lucani,1x2,Home,1.850,won,0.8500,https://www.betaminic.com/shootingbets/results/
betaminic,2026-09-04,Mexico - U21 League,Puebla,Deportivo Toluca,over_under_25,Under,2.050,lost,-1.0000,https://www.betaminic.com/shootingbets/results/
betaminic,2026-09-04,Poland - 4th Liga,Concordia Elblag,Tecza Biskupiec,1x2,Home,1.950,lost,-1.0000,https://www.betaminic.com/shootingbets/results/
betaminic,2026-09-04,Poland - 4th Liga,Lublinianka Lublin,Avia Swidnik,over_under_25,Under,3.500,lost,-1.0000,https://www.betaminic.com/shootingbets/results/
betaminic,2026-09-04,Kyrgyzstan - Premier League,Toktogul,Talant,1x2,Away,2.200,lost,-1.0000,https://www.betaminic.com/shootingbets/results/
betaminic,2026-09-04,Azerbaijan - Division 1,Simal,Cabrayil,1x2,Away,2.880,won,1.8800,https://www.betaminic.com/shootingbets/results/
betaminic,2026-09-04,Paraguay - Reserve League,Deportivo Recoleta,Cerro Porteno,1x2,Home,3.700,lost,-1.0000,https://www.betaminic.com/shootingbets/results/
betaminic,2026-09-04,Israel - Liga Bet,Hapoel Hod HaSharon,Beitar Petah Tikva,1x2,Home,2.000,won,1.0000,https://www.betaminic.com/shootingbets/results/
betaminic,2026-09-04,Australia - NPL South Australia Women,Salisbury Inter,West Adelaide,1x2,Away,2.150,lost,-1.0000,https://www.betaminic.com/shootingbets/results/
betaminic,2026-09-04,Portugal - Campeonato de Portugal Prio,Machico,Salgueiros,1x2,Away,3.100,lost,-1.0000,https://www.betaminic.com/shootingbets/results/
betaminic,2026-09-04,Israel - Liga Alef,Hapoel Marmorek,Hapoel Hadera,1x2,Home,3.600,won,2.6000,https://www.betaminic.com/shootingbets/results/
betaminic,2026-09-04,Israel - Liga Bet,Maccabi Ironi Amishav Petah Tikva,Hapoel Lod,1x2,Home,2.300,won,1.3000,https://www.betaminic.com/shootingbets/results/
betaminic,2026-09-04,Panama - Liga Prom,Veraguas FC II,SD Atletico Nacional,1x2,Away,2.700,lost,-1.0000,https://www.betaminic.com/shootingbets/results/
betaminic,2026-09-03,Panama - Liga Prom,Tauro II,UMECIT II,1x2,Away,3.250,lost,-1.0000,https://www.betaminic.com/shootingbets/results/
betaminic,2026-09-03,Club Friendlies,Ittihad Tanger,CODM Meknes,1x2,Draw,3.100,lost,-1.0000,https://www.betaminic.com/shootingbets/results/
betaminic,2026-09-03,Norway - U19 League,Lillehammer,Ullensaker/Kisa,1x2,Away,6.500,lost,-1.0000,https://www.betaminic.com/shootingbets/results/
betaminic,2026-09-03,Israel - Liga Alef,Tzeirey Tira,Sderot,1x2,Away,2.750,won,1.7500,https://www.betaminic.com/shootingbets/results/
betaminic,2026-09-03,Uruguay - Cup,Albion,CA Progreso,1x2,Home,2.150,won,1.1500,https://www.betaminic.com/shootingbets/results/
betaminic,2026-09-03,Montenegro - Prva Liga,Mornar Bar,Bokelj Kotor,over_under_25,Over,2.100,lost,-1.0000,https://www.betaminic.com/shootingbets/results/
betaminic,2026-09-03,Finland - Kolmonen,HooGee,Lohjan Pallo,1x2,Home,2.600,won,1.6000,https://www.betaminic.com/shootingbets/results/
betaminic,2026-09-03,Jordan - Pro League,Al Baqaa,Doqarah,1x2,Home,3.100,won,2.1000,https://www.betaminic.com/shootingbets/results/
betaminic,2026-09-03,Bulgaria - Second League,Lokomotiv Gorna Oryahovitsa,Dobrudzha Dobrich,1x2,Away,3.000,lost,-1.0000,https://www.betaminic.com/shootingbets/results/
betaminic,2026-09-03,Club Friendlies Women,Levante,Villarreal,1x2,Home,2.250,won,1.2500,https://www.betaminic.com/shootingbets/results/
betaminic,2026-09-03,Israel - Liga Alef,Maccabi Yavne,Hapoel Azor,1x2,Home,1.730,won,0.7300,https://www.betaminic.com/shootingbets/results/
betaminic,2026-09-03,Iraq - Stars League,Al Mosul,Al Zawraa,1x2,Away,1.910,lost,-1.0000,https://www.betaminic.com/shootingbets/results/
betaminic,2026-09-03,Finland - Kakkonen Group A,Atlantis,PEPO,1x2,Away,2.700,lost,-1.0000,https://www.betaminic.com/shootingbets/results/
betaminic,2026-09-03,Lithuania - Cup,FA Siauliai,Kauno Zalgiris,1x2,Away,1.620,won,0.6200,https://www.betaminic.com/shootingbets/results/
betaminic,2026-09-03,Bulgaria - Second League,Vihren Sandanski,Etar Veliko Tarnovo,over_under_25,Over,1.650,won,0.6500,https://www.betaminic.com/shootingbets/results/
betaminic,2026-09-03,Azerbaijan - Division 1,Baku Sporting,Karvan,1x2,Home,2.900,lost,-1.0000,https://www.betaminic.com/shootingbets/results/
betaminic,2026-09-03,Georgia - Liga 3,Iberia 1999 II,Dinamo Tbilisi II,over_under_25,Under,2.150,won,1.1500,https://www.betaminic.com/shootingbets/results/
betaminic,2026-09-03,Georgia - Liga 3,Margveti 2006,Merani Tbilisi,1x2,Home,2.700,lost,-1.0000,https://www.betaminic.com/shootingbets/results/
betaminic,2026-09-03,Mozambique - Mocambola,Maxaquene,Ferroviario da Beira,1x2,Home,3.500,lost,-1.0000,https://www.betaminic.com/shootingbets/results/
betaminic,2026-09-03,Paraguay - Reserve League,Nacional Asuncion,Libertad Asuncion,1x2,Away,2.450,won,1.4500,https://www.betaminic.com/shootingbets/results/
betaminic,2026-09-03,Paraguay - Reserve League,Olimpia Asuncion,Club Guarani,over_under_25,Under,2.080,won,1.0800,https://www.betaminic.com/shootingbets/results/
betaminic,2026-09-03,Denmark - U19 League,HB Koge,Esbjerg fB,over_under_25,Under,3.750,won,2.7500,https://www.betaminic.com/shootingbets/results/
betaminic,2026-09-03,Club Friendlies,FAR Rabat,Olympic Safi,1x2,Draw,4.500,lost,-1.0000,https://www.betaminic.com/shootingbets/results/
betaminic,2026-09-03,AFC - U20 Cup Qualifiers,Kuwait,Yemen,1x2,Away,3.000,won,2.0000,https://www.betaminic.com/shootingbets/results/
betaminic,2026-09-03,AFC - U20 Cup Qualifiers,Malaysia,Australia,1x2,Draw,8.000,won,7.0000,https://www.betaminic.com/shootingbets/results/
betaminic,2026-09-02,Brazil - Gaucho 2,Gaucho,Brasil de Farroupilha,1x2,Home,2.150,lost,-1.0000,https://www.betaminic.com/shootingbets/results/
betaminic,2026-09-02,Venezuela - Segunda Division,Yaracuyanos,Urena,1x2,Home,2.100,won,1.1000,https://www.betaminic.com/shootingbets/results/
betaminic,2026-09-02,Northern Ireland - Championship Women,Ballyclare Comrades,Bangor,1x2,Home,6.500,lost,-1.0000,https://www.betaminic.com/shootingbets/results/
betaminic,2026-09-02,International - Premier League Cup U21,Aston Villa,Brondby,1x2,Away,4.000,won,3.0000,https://www.betaminic.com/shootingbets/results/
betaminic,2026-09-02,UEFA - Europa Cup Women,Feyenoord,Anderlecht,1x2,Away,2.750,lost,-1.0000,https://www.betaminic.com/shootingbets/results/
betaminic,2026-09-02,Bahrain - Premier League,East Riffa,Sitra,1x2,Away,2.500,lost,-1.0000,https://www.betaminic.com/shootingbets/results/
betaminic,2026-09-02,Italy - Serie C Cup,Gubbio,Vis Pesaro,1x2,Home,2.880,won,1.8800,https://www.betaminic.com/shootingbets/results/
betaminic,2026-09-02,Croatia - Prva NL,Jadran Luka Ploce,Dubrava Zagreb,1x2,Home,2.100,lost,-1.0000,https://www.betaminic.com/shootingbets/results/
betaminic,2026-09-02,Croatia - U19 League,Osijek,Lucko,1x2,Home,2.200,won,1.2000,https://www.betaminic.com/shootingbets/results/
betaminic,2026-09-02,Slovakia - Cup,Lokomotiva Kosice,Slavia TU Kosice,1x2,Away,3.300,lost,-1.0000,https://www.betaminic.com/shootingbets/results/
betaminic,2026-09-02,Slovenia - Cup,Beltinci,Mura,1x2,Home,3.300,won,2.3000,https://www.betaminic.com/shootingbets/results/
betaminic,2026-09-02,Georgia - Cup,Samtredia,Iberia 1999,1x2,Home,5.250,won,4.2500,https://www.betaminic.com/shootingbets/results/
betaminic,2026-09-02,Czech Republic - 3. Liga,Slovacko II,Vrchovina,1x2,Home,1.850,won,0.8500,https://www.betaminic.com/shootingbets/results/
betaminic,2026-09-02,Bosnia and Herzegovina - 1st League,Romanija Pale,Omarska,over_under_25,Over,1.800,won,0.8000,https://www.betaminic.com/shootingbets/results/
betaminic,2026-09-02,Czech Republic - 3. Liga,MFK Karvina II,Frydek Mistek,1x2,Away,2.100,won,1.1000,https://www.betaminic.com/shootingbets/results/
betaminic,2026-09-02,Romania - Cup,Minerul Lupeni,UTA Arad,over_under_25,Over,1.950,won,0.9500,https://www.betaminic.com/shootingbets/results/
betaminic,2026-09-02,Mozambique - Mocambola,Costa do Sol,LD Sofala,1x2,Home,1.570,won,0.5700,https://www.betaminic.com/shootingbets/results/
betaminic,2026-09-02,Mozambique - Mocambola,Baia de Pemba,Ferrovario Lichinga,over_under_25,Over,2.630,won,1.6300,https://www.betaminic.com/shootingbets/results/
betaminic,2026-09-02,Singapore - Premier League 2,Tanjong Pagar United II,Young Lions II,1x2,Away,1.950,won,0.9500,https://www.betaminic.com/shootingbets/results/
betaminic,2026-09-02,Croatia - U19 League,Rudes,Hajduk Split,1x2,Home,3.400,won,2.4000,https://www.betaminic.com/shootingbets/results/
betaminic,2026-09-02,India - Mizoram Premier League,Kanan FC,Aizawl,over_under_25,Under,3.750,lost,-1.0000,https://www.betaminic.com/shootingbets/results/
betaminic,2026-09-01,Bolivia - Cup,Universitario de Vinto,Aurora,1x2,Away,2.150,lost,-1.0000,https://www.betaminic.com/shootingbets/results/
betaminic,2026-09-01,CONCACAF - Caribbean Cup,Defence Force,Club Sando,1x2,Home,2.050,lost,-1.0000,https://www.betaminic.com/shootingbets/results/
betaminic,2026-09-01,Brazil - Goiano 2,Rio Verde,Trindade,over_under_25,Under,2.630,won,1.6300,https://www.betaminic.com/shootingbets/results/
betaminic,2026-09-01,Uruguay - Cup,Montevideo Wanderers,CA Cerro,1x2,Away,2.380,lost,-1.0000,https://www.betaminic.com/shootingbets/results/
betaminic,2026-09-01,Honduras - Reserve League,Lobos UPNFM,Estrella Roja,over_under_25,Under,2.200,lost,-1.0000,https://www.betaminic.com/shootingbets/results/
betaminic,2026-09-01,Ireland - Leinster Senior League,Wayside Celtic,Montpelier FC,1x2,Away,3.300,lost,-1.0000,https://www.betaminic.com/shootingbets/results/
betaminic,2026-09-01,Netherlands - Cup,Genemuiden,Lisse,1x2,Home,2.450,won,1.4500,https://www.betaminic.com/shootingbets/results/
betaminic,2026-09-01,Romania - Cup,Chindia Targoviste,Voluntari,1x2,Away,2.100,won,1.1000,https://www.betaminic.com/shootingbets/results/
betaminic,2026-09-01,Finland - Kolmonen,Haka Juniorit,Ylojarvi United,1x2,Home,2.350,won,1.3500,https://www.betaminic.com/shootingbets/results/
betaminic,2026-09-01,Finland - Kolmonen,KPV Akatemia,Sporting Kristina,1x2,Home,3.000,won,2.0000,https://www.betaminic.com/shootingbets/results/
betaminic,2026-09-01,Uganda - Premier League,NEC,Lugazi,1x2,Draw,3.500,lost,-1.0000,https://www.betaminic.com/shootingbets/results/
betaminic,2026-08-31,Uruguay - Primera Division Amateur,Deportivo LSM,Bella Vista,1x2,Away,2.700,lost,-1.0000,https://www.betaminic.com/shootingbets/results/
betaminic,2026-08-31,Paraguay - Division Intermedia,Encarnacion,Benjamin Aceval,1x2,Home,3.000,lost,-1.0000,https://www.betaminic.com/shootingbets/results/
betaminic,2026-08-31,Peru - Liga 3,Cesar Vallejo II,Juan Aurich de Chiclayo,1x2,Home,2.750,won,1.7500,https://www.betaminic.com/shootingbets/results/
betaminic,2026-08-31,Albania - Superliga,Skenderbeu Korce,Dinamo City,1x2,Away,2.550,won,1.5500,https://www.betaminic.com/shootingbets/results/
betaminic,2026-08-31,Northern Ireland - Reserve League,Cliftonville,Crusaders,1x2,Home,2.250,lost,-1.0000,https://www.betaminic.com/shootingbets/results/
betaminic,2026-08-31,Brazil - Carioca B2,Barra Mansa,Campos AA,1x2,Away,3.250,lost,-1.0000,https://www.betaminic.com/shootingbets/results/
betaminic,2026-08-31,Norway - 3rd Division,Sarpsborg 08 II,Rade,1x2,Home,2.400,won,1.4000,https://www.betaminic.com/shootingbets/results/
betaminic,2026-08-31,Norway - 3rd Division,Ranheim II,Orkla,1x2,Home,2.100,lost,-1.0000,https://www.betaminic.com/shootingbets/results/
betaminic,2026-08-31,Estonia - Esiliiga B,Tammeka Tartu II,Tallinna FCI Levadia III,1x2,Away,2.630,won,1.6300,https://www.betaminic.com/shootingbets/results/
betaminic,2026-08-31,Norway - 3rd Division,Lyn II,Sandefjord II,1x2,Away,3.200,lost,-1.0000,https://www.betaminic.com/shootingbets/results/
betaminic,2026-08-31,Norway - 3rd Division,Asane ll,Sogndal II,1x2,Away,3.700,lost,-1.0000,https://www.betaminic.com/shootingbets/results/
betaminic,2026-08-31,Slovenia - U19 League,Maribor,Bravo,1x2,Home,1.800,lost,-1.0000,https://www.betaminic.com/shootingbets/results/
betaminic,2026-08-31,North Macedonia - 1st League,Tikvesh,Vardar,1x2,Home,5.000,lost,-1.0000,https://www.betaminic.com/shootingbets/results/
betaminic,2026-08-31,England - Northern League Division 1,Pontefract Collieries,Liversedge,1x2,Home,2.380,won,1.3800,https://www.betaminic.com/shootingbets/results/
betaminic,2026-08-31,England - Southern League Division 1,Royston Town,Stotfold,1x2,Home,1.750,lost,-1.0000,https://www.betaminic.com/shootingbets/results/
betaminic,2026-08-31,UAE - Reserve League U23,Bani Yas,Al Wahda,1x2,Away,3.100,won,2.1000,https://www.betaminic.com/shootingbets/results/
betaminic,2026-08-31,England - Premier League 2 U21,Brentford,Sunderland,1x2,Home,1.950,won,0.9500,https://www.betaminic.com/shootingbets/results/
betaminic,2026-08-31,Serbia - U19 League,FK Brodarac,Usce Novi Beograd,1x2,Home,2.750,lost,-1.0000,https://www.betaminic.com/shootingbets/results/
betaminic,2026-08-31,AFC - U20 Cup Qualifiers,Myanmar,Sri Lanka,1x2,Away,6.000,lost,-1.0000,https://www.betaminic.com/shootingbets/results/
betaminic,2026-08-30,Dominican Republic - Liga Mayor,Universidad O&M,Moca,1x2,Away,2.500,lost,-1.0000,https://www.betaminic.com/shootingbets/results/
betaminic,2026-08-30,Albania - Superliga,Teuta,Tirana,1x2,Home,2.200,won,1.2000,https://www.betaminic.com/shootingbets/results/
betaminic,2026-08-30,Argentina - Torneo Federal A,9 de Julio Rafaela,Defensores de Belgrano VR,1x2,Home,1.850,won,0.8500,https://www.betaminic.com/shootingbets/results/
betaminic,2026-08-30,Argentina - Primera C Metropolitana,Leandro N. Alem,Puerto Nuevo,1x2,Away,2.880,won,1.8800,https://www.betaminic.com/shootingbets/results/
betaminic,2026-08-30,Italy - Serie D Cup,Recanatese,Foligno,1x2,Home,2.600,lost,-1.0000,https://www.betaminic.com/shootingbets/results/
betaminic,2026-08-30,Brazil - Cearense 3,Palmacia,Pacatuba,1x2,Home,6.250,lost,-1.0000,https://www.betaminic.com/shootingbets/results/
betaminic,2026-08-30,Brazil - Copa Santa Catarina,Marcilio Dias,Joinville,1x2,Draw,3.900,lost,-1.0000,https://www.betaminic.com/shootingbets/results/
betaminic,2026-08-30,Montenegro - Druga Liga,FK Iskra,FK Zeta Golubovci,1x2,Away,5.000,lost,-1.0000,https://www.betaminic.com/shootingbets/results/
betaminic,2026-08-30,Brazil - Carioca B2,Serra Macaense FC,Friburguense,1x2,Home,3.900,lost,-1.0000,https://www.betaminic.com/shootingbets/results/
betaminic,2026-08-30,Brazil - Carioca B2,Paraty,Belford Roxo,1x2,Home,4.000,lost,-1.0000,https://www.betaminic.com/shootingbets/results/
betaminic,2026-08-30,Brazil - Carioca B2,Santa Cruz RJ,7 De Abril RJ,1x2,Away,5.250,lost,-1.0000,https://www.betaminic.com/shootingbets/results/
betaminic,2026-08-30,Georgia - Erovnuli Liga,Dinamo Batumi,Spaeri,1x2,Home,1.830,won,0.8300,https://www.betaminic.com/shootingbets/results/
betaminic,2026-08-30,Moldova - Divizia Nationala,Dacia Buiucani,Milsami,1x2,Away,2.150,lost,-1.0000,https://www.betaminic.com/shootingbets/results/
betaminic,2026-08-30,Poland - 4th Liga,Polonia II Warszawa,Bron Radom,1x2,Away,2.250,lost,-1.0000,https://www.betaminic.com/shootingbets/results/
betaminic,2026-08-30,Slovenia - U19 League,NK Brezice,Rudar Velenje,1x2,Home,3.100,lost,-1.0000,https://www.betaminic.com/shootingbets/results/
betaminic,2026-08-30,Peru - Liga 2,Union Minas,Sport Huancayo II,1x2,Home,1.750,won,0.7500,https://www.betaminic.com/shootingbets/results/
betaminic,2026-08-30,Serbia - U19 League,Novi Pazar,Spartak Subotica,1x2,Home,1.950,won,0.9500,https://www.betaminic.com/shootingbets/results/
betaminic,2026-08-30,Hungary - NB 2,Soroksar,Csakvar,1x2,Home,1.900,won,0.9000,https://www.betaminic.com/shootingbets/results/
betaminic,2026-08-30,Slovenia - 3. SNL,Svoboda Ljubljana,NK Litija,1x2,Away,2.800,won,1.8000,https://www.betaminic.com/shootingbets/results/
betaminic,2026-08-30,Finland - Kansallinen Women,Honka,HJS,1x2,Away,3.700,won,2.7000,https://www.betaminic.com/shootingbets/results/
betaminic,2026-08-30,Croatia - 3. NL,Neretvanac Opuzen,Jadran Kastel Sucurac,1x2,Home,2.200,lost,-1.0000,https://www.betaminic.com/shootingbets/results/
betaminic,2026-08-30,Poland - 1st Liga Women,Lech Poznan UAM II,Staszkowka Jelna,1x2,Away,2.250,won,1.2500,https://www.betaminic.com/shootingbets/results/
betaminic,2026-08-30,Poland - 4th Liga,Belk,Podlesianka Katowice,1x2,Away,2.300,lost,-1.0000,https://www.betaminic.com/shootingbets/results/
betaminic,2026-08-30,Poland - 4th Liga,Bochnia,Poprad Muszyna,1x2,Home,1.800,won,0.8000,https://www.betaminic.com/shootingbets/results/
betaminic,2026-08-30,Czech Republic - 4. Liga,Kraluv Dvur,Svitavy,1x2,Away,3.250,lost,-1.0000,https://www.betaminic.com/shootingbets/results/
betaminic,2026-08-30,Slovakia - 3. Liga,FTC Filakovo,Fomat Martin,1x2,Away,3.000,lost,-1.0000,https://www.betaminic.com/shootingbets/results/
betaminic,2026-08-30,Kosovo - Superliga,Vushtrria,Drita,1x2,Home,6.500,lost,-1.0000,https://www.betaminic.com/shootingbets/results/
betaminic,2026-08-30,Panama - Liga Prom,UMECIT II,Potros del Este,1x2,Home,2.050,lost,-1.0000,https://www.betaminic.com/shootingbets/results/
betaminic,2026-08-30,Poland - 3rd Liga,Olimpia Zambrow,Widzew Lodz II,1x2,Home,3.500,lost,-1.0000,https://www.betaminic.com/shootingbets/results/
betaminic,2026-08-30,Lithuania - A Lyga Women,Zalgiris Vilnius,Gintra,1x2,Away,2.700,won,1.7000,https://www.betaminic.com/shootingbets/results/
betaminic,2026-08-30,Poland - 4th Liga,Talent Warszawa,Przasnysz,1x2,Away,4.750,lost,-1.0000,https://www.betaminic.com/shootingbets/results/
betaminic,2026-08-30,Brazil - Mineiro U20,Athletic Club,Boston City Brasil,1x2,Home,1.670,won,0.6700,https://www.betaminic.com/shootingbets/results/
betaminic,2026-08-30,France - U19 League,Versailles,Lille,1x2,Away,2.000,lost,-1.0000,https://www.betaminic.com/shootingbets/results/
betaminic,2026-08-30,England - National League Division 1 Women,MK Dons,Queens Park Rangers,1x2,Home,8.000,lost,-1.0000,https://www.betaminic.com/shootingbets/results/
betaminic,2026-08-30,Belgium - First Amateur Division,Harelbeke,Mandel United,1x2,Home,2.880,lost,-1.0000,https://www.betaminic.com/shootingbets/results/
betaminic,2026-08-30,San Marino - Campionato,Virtus,SP La Fiorita,1x2,Home,2.100,lost,-1.0000,https://www.betaminic.com/shootingbets/results/
betaminic,2026-08-30,Rwanda - Super Cup,Kiyovu,Police FC Rwanda,1x2,Draw,3.000,lost,-1.0000,https://www.betaminic.com/shootingbets/results/
betaminic,2026-08-30,Malaysia - Liga A1,Manjung City,Armed Forces,1x2,Home,3.400,lost,-1.0000,https://www.betaminic.com/shootingbets/results/
betaminic,2026-08-30,Netherlands - Derde Divisie,UNA,EVV Echt,1x2,Home,2.000,won,1.0000,https://www.betaminic.com/shootingbets/results/
betaminic,2026-08-30,Austria - Bundesliga 2 Women,Wiener Sport-Club,SG FAC/USC Landhaus,1x2,Home,5.500,lost,-1.0000,https://www.betaminic.com/shootingbets/results/
betaminic,2026-08-30,Poland - 4th Liga,Stolem Gniewino,Arka Gdynia II,1x2,Home,6.000,lost,-1.0000,https://www.betaminic.com/shootingbets/results/
betaminic,2026-08-30,Netherlands - Derde Divisie,UDI 19,TOGB,1x2,Home,2.000,won,1.0000,https://www.betaminic.com/shootingbets/results/
betaminic,2026-08-30,Netherlands - Derde Divisie,VV Dongen,Gemert,1x2,Away,2.050,lost,-1.0000,https://www.betaminic.com/shootingbets/results/
betaminic,2026-08-30,Poland - 4th Liga,GLKS Wicher Miedziana Gora,Orlicz Suchedniow,1x2,Away,3.250,lost,-1.0000,https://www.betaminic.com/shootingbets/results/
betaminic,2026-08-30,Sweden - Division 2,Kungsangens,Helges,1x2,Away,5.500,lost,-1.0000,https://www.betaminic.com/shootingbets/results/
betaminic,2026-08-30,Norway - 3rd Division,Ready Fotball,Gamle Oslo,1x2,Away,1.900,won,0.9000,https://www.betaminic.com/shootingbets/results/
betaminic,2026-08-30,Switzerland - Nationalliga B Women,Ostermundigen,FC Lugano,1x2,Home,3.100,won,2.1000,https://www.betaminic.com/shootingbets/results/
betaminic,2026-08-30,Scotland - Premier League Women 2,Renfrew Ladies,Queens Park,1x2,Home,6.500,lost,-1.0000,https://www.betaminic.com/shootingbets/results/
betaminic,2026-08-30,Croatia - U19 League,HNK Gorica,Varazdin,1x2,Home,2.400,lost,-1.0000,https://www.betaminic.com/shootingbets/results/
betaminic,2026-08-30,Croatia - U19 League,Kustosija Zagreb,Slaven Belupo,1x2,Away,2.630,lost,-1.0000,https://www.betaminic.com/shootingbets/results/
betaminic,2026-08-30,Hungary - NB 3,Vasas Budapest II,III Keruleti Tve,1x2,Home,3.250,won,2.2500,https://www.betaminic.com/shootingbets/results/
betaminic,2026-08-30,Japan - J3 League,Giravanz Kitakyushu,Matsumoto Yamaga,1x2,Away,2.880,lost,-1.0000,https://www.betaminic.com/shootingbets/results/
betaminic,2026-08-30,Poland - 4th Liga,Ruch Chorzow II,Przemsza Siewierz,1x2,Home,2.600,won,1.6000,https://www.betaminic.com/shootingbets/results/
betaminic,2026-08-30,Myanmar - National League,Yangon City,Shan United,over_under_25,Under,3.250,lost,-1.0000,https://www.betaminic.com/shootingbets/results/
betaminic,2026-08-30,Austria - Regionalliga South,FSC Eggendorf Hartberg II,Allerheiligen,1x2,Away,3.100,won,2.1000,https://www.betaminic.com/shootingbets/results/
betaminic,2026-08-30,North Macedonia - U19 League,Rabotnicki,Vardar,1x2,Home,2.300,lost,-1.0000,https://www.betaminic.com/shootingbets/results/
betaminic,2026-08-30,Australia - NPL New South Wales Women,Sydney University,Manly United,1x2,Home,2.630,lost,-1.0000,https://www.betaminic.com/shootingbets/results/
betaminic,2026-08-30,Australia - NPL New South Wales Women,Western Sydney Wanderers II,Sydney Olympic,1x2,Home,3.200,lost,-1.0000,https://www.betaminic.com/shootingbets/results/
betaminic,2026-08-30,Australia - NPL Victoria Women,South Melbourne,Essendon Royals,1x2,Home,3.000,won,2.0000,https://www.betaminic.com/shootingbets/results/
betaminic,2026-08-30,Australia - NPL New South Wales Women,Illawarra Stingrays,Macarthur Rams,1x2,Home,3.250,lost,-1.0000,https://www.betaminic.com/shootingbets/results/
betaminic,2026-08-30,Australia - NPL New South Wales U20,Rockdale Ilinden,UNSW,1x2,Away,4.000,lost,-1.0000,https://www.betaminic.com/shootingbets/results/
betaminic,2026-08-29,Costa Rica - Ascenso,Cariari Pococi,Guadalupe,1x2,Home,2.450,lost,-1.0000,https://www.betaminic.com/shootingbets/results/
betaminic,2026-08-29,Bulgaria - Second League,Fratria Varna,CSKA Sofia II,1x2,Home,1.800,won,0.8000,https://www.betaminic.com/shootingbets/results/
betaminic,2026-08-29,Albania - Superliga,Partizani Tirana,Laci,1x2,Home,2.200,lost,-1.0000,https://www.betaminic.com/shootingbets/results/
betaminic,2026-08-29,Albania - Superliga,AF Elbasani,Vllaznia Shkoder,1x2,Home,2.450,lost,-1.0000,https://www.betaminic.com/shootingbets/results/
betaminic,2026-08-29,Bulgaria - Second League,Etar Veliko Tarnovo,Beroe,over_under_25,Over,1.850,won,0.8500,https://www.betaminic.com/shootingbets/results/
betaminic,2026-08-29,Bulgaria - Second League,Sportist Svoge,Marek Dupnitsa,1x2,Away,2.900,lost,-1.0000,https://www.betaminic.com/shootingbets/results/
betaminic,2026-08-29,Austria - Landesliga,Slovan HAC,Floridsdorfer AC II,1x2,Away,2.300,lost,-1.0000,https://www.betaminic.com/shootingbets/results/
betaminic,2026-08-29,England - Northern Premier League,Redcar Athletic,FC United of Manchester,1x2,Home,2.000,won,1.0000,https://www.betaminic.com/shootingbets/results/
betaminic,2026-08-29,England - Southern Premier League Central,Leighton Town,Bury Town,1x2,Home,3.400,lost,-1.0000,https://www.betaminic.com/shootingbets/results/
betaminic,2026-08-29,England - Southern Premier League Central,Stamford,Rushall Olympic,1x2,Home,4.330,lost,-1.0000,https://www.betaminic.com/shootingbets/results/
betaminic,2026-08-29,England - Southern Premier League Central,Halesowen Town,Real Bedford,1x2,Home,5.500,lost,-1.0000,https://www.betaminic.com/shootingbets/results/
betaminic,2026-08-29,Austria - Landesliga,LAC-Inter,Dinamo Helfort,1x2,Away,2.450,lost,-1.0000,https://www.betaminic.com/shootingbets/results/
betaminic,2026-08-29,UAE - Reserve League U23,Shabab Al Ahli,Al Wasl,1x2,Home,3.000,lost,-1.0000,https://www.betaminic.com/shootingbets/results/
betaminic,2026-08-29,Finland - Kolmonen,KaaPo,IFK Mariehamn II,1x2,Home,3.750,lost,-1.0000,https://www.betaminic.com/shootingbets/results/
betaminic,2026-08-29,Brazil - Carioca U20,Fluminense,Bangu,1x2,Draw,3.700,lost,-1.0000,https://www.betaminic.com/shootingbets/results/
betaminic,2026-08-29,Paraguay - Division Intermedia,Deportivo Santani,Atletico Tembetary,1x2,Home,1.800,lost,-1.0000,https://www.betaminic.com/shootingbets/results/
betaminic,2026-08-29,Poland - 4th Liga,Sokol Ostroda,Start Nidzica,1x2,Away,4.000,lost,-1.0000,https://www.betaminic.com/shootingbets/results/
betaminic,2026-08-29,Poland - 4th Liga,Orzel Parzeczew,Ceramika Opoczno,1x2,Home,5.000,lost,-1.0000,https://www.betaminic.com/shootingbets/results/
betaminic,2026-08-29,Finland - U21 League,EsPa,HJK Helsinki,1x2,Home,2.380,lost,-1.0000,https://www.betaminic.com/shootingbets/results/
betaminic,2026-08-29,Uganda - Premier League,Police FC Uganda,Mbarara City,1x2,Draw,3.700,lost,-1.0000,https://www.betaminic.com/shootingbets/results/
betaminic,2026-08-29,Poland - 3rd Liga,Rakow Czestochowa II,Goczalkowice Zdroj,1x2,Home,2.500,lost,-1.0000,https://www.betaminic.com/shootingbets/results/
betaminic,2026-08-29,Switzerland - U19 Elite,Thun,Young Boys,1x2,Home,5.250,lost,-1.0000,https://www.betaminic.com/shootingbets/results/
betaminic,2026-08-29,Estonia - Esiliiga B,FA Tartu Kalev,Phoenix Johvi,1x2,Home,2.100,lost,-1.0000,https://www.betaminic.com/shootingbets/results/
betaminic,2026-08-29,Poland - U19 League,Polonia Warsaw,Stal Rzeszow,1x2,Away,4.000,lost,-1.0000,https://www.betaminic.com/shootingbets/results/
betaminic,2026-08-29,Sweden - Division 2,Smedby AIS,Forward,1x2,Home,2.700,won,1.7000,https://www.betaminic.com/shootingbets/results/
betaminic,2026-08-29,Club Friendlies,Villa Santa Brigida,Tamaraceite,1x2,Home,5.000,lost,-1.0000,https://www.betaminic.com/shootingbets/results/
betaminic,2026-08-29,Netherlands - U21 Divisie,IJsselmeervogels,USV Hercules,1x2,Home,3.250,won,2.2500,https://www.betaminic.com/shootingbets/results/
betaminic,2026-08-29,Poland - U19 League,Rakow Czestochowa,Miedz Legnica,1x2,Home,2.630,lost,-1.0000,https://www.betaminic.com/shootingbets/results/
betaminic,2026-08-29,Club Friendlies,Rayo Cantabria,Eibar II,1x2,Away,3.400,lost,-1.0000,https://www.betaminic.com/shootingbets/results/
betaminic,2026-08-29,Slovakia - Liga I Women,Komarno,Trencin,1x2,Home,4.750,lost,-1.0000,https://www.betaminic.com/shootingbets/results/
betaminic,2026-08-29,Slovakia - U19 League,Dukla Banska Bystrica,FC Kosice,1x2,Home,1.850,lost,-1.0000,https://www.betaminic.com/shootingbets/results/
betaminic,2026-08-29,Poland - 4th Liga,Rozwoj Katowice,Kuznia Ustron,1x2,Home,5.500,lost,-1.0000,https://www.betaminic.com/shootingbets/results/
betaminic,2026-08-29,Australia - NPL Capital Territory,Tuggeranong United,Queanbeyan City,1x2,Away,2.350,won,1.3500,https://www.betaminic.com/shootingbets/results/
betaminic,2026-08-29,Australia - New South Wales League 1,Western City Rangers,Northern Tigers,1x2,Away,2.550,won,1.5500,https://www.betaminic.com/shootingbets/results/
betaminic,2026-08-29,Poland - U19 League,Escola Varsovia,Arkonia Szczecin,1x2,Away,3.200,lost,-1.0000,https://www.betaminic.com/shootingbets/results/
betaminic,2026-08-29,Czech Republic - 4. Liga,Opava II,Kravare,over_under_25,Under,2.750,lost,-1.0000,https://www.betaminic.com/shootingbets/results/
betaminic,2026-08-29,Romania - Liga 2,Dumbravita,Ramnicu Valcea,1x2,Away,2.450,won,1.4500,https://www.betaminic.com/shootingbets/results/
betaminic,2026-08-29,Australia - Queensland Premier League Women,The Gap,Mitchelton,1x2,Away,2.380,won,1.3800,https://www.betaminic.com/shootingbets/results/
betaminic,2026-08-29,Australia - NPL Victoria U23,Oakleigh Cannons,Dandenong City,1x2,Away,6.250,won,5.2500,https://www.betaminic.com/shootingbets/results/
betaminic,2026-08-28,Iceland - 1. Deild Women,Haukar Hafnarfjordur,KR Reykjavik,1x2,Home,3.750,lost,-1.0000,https://www.betaminic.com/shootingbets/results/
betaminic,2026-08-28,San Marino - Campionato,Juvenes/Dogana,Faetano,1x2,Draw,4.000,lost,-1.0000,https://www.betaminic.com/shootingbets/results/
betaminic,2026-08-28,England - Southern Premier League Central,Peterborough Sports,Anstey Nomads,1x2,Away,3.000,lost,-1.0000,https://www.betaminic.com/shootingbets/results/
betaminic,2026-08-28,Wales - Championship,Penrhyncoch,Denbigh Town,1x2,Home,3.600,lost,-1.0000,https://www.betaminic.com/shootingbets/results/
betaminic,2026-08-28,Sweden - Division 2,FOC Farsta,Nacka,1x2,Home,1.800,won,0.8000,https://www.betaminic.com/shootingbets/results/
betaminic,2026-08-28,Denmark - Denmark Series,Lyseng,VRI,1x2,Home,2.400,lost,-1.0000,https://www.betaminic.com/shootingbets/results/
betaminic,2026-08-28,Club Friendlies,Yeclano Deportivo,Alcoyano,1x2,Away,2.600,won,1.6000,https://www.betaminic.com/shootingbets/results/
betaminic,2026-08-28,Mexico - U19 League,Necaxa,Cruz Azul,1x2,Home,1.950,won,0.9500,https://www.betaminic.com/shootingbets/results/
betaminic,2026-08-28,Austria - Regionalliga North,Hallein,Vorwaerts Steyr,1x2,Away,5.500,lost,-1.0000,https://www.betaminic.com/shootingbets/results/
betaminic,2026-08-28,Finland - Kolmonen,EPS II,Gilla FC,1x2,Away,2.000,lost,-1.0000,https://www.betaminic.com/shootingbets/results/
betaminic,2026-08-28,Poland - 3rd Liga,MKS Kluczbork,Stal Brzeg,1x2,Away,3.250,lost,-1.0000,https://www.betaminic.com/shootingbets/results/
betaminic,2026-08-28,Poland - 3rd Liga,Wislanie Skawina,Czarni Polaniec,1x2,Home,1.910,lost,-1.0000,https://www.betaminic.com/shootingbets/results/
betaminic,2026-08-28,Finland - Kolmonen,Zulimanit,JIPPO II,1x2,Away,2.100,lost,-1.0000,https://www.betaminic.com/shootingbets/results/
betaminic,2026-08-28,Finland - Kolmonen,Valtti,PPJ/Lauttasaari,1x2,Away,2.000,lost,-1.0000,https://www.betaminic.com/shootingbets/results/
betaminic,2026-08-28,Croatia - 2. NL,Bjelovar,Trnje,1x2,Home,2.380,lost,-1.0000,https://www.betaminic.com/shootingbets/results/
betaminic,2026-08-28,Finland - Kolmonen,Lohjan Pallo,NuPS,1x2,Away,3.200,lost,-1.0000,https://www.betaminic.com/shootingbets/results/
betaminic,2026-08-28,Czech Republic - 3. Liga,Frydek Mistek,Sigma Olomouc II,over_under_25,Over,1.730,lost,-1.0000,https://www.betaminic.com/shootingbets/results/
betaminic,2026-08-28,Poland - 3rd Liga,Kotwica Kornik,BKS Chemik Bydgoszcz,1x2,Away,2.630,lost,-1.0000,https://www.betaminic.com/shootingbets/results/
betaminic,2026-08-28,Club Friendlies,Asante Kotoko,Hearts of Oak,1x2,Draw,3.100,won,2.1000,https://www.betaminic.com/shootingbets/results/
betaminic,2026-08-28,Club Friendlies,Dreams,Bibiani Gold Stars,1x2,Home,2.450,lost,-1.0000,https://www.betaminic.com/shootingbets/results/
betaminic,2026-08-28,Panama - Liga Prom,Plaza Amador II,Academia Costa del Este,1x2,Away,2.630,won,1.6300,https://www.betaminic.com/shootingbets/results/
betaminic,2026-08-28,Poland - 3rd Liga,Miedz Legnica II,Stilon Gorzow Wielkopolski,1x2,Home,1.830,lost,-1.0000,https://www.betaminic.com/shootingbets/results/
betaminic,2026-08-28,Colombia - U19 Championship,Envigado,Aguilas Doradas,over_under_25,Under,2.200,won,1.2000,https://www.betaminic.com/shootingbets/results/
betaminic,2026-08-28,Brazil - Mineiro U20,Itabirito,Coimbra,1x2,Away,2.450,won,1.4500,https://www.betaminic.com/shootingbets/results/
betaminic,2026-08-28,Australia - New South Wales League 1,Prospect United,Hurstville,1x2,Away,3.100,lost,-1.0000,https://www.betaminic.com/shootingbets/results/
betaminic,2026-08-28,Australia - New South Wales League 2,Fraser Park,Dunbar Rovers,1x2,Away,2.630,lost,-1.0000,https://www.betaminic.com/shootingbets/results/
betaminic,2026-08-28,Korea Republic - K League Women,Incheon Hyundai Steel Red Angels,Gyeongju Citizen,1x2,Away,2.380,lost,-1.0000,https://www.betaminic.com/shootingbets/results/
betaminic,2026-08-28,Australia - New South Wales League 2,Nepean,Granville Rage,over_under_25,Under,3.500,lost,-1.0000,https://www.betaminic.com/shootingbets/results/
betaminic,2026-08-28,India - Calcutta Premier Division,Coal India,Mohammedan Reserves,1x2,Home,3.000,won,2.0000,https://www.betaminic.com/shootingbets/results/
betaminic,2026-08-28,Australia - NPL Queensland U23,Rochedale Rovers,Moreton City Excelsior,1x2,Away,2.750,lost,-1.0000,https://www.betaminic.com/shootingbets/results/
betaminic,2026-08-28,Ukraine - Persha Liga,Lokomotiv Kiev,FSK Mariupol,1x2,Away,2.900,won,1.9000,https://www.betaminic.com/shootingbets/results/
betaminic,2026-08-28,Myanmar - National League,Thitsar Arman,Myawady,1x2,Home,2.300,lost,-1.0000,https://www.betaminic.com/shootingbets/results/
betaminic,2026-08-28,Panama - Liga Prom,Veraguas FC II,San Francisco II,1x2,Away,3.000,lost,-1.0000,https://www.betaminic.com/shootingbets/results/
betaminic,2026-08-27,Ecuador - Serie B,Vinotinto,Atletico FC,1x2,Home,2.150,won,1.1500,https://www.betaminic.com/shootingbets/results/
betaminic,2026-08-27,England - National League Cup Women,Cheltenham Town,Gwalia United,1x2,Away,4.500,lost,-1.0000,https://www.betaminic.com/shootingbets/results/
betaminic,2026-08-27,England - National League Cup Women,Halifax,Leeds United,1x2,Away,2.000,won,1.0000,https://www.betaminic.com/shootingbets/results/
betaminic,2026-08-27,Israel - State Cup,Shikun HaMizrah,Hapoel Bnei Ashdod,1x2,Home,1.730,won,0.7300,https://www.betaminic.com/shootingbets/results/
betaminic,2026-08-27,Rwanda - Super Cup,Rayon Sports,Police FC Rwanda,1x2,Draw,3.300,won,2.3000,https://www.betaminic.com/shootingbets/results/
betaminic,2026-08-27,Israel - State Cup,Hapoel Nir Ramat HaSharon,MS Jerusalem,1x2,Home,3.300,lost,-1.0000,https://www.betaminic.com/shootingbets/results/
betaminic,2026-08-27,Finland - Kolmonen,SIF,Ylivieska,1x2,Home,2.550,won,1.5500,https://www.betaminic.com/shootingbets/results/
betaminic,2026-08-27,Finland - Kolmonen,Toolon Taisto,Atlantis/PM,1x2,Home,2.000,lost,-1.0000,https://www.betaminic.com/shootingbets/results/
betaminic,2026-08-27,Norway - U19 League,Ham-Kam,Rosenborg,1x2,Away,2.300,won,1.3000,https://www.betaminic.com/shootingbets/results/
betaminic,2026-08-27,Georgia - Liga 3,Dinamo Tbilisi II,Lokomotivi Tbilisi,1x2,Away,3.200,lost,-1.0000,https://www.betaminic.com/shootingbets/results/
betaminic,2026-08-27,Australia - NPL New South Wales Women,Gladesville Ravens,NWS Spirit,1x2,Home,3.800,won,2.8000,https://www.betaminic.com/shootingbets/results/
betaminic,2026-08-26,Brazil - Goiano 2,Trindade,Morrinhos,1x2,Home,3.200,lost,-1.0000,https://www.betaminic.com/shootingbets/results/
betaminic,2026-08-26,Brazil - Goiano 2,Gremio Anapolis,Goianesia,1x2,Home,3.250,lost,-1.0000,https://www.betaminic.com/shootingbets/results/
betaminic,2026-08-26,Panama - Liga Prom,Union Cocle II,Herrera II,1x2,Home,1.900,won,0.9000,https://www.betaminic.com/shootingbets/results/
betaminic,2026-08-26,Peru - League Cup,Sporting Cristal,Sport Huancayo,1x2,Home,1.800,won,0.8000,https://www.betaminic.com/shootingbets/results/
betaminic,2026-08-26,Paraguay - Cup,Deportivo Santani,Deportivo Recoleta,1x2,Away,2.880,won,1.8800,https://www.betaminic.com/shootingbets/results/
betaminic,2026-08-26,Northern Ireland - Reserve League,Crusaders,Ballymena United,1x2,Away,3.600,lost,-1.0000,https://www.betaminic.com/shootingbets/results/
betaminic,2026-08-26,England - Northern Premier League,Avro,Leek Town,over_under_25,Under,1.750,lost,-1.0000,https://www.betaminic.com/shootingbets/results/
betaminic,2026-08-26,England - Northern League Division 1,Coventry United,Mickleover,1x2,Home,2.300,lost,-1.0000,https://www.betaminic.com/shootingbets/results/
betaminic,2026-08-26,Northern Ireland - Championship Women,Ballymena United,Mid Ulster,1x2,Home,2.300,lost,-1.0000,https://www.betaminic.com/shootingbets/results/
betaminic,2026-08-26,England - Premier League Cup U21,Stockport County,Charlton Athletic,1x2,Home,5.000,lost,-1.0000,https://www.betaminic.com/shootingbets/results/
betaminic,2026-08-26,Uruguay - Cup,Juventud,Club Oriental de La Paz,1x2,Home,1.670,won,0.6700,https://www.betaminic.com/shootingbets/results/
betaminic,2026-08-26,UEFA - Europa Cup Women,Breidablik,Csikszereda Miercurea Ciuc,1x2,Away,5.500,lost,-1.0000,https://www.betaminic.com/shootingbets/results/
betaminic,2026-08-26,Poland - 4th Liga,Victoria Sulejowek,Polonia II Warszawa,1x2,Away,2.200,lost,-1.0000,https://www.betaminic.com/shootingbets/results/
betaminic,2026-08-26,Finland - Kolmonen,LePa,MPS,1x2,Away,6.250,lost,-1.0000,https://www.betaminic.com/shootingbets/results/
betaminic,2026-08-26,Serbia - U19 League,Jedinstvo Ub,Mladost Lucani,1x2,Away,2.050,won,1.0500,https://www.betaminic.com/shootingbets/results/
betaminic,2026-08-26,Club Friendlies,Numancia,Utebo,1x2,Home,2.150,won,1.1500,https://www.betaminic.com/shootingbets/results/
betaminic,2026-08-26,Finland - Kolmonen,KuPS Akatemia II,Ylamyllyn Yllatys,1x2,Away,3.400,won,2.4000,https://www.betaminic.com/shootingbets/results/
betaminic,2026-08-26,Iraq - Stars League,Al Kahrabaa,Al-Karma,1x2,Away,1.910,lost,-1.0000,https://www.betaminic.com/shootingbets/results/
betaminic,2026-08-26,Czech Republic - Cup,Tatran Vsechovice,Prostejov,1x2,Away,1.500,won,0.5000,https://www.betaminic.com/shootingbets/results/
betaminic,2026-08-26,Hungary - NB 3,PTE PEAC,Budaorsi,1x2,Away,2.750,lost,-1.0000,https://www.betaminic.com/shootingbets/results/
betaminic,2026-08-26,Slovenia - 3. SNL,Race,Prevalje,1x2,Home,2.250,lost,-1.0000,https://www.betaminic.com/shootingbets/results/
betaminic,2026-08-26,Hungary - NB 3,Erdi VSE,Pecsi MFC,1x2,Away,1.700,won,0.7000,https://www.betaminic.com/shootingbets/results/
betaminic,2026-08-26,Czech Republic - Cup,Slovan Bzenec,Fotbal Trinec,1x2,Away,1.570,won,0.5700,https://www.betaminic.com/shootingbets/results/
betaminic,2026-08-26,Serbia - U19 League,Vojvodina,Cukaricki,1x2,Home,1.730,won,0.7300,https://www.betaminic.com/shootingbets/results/
betaminic,2026-08-26,Poland - 4th Liga,Ruch Chorzow II,Podlesianka Katowice,1x2,Home,3.200,won,2.2000,https://www.betaminic.com/shootingbets/results/
betaminic,2026-08-26,Hungary - NB 3,Debreceni VSC II,Egri,1x2,Home,2.300,won,1.3000,https://www.betaminic.com/shootingbets/results/
betaminic,2026-08-26,Hungary - NB 3,Monori SE,Hodmezovasarhelyi,1x2,Home,1.800,won,0.8000,https://www.betaminic.com/shootingbets/results/
betaminic,2026-08-26,Hungary - NB 3,Honved II,Szegedi VSE,1x2,Home,2.400,won,1.4000,https://www.betaminic.com/shootingbets/results/
betaminic,2026-08-26,UEFA - Europa Cup Women,Hajduk Split,Fortuna Hjorring,1x2,Away,1.900,won,0.9000,https://www.betaminic.com/shootingbets/results/
betaminic,2026-08-26,Georgia - Cup,Dila Gori,Samgurali Tskaltubo,1x2,Away,2.550,lost,-1.0000,https://www.betaminic.com/shootingbets/results/
betaminic,2026-08-26,UEFA - Europa Cup Women,KFF Mitrovica,Metalist 1925 Kharkiv,1x2,Home,5.000,lost,-1.0000,https://www.betaminic.com/shootingbets/results/
betaminic,2026-08-26,UEFA - Europa Cup Women,Apollon Limassol,FH Hafnarfjordur,1x2,Away,2.700,won,1.7000,https://www.betaminic.com/shootingbets/results/
betaminic,2026-08-26,Bosnia and Herzegovina - 1st League,Igman Konjic,Stupcanica Olovo,1x2,Away,2.750,won,1.7500,https://www.betaminic.com/shootingbets/results/
betaminic,2026-08-26,Slovenia - Cup,IB Ljubljana,NK Litija,1x2,Home,2.100,lost,-1.0000,https://www.betaminic.com/shootingbets/results/
betaminic,2026-08-26,Slovenia - Cup,Skofja Loka,Sencur,1x2,Away,2.000,won,1.0000,https://www.betaminic.com/shootingbets/results/
betaminic,2026-08-26,Serbia - U19 League,Usce Novi Beograd,Spartak Subotica,1x2,Home,2.200,won,1.2000,https://www.betaminic.com/shootingbets/results/
betaminic,2026-08-26,Australia - NorZone Premier League,Palmerston Rovers,Port Darwin,1x2,Home,6.000,won,5.0000,https://www.betaminic.com/shootingbets/results/
betaminic,2026-08-26,Japan - Cup,Imabari,Blaublitz Akita,1x2,Away,3.000,lost,-1.0000,https://www.betaminic.com/shootingbets/results/
betaminic,2026-08-26,Japan - Cup,Sagan Tosu,Kataller Toyama,1x2,Away,3.400,lost,-1.0000,https://www.betaminic.com/shootingbets/results/
betaminic,2026-08-26,Japan - Cup,Vegalta Sendai,Tochigi City,1x2,Away,4.200,won,3.2000,https://www.betaminic.com/shootingbets/results/
betaminic,2026-08-26,Japan - Cup,Jubilo Iwata,Tegevajaro Miyazaki,1x2,Away,3.300,lost,-1.0000,https://www.betaminic.com/shootingbets/results/
betaminic,2026-08-26,Japan - Cup,Albirex Niigata,Kagoshima United,1x2,Away,5.500,won,4.5000,https://www.betaminic.com/shootingbets/results/
betaminic,2026-08-26,Croatia - U19 League,Rudes,Kustosija Zagreb,1x2,Home,2.400,lost,-1.0000,https://www.betaminic.com/shootingbets/results/
betaminic,2026-08-26,Slovakia - U19 League,Podbrezova,Petrzalka,1x2,Home,1.850,won,0.8500,https://www.betaminic.com/shootingbets/results/
betaminic,2026-08-26,Czech Republic - U19 League,Hradec Kralove,Slavia Prague,1x2,Home,1.730,won,0.7300,https://www.betaminic.com/shootingbets/results/
betaminic,2026-08-26,North Macedonia - U19 League,Vardar,AP Brera Strumica,1x2,Away,2.450,lost,-1.0000,https://www.betaminic.com/shootingbets/results/
betaminic,2026-08-25,Dominican Republic - Liga Mayor,Cibao,Delfines Del Este,1x2,Draw,3.200,lost,-1.0000,https://www.betaminic.com/shootingbets/results/
betaminic,2026-08-25,England - Isthmian Division 1 North,Lowestoft Town,Mulbarton Wanderers,1x2,Away,2.750,won,1.7500,https://www.betaminic.com/shootingbets/results/
betaminic,2026-08-25,England - Isthmian Division 1 South,Ashford Town,Cobham FC,1x2,Away,3.750,won,2.7500,https://www.betaminic.com/shootingbets/results/
betaminic,2026-08-25,England - Northern League Division 1,Boldmere St. Michaels,Barwell,1x2,Home,2.200,won,1.2000,https://www.betaminic.com/shootingbets/results/
betaminic,2026-08-25,England - Northern League Division 1,Vauxhall Motors,Nantwich Town,1x2,Away,3.000,lost,-1.0000,https://www.betaminic.com/shootingbets/results/
betaminic,2026-08-25,England - Northern League Division 1,Witton Albion,Kidsgrove Athletic,1x2,Home,2.050,won,1.0500,https://www.betaminic.com/shootingbets/results/
betaminic,2026-08-25,England - Northern League Division 1,Nuneaton Town,Coleshill Town,1x2,Home,2.300,won,1.3000,https://www.betaminic.com/shootingbets/results/
betaminic,2026-08-25,England - Northern League Division 1,Loughborough University,Grantham Town,1x2,Home,2.200,lost,-1.0000,https://www.betaminic.com/shootingbets/results/
betaminic,2026-08-25,Ireland - Leinster Senior League,Glebe North,Tolka Rovers,1x2,Away,2.400,won,1.4000,https://www.betaminic.com/shootingbets/results/
betaminic,2026-08-25,England - Isthmian Division 1 South East,Eastbourne Town,Peacehaven & Telscombe,1x2,Home,2.380,won,1.3800,https://www.betaminic.com/shootingbets/results/
betaminic,2026-08-25,Scotland - Challenge Cup,Fraserburgh,Aberdeen B,1x2,Away,2.100,lost,-1.0000,https://www.betaminic.com/shootingbets/results/
betaminic,2026-08-25,England - FA Cup Qualification,Fakenham Town,St Ives Town,1x2,Away,2.550,lost,-1.0000,https://www.betaminic.com/shootingbets/results/
betaminic,2026-08-25,Argentina - Liga Pro Reserves,Instituto,Argentinos Juniors,over_under_25,Under,2.000,won,1.0000,https://www.betaminic.com/shootingbets/results/
betaminic,2026-08-25,Israel - League Cup Women,Hapoel Raanana,ASA Tel Aviv,1x2,Home,2.700,lost,-1.0000,https://www.betaminic.com/shootingbets/results/
betaminic,2026-08-25,Sweden - Cup,Eskilsminne,Orgryte,1x2,Home,5.000,lost,-1.0000,https://www.betaminic.com/shootingbets/results/
betaminic,2026-08-25,Sweden - Division 2,Vaxjo Norra,Solvesborgs,1x2,Away,3.800,won,2.8000,https://www.betaminic.com/shootingbets/results/
betaminic,2026-08-25,Poland - 4th Liga,Czechowice-Dziedzice,Belk,1x2,Home,2.250,won,1.2500,https://www.betaminic.com/shootingbets/results/
betaminic,2026-08-25,Slovenia - Cup,Ilirija 1911,NK Vrhnika,1x2,Home,2.350,won,1.3500,https://www.betaminic.com/shootingbets/results/
betaminic,2026-08-25,Israel - U19 Elite Division,Beitar Jerusalem,Hapoel Haifa,1x2,Home,1.910,won,0.9100,https://www.betaminic.com/shootingbets/results/
betaminic,2026-08-25,Norway - U19 Cup,Haugesund,Viking,1x2,Home,2.250,lost,-1.0000,https://www.betaminic.com/shootingbets/results/
betaminic,2026-08-25,India - Calcutta Premier Division,United SC,Police AC,1x2,Home,2.880,won,1.8800,https://www.betaminic.com/shootingbets/results/
betaminic,2026-08-24,Italy - Serie C Group A,Folgore Caratese,Dolomiti Bellunesi,1x2,Home,2.200,lost,-1.0000,https://www.betaminic.com/shootingbets/results/
betaminic,2026-08-24,Tanzania - Premier League,Young Africans,JKT Tanzania,over_under_25,Over,1.800,won,0.8000,https://www.betaminic.com/shootingbets/results/
betaminic,2026-08-24,Slovenia - U19 League,Celje,Koper,1x2,Away,3.900,lost,-1.0000,https://www.betaminic.com/shootingbets/results/
betaminic,2026-08-24,Slovenia - U19 League,Aluminij,Maribor,1x2,Home,6.250,lost,-1.0000,https://www.betaminic.com/shootingbets/results/
betaminic,2026-08-24,Slovenia - U19 League,Jadran Dekani,ND Beltinci,1x2,Away,3.300,lost,-1.0000,https://www.betaminic.com/shootingbets/results/
betaminic,2026-08-24,Serbia - Super Liga Women,Vojvodina,Crvena Zvezda,1x2,Away,1.330,lost,-1.0000,https://www.betaminic.com/shootingbets/results/
betaminic,2026-08-24,Argentina - Reserve League,Villa San Carlos,Sportivo Italiano,1x2,Away,5.000,lost,-1.0000,https://www.betaminic.com/shootingbets/results/
betaminic,2026-08-24,Kazakhstan - League Women,Kairat Almaty,Atyrau,over_under_25,Under,3.000,lost,-1.0000,https://www.betaminic.com/shootingbets/results/
betaminic,2026-08-24,India - Calcutta Premier Division,Aryan,ASOS Rainbow AC,1x2,Home,1.530,won,0.5300,https://www.betaminic.com/shootingbets/results/
betaminic,2026-08-23,Peru - Liga 3,Pacífico,Alianza Lima II,1x2,Home,2.300,lost,-1.0000,https://www.betaminic.com/shootingbets/results/
betaminic,2026-08-23,Serbia - Prva Liga,Napredak Krusevac,TSC,1x2,Away,2.900,won,1.9000,https://www.betaminic.com/shootingbets/results/
betaminic,2026-08-23,Peru - Liga 2,Universidad Cesar Vallejo,Deportivo Llacuabamba,1x2,Home,2.200,won,1.2000,https://www.betaminic.com/shootingbets/results/
betaminic,2026-08-23,Paraguay - Reserve League,Rubio Nu,Sportivo Trinidense,1x2,Home,5.250,won,4.2500,https://www.betaminic.com/shootingbets/results/
betaminic,2026-08-23,Brazil - Cearense 3,Tiangua EC,Calouros Do Ar,1x2,Away,5.000,won,4.0000,https://www.betaminic.com/shootingbets/results/
betaminic,2026-08-23,Mexico - U19 League,Pumas UNAM,Necaxa,1x2,Home,2.000,won,1.0000,https://www.betaminic.com/shootingbets/results/
betaminic,2026-08-23,Saudi Arabia - Division 1,Al-Saqer,Damac,1x2,Home,4.500,lost,-1.0000,https://www.betaminic.com/shootingbets/results/
betaminic,2026-08-23,Portugal - Campeonato de Portugal Prio,Fatima,Atletico Malveira,1x2,Home,2.800,won,1.8000,https://www.betaminic.com/shootingbets/results/
betaminic,2026-08-23,Portugal - Campeonato de Portugal Prio,Os Marialvas,Oliveira do Hospital,1x2,Home,3.200,lost,-1.0000,https://www.betaminic.com/shootingbets/results/
betaminic,2026-08-23,Portugal - Campeonato de Portugal Prio,Braganca,Braga II,1x2,Away,3.200,lost,-1.0000,https://www.betaminic.com/shootingbets/results/
betaminic,2026-08-23,Portugal - Campeonato de Portugal Prio,Maria Fonte,Celoricense,1x2,Away,3.000,won,2.0000,https://www.betaminic.com/shootingbets/results/
betaminic,2026-08-23,Portugal - Campeonato de Portugal Prio,Montalegre,Brito,1x2,Home,2.600,won,1.6000,https://www.betaminic.com/shootingbets/results/
betaminic,2026-08-23,Saudi Arabia - Division 1,Hajer Club,Jeddah Club,1x2,Home,2.600,lost,-1.0000,https://www.betaminic.com/shootingbets/results/
betaminic,2026-08-23,Montenegro - Druga Liga,FK Podgorica,Kom,1x2,Home,2.100,won,1.1000,https://www.betaminic.com/shootingbets/results/
betaminic,2026-08-23,Slovenia - 3. SNL,Vipava,Ziri,1x2,Away,3.100,won,2.1000,https://www.betaminic.com/shootingbets/results/
betaminic,2026-08-23,Moldova - Divizia Nationala,Real Sireti,Dacia Buiucani,1x2,Home,3.500,lost,-1.0000,https://www.betaminic.com/shootingbets/results/
betaminic,2026-08-23,Bosnia and Herzegovina - 1st League,Sloboda Tuzla,Tomislav Tomislavgrad,1x2,Home,1.670,won,0.6700,https://www.betaminic.com/shootingbets/results/
betaminic,2026-08-23,Bulgaria - Second League,Marek Dupnitsa,Dobrudzha Dobrich,1x2,Away,6.000,lost,-1.0000,https://www.betaminic.com/shootingbets/results/
betaminic,2026-08-23,Poland - 4th Liga,MKS Elk,Granica Ketrzyn,1x2,Home,4.330,lost,-1.0000,https://www.betaminic.com/shootingbets/results/
betaminic,2026-08-23,Austria - Landesliga,TSV Neumarkt am Wallersee,USK Anif,1x2,Home,2.750,lost,-1.0000,https://www.betaminic.com/shootingbets/results/
betaminic,2026-08-23,Czech Republic - 4. Liga,Sokol Lanzhot,Strani,1x2,Away,2.700,won,1.7000,https://www.betaminic.com/shootingbets/results/
betaminic,2026-08-23,Argentina - Torneo Federal A,FADEP Mendoza,Sol de Mayo,1x2,Home,1.620,won,0.6200,https://www.betaminic.com/shootingbets/results/
betaminic,2026-08-23,Kyrgyzstan - Premier League,Dordoi Bishkek,Alay,1x2,Home,3.000,lost,-1.0000,https://www.betaminic.com/shootingbets/results/
betaminic,2026-08-23,Poland - 3rd Liga,Baltyk Koszalin,KKS 1925 Kalisz,1x2,Home,3.700,lost,-1.0000,https://www.betaminic.com/shootingbets/results/
betaminic,2026-08-23,England - National League Premier Women,Huddersfield Town,Loughborough Lightning,1x2,Home,2.000,won,1.0000,https://www.betaminic.com/shootingbets/results/
betaminic,2026-08-23,England - National League Premier Women,Hull City,Norwich City,1x2,Away,2.900,won,1.9000,https://www.betaminic.com/shootingbets/results/
betaminic,2026-08-23,Malawi - Super League,Civil Service United,MAFCO,1x2,Home,1.950,won,0.9500,https://www.betaminic.com/shootingbets/results/
betaminic,2026-08-23,Malawi - Super League,Karonga United,Chitipa United,1x2,Home,2.000,lost,-1.0000,https://www.betaminic.com/shootingbets/results/
betaminic,2026-08-23,Netherlands - Derde Divisie,Blauw Geel 38,Rijnvogels,1x2,Home,3.800,lost,-1.0000,https://www.betaminic.com/shootingbets/results/
betaminic,2026-08-23,Croatia - U19 League,Lucko,NK Slaven Koprivnica,1x2,Away,2.000,lost,-1.0000,https://www.betaminic.com/shootingbets/results/
betaminic,2026-08-23,Club Friendlies,Rovato Vertovese,Sant'Angelo,1x2,Away,3.250,won,2.2500,https://www.betaminic.com/shootingbets/results/
betaminic,2026-08-23,Australia - NPL Northern NSW Women,Broadmeadow Magic,Charlestown Azzurri,1x2,Away,5.000,lost,-1.0000,https://www.betaminic.com/shootingbets/results/
betaminic,2026-08-22,Bolivia - Primera Division,Nacional Potosi,Independiente Petrolero,over_under_25,Under,2.600,lost,-1.0000,https://www.betaminic.com/shootingbets/results/
betaminic,2026-08-22,Austria - Landesliga,Hohenau/Hausbrunn,Wiener Neustadter,1x2,Away,2.550,won,1.5500,https://www.betaminic.com/shootingbets/results/
betaminic,2026-08-22,Austria - Regionalliga Ost,Mattersburg 2020,Scheiblingkirchen-Warth,1x2,Home,2.750,won,1.7500,https://www.betaminic.com/shootingbets/results/
betaminic,2026-08-22,Czech Republic - 4. Liga,Vysoke Myto,Spartak Police nad Metuji,1x2,Home,1.700,won,0.7000,https://www.betaminic.com/shootingbets/results/
betaminic,2026-08-22,Bosnia and Herzegovina - 1st League,Romanija Pale,Drina Zvornik,1x2,Away,2.800,lost,-1.0000,https://www.betaminic.com/shootingbets/results/
betaminic,2026-08-22,Czech Republic - 4. Liga,Nove Sady,Slovan Bzenec,1x2,Home,3.250,lost,-1.0000,https://www.betaminic.com/shootingbets/results/
betaminic,2026-08-22,England - Isthmian Premier League,Stanway Rovers,Carshalton Athletic,1x2,Away,2.300,won,1.3000,https://www.betaminic.com/shootingbets/results/
betaminic,2026-08-22,England - Southern Premier League Central,Redditch United,Bromsgrove Sporting,1x2,Home,2.880,lost,-1.0000,https://www.betaminic.com/shootingbets/results/
betaminic,2026-08-22,Georgia - Erovnuli Liga 2,Gareji,Kolkheti 1913 Poti,1x2,Away,5.500,lost,-1.0000,https://www.betaminic.com/shootingbets/results/
betaminic,2026-08-22,Zimbabwe - PSL,Bulawayo Chiefs,CAPS United,1x2,Away,2.800,lost,-1.0000,https://www.betaminic.com/shootingbets/results/
betaminic,2026-08-22,Paraguay - Division Intermedia,Atletico Tembetary,Club Fernando de La Mora,1x2,Away,2.600,lost,-1.0000,https://www.betaminic.com/shootingbets/results/
betaminic,2026-08-22,Poland - 4th Liga,KS Sokol Bozepole Wielkie,Chojniczanka Chojnice II,1x2,Away,3.600,lost,-1.0000,https://www.betaminic.com/shootingbets/results/
betaminic,2026-08-22,Malawi - Super League,Creck SC,Ekhaya,1x2,Home,3.200,won,2.2000,https://www.betaminic.com/shootingbets/results/
betaminic,2026-08-22,Poland - 4th Liga,Pisa Barczewo,GKS Wikielec,1x2,Away,2.150,lost,-1.0000,https://www.betaminic.com/shootingbets/results/
betaminic,2026-08-22,Club Friendlies,Leopards,KCCA,1x2,Away,3.250,lost,-1.0000,https://www.betaminic.com/shootingbets/results/
betaminic,2026-08-22,Uzbekistan - Pro League,Fardu,Shurtan,1x2,Away,3.200,lost,-1.0000,https://www.betaminic.com/shootingbets/results/
betaminic,2026-08-22,Paraguay - Reserve League,Sportivo Ameliano,Deportivo Recoleta,1x2,Home,2.100,won,1.1000,https://www.betaminic.com/shootingbets/results/
betaminic,2026-08-22,Poland - 4th Liga,Wybrzeze Rewalskie Rewal,Swit Skolwin II,1x2,Home,4.750,won,3.7500,https://www.betaminic.com/shootingbets/results/
betaminic,2026-08-22,India - Calcutta Premier Division,United SC,Mohammedan Reserves,1x2,Home,4.750,lost,-1.0000,https://www.betaminic.com/shootingbets/results/
betaminic,2026-08-22,Club Friendlies,Rayo Cantabria,Sestao River,1x2,Away,2.800,lost,-1.0000,https://www.betaminic.com/shootingbets/results/
betaminic,2026-08-22,Slovakia - U19 League,FC Kosice,Tatran Presov,1x2,Home,2.500,won,1.5000,https://www.betaminic.com/shootingbets/results/
betaminic,2026-08-22,Czech Republic - 1. Liga Women,Prague Raptors,Viktoria Plzen,1x2,Home,2.250,won,1.2500,https://www.betaminic.com/shootingbets/results/
betaminic,2026-08-22,Slovakia - U19 League,Petrzalka,DAC 1904,1x2,Away,2.750,won,1.7500,https://www.betaminic.com/shootingbets/results/
betaminic,2026-08-22,Czech Republic - 4. Liga,Prepere,FK Pencin Turnov,1x2,Home,2.200,won,1.2000,https://www.betaminic.com/shootingbets/results/
betaminic,2026-08-22,Australia - NPL New South Wales U20,Sutherland Sharks,St George City,1x2,Home,2.000,lost,-1.0000,https://www.betaminic.com/shootingbets/results/
betaminic,2026-08-22,Czech Republic - 4. Liga,Petrin Plzen,Spartak Sobeslav,1x2,Home,2.200,won,1.2000,https://www.betaminic.com/shootingbets/results/
betaminic,2026-08-22,Czech Republic - 4. Liga,Steti,Rapid Psary,1x2,Home,4.500,won,3.5000,https://www.betaminic.com/shootingbets/results/
betaminic,2026-08-22,Czech Republic - 4. Liga,Tempo Prague,Sokol Hostoun,1x2,Away,2.750,won,1.7500,https://www.betaminic.com/shootingbets/results/
betaminic,2026-08-22,Czech Republic - 4. Liga,Slavoj Cesky Krumlov,FC Milevsko,1x2,Home,2.050,won,1.0500,https://www.betaminic.com/shootingbets/results/
betaminic,2026-08-22,Czech Republic - U19 League,Hradec Kralove,Sparta Prague,1x2,Away,2.880,lost,-1.0000,https://www.betaminic.com/shootingbets/results/
betaminic,2026-08-22,Australia - Western Australia State League 1,Subiaco,Cockburn City,1x2,Home,2.100,won,1.1000,https://www.betaminic.com/shootingbets/results/
betaminic,2026-08-22,Australia - NPL Victoria Women,Avondale,Boroondara-Carey Eagles,1x2,Home,1.530,lost,-1.0000,https://www.betaminic.com/shootingbets/results/
betaminic,2026-08-22,Australia - Victoria Premier League 1,North Sunshine Eagles,Brunswick City,1x2,Home,2.880,won,1.8800,https://www.betaminic.com/shootingbets/results/
betaminic,2026-08-22,New Zealand - Northern League,Eastern Suburbs AFC,East Coast Bays,1x2,Home,1.550,lost,-1.0000,https://www.betaminic.com/shootingbets/results/
betaminic,2026-08-21,Panama - Liga Prom,San Martin,Plaza Amador II,1x2,Home,4.500,lost,-1.0000,https://www.betaminic.com/shootingbets/results/
betaminic,2026-08-21,Costa Rica - Ascenso,Consultants Desamparados,Cariari Pococi,1x2,Home,2.400,lost,-1.0000,https://www.betaminic.com/shootingbets/results/
betaminic,2026-08-21,Northern Ireland - Challenge Cup Women,Ballymena United,Lisburn,1x2,Home,6.500,lost,-1.0000,https://www.betaminic.com/shootingbets/results/
betaminic,2026-08-21,England - FA Cup Qualification,Liversedge,Ossett United,1x2,Home,2.000,lost,-1.0000,https://www.betaminic.com/shootingbets/results/
betaminic,2026-08-21,England - FA Cup Qualification,Woodbridge Town,Felixstowe and Walton United,1x2,Away,1.800,won,0.8000,https://www.betaminic.com/shootingbets/results/
betaminic,2026-08-21,England - Premier League 2 U21,Stoke City,Brentford,1x2,Away,2.000,won,1.0000,https://www.betaminic.com/shootingbets/results/
betaminic,2026-08-21,England - Premier League 2 U21,Aston Villa,Brighton,1x2,Home,2.450,won,1.4500,https://www.betaminic.com/shootingbets/results/
betaminic,2026-08-21,Club Friendlies Women,FC Barcelona,Brighton,1x2,Draw,8.500,lost,-1.0000,https://www.betaminic.com/shootingbets/results/
betaminic,2026-08-21,Brazil - Paulista U20,Ibrachina,Desportivo Brasil,1x2,Home,1.570,won,0.5700,https://www.betaminic.com/shootingbets/results/
betaminic,2026-08-21,Brazil - Paulista U20,Uniao Sao Joao,XV de Piracicaba,1x2,Away,2.100,lost,-1.0000,https://www.betaminic.com/shootingbets/results/
betaminic,2026-08-21,Club Friendlies,Selaya,CD Cayon,1x2,Home,3.600,lost,-1.0000,https://www.betaminic.com/shootingbets/results/
betaminic,2026-08-21,Brazil - Paulista U20,Santo Andre,Sao Caetano,1x2,Home,1.910,lost,-1.0000,https://www.betaminic.com/shootingbets/results/
betaminic,2026-08-21,Austria - Landesliga,Pinkafeld,Oberpullendorf,1x2,Home,2.250,won,1.2500,https://www.betaminic.com/shootingbets/results/
betaminic,2026-08-21,Austria - Regionalliga Ost,Favoritner,SR Donaufeld,1x2,Away,2.500,won,1.5000,https://www.betaminic.com/shootingbets/results/
betaminic,2026-08-21,Austria - Landesliga,Lebring,SC Bruck/Mur,1x2,Home,1.750,lost,-1.0000,https://www.betaminic.com/shootingbets/results/
betaminic,2026-08-21,Slovenia - 2. SNL,Krka,Slovan Ljublana,1x2,Home,2.100,lost,-1.0000,https://www.betaminic.com/shootingbets/results/
betaminic,2026-08-21,Austria - Regionalliga South,Gleisdorf 09,Kalsdorf,1x2,Away,2.450,won,1.4500,https://www.betaminic.com/shootingbets/results/
betaminic,2026-08-21,Finland - Kolmonen,FC Lahti 69,RiPS,1x2,Home,2.100,lost,-1.0000,https://www.betaminic.com/shootingbets/results/
betaminic,2026-08-21,Austria - Landesliga,Red Star Penzing,1980 Wien,1x2,Home,2.300,won,1.3000,https://www.betaminic.com/shootingbets/results/
betaminic,2026-08-21,Lithuania - 1 Lyga,Be1 Nfa,Garliava,1x2,Home,2.100,won,1.1000,https://www.betaminic.com/shootingbets/results/
betaminic,2026-08-21,Finland - Kolmonen,KoPa,KJP Kouvola,1x2,Away,2.200,won,1.2000,https://www.betaminic.com/shootingbets/results/
betaminic,2026-08-21,Finland - Kolmonen,SexyPoxyt,GrIFK II,1x2,Away,2.630,won,1.6300,https://www.betaminic.com/shootingbets/results/
betaminic,2026-08-21,Czech Republic - 4. Liga,Spartak Hluk,Hanacka Slavia Kromeriz II,1x2,Home,2.300,won,1.3000,https://www.betaminic.com/shootingbets/results/
betaminic,2026-08-21,North Macedonia - 1st League,FK Skopje,Tikvesh,1x2,Away,2.200,lost,-1.0000,https://www.betaminic.com/shootingbets/results/
betaminic,2026-08-21,Finland - Kolmonen,ACF,EuPa,1x2,Home,6.250,lost,-1.0000,https://www.betaminic.com/shootingbets/results/
betaminic,2026-08-21,Finland - Kolmonen,NuPS,LePa,1x2,Home,2.100,lost,-1.0000,https://www.betaminic.com/shootingbets/results/
betaminic,2026-08-21,Panama - Liga Prom,Academia Costa del Este,Sporting San Miguelito II,1x2,Home,1.950,lost,-1.0000,https://www.betaminic.com/shootingbets/results/
betaminic,2026-08-21,UAE - U19 League,Shabab Al Ahli,AL Ain,1x2,Home,3.300,lost,-1.0000,https://www.betaminic.com/shootingbets/results/
betaminic,2026-08-21,Club Friendlies,Power Dynamos,Zesco United,1x2,Away,7.000,won,6.0000,https://www.betaminic.com/shootingbets/results/
betaminic,2026-08-21,Ukraine - Cup,Lokomotiv Kiev,Probiy Horodenka,1x2,Home,2.200,lost,-1.0000,https://www.betaminic.com/shootingbets/results/
betaminic,2026-08-21,India - Calcutta Premier Division,Calcutta Police Club,Peerless,1x2,Away,1.910,lost,-1.0000,https://www.betaminic.com/shootingbets/results/
betaminic,2026-08-20,Club Friendlies,Atletico Sanluqueno,Antoniano,1x2,Home,2.450,lost,-1.0000,https://www.betaminic.com/shootingbets/results/
betaminic,2026-08-20,Norway - U19 League,Baerum,Haslum IL,1x2,Home,4.330,lost,-1.0000,https://www.betaminic.com/shootingbets/results/
betaminic,2026-08-20,Norway - U19 League,Sarpsborg 08,Gjelleraasen,over_under_25,Under,4.330,lost,-1.0000,https://www.betaminic.com/shootingbets/results/
betaminic,2026-08-20,Iraq - Stars League,Al Minaa,Zakho,1x2,Draw,2.800,lost,-1.0000,https://www.betaminic.com/shootingbets/results/
betaminic,2026-08-20,Finland - Kolmonen,HooGee,EPS/Reservi,1x2,Home,2.250,won,1.2500,https://www.betaminic.com/shootingbets/results/
betaminic,2026-08-20,Finland - Kolmonen,PPJ/Ruoholahti,Gilla FC,1x2,Away,2.500,won,1.5000,https://www.betaminic.com/shootingbets/results/
betaminic,2026-08-20,Sweden - Cup,Vasalunds,Norrkoping,1x2,Away,1.500,lost,-1.0000,https://www.betaminic.com/shootingbets/results/
betaminic,2026-08-20,Finland - Kolmonen,Atlantis/PM,ToTe,1x2,Home,4.330,lost,-1.0000,https://www.betaminic.com/shootingbets/results/
betaminic,2026-08-20,Iraq - Stars League,Gaz Al Shamal,Al Kahrabaa,1x2,Away,2.900,lost,-1.0000,https://www.betaminic.com/shootingbets/results/
betaminic,2026-08-20,Finland - Kolmonen,Toolon Taisto,PPJ/Lauttasaari,1x2,Away,1.700,lost,-1.0000,https://www.betaminic.com/shootingbets/results/
betaminic,2026-08-20,Norway - U19 League,Rosenborg,Ham-Kam,1x2,Home,2.100,won,1.1000,https://www.betaminic.com/shootingbets/results/
betaminic,2026-08-20,Georgia - Liga 3,Lokomotivi Tbilisi,Gonio,1x2,Away,2.000,lost,-1.0000,https://www.betaminic.com/shootingbets/results/
betaminic,2026-08-20,Romania - Cup,Steaua Bucharest,Csikszereda,1x2,Home,9.500,lost,-1.0000,https://www.betaminic.com/shootingbets/results/
betaminic,2026-08-20,India - Durand Cup,Mohun Bagan,NorthEast United,1x2,Away,5.000,lost,-1.0000,https://www.betaminic.com/shootingbets/results/
betaminic,2026-08-20,Georgia - Liga 3,Margveti 2006,Orbi,1x2,Home,3.800,won,2.8000,https://www.betaminic.com/shootingbets/results/
betaminic,2026-08-20,Argentina - Reserve League,Villa San Carlos,Argentino de Merlo,over_under_25,Over,2.080,lost,-1.0000,https://www.betaminic.com/shootingbets/results/
betaminic,2026-08-19,Brazil - Gaucho 2,Bento Goncalves,Brasil de Pelotas,1x2,Draw,3.000,lost,-1.0000,https://www.betaminic.com/shootingbets/results/
betaminic,2026-08-19,Guatemala - Primera Division de Ascenso,Achuapa,San Benito,1x2,Home,1.850,won,0.8500,https://www.betaminic.com/shootingbets/results/
betaminic,2026-08-19,Scotland - Highland League,Forres Mechanics,Clachnacuddin,1x2,Home,3.500,won,2.5000,https://www.betaminic.com/shootingbets/results/
betaminic,2026-08-19,Bolivia - Cup,ABB,Real Potosi,1x2,Home,2.300,lost,-1.0000,https://www.betaminic.com/shootingbets/results/
betaminic,2026-08-19,Northern Ireland - Championship Women,St. James Swifts,Ballymena United,1x2,Home,1.800,lost,-1.0000,https://www.betaminic.com/shootingbets/results/
betaminic,2026-08-19,Brazil - Capixaba Serie B,Esporte Clube Tupy,Sport Clube Capixaba,1x2,Home,4.200,won,3.2000,https://www.betaminic.com/shootingbets/results/
betaminic,2026-08-19,Slovenia - U19 League,NK Brezice,Aluminij,1x2,Home,3.250,lost,-1.0000,https://www.betaminic.com/shootingbets/results/
betaminic,2026-08-19,Guatemala - Primera Division de Ascenso,Santa Lucia Cotzumalguapa,Coatepeque,1x2,Home,1.830,lost,-1.0000,https://www.betaminic.com/shootingbets/results/
betaminic,2026-08-19,Club Friendlies,San Sebastian Reyes,Rayo Majadahonda,1x2,Away,2.900,lost,-1.0000,https://www.betaminic.com/shootingbets/results/
betaminic,2026-08-19,Finland - Kolmonen,TPV II,Ylojarvi United,1x2,Home,1.550,won,0.5500,https://www.betaminic.com/shootingbets/results/
betaminic,2026-08-19,Club Friendlies,Gimnastica de Torrelavega,Rayo Cantabria,1x2,Home,2.100,lost,-1.0000,https://www.betaminic.com/shootingbets/results/
betaminic,2026-08-19,Sweden - Cup,FBK Karlstad,Sundsvall,1x2,Home,3.100,won,2.1000,https://www.betaminic.com/shootingbets/results/
betaminic,2026-08-19,Poland - 4th Liga,MKS Zjednoczeni Strykow,Zryw Wygoda,1x2,Away,4.500,lost,-1.0000,https://www.betaminic.com/shootingbets/results/
betaminic,2026-08-19,Poland - 3rd Liga,Star Starachowice,Czarni Polaniec,1x2,Away,2.630,lost,-1.0000,https://www.betaminic.com/shootingbets/results/
betaminic,2026-08-19,Poland - 3rd Liga,Kotwica Kornik,Baltyk Koszalin,1x2,Home,2.380,lost,-1.0000,https://www.betaminic.com/shootingbets/results/
betaminic,2026-08-19,Slovenia - Cup,Ziri,Skofja Loka,1x2,Home,4.200,lost,-1.0000,https://www.betaminic.com/shootingbets/results/
betaminic,2026-08-19,Slovenia - U19 League,ND Beltinci,NK Fuzinar,1x2,Home,2.050,won,1.0500,https://www.betaminic.com/shootingbets/results/
betaminic,2026-08-19,Poland - 3rd Liga,Sparta Katowice,Goczalkowice Zdroj,1x2,Home,1.910,won,0.9100,https://www.betaminic.com/shootingbets/results/
betaminic,2026-08-19,Poland - 3rd Liga,CK Troszyn,Warta Sieradz,1x2,Home,3.600,lost,-1.0000,https://www.betaminic.com/shootingbets/results/
betaminic,2026-08-19,Poland - 3rd Liga,Warta Gorzow Wielkopolski,Gornik Polkowice,1x2,Home,2.600,lost,-1.0000,https://www.betaminic.com/shootingbets/results/
betaminic,2026-08-19,Poland - 3rd Liga,Wisla Plock II,Lomza,1x2,Away,3.800,lost,-1.0000,https://www.betaminic.com/shootingbets/results/
betaminic,2026-08-19,Poland - 3rd Liga,Wieczysta Krakow II,Sokol Kolbuszowa Dolna,1x2,Away,4.330,lost,-1.0000,https://www.betaminic.com/shootingbets/results/
betaminic,2026-08-19,Poland - 3rd Liga,KKS 1925 Kalisz,Notec Czarnkow,1x2,Away,3.750,won,2.7500,https://www.betaminic.com/shootingbets/results/
betaminic,2026-08-19,Poland - 3rd Liga,Olimpia Elblag,Widzew Lodz II,1x2,Home,2.450,lost,-1.0000,https://www.betaminic.com/shootingbets/results/
betaminic,2026-08-19,Slovakia - Cup,Cana,Lokomotiva Kosice,1x2,Away,2.000,won,1.0000,https://www.betaminic.com/shootingbets/results/
betaminic,2026-08-19,Slovakia - Cup,Tatran Krasno Nad Kysucou,Podkonice,1x2,Away,1.910,lost,-1.0000,https://www.betaminic.com/shootingbets/results/
betaminic,2026-08-19,Slovakia - Cup,Tomasov,SK 1923 Gabcikovo,1x2,Away,1.910,lost,-1.0000,https://www.betaminic.com/shootingbets/results/
betaminic,2026-08-19,Slovakia - Cup,Bernolakovo,Raca Bratislava,1x2,Away,2.000,won,1.0000,https://www.betaminic.com/shootingbets/results/
betaminic,2026-08-19,Club Friendlies,Varese,Pro Palazzolo,1x2,Away,3.500,lost,-1.0000,https://www.betaminic.com/shootingbets/results/
betaminic,2026-08-19,Poland - 3rd Liga,Korona Kielce II,Hetman Zamosc,1x2,Home,1.900,lost,-1.0000,https://www.betaminic.com/shootingbets/results/
betaminic,2026-08-19,Romania - Cup,Slatina,Sepsi,1x2,Away,2.200,lost,-1.0000,https://www.betaminic.com/shootingbets/results/
betaminic,2026-08-19,Romania - Cup,CSM Corona Brasov,Tunari,1x2,Away,3.300,lost,-1.0000,https://www.betaminic.com/shootingbets/results/
betaminic,2026-08-19,Romania - Cup,ACS CIL Blaj,Progresul 1944 Spartac,over_under_25,Over,1.700,lost,-1.0000,https://www.betaminic.com/shootingbets/results/
betaminic,2026-08-19,Romania - Cup,Baia Mare,Corvinul Hunedoara,1x2,Home,5.250,lost,-1.0000,https://www.betaminic.com/shootingbets/results/
betaminic,2026-08-19,India - Durand Cup,Sporting Club Delhi,East Bengal,1x2,Draw,3.700,won,2.7000,https://www.betaminic.com/shootingbets/results/
betaminic,2026-08-19,Tanzania - Premier League,Pamba,Simba,1x2,Away,1.620,won,0.6200,https://www.betaminic.com/shootingbets/results/
betaminic,2026-08-19,Poland - 3rd Liga,LKS Lodz II,Weszlo Warszawa,1x2,Home,2.750,lost,-1.0000,https://www.betaminic.com/shootingbets/results/
betaminic,2026-08-19,Argentina - Reserve League,Defensores Unidos,Ituzaingo,over_under_25,Over,1.950,lost,-1.0000,https://www.betaminic.com/shootingbets/results/
betaminic,2026-08-19,Club Friendlies,Eibar II,Sestao River,1x2,Away,2.630,lost,-1.0000,https://www.betaminic.com/shootingbets/results/
betaminic,2026-08-19,Club Friendlies,Barcelona B,CE Europa,1x2,Away,6.500,lost,-1.0000,https://www.betaminic.com/shootingbets/results/
betaminic,2026-08-19,Club Friendlies,Arenas Club Getxo,UD Ibiza,1x2,Away,2.880,won,1.8800,https://www.betaminic.com/shootingbets/results/
betaminic,2026-08-18,England - National League North,Hebburn Town,Worksop Town,over_under_25,Over,2.030,lost,-1.0000,https://www.betaminic.com/shootingbets/results/
betaminic,2026-08-18,England - Northern Premier League,Curzon Ashton,Bamber Bridge,1x2,Home,2.000,lost,-1.0000,https://www.betaminic.com/shootingbets/results/
betaminic,2026-08-18,England - Isthmian Division 1 North,Canvey Island,Brightlingsea Regent,1x2,Away,3.750,lost,-1.0000,https://www.betaminic.com/shootingbets/results/
betaminic,2026-08-18,England - Isthmian Division 1 South,Ascot United,Kingstonian,1x2,Away,2.700,lost,-1.0000,https://www.betaminic.com/shootingbets/results/
betaminic,2026-08-18,Ireland - Leinster Senior League,Tolka Rovers,Montpelier FC,1x2,Home,2.450,won,1.4500,https://www.betaminic.com/shootingbets/results/
betaminic,2026-08-18,Ireland - Leinster Senior League,Glebe North,Kilbarrack United,1x2,Home,9.000,lost,-1.0000,https://www.betaminic.com/shootingbets/results/
betaminic,2026-08-18,England - Northern League Division 1,Vauxhall Motors,Mossley,1x2,Away,2.630,lost,-1.0000,https://www.betaminic.com/shootingbets/results/
betaminic,2026-08-18,England - Northern League Division 1,Long Eaton United,Coventry United,1x2,Away,2.600,won,1.6000,https://www.betaminic.com/shootingbets/results/
betaminic,2026-08-18,England - Northern League Division 1,1874 Northwich FC,Prescot Cables,1x2,Away,2.380,won,1.3800,https://www.betaminic.com/shootingbets/results/
betaminic,2026-08-18,Scotland - Lowland League,Caledonian Braves,Clydebank,1x2,Away,2.630,lost,-1.0000,https://www.betaminic.com/shootingbets/results/
betaminic,2026-08-18,England - National League Cup,Solihull Moors,Middlesbrough U21,1x2,Home,2.250,lost,-1.0000,https://www.betaminic.com/shootingbets/results/
betaminic,2026-08-18,England - National League Cup,Halifax Town,Derby County U21,1x2,Home,2.150,won,1.1500,https://www.betaminic.com/shootingbets/results/
betaminic,2026-08-18,England - National League Cup,Truro City,Southampton U21,1x2,Home,2.550,won,1.5500,https://www.betaminic.com/shootingbets/results/
betaminic,2026-08-18,Austria - Amateur Cup,SK Pama,Leithaprodersdorf,1x2,Home,2.880,lost,-1.0000,https://www.betaminic.com/shootingbets/results/
betaminic,2026-08-18,Club Friendlies,Laredo,Athletic Bilbao II,1x2,Away,2.250,won,1.2500,https://www.betaminic.com/shootingbets/results/
betaminic,2026-08-18,Sweden - 2nd Division,Nosaby,IFK Trelleborg,1x2,Away,2.250,won,1.2500,https://www.betaminic.com/shootingbets/results/
betaminic,2026-08-18,Finland - Kolmonen,NIK,SIF,1x2,Home,3.200,lost,-1.0000,https://www.betaminic.com/shootingbets/results/
betaminic,2026-08-18,Estonia - U19 League,Paide Linnameeskond,Nomme United,1x2,Away,2.350,won,1.3500,https://www.betaminic.com/shootingbets/results/
betaminic,2026-08-18,Bulgaria - Second League,Pirin Blagoevgrad,Hebar,1x2,Home,4.000,lost,-1.0000,https://www.betaminic.com/shootingbets/results/
betaminic,2026-08-18,Romania - Cup,Ramnicu Valcea,Chindia Targoviste,over_under_25,Under,1.850,won,0.8500,https://www.betaminic.com/shootingbets/results/
betaminic,2026-08-18,Club Friendlies,Persib Bandung,Bali United Pusam,1x2,Home,4.000,lost,-1.0000,https://www.betaminic.com/shootingbets/results/
betaminic,2026-08-18,England - Professional Development League U21,Peterborough United,Queens Park Rangers,1x2,Home,1.950,won,0.9500,https://www.betaminic.com/shootingbets/results/
betaminic,2026-08-17,Peru - Liga 2,Santos FC,Alianza Universidad,1x2,Away,3.250,lost,-1.0000,https://www.betaminic.com/shootingbets/results/
betaminic,2026-08-17,Peru - Liga 3,Cesar Vallejo II,Juventud Cautivo,1x2,Home,2.200,lost,-1.0000,https://www.betaminic.com/shootingbets/results/
betaminic,2026-08-17,Northern Ireland - Reserve League,Larne,Crusaders,1x2,Away,3.250,lost,-1.0000,https://www.betaminic.com/shootingbets/results/
betaminic,2026-08-17,Paraguay - Reserve League,Sportivo Luqueno,Libertad Asuncion,1x2,Away,1.650,won,0.6500,https://www.betaminic.com/shootingbets/results/
betaminic,2026-08-17,Northern Ireland - Reserve League,Dungannon Swifts,Linfield,1x2,Home,3.700,lost,-1.0000,https://www.betaminic.com/shootingbets/results/
betaminic,2026-08-17,England - Isthmian Division 1 North,Redbridge,Bowers and Pitsea,1x2,Home,2.300,won,1.3000,https://www.betaminic.com/shootingbets/results/
betaminic,2026-08-17,Bolivia - Liga Nacional U19,The Strongest,Real Tomayapo,1x2,Away,2.700,lost,-1.0000,https://www.betaminic.com/shootingbets/results/
betaminic,2026-08-17,Mexico - U19 League,Pachuca,Puebla,1x2,Home,2.100,won,1.1000,https://www.betaminic.com/shootingbets/results/
betaminic,2026-08-17,Sweden - 2nd Division,Vanersborgs IF,Vanersborgs FK,1x2,Home,2.880,lost,-1.0000,https://www.betaminic.com/shootingbets/results/
betaminic,2026-08-17,Kuwait - Division 1,Burgan,Al-Shamiya,1x2,Away,9.500,lost,-1.0000,https://www.betaminic.com/shootingbets/results/
betaminic,2026-08-17,Norway - 3rd Division,KFUM Oslo II,Nordstrand,1x2,Away,2.880,lost,-1.0000,https://www.betaminic.com/shootingbets/results/
betaminic,2026-08-17,Norway - 3rd Division,Viking II,Madla,1x2,Home,2.050,lost,-1.0000,https://www.betaminic.com/shootingbets/results/
betaminic,2026-08-17,Norway - 3rd Division,Staal Joerpeland,Haugesund II,1x2,Away,2.250,won,1.2500,https://www.betaminic.com/shootingbets/results/
betaminic,2026-08-17,Estonia - Esiliiga A,Nomme United II,Nomme JK Kalju II,1x2,Away,4.200,lost,-1.0000,https://www.betaminic.com/shootingbets/results/
betaminic,2026-08-17,Slovenia - U19 League,Jadran Dekani,Koper,1x2,Away,2.050,won,1.0500,https://www.betaminic.com/shootingbets/results/
betaminic,2026-08-17,Peru - Liga 2,Pirata FC,Union Comercio,1x2,Away,1.800,won,0.8000,https://www.betaminic.com/shootingbets/results/
betaminic,2026-08-17,England - Professional Development League U21,Swansea City,Sheffield United,1x2,Home,2.050,lost,-1.0000,https://www.betaminic.com/shootingbets/results/
betaminic,2026-08-17,India - Durand Cup,Mohun Bagan,Jamshedpur,1x2,Away,5.250,lost,-1.0000,https://www.betaminic.com/shootingbets/results/
betaminic,2026-08-16,Mexico - U19 League,Club Tijuana,Cruz Azul,1x2,Home,1.850,won,0.8500,https://www.betaminic.com/shootingbets/results/
betaminic,2026-08-16,Canada - Northern Super League Women,AFC Toronto,Montreal Roses,1x2,Home,2.200,lost,-1.0000,https://www.betaminic.com/shootingbets/results/
betaminic,2026-08-16,Brazil - Gaucho 2,Lajeadense,Passo Fundo,1x2,Draw,3.000,lost,-1.0000,https://www.betaminic.com/shootingbets/results/
betaminic,2026-08-16,Brazil - Paranaense 3,Campo Mourao,Oeste Brasil FC Toledo,1x2,Home,2.800,lost,-1.0000,https://www.betaminic.com/shootingbets/results/
betaminic,2026-08-16,Peru - Liga 2,Bentin Tacna Heroica,Sport Huancayo II,1x2,Home,1.730,won,0.7300,https://www.betaminic.com/shootingbets/results/
betaminic,2026-08-16,Argentina - Torneo Federal A,Argentino Monte Maiz,Olimpo Bahia Blanca,1x2,Away,3.100,lost,-1.0000,https://www.betaminic.com/shootingbets/results/
betaminic,2026-08-16,Brazil - Paulista U20,Sao Paulo,Ibrachina,1x2,Home,2.000,won,1.0000,https://www.betaminic.com/shootingbets/results/
betaminic,2026-08-16,Iraq - Stars League,Erbil,Al Kahrabaa,1x2,Draw,3.800,lost,-1.0000,https://www.betaminic.com/shootingbets/results/
betaminic,2026-08-16,Mexico - U19 League,Pumas UNAM,Queretaro,1x2,Home,2.000,won,1.0000,https://www.betaminic.com/shootingbets/results/
betaminic,2026-08-16,Norway - 3rd Division,Valerenga II,Ready Fotball,1x2,Away,2.150,lost,-1.0000,https://www.betaminic.com/shootingbets/results/
betaminic,2026-08-16,Bulgaria - Second League,Dobrudzha Dobrich,Yantra Gabrovo,1x2,Home,2.400,lost,-1.0000,https://www.betaminic.com/shootingbets/results/
betaminic,2026-08-16,Ecuador - Primera Women,LDU Quito,Barcelona SC,1x2,Draw,3.900,lost,-1.0000,https://www.betaminic.com/shootingbets/results/
betaminic,2026-08-16,Portugal - Campeonato de Portugal Prio,Portel,Sintrense,1x2,Away,1.850,lost,-1.0000,https://www.betaminic.com/shootingbets/results/
betaminic,2026-08-16,Portugal - Campeonato de Portugal Prio,Serpa,Vitoria Setubal,1x2,Home,5.750,won,4.7500,https://www.betaminic.com/shootingbets/results/
betaminic,2026-08-16,Portugal - Campeonato de Portugal Prio,Sanjoanense,Beira Mar,1x2,Away,3.250,lost,-1.0000,https://www.betaminic.com/shootingbets/results/
betaminic,2026-08-16,Portugal - Campeonato de Portugal Prio,Atletico Malveira,Os Marialvas,1x2,Away,3.500,won,2.5000,https://www.betaminic.com/shootingbets/results/
betaminic,2026-08-16,Bosnia and Herzegovina - U19 League,Zvijezda 09,Slavija Sarajevo,1x2,Away,5.000,won,4.0000,https://www.betaminic.com/shootingbets/results/
betaminic,2026-08-16,Serbia - U19 League,Vojvodina,Spartak Subotica,1x2,Home,2.150,won,1.1500,https://www.betaminic.com/shootingbets/results/
betaminic,2026-08-16,Hungary - NB 3,Balatonalmadi SE,ETO Akademia,1x2,Home,4.330,lost,-1.0000,https://www.betaminic.com/shootingbets/results/
betaminic,2026-08-16,Bulgaria - Second League,Sportist Svoge,Nesebar,1x2,Away,5.500,won,4.5000,https://www.betaminic.com/shootingbets/results/
betaminic,2026-08-16,Portugal - Campeonato de Portugal Prio,Guarda,Alpendorada,1x2,Away,2.800,won,1.8000,https://www.betaminic.com/shootingbets/results/
betaminic,2026-08-16,Czech Republic - 4. Liga,Sparta Kolin,Chlumec Nad Cidlinou,1x2,Away,3.250,lost,-1.0000,https://www.betaminic.com/shootingbets/results/
betaminic,2026-08-16,Poland - 1st Liga Women,Lech Poznan UAM II,Czarni Sosnowiec II,1x2,Away,2.150,won,1.1500,https://www.betaminic.com/shootingbets/results/
betaminic,2026-08-16,Scotland - Premier League Women 2,St Johnstone,Livingston,1x2,Away,2.250,lost,-1.0000,https://www.betaminic.com/shootingbets/results/
betaminic,2026-08-16,Bosnia and Herzegovina - 1st League,Vitez,Sloboda Tuzla,1x2,Away,2.350,lost,-1.0000,https://www.betaminic.com/shootingbets/results/
betaminic,2026-08-16,Czech Republic - 4. Liga,Sokol Tasovice,Pelhrimov,1x2,Home,2.000,lost,-1.0000,https://www.betaminic.com/shootingbets/results/
betaminic,2026-08-16,Czech Republic - 4. Liga,Zdas Zdar nad Sazavou,Sparta Brno,1x2,Away,3.800,lost,-1.0000,https://www.betaminic.com/shootingbets/results/
betaminic,2026-08-16,Czech Republic - 4. Liga,Hanacka Slavia Kromeriz II,Breclav,1x2,Away,2.250,lost,-1.0000,https://www.betaminic.com/shootingbets/results/
betaminic,2026-08-16,Czech Republic - 4. Liga,Slovan Bzenec,Sokol Lanzhot,1x2,Away,2.700,won,1.7000,https://www.betaminic.com/shootingbets/results/
betaminic,2026-08-16,Norway - 3rd Division,Lillestrom II,Harstad,1x2,Home,2.630,lost,-1.0000,https://www.betaminic.com/shootingbets/results/
betaminic,2026-08-16,Argentina - Torneo Federal A,Costa Brava,Guillermo Brown,1x2,Home,1.700,won,0.7000,https://www.betaminic.com/shootingbets/results/
betaminic,2026-08-16,Poland - U19 League,Zaglebie Lubin,Lech Poznan,1x2,Home,2.700,lost,-1.0000,https://www.betaminic.com/shootingbets/results/
betaminic,2026-08-16,Brazil - Goiano 2,Morrinhos,Goiania,1x2,Away,2.900,lost,-1.0000,https://www.betaminic.com/shootingbets/results/
betaminic,2026-08-16,Argentina - Torneo Promocional Amateur,Control Orientado,Buenos Aires City,1x2,Away,2.700,lost,-1.0000,https://www.betaminic.com/shootingbets/results/
betaminic,2026-08-16,Netherlands - Derde Divisie,UNA,TOGB,1x2,Home,2.380,lost,-1.0000,https://www.betaminic.com/shootingbets/results/
betaminic,2026-08-16,Netherlands - Derde Divisie,Groene Ster,RBC,1x2,Home,3.100,lost,-1.0000,https://www.betaminic.com/shootingbets/results/
betaminic,2026-08-16,Austria - Bundesliga Women,Sudburgenland / Hartberg,Rapid Vienna,1x2,Home,6.000,lost,-1.0000,https://www.betaminic.com/shootingbets/results/
betaminic,2026-08-16,Finland - Kolmonen,GrIFK II,PPJ/Ruoholahti,1x2,Home,1.800,won,0.8000,https://www.betaminic.com/shootingbets/results/
betaminic,2026-08-16,Germany - DFB Pokal Women,VfR Warbeyen,Viktoria Berlin,1x2,Away,12.000,won,11.0000,https://www.betaminic.com/shootingbets/results/
betaminic,2026-08-16,Ireland - Leinster Senior League,St. Mochtas,Malahide United,1x2,Home,3.700,won,2.7000,https://www.betaminic.com/shootingbets/results/
betaminic,2026-08-16,Finland - Ykkonen Women,ONS Oulu,HJK Akatemia,1x2,Home,2.000,won,1.0000,https://www.betaminic.com/shootingbets/results/
betaminic,2026-08-16,Poland - 1st Liga Women,Unia Lublin,Bydgoszcz,1x2,Home,3.700,lost,-1.0000,https://www.betaminic.com/shootingbets/results/
betaminic,2026-08-16,Hungary - NB 3,Vasas Budapest II,Ujpest II,1x2,Away,3.250,won,2.2500,https://www.betaminic.com/shootingbets/results/
betaminic,2026-08-16,Slovakia - 3. Liga,Slavia TU Kosice,Stara Lubovna,1x2,Home,2.000,lost,-1.0000,https://www.betaminic.com/shootingbets/results/
betaminic,2026-08-16,Australia - NPL Capital Territory Women,West Canberra Wanderers,Tuggeranong United,1x2,Away,2.800,won,1.8000,https://www.betaminic.com/shootingbets/results/
betaminic,2026-08-16,Australia - NPL Capital Territory,Belconnen United,Canberra Olympic,1x2,Away,2.000,won,1.0000,https://www.betaminic.com/shootingbets/results/
betaminic,2026-08-16,Australia - NPL Northern NSW,Kahibah,Cooks Hill United,1x2,Away,2.750,won,1.7500,https://www.betaminic.com/shootingbets/results/
betaminic,2026-08-16,Australia - NPL Capital Territory Youth U23,Canberra Juventus,Queanbeyan City,1x2,Home,2.700,lost,-1.0000,https://www.betaminic.com/shootingbets/results/
betaminic,2026-08-16,Australia - NPL New South Wales U20,Blacktown City,UNSW,1x2,Home,2.150,lost,-1.0000,https://www.betaminic.com/shootingbets/results/
betaminic,2026-08-16,Mexico - Liga MX Women,Tigres UANL,FC Juarez,1x2,Home,1.530,won,0.5300,https://www.betaminic.com/shootingbets/results/
betaminic,2026-08-16,Australia - NPL Capital Territory Youth U23,Belconnen United,Canberra Olympic,1x2,Away,3.800,lost,-1.0000,https://www.betaminic.com/shootingbets/results/
betaminic,2026-08-15,Brazil - Serie C,Santa Cruz PE,Maranhao,1x2,Home,2.050,lost,-1.0000,https://www.betaminic.com/shootingbets/results/
betaminic,2026-08-15,Austria - Regionalliga Ost,Donau,Marchfeld Donauauen,1x2,Away,1.950,won,0.9500,https://www.betaminic.com/shootingbets/results/
betaminic,2026-08-15,Estonia - Esiliiga A,Tallinna Kalev,Elva,1x2,Home,2.700,won,1.7000,https://www.betaminic.com/shootingbets/results/
betaminic,2026-08-15,Hungary - NB 2,Nagykanizsai,Soroksar,1x2,Away,2.450,won,1.4500,https://www.betaminic.com/shootingbets/results/
betaminic,2026-08-15,Czech Republic - 4. Liga,Slovan Velvary,Slany,1x2,Home,2.600,lost,-1.0000,https://www.betaminic.com/shootingbets/results/
betaminic,2026-08-15,Czech Republic - 4. Liga,SK Batov,Brumov,1x2,Home,2.550,lost,-1.0000,https://www.betaminic.com/shootingbets/results/
betaminic,2026-08-15,Austria - Landesliga,SV Burmoos,TSV Neumarkt am Wallersee,1x2,Draw,5.250,lost,-1.0000,https://www.betaminic.com/shootingbets/results/
betaminic,2026-08-15,Czech Republic - 4. Liga,Valasske Mezirici,Sumperk,1x2,Away,2.800,lost,-1.0000,https://www.betaminic.com/shootingbets/results/
betaminic,2026-08-15,England - Northern Premier League,Bamber Bridge,Ashton United,1x2,Home,3.300,won,2.3000,https://www.betaminic.com/shootingbets/results/
betaminic,2026-08-15,England - Southern Premier League Central,Peterborough Sports,Stourbridge,1x2,Away,2.630,won,1.6300,https://www.betaminic.com/shootingbets/results/
betaminic,2026-08-15,Finland - Kakkonen Group C,FF Jaro II,Huima/Urho,1x2,Home,2.750,lost,-1.0000,https://www.betaminic.com/shootingbets/results/
betaminic,2026-08-15,Norway - 3rd Division,Ullern,Union Carl Berner,1x2,Away,2.100,lost,-1.0000,https://www.betaminic.com/shootingbets/results/
betaminic,2026-08-15,Sweden - 2nd Division,Jonsereds,Onsala,1x2,Away,2.400,lost,-1.0000,https://www.betaminic.com/shootingbets/results/
betaminic,2026-08-15,Sweden - 2nd Division,Smedby AIS,Eker Orebro,1x2,Home,1.450,won,0.4500,https://www.betaminic.com/shootingbets/results/
betaminic,2026-08-15,Denmark - U19 League,Sonderjyske,Midtjylland,1x2,Home,5.000,lost,-1.0000,https://www.betaminic.com/shootingbets/results/
betaminic,2026-08-15,Poland - 3rd Liga,Baltyk Koszalin,Flota Swinoujscie,1x2,Away,2.500,won,1.5000,https://www.betaminic.com/shootingbets/results/
betaminic,2026-08-15,Poland - 1st Liga Women,Sportowa Czworka Radom,Stare Oborzyska,1x2,Away,4.400,won,3.4000,https://www.betaminic.com/shootingbets/results/
betaminic,2026-08-15,Estonia - Meistriliiga Women,Saku Sporting,Viimsi JK,1x2,Home,2.450,lost,-1.0000,https://www.betaminic.com/shootingbets/results/
betaminic,2026-08-15,Czech Republic - U19 League,Sigma Olomouc,Hradec Kralove,1x2,Home,3.250,lost,-1.0000,https://www.betaminic.com/shootingbets/results/
betaminic,2026-08-15,Czech Republic - 3. Liga,Chrudim,Varnsdorf,1x2,Home,3.500,won,2.5000,https://www.betaminic.com/shootingbets/results/
betaminic,2026-08-15,Hungary - NB 3,Egri,Nyiregyhaza Spartacus II,1x2,Home,2.550,won,1.5500,https://www.betaminic.com/shootingbets/results/
betaminic,2026-08-15,Poland - 4th Liga,KS Polonia Laziska Gorne,Szombierki Bytom,1x2,Away,2.630,lost,-1.0000,https://www.betaminic.com/shootingbets/results/
betaminic,2026-08-15,Poland - 4th Liga,Rozwoj Katowice,Spojnia Landek,1x2,Home,5.500,lost,-1.0000,https://www.betaminic.com/shootingbets/results/
betaminic,2026-08-15,Australia - NorZone Premier League,Darwin Olympic,Hellenic Athletic,1x2,Away,6.000,lost,-1.0000,https://www.betaminic.com/shootingbets/results/
betaminic,2026-08-15,Czech Republic - 4. Liga,Krimice,SK Strakonice,1x2,Away,5.750,lost,-1.0000,https://www.betaminic.com/shootingbets/results/
betaminic,2026-08-15,China - League Two,Qingdao Red Lions,Xi'an Chongde Ronghai,1x2,Home,5.500,won,4.5000,https://www.betaminic.com/shootingbets/results/
betaminic,2026-08-15,Australia - South Australia State League 1,The Cove,Fulham United,1x2,Away,1.830,won,0.8300,https://www.betaminic.com/shootingbets/results/
betaminic,2026-08-15,Australia - Queensland Premier League 3,Yeronga Eagles,Redcliffe Dolphins,1x2,Away,7.000,lost,-1.0000,https://www.betaminic.com/shootingbets/results/
betaminic,2026-08-15,Australia - New South Wales League 2,Gladesville Ryde Magic,Bankstown United,1x2,Away,2.450,lost,-1.0000,https://www.betaminic.com/shootingbets/results/
betaminic,2026-08-15,Australia - New South Wales League 1,Canterbury Bankstown,Hakoah Sydney City,1x2,Home,2.380,won,1.3800,https://www.betaminic.com/shootingbets/results/
betaminic,2026-08-15,Solomon Islands - S-League,Marist Fire,SOSA,1x2,Home,1.530,lost,-1.0000,https://www.betaminic.com/shootingbets/results/
betaminic,2026-08-15,Panama - Liga Prom,UMECIT II,Champions Academy,1x2,Home,2.250,won,1.2500,https://www.betaminic.com/shootingbets/results/
betaminic,2026-08-14,USA - MLS Next Pro League,Houston Dynamo II,Ventura County,1x2,Away,3.200,won,2.2000,https://www.betaminic.com/shootingbets/results/
betaminic,2026-08-14,Panama - Liga Prom,Alianza Panama II,Potros del Este,1x2,Home,2.500,won,1.5000,https://www.betaminic.com/shootingbets/results/
betaminic,2026-08-14,Costa Rica - Ascenso,Carmelita,Consultants Desamparados,over_under_25,Over,1.850,lost,-1.0000,https://www.betaminic.com/shootingbets/results/
betaminic,2026-08-14,Italy - Serie C Cup,Pro Vercelli 1892,Pergolettese,1x2,Home,2.500,lost,-1.0000,https://www.betaminic.com/shootingbets/results/
betaminic,2026-08-14,England - Northern Premier League,Emley,Curzon Ashton,over_under_25,Over,1.850,won,0.8500,https://www.betaminic.com/shootingbets/results/
betaminic,2026-08-14,Serbia - Prva Liga,Vozdovac,Graficar,1x2,Home,2.000,lost,-1.0000,https://www.betaminic.com/shootingbets/results/
betaminic,2026-08-14,Club Friendlies,Atletico Central,Melilla,1x2,Away,2.700,lost,-1.0000,https://www.betaminic.com/shootingbets/results/
betaminic,2026-08-14,Austria - Regionalliga Ost,Kremser,Parndorf,1x2,Away,2.550,lost,-1.0000,https://www.betaminic.com/shootingbets/results/
betaminic,2026-08-14,Austria - Regionalliga Ost,Wiener Sport-Club,Gloggnitz,1x2,Home,2.200,won,1.2000,https://www.betaminic.com/shootingbets/results/
betaminic,2026-08-14,Poland - 3rd Liga,Weszlo Warszawa,Mlawianka Mlawa,1x2,Away,3.000,lost,-1.0000,https://www.betaminic.com/shootingbets/results/
betaminic,2026-08-14,Sweden - 2nd Division,Solvesborgs,Nosaby,1x2,Home,2.500,lost,-1.0000,https://www.betaminic.com/shootingbets/results/
betaminic,2026-08-14,Poland - 3rd Liga,Unia Swarzedz,Notec Czarnkow,1x2,Home,1.750,lost,-1.0000,https://www.betaminic.com/shootingbets/results/
betaminic,2026-08-14,Malta - Premier League,Birzebbuga,Floriana,1x2,Away,2.200,won,1.2000,https://www.betaminic.com/shootingbets/results/
betaminic,2026-08-14,Austria - Regionalliga West,Wolfurt,SVG Reichenau,1x2,Away,2.150,lost,-1.0000,https://www.betaminic.com/shootingbets/results/
betaminic,2026-08-14,Club Friendlies,Segesta Sisak,Dubrava Zagreb,1x2,Away,2.380,lost,-1.0000,https://www.betaminic.com/shootingbets/results/
betaminic,2026-08-14,Tanzania - Premier League,Singida Black Stars,Fountain Gate,over_under_25,Over,1.950,won,0.9500,https://www.betaminic.com/shootingbets/results/
betaminic,2026-08-14,Finland - Kolmonen,Metso,Komeetat,1x2,Away,7.000,lost,-1.0000,https://www.betaminic.com/shootingbets/results/
betaminic,2026-08-14,Finland - Kolmonen,Loiske,TPV II,1x2,Home,4.750,lost,-1.0000,https://www.betaminic.com/shootingbets/results/
betaminic,2026-08-14,Poland - 4th Liga,Zryw Wygoda,Sokol Aleksandrow Lodzki,1x2,Away,2.400,won,1.4000,https://www.betaminic.com/shootingbets/results/
betaminic,2026-08-14,Poland - 4th Liga,MKS Piaseczno,Legionovia Legionowo,1x2,Home,2.880,lost,-1.0000,https://www.betaminic.com/shootingbets/results/
betaminic,2026-08-14,Finland - Kolmonen,KeuPa,FC Blackbird,1x2,Home,3.250,won,2.2500,https://www.betaminic.com/shootingbets/results/
betaminic,2026-08-14,Club Friendlies,Club Portugalete,Barakaldo,1x2,Away,2.000,lost,-1.0000,https://www.betaminic.com/shootingbets/results/
betaminic,2026-08-14,Finland - Kolmonen,RiPS,TuPS,1x2,Away,2.200,lost,-1.0000,https://www.betaminic.com/shootingbets/results/
betaminic,2026-08-14,Finland - Kolmonen,KaaPo,Peimari United,1x2,Away,2.150,won,1.1500,https://www.betaminic.com/shootingbets/results/
betaminic,2026-08-14,Iraq - Stars League,Al Naft,Al Karkh,1x2,Home,2.200,won,1.2000,https://www.betaminic.com/shootingbets/results/
betaminic,2026-08-14,Finland - Kolmonen,LPS,Toolon Taisto,1x2,Away,2.750,lost,-1.0000,https://www.betaminic.com/shootingbets/results/
betaminic,2026-08-14,Poland - 3rd Liga,Gornik Polkowice,Miedz Legnica II,1x2,Away,3.700,lost,-1.0000,https://www.betaminic.com/shootingbets/results/
betaminic,2026-08-14,Poland - 3rd Liga,Carina Gubin,Karkonosze Jelenia Gora,1x2,Away,2.880,lost,-1.0000,https://www.betaminic.com/shootingbets/results/
betaminic,2026-08-14,Finland - Kolmonen,ACF,PiPS,1x2,Home,2.200,won,1.2000,https://www.betaminic.com/shootingbets/results/
betaminic,2026-08-14,Colombia - U19 Championship,Leones FC,Independiente Medellin,over_under_25,Under,2.100,won,1.1000,https://www.betaminic.com/shootingbets/results/
betaminic,2026-08-14,Kosovo - Superliga,Feronikeli,Gjilani,1x2,Away,2.350,won,1.3500,https://www.betaminic.com/shootingbets/results/
betaminic,2026-08-14,Poland - 3rd Liga,Lechia Tomaszow Mazowiecki,Lomza,1x2,Away,2.630,lost,-1.0000,https://www.betaminic.com/shootingbets/results/
betaminic,2026-08-14,Argentina - Youth League U20,Brown de Adrogue,Estudiantes de Buenos Aires,1x2,Home,2.500,won,1.5000,https://www.betaminic.com/shootingbets/results/
betaminic,2026-08-14,Australia - Victoria Premier League 1,Eltham Redbacks,Manningham United,1x2,Home,1.830,won,0.8300,https://www.betaminic.com/shootingbets/results/
betaminic,2026-08-14,Australia - Queensland Premier League Women,Caboolture,Mitchelton,1x2,Away,6.000,lost,-1.0000,https://www.betaminic.com/shootingbets/results/
betaminic,2026-08-14,Australia - New South Wales League 2,Nepean,Hawkesbury City,1x2,Home,2.600,lost,-1.0000,https://www.betaminic.com/shootingbets/results/
betaminic,2026-08-14,India - Calcutta Premier Division,Suruchi Sangha,Police AC,1x2,Home,3.250,lost,-1.0000,https://www.betaminic.com/shootingbets/results/
betaminic,2026-08-14,Panama - Liga Prom,Sporting San Miguelito II,Panama City FC,1x2,Away,2.200,lost,-1.0000,https://www.betaminic.com/shootingbets/results/
betaminic,2026-08-13,Norway - U19 League,Lorenskog,Grorud,1x2,Away,2.100,won,1.1000,https://www.betaminic.com/shootingbets/results/
betaminic,2026-08-13,Argentina - Reserve League,Flandria,Deportivo Merlo,1x2,Home,2.250,won,1.2500,https://www.betaminic.com/shootingbets/results/
betaminic,2026-08-13,UEFA - Conference League Qualifiers,Maxline Vitebsk,Borac Banja Luka,1x2,Away,2.450,lost,-1.0000,https://www.betaminic.com/shootingbets/results/
betaminic,2026-08-13,Finland - Kolmonen,MPS/Atletico Malmi,VJS II,1x2,Away,2.500,lost,-1.0000,https://www.betaminic.com/shootingbets/results/
betaminic,2026-08-13,Finland - Kolmonen,PeKa,LAUTP ll,1x2,Away,29.000,lost,-1.0000,https://www.betaminic.com/shootingbets/results/
betaminic,2026-08-12,Brazil - Goiano 2,Gremio Anapolis,Tupy,1x2,Home,2.380,lost,-1.0000,https://www.betaminic.com/shootingbets/results/
betaminic,2026-08-12,Guatemala - Primera Division de Ascenso,Champs Academy,San Benito,1x2,Home,2.250,lost,-1.0000,https://www.betaminic.com/shootingbets/results/
betaminic,2026-08-12,Iceland - Urvalsdeild Women,Breidablik,Grindavik/Njardvik,1x2,Home,1.420,won,0.4200,https://www.betaminic.com/shootingbets/results/
betaminic,2026-08-12,Club Friendlies,Malaga,Fulham,1x2,Away,2.000,lost,-1.0000,https://www.betaminic.com/shootingbets/results/
betaminic,2026-08-12,Argentina - Torneo Federal A,Guillermo Brown,Juventud Unida Universitario,1x2,Home,2.400,won,1.4000,https://www.betaminic.com/shootingbets/results/
betaminic,2026-08-12,Brazil - Rio Cup,Madureira,Portuguesa RJ,over_under_25,Over,2.200,lost,-1.0000,https://www.betaminic.com/shootingbets/results/
betaminic,2026-08-12,Brazil - Rio Cup,Sampaio Correa RJ,Sao Goncalo,1x2,Draw,3.500,lost,-1.0000,https://www.betaminic.com/shootingbets/results/
betaminic,2026-08-12,Club Friendlies,Espanyol II,CE Europa,1x2,Home,3.250,lost,-1.0000,https://www.betaminic.com/shootingbets/results/
betaminic,2026-08-12,Hungary - NB 3,Papai Perutz,Veszprem,1x2,Away,2.050,lost,-1.0000,https://www.betaminic.com/shootingbets/results/
betaminic,2026-08-12,Hungary - NB 3,Dunaharaszti MTK,Majosi SE,1x2,Home,3.000,won,2.0000,https://www.betaminic.com/shootingbets/results/
betaminic,2026-08-12,Hungary - NB 3,Sopron,ETO Akademia,1x2,Home,2.100,won,1.1000,https://www.betaminic.com/shootingbets/results/
betaminic,2026-08-12,Czech Republic - Cup,Horni Redice,Chrudim,1x2,Away,3.300,lost,-1.0000,https://www.betaminic.com/shootingbets/results/
betaminic,2026-08-12,Romania - Cup,CS Progresul Mogosoaia,Concordia Chiajna,1x2,Away,1.800,won,0.8000,https://www.betaminic.com/shootingbets/results/
betaminic,2026-08-12,Romania - Cup,Progresul 1944 Spartac,Metaloglobus Bucuresti,1x2,Home,4.500,won,3.5000,https://www.betaminic.com/shootingbets/results/
betaminic,2026-08-12,Romania - Cup,Scm Zalau,Gloria Bistrita,1x2,Away,2.100,won,1.1000,https://www.betaminic.com/shootingbets/results/
betaminic,2026-08-12,Romania - Cup,CSM Adjud,Sporting Liesti,1x2,Home,6.000,lost,-1.0000,https://www.betaminic.com/shootingbets/results/
betaminic,2026-08-12,AFC - Champions League 2,East Bengal,Al Arabi Kuwait,1x2,Home,2.750,lost,-1.0000,https://www.betaminic.com/shootingbets/results/
betaminic,2026-08-12,Club Friendlies,Svay Rieng,Geylang International,1x2,Away,5.250,lost,-1.0000,https://www.betaminic.com/shootingbets/results/
betaminic,2026-08-12,Australia - NPL Northern NSW,Kahibah,Maitland,1x2,Away,1.800,won,0.8000,https://www.betaminic.com/shootingbets/results/
betaminic,2026-08-12,China - U20 League,Shanghai Shenhua,Shenzhen Peng City,1x2,Home,2.350,won,1.3500,https://www.betaminic.com/shootingbets/results/
betaminic,2026-08-11,Scotland - Challenge Cup,Bonnyrigg Rose,Annan Athletic,1x2,Away,2.350,lost,-1.0000,https://www.betaminic.com/shootingbets/results/
betaminic,2026-08-11,England - Southern Premier League Central,Leamington,Anstey Nomads,1x2,Away,3.600,lost,-1.0000,https://www.betaminic.com/shootingbets/results/
betaminic,2026-08-11,England - Isthmian Premier League,Eastbourne Borough,Three Bridges,1x2,Away,5.750,lost,-1.0000,https://www.betaminic.com/shootingbets/results/
betaminic,2026-08-11,Scotland - Challenge Cup,Montrose,Fraserburgh,1x2,Away,7.000,lost,-1.0000,https://www.betaminic.com/shootingbets/results/
betaminic,2026-08-11,Ireland - Leinster Senior League,Glebe North,Finglas United,1x2,Home,3.400,lost,-1.0000,https://www.betaminic.com/shootingbets/results/
betaminic,2026-08-11,England - Southern League Division 1,Royston Town,Biggleswade Town,1x2,Home,2.300,won,1.3000,https://www.betaminic.com/shootingbets/results/
betaminic,2026-08-11,England - Northern League Division 1,Witton Albion,Stalybridge Celtic,1x2,Home,2.900,lost,-1.0000,https://www.betaminic.com/shootingbets/results/
betaminic,2026-08-11,England - Southern League Division 1,Waltham Abbey,Potters Bar Town,1x2,Home,2.000,lost,-1.0000,https://www.betaminic.com/shootingbets/results/
betaminic,2026-08-11,England - Northern League Division 1,Newcastle Town,1874 Northwich FC,1x2,Home,2.200,won,1.2000,https://www.betaminic.com/shootingbets/results/
betaminic,2026-08-11,England - FA Cup Qualification,Mossley,Silsden,1x2,Home,2.250,won,1.2500,https://www.betaminic.com/shootingbets/results/
betaminic,2026-08-11,Club Friendlies,Unionistas de Salamanca,Coria,1x2,Home,2.000,lost,-1.0000,https://www.betaminic.com/shootingbets/results/
betaminic,2026-08-11,Club Friendlies,Marino de Luanco,UP Langreo,1x2,Away,4.100,lost,-1.0000,https://www.betaminic.com/shootingbets/results/
betaminic,2026-08-11,Bulgaria - Second League,Yantra Gabrovo,Montana,1x2,Away,2.900,lost,-1.0000,https://www.betaminic.com/shootingbets/results/
betaminic,2026-08-11,Israel - Ligat Leumit Toto Cup,Kafr Qasim,Hapoel Rishon Lezion,over_under_25,Over,1.950,won,0.9500,https://www.betaminic.com/shootingbets/results/
betaminic,2026-08-11,Kuwait - Division 1,Al-Yarmouk,Burgan,1x2,Away,6.000,lost,-1.0000,https://www.betaminic.com/shootingbets/results/
betaminic,2026-08-11,Uganda - Super 8,Maroons,SC Villa,over_under_25,Over,2.200,won,1.2000,https://www.betaminic.com/shootingbets/results/
betaminic,2026-08-11,Argentina - Reserve League,Deportivo Muniz,Atlas,1x2,Away,2.050,won,1.0500,https://www.betaminic.com/shootingbets/results/
betaminic,2026-08-11,Costa Rica - Ascenso,Pitbulls,Guadalupe,1x2,Home,3.600,lost,-1.0000,https://www.betaminic.com/shootingbets/results/
betaminic,2026-08-10,Peru - Liga 3,Cesar Vallejo II,Cultural Volante,1x2,Home,2.000,won,1.0000,https://www.betaminic.com/shootingbets/results/
betaminic,2026-08-10,Club Friendlies,Volos,Kalamata,1x2,Away,3.800,won,2.8000,https://www.betaminic.com/shootingbets/results/
betaminic,2026-08-10,Kuwait - Division 1,Khaitan,Al-Jazeera,1x2,Home,7.000,lost,-1.0000,https://www.betaminic.com/shootingbets/results/
betaminic,2026-08-10,Norway - 3rd Division,Haugesund II,Viking II,1x2,Home,1.950,won,0.9500,https://www.betaminic.com/shootingbets/results/
betaminic,2026-08-10,Norway - 3rd Division,Drobak Frogn,Sandefjord II,1x2,Home,2.000,won,1.0000,https://www.betaminic.com/shootingbets/results/
betaminic,2026-08-10,Estonia - Esiliiga B,Tammeka Tartu II,Parnu Vaprus II,1x2,Home,1.910,lost,-1.0000,https://www.betaminic.com/shootingbets/results/
betaminic,2026-08-10,Uruguay - Reserve League,Nacional de Football,Montevideo Wanderers,1x2,Home,2.150,lost,-1.0000,https://www.betaminic.com/shootingbets/results/
betaminic,2026-08-10,Kazakhstan - League Women,Kairat Almaty,FC Kaisar Kyzylorda,1x2,Home,2.000,won,1.0000,https://www.betaminic.com/shootingbets/results/
betaminic,2026-08-10,India - Calcutta Premier Division,BSS Sporting Club,Railway,1x2,Away,7.000,won,6.0000,https://www.betaminic.com/shootingbets/results/
betaminic,2026-08-10,Guatemala - Primera Division de Ascenso,Huehuetecos,Santa Lucia Cotzumalguapa,1x2,Draw,3.500,lost,-1.0000,https://www.betaminic.com/shootingbets/results/
betaminic,2026-08-09,Panama - Primera Division,Union Cocle,Veraguas,1x2,Home,3.700,lost,-1.0000,https://www.betaminic.com/shootingbets/results/
betaminic,2026-08-09,Peru - Liga 2,Comerciantes,Bentin Tacna Heroica,1x2,Draw,3.400,won,2.4000,https://www.betaminic.com/shootingbets/results/
betaminic,2026-08-09,Venezuela - Segunda Division,Urena,Barquisimeto,1x2,Draw,3.200,won,2.2000,https://www.betaminic.com/shootingbets/results/
betaminic,2026-08-09,Peru - Liga 2,Universidad Cesar Vallejo,Pirata FC,1x2,Home,1.670,lost,-1.0000,https://www.betaminic.com/shootingbets/results/
betaminic,2026-08-09,Brazil - Gaucho 2,Pelotas,Bage,1x2,Draw,3.300,won,2.3000,https://www.betaminic.com/shootingbets/results/
betaminic,2026-08-09,Club Friendlies Women,Athletic Bilbao,Logrono,1x2,Home,1.800,lost,-1.0000,https://www.betaminic.com/shootingbets/results/
betaminic,2026-08-09,Peru - Liga 2,Ayacucho,Estudiantil CNI,1x2,Away,4.000,lost,-1.0000,https://www.betaminic.com/shootingbets/results/
betaminic,2026-08-09,Hungary - NB 3,MTK Budapest II,Szekszardi,over_under_25,Under,3.250,lost,-1.0000,https://www.betaminic.com/shootingbets/results/
betaminic,2026-08-09,Slovenia - League Women,Olimpija Ljubljana,Radomlje,1x2,Home,9.500,lost,-1.0000,https://www.betaminic.com/shootingbets/results/
betaminic,2026-08-09,Poland - 3rd Liga,KKS 1925 Kalisz,Unia Swarzedz,1x2,Away,3.500,lost,-1.0000,https://www.betaminic.com/shootingbets/results/
betaminic,2026-08-09,Finland - Kakkonen Group C,JS Hercules,SJK Akatemia II,1x2,Away,2.200,lost,-1.0000,https://www.betaminic.com/shootingbets/results/
betaminic,2026-08-09,North Macedonia - 1st League,Vardar,Shkendija,1x2,Home,2.150,lost,-1.0000,https://www.betaminic.com/shootingbets/results/
betaminic,2026-08-09,Poland - 3rd Liga,Zaglebie Sosnowiec,Goczalkowice Zdroj,1x2,Home,2.250,won,1.2500,https://www.betaminic.com/shootingbets/results/
betaminic,2026-08-09,Finland - Kolmonen,VJS II,TiPS,1x2,Away,4.100,lost,-1.0000,https://www.betaminic.com/shootingbets/results/
betaminic,2026-08-09,Poland - 4th Liga,Radunia Stezyca,Gryf Wejherowo,1x2,Home,2.600,lost,-1.0000,https://www.betaminic.com/shootingbets/results/
betaminic,2026-08-09,Poland - 4th Liga,OKS Opatow,Hetman Wloszczowa,1x2,Home,1.700,lost,-1.0000,https://www.betaminic.com/shootingbets/results/
betaminic,2026-08-09,Club Friendlies Women,Bayern Munich,Paris FC,1x2,Home,1.730,won,0.7300,https://www.betaminic.com/shootingbets/results/
betaminic,2026-08-09,Brazil - Copa Paulista,Osasco Sporting,Paulista,1x2,Home,2.400,lost,-1.0000,https://www.betaminic.com/shootingbets/results/
betaminic,2026-08-09,Brazil - Goiano 2,Bom Jesus,Rio Verde,over_under_25,Over,2.380,lost,-1.0000,https://www.betaminic.com/shootingbets/results/
betaminic,2026-08-09,Club Friendlies Women,Union Berlin,Internazionale,1x2,Home,4.330,lost,-1.0000,https://www.betaminic.com/shootingbets/results/
betaminic,2026-08-09,Brazil - Copa Paulista,Linense,Gremio Prudente,1x2,Away,3.100,lost,-1.0000,https://www.betaminic.com/shootingbets/results/
betaminic,2026-08-09,Sweden - 2nd Division,IFK Trelleborg,Vaxjo Norra,1x2,Home,2.050,won,1.0500,https://www.betaminic.com/shootingbets/results/
betaminic,2026-08-09,Brazil - Copa Paulista,Noroeste,XV de Piracicaba,1x2,Away,3.100,lost,-1.0000,https://www.betaminic.com/shootingbets/results/
betaminic,2026-08-09,Georgia - Erovnuli Liga,Meshakhte Tkibuli,Samgurali Tskaltubo,1x2,Away,1.830,won,0.8300,https://www.betaminic.com/shootingbets/results/
betaminic,2026-08-09,Malawi - Super League,Mitundu Baptist,Karonga United,1x2,Home,2.100,won,1.1000,https://www.betaminic.com/shootingbets/results/
betaminic,2026-08-09,Malawi - Super League,Masters Security,Civil Service United,1x2,Away,4.200,lost,-1.0000,https://www.betaminic.com/shootingbets/results/
betaminic,2026-08-09,Estonia - Meistriliiga Women,Viimsi JK,Paide Linnameeskond,1x2,Away,2.750,won,1.7500,https://www.betaminic.com/shootingbets/results/
betaminic,2026-08-09,India - Durand Cup,Trau,Indian Navy,1x2,Home,5.250,won,4.2500,https://www.betaminic.com/shootingbets/results/
betaminic,2026-08-09,Poland - 3rd Liga,Miedz Legnica II,LKS Barycz Sulow,1x2,Away,3.100,won,2.1000,https://www.betaminic.com/shootingbets/results/
betaminic,2026-08-09,Czech Republic - 3. Liga,Hradec Kralove II,Pardubice II,1x2,Away,3.000,lost,-1.0000,https://www.betaminic.com/shootingbets/results/
betaminic,2026-08-09,Australia - NPL Northern NSW Women,Newcastle Olympic,Adamstown Rosebud,1x2,Home,7.000,lost,-1.0000,https://www.betaminic.com/shootingbets/results/
betaminic,2026-08-09,Australia - Tasmania Super League Women,Taroona,Glenorchy Knights,over_under_25,Under,3.400,won,2.4000,https://www.betaminic.com/shootingbets/results/
betaminic,2026-08-09,Fiji - National Football League,Suva,Nasinu,1x2,Home,2.000,won,1.0000,https://www.betaminic.com/shootingbets/results/
betaminic,2026-08-09,New Zealand - Northern League,Auckland FC II,East Coast Bays,1x2,Home,2.500,won,1.5000,https://www.betaminic.com/shootingbets/results/
betaminic,2026-08-09,Honduras - Liga Nacional,Real Espana,Genesis,1x2,Draw,4.000,lost,-1.0000,https://www.betaminic.com/shootingbets/results/
betaminic,2026-08-09,New Zealand - Southern League,Nelson Suburbs,Christchurch United,1x2,Home,1.750,lost,-1.0000,https://www.betaminic.com/shootingbets/results/
betaminic,2026-08-08,Brazil - Serie D,Goiatuba,ASA,1x2,Away,2.630,lost,-1.0000,https://www.betaminic.com/shootingbets/results/
betaminic,2026-08-08,Guatemala - Primera Division de Ascenso,AFF Guatemala,Champs Academy,over_under_25,Under,2.500,won,1.5000,https://www.betaminic.com/shootingbets/results/
betaminic,2026-08-08,Colombia - Liga Women,Llaneros,Atletico Nacional,over_under_25,Over,1.750,won,0.7500,https://www.betaminic.com/shootingbets/results/
betaminic,2026-08-08,Venezuela - Segunda Division,Yaracuyanos,Real Frontera,1x2,Draw,4.500,lost,-1.0000,https://www.betaminic.com/shootingbets/results/
betaminic,2026-08-08,Brazil - Catarinense U20,Chapecoense,Criciuma,1x2,Away,2.630,lost,-1.0000,https://www.betaminic.com/shootingbets/results/
betaminic,2026-08-08,Brazil - Copa Paulista,Primavera SP,Juventus SP,1x2,Home,2.380,lost,-1.0000,https://www.betaminic.com/shootingbets/results/
betaminic,2026-08-08,Brazil - Goiano 2,Gremio Anapolis,Trindade,1x2,Home,3.200,won,2.2000,https://www.betaminic.com/shootingbets/results/
betaminic,2026-08-08,Mexico - U19 League,Club Tijuana,Club Leon,1x2,Home,1.830,lost,-1.0000,https://www.betaminic.com/shootingbets/results/
betaminic,2026-08-08,Club Friendlies,Avellino,Torino,1x2,Home,5.500,lost,-1.0000,https://www.betaminic.com/shootingbets/results/
betaminic,2026-08-08,Serbia - Prva Liga,Dubocica,Loznica,1x2,Away,2.800,lost,-1.0000,https://www.betaminic.com/shootingbets/results/
betaminic,2026-08-08,Club Friendlies,Galatasaray,Villarreal,1x2,Away,3.000,won,2.0000,https://www.betaminic.com/shootingbets/results/
betaminic,2026-08-08,Serbia - Prva Liga,Teleoptik,Jedinstvo Ub,1x2,Home,2.700,lost,-1.0000,https://www.betaminic.com/shootingbets/results/
betaminic,2026-08-08,Brazil - Brasileiro Women A2,Perolas Negras,AE 3B da Amazonia,1x2,Away,2.250,won,1.2500,https://www.betaminic.com/shootingbets/results/
betaminic,2026-08-08,Serbia - Prva Liga,FK Bor 1919,Napredak Krusevac,1x2,Home,4.500,lost,-1.0000,https://www.betaminic.com/shootingbets/results/
betaminic,2026-08-08,Brazil - Capixaba Serie B,Pinheiros Futebol Clube,Tupy GO,1x2,Away,1.950,won,0.9500,https://www.betaminic.com/shootingbets/results/
betaminic,2026-08-08,Argentina - Torneo Federal A,Douglas Haig,San Martin Formosa,1x2,Home,2.000,lost,-1.0000,https://www.betaminic.com/shootingbets/results/
betaminic,2026-08-08,Argentina - Torneo Promocional Amateur,Social Atletico Television,Nautico Hacoaj,1x2,Draw,3.100,lost,-1.0000,https://www.betaminic.com/shootingbets/results/
betaminic,2026-08-08,UEFA - Champions League Women,Oud-Heverlee Leuven,Fenerbahce,1x2,Draw,4.330,won,3.3300,https://www.betaminic.com/shootingbets/results/
betaminic,2026-08-08,Brazil - Mineiro U20,Uberabinha,Internacional de Minas,1x2,Home,3.900,lost,-1.0000,https://www.betaminic.com/shootingbets/results/
betaminic,2026-08-08,Austria - Regionalliga Ost,Mattersburg 2020,Wiener Sport-Club,1x2,Away,2.050,won,1.0500,https://www.betaminic.com/shootingbets/results/
betaminic,2026-08-08,Club Friendlies,Atletico Astorga,Deportivo Fabril,1x2,Away,2.000,lost,-1.0000,https://www.betaminic.com/shootingbets/results/
betaminic,2026-08-08,Norway - 3rd Division,NTNUI,Byasen,1x2,Home,2.880,lost,-1.0000,https://www.betaminic.com/shootingbets/results/
betaminic,2026-08-08,Estonia - Esiliiga A,Nomme United II,Levadia Tallinn II,1x2,Away,2.300,won,1.3000,https://www.betaminic.com/shootingbets/results/
betaminic,2026-08-08,Club Friendlies,Bratstvo Gracanica,Sloboda Tuzla,1x2,Away,2.350,lost,-1.0000,https://www.betaminic.com/shootingbets/results/
betaminic,2026-08-08,Club Friendlies,Sassari Latte Dolce,Torres,1x2,Away,2.250,won,1.2500,https://www.betaminic.com/shootingbets/results/
betaminic,2026-08-08,Hungary - NB 3,Majosi SE,Pecsi MFC,1x2,Away,2.050,won,1.0500,https://www.betaminic.com/shootingbets/results/
betaminic,2026-08-08,Czech Republic - 3. Liga,Vitkovice,Havirov,1x2,Home,2.250,lost,-1.0000,https://www.betaminic.com/shootingbets/results/
betaminic,2026-08-08,Czech Republic - 3. Liga,Kraluv Dvur,Viktoria Plzen II,1x2,Home,2.630,lost,-1.0000,https://www.betaminic.com/shootingbets/results/
betaminic,2026-08-08,Poland - Ekstraliga Women,Slask Wroclaw,UKS SMS Lodz,1x2,Away,3.100,lost,-1.0000,https://www.betaminic.com/shootingbets/results/
betaminic,2026-08-08,Poland - 3rd Liga,Kluczevia Stargard,Blekitni Stargard,1x2,Away,2.800,lost,-1.0000,https://www.betaminic.com/shootingbets/results/
betaminic,2026-08-08,Latvia - 1st Liga,Ventspils,Super Nova 2,1x2,Home,2.380,lost,-1.0000,https://www.betaminic.com/shootingbets/results/
betaminic,2026-08-08,Czech Republic - 4. Liga,Ostrov,Tempo Prague,1x2,Away,2.550,won,1.5500,https://www.betaminic.com/shootingbets/results/
betaminic,2026-08-08,Czech Republic - 4. Liga,Slany,Ujezd Praha 4,1x2,Away,2.700,lost,-1.0000,https://www.betaminic.com/shootingbets/results/
betaminic,2026-08-08,Poland - 4th Liga,GKS Mirkow,Gornik Zlotoryja,1x2,Away,3.750,won,2.7500,https://www.betaminic.com/shootingbets/results/
betaminic,2026-08-08,Czech Republic - 4. Liga,SK Horovice,Hluboka nad Vltavou,1x2,Away,2.150,lost,-1.0000,https://www.betaminic.com/shootingbets/results/
betaminic,2026-08-08,Club Friendlies Women,Standard Liege,Lens,1x2,Away,2.000,won,1.0000,https://www.betaminic.com/shootingbets/results/
betaminic,2026-08-08,Czech Republic - 4. Liga,Holesov,Hanacka Slavia Kromeriz II,1x2,Home,1.910,won,0.9100,https://www.betaminic.com/shootingbets/results/
betaminic,2026-08-08,England - National League North,Morecambe,Spennymoor Town,1x2,Away,4.330,lost,-1.0000,https://www.betaminic.com/shootingbets/results/
betaminic,2026-08-08,England - Northern Premier League,Avro,Quorn,1x2,Draw,4.000,lost,-1.0000,https://www.betaminic.com/shootingbets/results/
betaminic,2026-08-08,England - Isthmian Premier League,Dulwich Hamlet,Maldon and Tiptree,1x2,Away,4.100,lost,-1.0000,https://www.betaminic.com/shootingbets/results/
betaminic,2026-08-08,England - Isthmian Premier League,Aveley,Eastbourne Borough,1x2,Home,2.500,lost,-1.0000,https://www.betaminic.com/shootingbets/results/
betaminic,2026-08-08,England - Southern Premier League Central,Stourbridge,Stamford,1x2,Away,5.000,lost,-1.0000,https://www.betaminic.com/shootingbets/results/
betaminic,2026-08-08,Sweden - Division 1 Sodra,Trollhattan,Laholms,1x2,Home,2.100,lost,-1.0000,https://www.betaminic.com/shootingbets/results/
betaminic,2026-08-08,Panama - Liga Prom,UMECIT II,Arabe Unido II,1x2,Away,2.450,won,1.4500,https://www.betaminic.com/shootingbets/results/
betaminic,2026-08-08,Northern Ireland - Championship,Dundela,Moyola Park,1x2,Home,2.200,lost,-1.0000,https://www.betaminic.com/shootingbets/results/
betaminic,2026-08-08,England - National League North,Buxton,Hereford,1x2,Home,1.910,won,0.9100,https://www.betaminic.com/shootingbets/results/
betaminic,2026-08-08,Club Friendlies,FC Koln,Real Sociedad,1x2,Home,2.500,won,1.5000,https://www.betaminic.com/shootingbets/results/
betaminic,2026-08-08,Wales - Championship,Holyhead Hotspur,Brickfield Rangers,1x2,Home,3.200,lost,-1.0000,https://www.betaminic.com/shootingbets/results/
betaminic,2026-08-08,Poland - 3rd Liga,Swit Nowy Dwor Mazowiecki,Olimpia Zambrow,1x2,Away,4.200,lost,-1.0000,https://www.betaminic.com/shootingbets/results/
betaminic,2026-08-08,Club Friendlies,Excelsior Maassluis,Jong Sparta Rotterdam,1x2,Home,3.000,won,2.0000,https://www.betaminic.com/shootingbets/results/
betaminic,2026-08-08,Brazil - Mineiro U20,Minas Boca,Villa Real,1x2,Home,2.450,lost,-1.0000,https://www.betaminic.com/shootingbets/results/
betaminic,2026-08-08,Sweden - 2nd Division,Oskarshamns AIK,IFK Karlshamn,1x2,Home,1.480,won,0.4800,https://www.betaminic.com/shootingbets/results/
betaminic,2026-08-08,Poland - 3rd Liga,CK Troszyn,MKS Mazovia Minsk Mazowiecki,1x2,Home,3.100,lost,-1.0000,https://www.betaminic.com/shootingbets/results/
betaminic,2026-08-08,Norway - 3rd Division,Lokomotiv Oslo,SF Grei,1x2,Home,2.350,won,1.3500,https://www.betaminic.com/shootingbets/results/
betaminic,2026-08-08,Sweden - 2nd Division,Haninge,FOC Farsta,1x2,Home,1.900,lost,-1.0000,https://www.betaminic.com/shootingbets/results/
betaminic,2026-08-08,UEFA - Champions League Women,SFK 2000 Sarajevo,Racing Union,1x2,Away,4.200,lost,-1.0000,https://www.betaminic.com/shootingbets/results/
betaminic,2026-08-08,Poland - 3rd Liga,Sparta Katowice,Stilon Gorzow Wielkopolski,1x2,Away,5.500,lost,-1.0000,https://www.betaminic.com/shootingbets/results/
betaminic,2026-08-08,Club Friendlies Women,Lyn,LSK,1x2,Home,2.380,won,1.3800,https://www.betaminic.com/shootingbets/results/
betaminic,2026-08-08,Poland - 1st Liga Women,Bydgoszcz,Polonia Sroda Wlkp,1x2,Home,10.000,lost,-1.0000,https://www.betaminic.com/shootingbets/results/
betaminic,2026-08-08,Czech Republic - U19 League,Dynamo Ceske Budejovice,Mlada Boleslav,1x2,Away,2.900,won,1.9000,https://www.betaminic.com/shootingbets/results/
betaminic,2026-08-08,Club Friendlies,Amorebieta,Athletic Bilbao II,1x2,Away,2.700,won,1.7000,https://www.betaminic.com/shootingbets/results/
betaminic,2026-08-08,Czech Republic - 4. Liga,Prepere,Kosmonosy,1x2,Home,1.800,lost,-1.0000,https://www.betaminic.com/shootingbets/results/
betaminic,2026-08-08,Czech Republic - 4. Liga,Steti,Slovan Velvary,1x2,Away,3.250,won,2.2500,https://www.betaminic.com/shootingbets/results/
betaminic,2026-08-08,Romania - Liga 2,1599 Selimbar,Politehnica Timisoara,1x2,Home,5.250,lost,-1.0000,https://www.betaminic.com/shootingbets/results/
betaminic,2026-08-08,Australia - Queensland Premier League 3,Redcliffe Dolphins,Logan Roos,1x2,Home,4.000,lost,-1.0000,https://www.betaminic.com/shootingbets/results/
betaminic,2026-08-08,Australia - Queensland Premier League Women,Virginia United,The Gap,1x2,Home,4.500,lost,-1.0000,https://www.betaminic.com/shootingbets/results/
betaminic,2026-08-08,Australia - Queensland Premier League Women,Mitchelton,North Lakes United,1x2,Away,1.620,won,0.6200,https://www.betaminic.com/shootingbets/results/
betaminic,2026-08-08,Australia - NPL Northern NSW Women,New Lambton,Lake Macquarie City,1x2,Away,5.750,lost,-1.0000,https://www.betaminic.com/shootingbets/results/
betaminic,2026-08-08,Australia - New South Wales League 1,Bankstown City Lions,Hurstville,1x2,Away,4.500,lost,-1.0000,https://www.betaminic.com/shootingbets/results/
betaminic,2026-08-08,Australia - NPL Northern NSW,Belmont Swansea United,Lambton Jaffas,1x2,Away,2.450,lost,-1.0000,https://www.betaminic.com/shootingbets/results/
betaminic,2026-08-08,Australia - Western Australia State League 1,Inglewood United,Joondalup City,1x2,Home,2.900,lost,-1.0000,https://www.betaminic.com/shootingbets/results/
betaminic,2026-08-08,Australia - NPL New South Wales Women,NWS Spirit,Western Sydney Wanderers II,1x2,Away,2.300,won,1.3000,https://www.betaminic.com/shootingbets/results/
betaminic,2026-08-08,Solomon Islands - S-League,Laugu United,KOSSA,1x2,Home,5.500,lost,-1.0000,https://www.betaminic.com/shootingbets/results/
betaminic,2026-08-08,Japan - Regional League,Mitsubishi Heavy Industries,KMG Holdings,1x2,Away,2.200,won,1.2000,https://www.betaminic.com/shootingbets/results/
betaminic,2026-08-07,Dominica - Premier League,We United,Mighty Avengers,1x2,Home,1.620,won,0.6200,https://www.betaminic.com/shootingbets/results/
betaminic,2026-08-07,Iceland - 4. Deild,Ulfarnir,Ellidi,1x2,Away,3.300,lost,-1.0000,https://www.betaminic.com/shootingbets/results/
betaminic,2026-08-07,Wales - Championship,Llanelli Town,Trethomas Bluebirds,1x2,Home,3.400,lost,-1.0000,https://www.betaminic.com/shootingbets/results/
betaminic,2026-08-07,Club Friendlies,Llanera,Lealtad de Villaviciosa,1x2,Home,2.300,won,1.3000,https://www.betaminic.com/shootingbets/results/
betaminic,2026-08-07,Northern Ireland - Championship Women,Mid Ulster,Ballymoney United,1x2,Home,3.400,won,2.4000,https://www.betaminic.com/shootingbets/results/
betaminic,2026-08-07,Iceland - 3. Deild,Reynir Sandgerdi,Tindastoll,1x2,Home,2.500,won,1.5000,https://www.betaminic.com/shootingbets/results/
betaminic,2026-08-07,Bosnia and Herzegovina - Premier Liga,Zeljeznicar Sarajevo,BSK Banja Luka,1x2,Home,3.400,won,2.4000,https://www.betaminic.com/shootingbets/results/
betaminic,2026-08-07,Brazil - Mineiro U20,Cruzeiro,Itabirito,1x2,Home,1.530,lost,-1.0000,https://www.betaminic.com/shootingbets/results/
betaminic,2026-08-07,Club Friendlies,Hercules CF,Castellon,1x2,Away,2.400,lost,-1.0000,https://www.betaminic.com/shootingbets/results/
betaminic,2026-08-07,Club Friendlies,Racing Santander,Alaves,1x2,Away,2.300,lost,-1.0000,https://www.betaminic.com/shootingbets/results/
betaminic,2026-08-07,Sweden - 2nd Division,Rappe GOIF,Berga,1x2,Away,2.050,won,1.0500,https://www.betaminic.com/shootingbets/results/
betaminic,2026-08-07,Norway - 3rd Division,Akra,Varhaug,1x2,Home,3.400,lost,-1.0000,https://www.betaminic.com/shootingbets/results/
betaminic,2026-08-07,Sweden - 2nd Division,Galtabäcks BK,Qviding FIF,1x2,Away,2.100,lost,-1.0000,https://www.betaminic.com/shootingbets/results/
betaminic,2026-08-07,Club Friendlies Women,Osasuna,Real Sociedad II,1x2,Away,5.750,lost,-1.0000,https://www.betaminic.com/shootingbets/results/
betaminic,2026-08-07,Finland - Kolmonen,Kontu,MPS/Atletico Malmi,1x2,Home,4.500,lost,-1.0000,https://www.betaminic.com/shootingbets/results/
betaminic,2026-08-07,Poland - 1st Liga Women,Czarni Sosnowiec II,Sportowa Czworka Radom,1x2,Away,5.750,lost,-1.0000,https://www.betaminic.com/shootingbets/results/
betaminic,2026-08-07,Czech Republic - 4. Liga,Hlucin,Bospor Bohumin,1x2,Home,2.250,lost,-1.0000,https://www.betaminic.com/shootingbets/results/
betaminic,2026-08-07,Poland - 3rd Liga,Mlawianka Mlawa,Pelikan Lowicz,1x2,Home,1.950,lost,-1.0000,https://www.betaminic.com/shootingbets/results/
betaminic,2026-08-07,Slovenia - 2. SNL,NK Vrhnika,Triglav Kranj,1x2,Home,8.000,lost,-1.0000,https://www.betaminic.com/shootingbets/results/
betaminic,2026-08-07,Finland - Kolmonen,KoPa,IPS Edustus,1x2,Away,1.730,lost,-1.0000,https://www.betaminic.com/shootingbets/results/
betaminic,2026-08-07,Finland - Kolmonen,RiPS,Gnistan Ogeli,1x2,Away,4.750,won,3.7500,https://www.betaminic.com/shootingbets/results/
betaminic,2026-08-07,Slovenia - U19 League,Ilirija 1911,Aluminij,1x2,Home,4.100,won,3.1000,https://www.betaminic.com/shootingbets/results/
betaminic,2026-08-07,Poland - 3rd Liga,Jagiellonia Bialystok II,Wigry Suwalki,1x2,Home,2.900,lost,-1.0000,https://www.betaminic.com/shootingbets/results/
betaminic,2026-08-07,North Macedonia - 1st League,Shkendija Haracine,Sileks Kratovo,over_under_25,Under,2.300,won,1.3000,https://www.betaminic.com/shootingbets/results/
betaminic,2026-08-07,Armenia - Premier League,Ararat-Armenia,Urartu,1x2,Home,2.100,won,1.1000,https://www.betaminic.com/shootingbets/results/
betaminic,2026-08-07,Colombia - U19 Championship,Barranquilla FC,Academia de Crespo,1x2,Away,2.600,lost,-1.0000,https://www.betaminic.com/shootingbets/results/
betaminic,2026-08-07,Australia - New South Wales League 1,Prospect United,Western City Rangers,1x2,Home,2.050,lost,-1.0000,https://www.betaminic.com/shootingbets/results/
betaminic,2026-08-07,Australia - Victoria Premier League 2,Bayside Argonauts,Box Hill United,1x2,Home,2.300,lost,-1.0000,https://www.betaminic.com/shootingbets/results/
betaminic,2026-08-06,Club Friendlies,Real Jaen,Cordoba,1x2,Away,2.000,won,1.0000,https://www.betaminic.com/shootingbets/results/
betaminic,2026-08-06,Israel - Ligat Leumit Toto Cup,Bnei Yehuda Tel Aviv,Hapoel Kfar Shalem,1x2,Home,1.800,lost,-1.0000,https://www.betaminic.com/shootingbets/results/
betaminic,2026-08-06,Finland - Kolmonen,PPJ/Ruoholahti,HooGee,1x2,Away,3.000,lost,-1.0000,https://www.betaminic.com/shootingbets/results/
betaminic,2026-08-06,Club Friendlies Women,FC Badalona,Bristol City,1x2,Away,6.000,lost,-1.0000,https://www.betaminic.com/shootingbets/results/
betaminic,2026-08-06,Finland - Kolmonen,Atlantis/PM,HPS ll,1x2,Away,2.250,lost,-1.0000,https://www.betaminic.com/shootingbets/results/
betaminic,2026-08-06,Estonia - U19 League,Parnu Vaprus,Nomme Kalju,1x2,Away,2.250,won,1.2500,https://www.betaminic.com/shootingbets/results/
betaminic,2026-08-06,Club Friendlies,Aris Limassol,Al Sadd,1x2,Home,2.900,lost,-1.0000,https://www.betaminic.com/shootingbets/results/
betaminic,2026-08-06,Georgia - Liga 3,Merani Tbilisi,Didube,1x2,Away,4.500,lost,-1.0000,https://www.betaminic.com/shootingbets/results/
betaminic,2026-08-06,Norway - U19 League,Stabaek,Fredrikstad,1x2,Away,6.000,won,5.0000,https://www.betaminic.com/shootingbets/results/
betaminic,2026-08-06,Indonesia - Presidents Cup,Persija Jakarta,Arema FC,1x2,Away,3.500,lost,-1.0000,https://www.betaminic.com/shootingbets/results/
betaminic,2026-08-06,CONCACAF - Central American Cup,Deportivo Saprissa,Alianza Panama,1x2,Home,1.730,won,0.7300,https://www.betaminic.com/shootingbets/results/
betaminic,2026-08-06,CONCACAF - U20 Championship,Mexico,Panama,1x2,Home,1.480,won,0.4800,https://www.betaminic.com/shootingbets/results/
betaminic,2026-08-06,Brazil - Amazonense Serie B,Unidos Do Alvorada AM,CDC Manicore,1x2,Home,7.000,lost,-1.0000,https://www.betaminic.com/shootingbets/results/
betaminic,2026-08-05,Brazil - Gaucho 2,Pelotas,Uniao Frederiquense,1x2,Home,2.200,won,1.2000,https://www.betaminic.com/shootingbets/results/
betaminic,2026-08-05,Brazil - Gaucho 2,Bage,Lajeadense,1x2,Draw,2.800,lost,-1.0000,https://www.betaminic.com/shootingbets/results/
betaminic,2026-08-05,Brazil - Torneio OPG U20,Botafogo FR RJ,Bangu,1x2,Away,5.500,lost,-1.0000,https://www.betaminic.com/shootingbets/results/
betaminic,2026-08-05,UEFA - Champions League Women,Slavia Prague,Rangers,1x2,Away,2.450,lost,-1.0000,https://www.betaminic.com/shootingbets/results/
betaminic,2026-08-05,Scotland - Premier League Cup Women,Dundee United,Aberdeen,1x2,Away,1.400,won,0.4000,https://www.betaminic.com/shootingbets/results/
betaminic,2026-08-05,Club Friendlies,Badajoz,Coria,1x2,Home,3.100,lost,-1.0000,https://www.betaminic.com/shootingbets/results/
betaminic,2026-08-05,Brazil - Rio Cup,Marica,Boavista RJ,over_under_25,Over,2.300,lost,-1.0000,https://www.betaminic.com/shootingbets/results/
betaminic,2026-08-05,Club Friendlies,La Nucia,Intercity,1x2,Home,3.200,won,2.2000,https://www.betaminic.com/shootingbets/results/
betaminic,2026-08-05,Club Friendlies,Cultural Leonesa,Real Aviles,1x2,Away,3.000,lost,-1.0000,https://www.betaminic.com/shootingbets/results/
betaminic,2026-08-05,Finland - Kolmonen,LePa,Lohjan Pallo,1x2,Home,2.100,won,1.1000,https://www.betaminic.com/shootingbets/results/
betaminic,2026-08-05,Norway - 3rd Division,Ranheim II,NTNUI,1x2,Away,2.900,lost,-1.0000,https://www.betaminic.com/shootingbets/results/
betaminic,2026-08-05,Finland - Kolmonen,Santa Claus,JS Hercules II,1x2,Home,3.400,lost,-1.0000,https://www.betaminic.com/shootingbets/results/
betaminic,2026-08-05,UEFA - Champions League Women,St. Polten,Young Boys,1x2,Home,2.100,won,1.1000,https://www.betaminic.com/shootingbets/results/
betaminic,2026-08-05,UEFA - Champions League Women,Mura,Farul Constanta,1x2,Away,3.500,lost,-1.0000,https://www.betaminic.com/shootingbets/results/
betaminic,2026-08-05,Club Friendlies,Grosseto,Tau Altopascio,1x2,Home,1.950,lost,-1.0000,https://www.betaminic.com/shootingbets/results/
betaminic,2026-08-05,Estonia - Meistriliiga Women,Paide Linnameeskond,Flora Tallinn,1x2,Home,2.050,lost,-1.0000,https://www.betaminic.com/shootingbets/results/
betaminic,2026-08-05,Poland - Cup,Warta Poznan,Resovia Rzeszow,1x2,Home,1.530,lost,-1.0000,https://www.betaminic.com/shootingbets/results/
betaminic,2026-08-05,Romania - Liga 2,Dumbravita,Olimpia Satu Mare,1x2,Away,5.500,lost,-1.0000,https://www.betaminic.com/shootingbets/results/
betaminic,2026-08-05,Romania - Cup,CSA Axiopolis Sport Cernavoda,Agricola Borcea,1x2,Home,4.500,lost,-1.0000,https://www.betaminic.com/shootingbets/results/
betaminic,2026-08-05,Romania - Cup,Acso Filiasi,Oltul Curtisoara,1x2,Home,3.100,lost,-1.0000,https://www.betaminic.com/shootingbets/results/
betaminic,2026-08-05,Romania - Cup,Acad Viitorul Cluj,Scm Zalau,1x2,Home,12.000,lost,-1.0000,https://www.betaminic.com/shootingbets/results/
betaminic,2026-08-05,Romania - Cup,Metalurgistul Cugir,Jiul Petrosani,1x2,Away,3.100,won,2.1000,https://www.betaminic.com/shootingbets/results/
betaminic,2026-08-05,Romania - Cup,ACS CIL Blaj,Medias,1x2,Home,4.330,lost,-1.0000,https://www.betaminic.com/shootingbets/results/
betaminic,2026-08-05,UEFA - Champions League Women,Ferencvaros,PAOK,1x2,Home,2.000,lost,-1.0000,https://www.betaminic.com/shootingbets/results/
betaminic,2026-08-05,Romania - Cup,Scm Dunarea Giurgiu,Cetatea Turnu Magurele,1x2,Home,5.250,won,4.2500,https://www.betaminic.com/shootingbets/results/
betaminic,2026-08-05,UEFA - Champions League Women,Apollon Limassol,Czarni Sosnowiec,1x2,Away,1.700,lost,-1.0000,https://www.betaminic.com/shootingbets/results/
betaminic,2026-08-05,Estonia - U19 League,Paide Linnameeskond,Ida-Virumaa JK Noova,1x2,Home,1.730,won,0.7300,https://www.betaminic.com/shootingbets/results/
betaminic,2026-08-05,Norway - U19 League,Hamarkameratene Fotball,Odd BK,1x2,Away,5.500,lost,-1.0000,https://www.betaminic.com/shootingbets/results/
betaminic,2026-08-05,Argentina - Reserve League,Juventud Unida San Miguel,Club Lujan,1x2,Home,6.250,lost,-1.0000,https://www.betaminic.com/shootingbets/results/
betaminic,2026-08-05,Uzbekistan - Pro League,BuxDU,Shurtan,1x2,Away,1.800,won,0.8000,https://www.betaminic.com/shootingbets/results/
betaminic,2026-08-05,UEFA - Champions League Women,Ajax,Brondby,1x2,Home,1.850,won,0.8500,https://www.betaminic.com/shootingbets/results/
betaminic,2026-08-05,Mozambique - Mocambola,Costa do Sol,Ferroviario Nacala,1x2,Home,1.700,won,0.7000,https://www.betaminic.com/shootingbets/results/
betaminic,2026-08-05,Mongolia - Premier League,Khoromkhon FC,Khaan Khuns-Erchim FC,1x2,Away,2.450,won,1.4500,https://www.betaminic.com/shootingbets/results/
betaminic,2026-08-05,Australia - NPL Capital Territory,Queanbeyan City,Tuggeranong United,1x2,Home,1.800,won,0.8000,https://www.betaminic.com/shootingbets/results/
betaminic,2026-08-05,Myanmar - Women League,Yadanarbon,Shan United,1x2,Away,2.050,won,1.0500,https://www.betaminic.com/shootingbets/results/
betaminic,2026-08-05,Club Friendlies,Toledo,Navalcarnero,1x2,Home,3.600,lost,-1.0000,https://www.betaminic.com/shootingbets/results/
betaminic,2026-08-05,Brazil - Amazonense U20,Fast Clube,Amazonas,1x2,Away,2.550,lost,-1.0000,https://www.betaminic.com/shootingbets/results/
betaminic,2026-08-04,Chile - Cup,Universidad de Concepcion,Curico Unido,1x2,Home,2.350,lost,-1.0000,https://www.betaminic.com/shootingbets/results/
betaminic,2026-08-04,CONCACAF - Caribbean Cup,Portmore United,Salcedo FC,1x2,Home,3.600,lost,-1.0000,https://www.betaminic.com/shootingbets/results/
betaminic,2026-08-04,Brazil - Piauiense U20,Atletico Piauiense,Fluminense PI,over_under_25,Under,2.750,won,1.7500,https://www.betaminic.com/shootingbets/results/
betaminic,2026-08-04,CONCACAF - U20 Championship,Costa Rica,Haiti,1x2,Home,1.850,lost,-1.0000,https://www.betaminic.com/shootingbets/results/
betaminic,2026-08-04,Bolivia - Primera Division,ABB,Real Oruro,1x2,Away,3.600,lost,-1.0000,https://www.betaminic.com/shootingbets/results/
betaminic,2026-08-04,Club Friendlies,Enfield Town,Tottenham Hotspur U21,1x2,Home,3.300,won,2.3000,https://www.betaminic.com/shootingbets/results/
betaminic,2026-08-04,Club Friendlies,Tomares,Betis Deportivo,1x2,Away,1.850,lost,-1.0000,https://www.betaminic.com/shootingbets/results/
betaminic,2026-08-04,Argentina - Primera C Metropolitana,CA Atlas,Sacachispas,1x2,Home,4.500,lost,-1.0000,https://www.betaminic.com/shootingbets/results/
betaminic,2026-08-04,Denmark - Elitedivisionen Women,Fortuna Hjorring,Midtjylland,1x2,Draw,4.200,won,3.2000,https://www.betaminic.com/shootingbets/results/
betaminic,2026-08-04,Denmark - Cup,Lyseng,Vejgaard,1x2,Home,3.500,won,2.5000,https://www.betaminic.com/shootingbets/results/
betaminic,2026-08-04,Club Friendlies,Strasbourg,Elversberg,1x2,Away,3.800,won,2.8000,https://www.betaminic.com/shootingbets/results/
betaminic,2026-08-04,Argentina - Reserve League,Leandro N. Alem,Puerto Nuevo,over_under_25,Under,1.950,won,0.9500,https://www.betaminic.com/shootingbets/results/
betaminic,2026-08-04,Indonesia - Presidents Cup,Persebaya Surabaya,Arema FC,1x2,Home,2.150,won,1.1500,https://www.betaminic.com/shootingbets/results/
betaminic,2026-08-03,Brazil - Copa Paulista,Gremio Prudente,Linense,1x2,Home,2.000,lost,-1.0000,https://www.betaminic.com/shootingbets/results/
betaminic,2026-08-03,Peru - Liga 3,Cesar Vallejo II,Carlos Stein,1x2,Home,1.400,won,0.4000,https://www.betaminic.com/shootingbets/results/
betaminic,2026-08-03,Israel - Ligat Leumit Toto Cup,Maccabi Kabilio Jaffa,FC Ashdod,1x2,Home,3.600,lost,-1.0000,https://www.betaminic.com/shootingbets/results/
betaminic,2026-08-03,Norway - 3rd Division,Brann II,Stord,1x2,Home,1.420,lost,-1.0000,https://www.betaminic.com/shootingbets/results/
betaminic,2026-08-03,Bulgaria - Second League,Pirin Blagoevgrad,CSKA Sofia II,1x2,Home,4.330,lost,-1.0000,https://www.betaminic.com/shootingbets/results/
betaminic,2026-08-03,Sweden - 2nd Division,Torns,Staffanstorp United,1x2,Away,2.350,lost,-1.0000,https://www.betaminic.com/shootingbets/results/
betaminic,2026-08-03,Norway - 3rd Division,Nardo,Molde II,1x2,Home,2.050,won,1.0500,https://www.betaminic.com/shootingbets/results/
betaminic,2026-08-03,Norway - 3rd Division,Lillestrom II,Kongsvinger II,1x2,Home,1.950,lost,-1.0000,https://www.betaminic.com/shootingbets/results/
betaminic,2026-08-03,India - Durand Cup,Langsning,Mumbay FC,1x2,Home,5.000,won,4.0000,https://www.betaminic.com/shootingbets/results/
betaminic,2026-08-03,Vietnam - Womens National League,Ho Chi Minh City,Ha Noi I Watabe,1x2,Draw,3.300,lost,-1.0000,https://www.betaminic.com/shootingbets/results/
betaminic,2026-08-03,Vietnam - Womens National League,Ho Chi Minh City II,Ha Noi FC II,over_under_25,Over,2.100,won,1.1000,https://www.betaminic.com/shootingbets/results/
betaminic,2026-08-02,Paraguay - Women League,Club Sportivo Ameliano,Sportivo Luqueno,1x2,Home,2.900,lost,-1.0000,https://www.betaminic.com/shootingbets/results/
betaminic,2026-08-02,USA - MLS Next Pro League,Chicago Fire II,FC Cincinnati II,1x2,Home,1.500,won,0.5000,https://www.betaminic.com/shootingbets/results/
betaminic,2026-08-02,CFU - Club Shield,Mount Pleasant,Delfines Del Este,1x2,Home,1.950,won,0.9500,https://www.betaminic.com/shootingbets/results/
betaminic,2026-08-02,Venezuela - Segunda Division,Mineros de Guayana,Dynamo Puerto,1x2,Home,2.750,lost,-1.0000,https://www.betaminic.com/shootingbets/results/
betaminic,2026-08-02,Brazil - Goiano 2,Morrinhos,Mineiros,1x2,Home,2.900,won,1.9000,https://www.betaminic.com/shootingbets/results/
betaminic,2026-08-02,Club Friendlies,Ascoli,Lazio,1x2,Home,5.000,lost,-1.0000,https://www.betaminic.com/shootingbets/results/
betaminic,2026-08-02,Brazil - Gaucho 2,Lajeadense,Pelotas,1x2,Draw,3.100,lost,-1.0000,https://www.betaminic.com/shootingbets/results/
betaminic,2026-08-02,Costa Rica - Ascenso,Quepos Cambute,PFA Santa Cruz,1x2,Draw,3.700,lost,-1.0000,https://www.betaminic.com/shootingbets/results/
betaminic,2026-08-02,Club Friendlies,Galatasaray,Rennes,1x2,Away,3.400,lost,-1.0000,https://www.betaminic.com/shootingbets/results/
betaminic,2026-08-02,Poland - 1st Liga Women,Sportowa Czworka Radom,Medyk Konin,1x2,Home,3.000,lost,-1.0000,https://www.betaminic.com/shootingbets/results/
betaminic,2026-08-02,Serbia - Prva Liga,Napredak Krusevac,Graficar,1x2,Away,5.750,lost,-1.0000,https://www.betaminic.com/shootingbets/results/
betaminic,2026-08-02,Guatemala - Primera Division de Ascenso,Santa Lucia Cotzumalguapa,Quiche,1x2,Draw,3.600,lost,-1.0000,https://www.betaminic.com/shootingbets/results/
betaminic,2026-08-02,Club Friendlies,Genk,FC Twente,1x2,Away,3.100,lost,-1.0000,https://www.betaminic.com/shootingbets/results/
betaminic,2026-08-02,Club Friendlies,Albinoleffe,Internazionale U23,1x2,Home,2.150,lost,-1.0000,https://www.betaminic.com/shootingbets/results/
betaminic,2026-08-02,Hungary - NB 2,Csakvar,Nagykanizsai,1x2,Home,2.250,lost,-1.0000,https://www.betaminic.com/shootingbets/results/
betaminic,2026-08-02,Czech Republic - Cup,Kraluv Dvur,Spartak Police nad Metuji,1x2,Away,2.000,won,1.0000,https://www.betaminic.com/shootingbets/results/
betaminic,2026-08-02,Armenia - Premier League,Noah,Syunik,1x2,Home,1.330,won,0.3300,https://www.betaminic.com/shootingbets/results/
betaminic,2026-08-02,Czech Republic - Cup,Vysoke Myto,Letohrad,1x2,Home,1.500,won,0.5000,https://www.betaminic.com/shootingbets/results/
betaminic,2026-08-02,Club Friendlies,Feyenoord,Atalanta,1x2,Home,3.300,won,2.3000,https://www.betaminic.com/shootingbets/results/
betaminic,2026-08-02,Austria - Bundesliga Women,First Vienna,Rapid Vienna,1x2,Away,2.630,lost,-1.0000,https://www.betaminic.com/shootingbets/results/
betaminic,2026-08-02,Norway - 3rd Division,Viking II,Mandalskameratene,1x2,Home,1.600,won,0.6000,https://www.betaminic.com/shootingbets/results/
betaminic,2026-08-02,Scotland - Premier League Cup Women,Aberdeen,St Johnstone,1x2,Home,1.220,lost,-1.0000,https://www.betaminic.com/shootingbets/results/
betaminic,2026-08-02,Club Friendlies,Luton Town,Go Ahead Eagles,1x2,Home,2.250,lost,-1.0000,https://www.betaminic.com/shootingbets/results/
betaminic,2026-08-02,Poland - 1st Liga Women,Lech Poznan UAM II,Polonia Sroda Wlkp,1x2,Home,4.750,lost,-1.0000,https://www.betaminic.com/shootingbets/results/
betaminic,2026-08-02,Sweden - Elitettan Women,Gamla Upsala,Jitex BK,1x2,Away,2.100,won,1.1000,https://www.betaminic.com/shootingbets/results/
betaminic,2026-08-02,Club Friendlies Women,Heerenveen,Utrecht,1x2,Away,1.830,lost,-1.0000,https://www.betaminic.com/shootingbets/results/
betaminic,2026-08-02,Poland - 3rd Liga,Widzew Lodz II,CK Troszyn,1x2,Home,2.100,won,1.1000,https://www.betaminic.com/shootingbets/results/
betaminic,2026-08-02,Ukraine - Persha Liga,Viktoriya Sumy,Kolos Kovalivka II,1x2,Home,2.300,won,1.3000,https://www.betaminic.com/shootingbets/results/
betaminic,2026-08-02,Australia - Queensland Premier League 3,Yeronga Eagles,North Lakes United,1x2,Away,6.000,lost,-1.0000,https://www.betaminic.com/shootingbets/results/
betaminic,2026-08-02,Australia - NPL Victoria U23,South Melbourne,St Albans Saints,1x2,Away,4.200,lost,-1.0000,https://www.betaminic.com/shootingbets/results/
betaminic,2026-08-02,CONCACAF - U20 Championship,Honduras,Panama,1x2,Away,3.200,won,2.2000,https://www.betaminic.com/shootingbets/results/
betaminic,2026-08-01,Uruguay - Primera Division Amateur,Sportivo Bella Italia,Platense,1x2,Home,2.000,won,1.0000,https://www.betaminic.com/shootingbets/results/
betaminic,2026-08-01,Peru - Liga 2,Santos FC,Comerciantes,1x2,Draw,3.000,lost,-1.0000,https://www.betaminic.com/shootingbets/results/
betaminic,2026-08-01,Brazil - Brasileiro Women A3,Pantanal,Planalto EC,1x2,Home,2.550,lost,-1.0000,https://www.betaminic.com/shootingbets/results/
betaminic,2026-08-01,Venezuela - Segunda Division,Aragua,Bolivar,1x2,Away,3.600,lost,-1.0000,https://www.betaminic.com/shootingbets/results/
betaminic,2026-08-01,Brazil - Brasileiro Women A2,Vila Nova,Ceara,1x2,Home,2.380,won,1.3800,https://www.betaminic.com/shootingbets/results/
betaminic,2026-08-01,Brazil - Brasileiro Women A2,Paysandu,Acao,1x2,Away,2.100,lost,-1.0000,https://www.betaminic.com/shootingbets/results/
betaminic,2026-08-01,Poland - 3rd Liga,Odra Bytom Odrzanski,Polonia Nysa,1x2,Away,3.600,lost,-1.0000,https://www.betaminic.com/shootingbets/results/
betaminic,2026-08-01,Club Friendlies,Leicester City,Genoa,1x2,Home,3.100,lost,-1.0000,https://www.betaminic.com/shootingbets/results/
betaminic,2026-08-01,Brazil - Brasileiro Women A2,Sport Recife,Rio Negro RR,1x2,Home,1.450,won,0.4500,https://www.betaminic.com/shootingbets/results/
betaminic,2026-08-01,Club Friendlies,FC Andorra,Sabadell,1x2,Home,2.380,lost,-1.0000,https://www.betaminic.com/shootingbets/results/
betaminic,2026-08-01,Club Friendlies,Lens,Villarreal,1x2,Home,2.500,won,1.5000,https://www.betaminic.com/shootingbets/results/
betaminic,2026-08-01,Uruguay - Primera Division Amateur,Rampla Juniors,Salus,1x2,Home,1.900,lost,-1.0000,https://www.betaminic.com/shootingbets/results/
betaminic,2026-08-01,Club Friendlies,Arosa,Pontevedra,1x2,Away,2.050,lost,-1.0000,https://www.betaminic.com/shootingbets/results/
betaminic,2026-08-01,Club Friendlies,Estrela da Amadora,Al-Nassr,1x2,Away,2.550,lost,-1.0000,https://www.betaminic.com/shootingbets/results/
betaminic,2026-08-01,Club Friendlies,Espanyol II,Sant Andreu,1x2,Home,3.300,lost,-1.0000,https://www.betaminic.com/shootingbets/results/
betaminic,2026-08-01,Club Friendlies,Pau FC,Real Union,1x2,Home,2.400,lost,-1.0000,https://www.betaminic.com/shootingbets/results/
betaminic,2026-08-01,Club Friendlies,Lugo,Deportivo La Coruna II,1x2,Home,2.200,won,1.2000,https://www.betaminic.com/shootingbets/results/
betaminic,2026-08-01,Finland - Kolmonen,VJS II,Atlantis/PM,1x2,Home,1.830,won,0.8300,https://www.betaminic.com/shootingbets/results/
betaminic,2026-08-01,Club Friendlies,Sestao River,Club Portugalete,1x2,Home,2.350,won,1.3500,https://www.betaminic.com/shootingbets/results/
betaminic,2026-08-01,Poland - 3rd Liga,Pelikan Lowicz,Lomza,1x2,Away,2.300,lost,-1.0000,https://www.betaminic.com/shootingbets/results/
betaminic,2026-08-01,Poland - 3rd Liga,LKS Barycz Sulow,MKS Kluczbork,1x2,Away,3.000,lost,-1.0000,https://www.betaminic.com/shootingbets/results/
betaminic,2026-08-01,Poland - 3rd Liga,ROW 1964 Rybnik,Warta Gorzow Wielkopolski,1x2,Away,3.900,lost,-1.0000,https://www.betaminic.com/shootingbets/results/
betaminic,2026-08-01,Estonia - Esiliiga A,Levadia Tallinn II,Elva,1x2,Home,2.150,lost,-1.0000,https://www.betaminic.com/shootingbets/results/
betaminic,2026-08-01,Estonia - Esiliiga A,Nomme JK Kalju II,Maardu Linnameeskond,1x2,Away,2.100,won,1.1000,https://www.betaminic.com/shootingbets/results/
betaminic,2026-08-01,Georgia - Cup,Rustavi,Spaeri,1x2,Home,2.200,won,1.2000,https://www.betaminic.com/shootingbets/results/
betaminic,2026-08-01,Club Friendlies,Groningen,Real Valladolid,1x2,Away,3.000,lost,-1.0000,https://www.betaminic.com/shootingbets/results/
betaminic,2026-08-01,Club Friendlies,Roda JC,Alemannia Aachen,1x2,Away,2.380,won,1.3800,https://www.betaminic.com/shootingbets/results/
betaminic,2026-08-01,Club Friendlies,Flenu,RFC Seraing,1x2,Home,10.000,lost,-1.0000,https://www.betaminic.com/shootingbets/results/
betaminic,2026-08-01,Poland - 3rd Liga,Olimpia Zambrow,Zabkovia Zabki,1x2,Home,4.000,won,3.0000,https://www.betaminic.com/shootingbets/results/
betaminic,2026-08-01,Austria - Regionalliga Ost,SV Wienerberg,Marchfeld Donauauen,1x2,Away,1.910,won,0.9100,https://www.betaminic.com/shootingbets/results/
betaminic,2026-08-01,Czech Republic - Cup,Hvezda Cheb,Banik Sokolov,1x2,Away,2.100,won,1.1000,https://www.betaminic.com/shootingbets/results/
betaminic,2026-08-01,Czech Republic - Cup,Tempo Prague,Loko Prague,1x2,Home,2.900,lost,-1.0000,https://www.betaminic.com/shootingbets/results/
betaminic,2026-08-01,Czech Republic - Cup,Steti,Varnsdorf,1x2,Away,1.500,won,0.5000,https://www.betaminic.com/shootingbets/results/
betaminic,2026-08-01,Czech Republic - Cup,Slany,Sokol Brozany,1x2,Away,2.100,won,1.1000,https://www.betaminic.com/shootingbets/results/
betaminic,2026-08-01,Poland - 3rd Liga,Kotwica Kornik,KTS-K Luzino,1x2,Home,4.500,lost,-1.0000,https://www.betaminic.com/shootingbets/results/
betaminic,2026-08-01,Czech Republic - Cup,Kosmonosy,Neratovice-Byskovice,1x2,Home,3.200,lost,-1.0000,https://www.betaminic.com/shootingbets/results/
betaminic,2026-08-01,Club Friendlies,Trento,Modena,1x2,Away,2.000,won,1.0000,https://www.betaminic.com/shootingbets/results/
betaminic,2026-08-01,Bulgaria - Second League,Chernomorets 1919 Burgas,Beroe,1x2,Away,3.750,lost,-1.0000,https://www.betaminic.com/shootingbets/results/
betaminic,2026-08-01,Club Friendlies,Hamburger SV,Everton,1x2,Away,2.500,won,1.5000,https://www.betaminic.com/shootingbets/results/
betaminic,2026-08-01,Club Friendlies,Oldham Athletic,Sheffield Wednesday,1x2,Home,3.750,won,2.7500,https://www.betaminic.com/shootingbets/results/
betaminic,2026-08-01,Czech Republic - Cup,Spartak Rychnov,Chlumec Nad Cidlinou,over_under_25,Under,2.350,won,1.3500,https://www.betaminic.com/shootingbets/results/
betaminic,2026-08-01,Club Friendlies,Cardiff City,Roma,1x2,Home,4.500,won,3.5000,https://www.betaminic.com/shootingbets/results/
betaminic,2026-08-01,Scotland - League One,East Kilbride,Queen of the South,1x2,Away,5.250,lost,-1.0000,https://www.betaminic.com/shootingbets/results/
betaminic,2026-08-01,Club Friendlies,Millwall,Royal Antwerp,1x2,Home,1.950,won,0.9500,https://www.betaminic.com/shootingbets/results/
betaminic,2026-08-01,Estonia - Meistriliiga Women,Flora Tallinn,Viimsi JK,1x2,Away,4.100,lost,-1.0000,https://www.betaminic.com/shootingbets/results/
betaminic,2026-08-01,Club Friendlies,Braintree Town,Aldershot Town,1x2,Away,2.300,won,1.3000,https://www.betaminic.com/shootingbets/results/
betaminic,2026-08-01,Club Friendlies,Peterborough United,West Bromwich Albion,1x2,Home,4.750,lost,-1.0000,https://www.betaminic.com/shootingbets/results/
betaminic,2026-08-01,Club Friendlies,Farnham Town,Eastleigh,1x2,Home,3.750,won,2.7500,https://www.betaminic.com/shootingbets/results/
betaminic,2026-08-01,Club Friendlies,Forest Green Rovers,Swindon Town,1x2,Away,5.250,won,4.2500,https://www.betaminic.com/shootingbets/results/
betaminic,2026-08-01,Club Friendlies,Hartlepool United,Fleetwood Town,1x2,Away,2.100,lost,-1.0000,https://www.betaminic.com/shootingbets/results/
betaminic,2026-08-01,Club Friendlies,Emmen,Almere City,1x2,Away,2.300,lost,-1.0000,https://www.betaminic.com/shootingbets/results/
betaminic,2026-08-01,Club Friendlies,Barnet,Bromley,1x2,Home,2.600,lost,-1.0000,https://www.betaminic.com/shootingbets/results/
betaminic,2026-08-01,Panama - Liga Prom,UDELAS,San Francisco II,1x2,Away,3.750,lost,-1.0000,https://www.betaminic.com/shootingbets/results/
betaminic,2026-08-01,Scotland - League Two,Forfar Athletic,Kelty Hearts,1x2,Home,3.100,won,2.1000,https://www.betaminic.com/shootingbets/results/
betaminic,2026-08-01,Club Friendlies,Ashton United,Stalybridge Celtic,1x2,Away,4.100,won,3.1000,https://www.betaminic.com/shootingbets/results/
betaminic,2026-08-01,Club Friendlies,Chatham Town,Maidstone United,1x2,Away,1.800,won,0.8000,https://www.betaminic.com/shootingbets/results/
betaminic,2026-08-01,Club Friendlies,St Albans City,Hemel Hempstead Town,1x2,Home,4.500,lost,-1.0000,https://www.betaminic.com/shootingbets/results/
betaminic,2026-08-01,Club Friendlies,Beveren,FC Eindhoven,1x2,Home,2.200,won,1.2000,https://www.betaminic.com/shootingbets/results/
betaminic,2026-08-01,Club Friendlies,Blyth Spartans,Hebburn Town,1x2,Home,5.750,lost,-1.0000,https://www.betaminic.com/shootingbets/results/
betaminic,2026-08-01,Brazil - Torneio OPG U20,Bangu,Botafogo FR RJ,1x2,Draw,4.000,won,3.0000,https://www.betaminic.com/shootingbets/results/
betaminic,2026-08-01,Club Friendlies,Bury FC,Radcliffe,1x2,Home,4.100,won,3.1000,https://www.betaminic.com/shootingbets/results/
betaminic,2026-08-01,Wales - Championship,Penrhyncoch,Porthmadog,1x2,Home,2.900,lost,-1.0000,https://www.betaminic.com/shootingbets/results/
betaminic,2026-08-01,Poland - 1st Liga Women,Unia Lublin,Staszkowka Jelna,1x2,Home,2.450,lost,-1.0000,https://www.betaminic.com/shootingbets/results/
betaminic,2026-08-01,Norway - 3rd Division,Sandefjord II,Gjoevik-Lyn,1x2,Away,2.200,won,1.2000,https://www.betaminic.com/shootingbets/results/
betaminic,2026-08-01,Finland - Kakkonen Group A,HPS,HIFK,1x2,Away,1.800,lost,-1.0000,https://www.betaminic.com/shootingbets/results/
betaminic,2026-08-01,Finland - Kolmonen,Atlantis/Akatemia,FC Lahti 69,1x2,Away,2.300,lost,-1.0000,https://www.betaminic.com/shootingbets/results/
betaminic,2026-08-01,Club Friendlies,Quorn,Banbury United,1x2,Away,2.700,lost,-1.0000,https://www.betaminic.com/shootingbets/results/
betaminic,2026-08-01,Club Friendlies,FC Magdeburg,West Ham United,1x2,Home,4.100,lost,-1.0000,https://www.betaminic.com/shootingbets/results/
betaminic,2026-08-01,Indonesia - Presidents Cup,Persebaya Surabaya,Port FC,1x2,Away,3.400,lost,-1.0000,https://www.betaminic.com/shootingbets/results/
betaminic,2026-08-01,Norway - 3rd Division,Valerenga II,Lokomotiv Oslo,1x2,Home,1.600,won,0.6000,https://www.betaminic.com/shootingbets/results/
betaminic,2026-08-01,Club Friendlies,Dynamo Dresden,Union Berlin,1x2,Home,3.500,won,2.5000,https://www.betaminic.com/shootingbets/results/
betaminic,2026-08-01,Finland - Kolmonen,MPS/Atletico Malmi,Toolon Taisto,1x2,Away,4.100,lost,-1.0000,https://www.betaminic.com/shootingbets/results/
betaminic,2026-08-01,Club Friendlies,Fortuna Koln,Kickers Offenbach,1x2,Away,5.000,lost,-1.0000,https://www.betaminic.com/shootingbets/results/
betaminic,2026-08-01,Club Friendlies Women,RB Leipzig,Wolfsburg,1x2,Home,5.000,lost,-1.0000,https://www.betaminic.com/shootingbets/results/
betaminic,2026-08-01,Denmark - 2nd Division,Middelfart,Thisted,1x2,Away,5.000,lost,-1.0000,https://www.betaminic.com/shootingbets/results/
betaminic,2026-08-01,Club Friendlies,Annagh United,Ballymena United,1x2,Away,1.900,lost,-1.0000,https://www.betaminic.com/shootingbets/results/
betaminic,2026-08-01,Club Friendlies,Accrington Stanley,Sheffield Wednesday,1x2,Home,4.100,lost,-1.0000,https://www.betaminic.com/shootingbets/results/
betaminic,2026-08-01,Club Friendlies Women,Hamburger SV,Everton,1x2,Home,4.000,lost,-1.0000,https://www.betaminic.com/shootingbets/results/
betaminic,2026-08-01,Club Friendlies,Nurnberg,Real Oviedo,1x2,Home,2.600,won,1.6000,https://www.betaminic.com/shootingbets/results/
betaminic,2026-08-01,Club Friendlies,Sparta Rotterdam,Duisburg,1x2,Away,6.000,lost,-1.0000,https://www.betaminic.com/shootingbets/results/
betaminic,2026-08-01,Denmark - Elitedivisionen Women,Odense Q,FC Copenhagen,1x2,Home,4.750,won,3.7500,https://www.betaminic.com/shootingbets/results/
betaminic,2026-08-01,Lithuania - 1 Lyga,Garliava,Neptunas Klaipeda,1x2,Away,2.300,won,1.3000,https://www.betaminic.com/shootingbets/results/
betaminic,2026-08-01,Poland - 3rd Liga,BKS Chemik Bydgoszcz,Kluczevia Stargard,1x2,Home,3.700,lost,-1.0000,https://www.betaminic.com/shootingbets/results/
betaminic,2026-08-01,Poland - 3rd Liga,Grom Nowy Staw,Unia Swarzedz,1x2,Away,2.200,won,1.2000,https://www.betaminic.com/shootingbets/results/
betaminic,2026-08-01,Poland - 3rd Liga,Wisla Krakow II,Star Starachowice,1x2,Home,2.100,won,1.1000,https://www.betaminic.com/shootingbets/results/
betaminic,2026-08-01,Club Friendlies,JEF United Chiba,Kashiwa Reysol,1x2,Away,2.400,lost,-1.0000,https://www.betaminic.com/shootingbets/results/
betaminic,2026-08-01,Ukraine - Persha Liga,Metalist Kharkiv,Probiy Horodenka,1x2,Away,2.900,lost,-1.0000,https://www.betaminic.com/shootingbets/results/
betaminic,2026-08-01,Finland - Kolmonen,Gnistan Ogeli,TiPS II,1x2,Away,4.000,lost,-1.0000,https://www.betaminic.com/shootingbets/results/
betaminic,2026-08-01,Club Friendlies,Karlovac 1919,Koprivnica,1x2,Away,3.400,lost,-1.0000,https://www.betaminic.com/shootingbets/results/
betaminic,2026-08-01,Czech Republic - Cup,Jiskra Usti Nad Orlici,Svitavy,1x2,Away,6.000,lost,-1.0000,https://www.betaminic.com/shootingbets/results/
betaminic,2026-08-01,Czech Republic - Cup,Prepere,Velke Hamry,1x2,Home,3.200,won,2.2000,https://www.betaminic.com/shootingbets/results/
betaminic,2026-08-01,Czech Republic - Cup,Petrin Plzen,Komarov,1x2,Away,3.750,won,2.7500,https://www.betaminic.com/shootingbets/results/
betaminic,2026-08-01,Club Friendlies,Levante,Albacete,1x2,Away,5.250,lost,-1.0000,https://www.betaminic.com/shootingbets/results/
betaminic,2026-08-01,Ukraine - Persha Liga,Chernihiv,FK Kulykiv-Bilka,1x2,Draw,3.250,won,2.2500,https://www.betaminic.com/shootingbets/results/
betaminic,2026-08-01,Australia - Victoria Cup Women,Heidelberg United,Essendon Royals,1x2,Home,4.750,lost,-1.0000,https://www.betaminic.com/shootingbets/results/
betaminic,2026-08-01,Club Friendlies,Lucko,Segesta Sisak,1x2,Home,5.500,lost,-1.0000,https://www.betaminic.com/shootingbets/results/
betaminic,2026-08-01,Australia - Queensland Premier League Women,The Gap,Grange Thistle,1x2,Away,2.880,won,1.8800,https://www.betaminic.com/shootingbets/results/
betaminic,2026-08-01,Australia - Tasmania Super League Women,Kingborough Lions,Launceston United,1x2,Away,2.250,lost,-1.0000,https://www.betaminic.com/shootingbets/results/
betaminic,2026-08-01,Australia - NPL New South Wales U20,St George Saints,SD Raiders,1x2,Away,2.150,won,1.1500,https://www.betaminic.com/shootingbets/results/
betaminic,2026-08-01,Australia - NPL Queensland U23,Rochedale Rovers,Eastern Suburbs,1x2,Home,1.650,won,0.6500,https://www.betaminic.com/shootingbets/results/
betaminic,2026-08-01,Australia - Queensland Premier League Women,Peninsula Power,Palm Beach,1x2,Away,2.500,lost,-1.0000,https://www.betaminic.com/shootingbets/results/
betaminic,2026-08-01,New Zealand - Northern League,Western Springs,Birkenhead United,1x2,Home,8.500,lost,-1.0000,https://www.betaminic.com/shootingbets/results/
betaminic,2026-08-01,Australia - Tasmania Super League Women,Riverside Olympic,Launceston City,over_under_25,Under,4.000,won,3.0000,https://www.betaminic.com/shootingbets/results/
betaminic,2026-08-01,Solomon Islands - S-League,Laugu United,Marist Fire,1x2,Home,3.250,lost,-1.0000,https://www.betaminic.com/shootingbets/results/
betaminic,2026-08-01,USA - MLS Next Pro League,Ventura County,North Texas,1x2,Home,2.380,won,1.3800,https://www.betaminic.com/shootingbets/results/
betaminic,2026-08-01,Honduras - Liga Nacional,Platense FC,Real Espana,1x2,Away,2.000,won,1.0000,https://www.betaminic.com/shootingbets/results/
betaminic,2026-08-01,New Zealand - Southern League,Nomads United,Nelson Suburbs,1x2,Away,2.250,lost,-1.0000,https://www.betaminic.com/shootingbets/results/
betaminic,2026-08-01,USA - MLS Next Pro League,Minnesota United II,Portland Timbers II,1x2,Home,3.250,lost,-1.0000,https://www.betaminic.com/shootingbets/results/
betaminic,2026-08-01,Brazil - Amazonense Serie B,RB do Norte,Fast Clube,1x2,Away,2.200,lost,-1.0000,https://www.betaminic.com/shootingbets/results/
betaminic,2026-07-31,Brazil - Paulista U20,Velo Clube,SC Paulinense,1x2,Away,2.900,lost,-1.0000,https://www.betaminic.com/shootingbets/results/
betaminic,2026-07-31,Bolivia - Primera Division,The Strongest,Aurora,over_under_25,Under,3.300,won,2.3000,https://www.betaminic.com/shootingbets/results/
betaminic,2026-07-31,CONCACAF - U20 Championship,El Salvador,Haiti,1x2,Home,3.800,lost,-1.0000,https://www.betaminic.com/shootingbets/results/
betaminic,2026-07-31,Colombia - Liga Women,Fortaleza CEIF,Independiente Medellin,1x2,Home,4.500,won,3.5000,https://www.betaminic.com/shootingbets/results/
betaminic,2026-07-31,Central American and Caribbean Games - Women,Venezuela,El Salvador,1x2,Away,5.750,lost,-1.0000,https://www.betaminic.com/shootingbets/results/
betaminic,2026-07-31,Club Friendlies,Birmingham City,Barcelona,1x2,Away,1.500,lost,-1.0000,https://www.betaminic.com/shootingbets/results/
betaminic,2026-07-31,Club Friendlies,Ballinamallard United,Bangor,1x2,Home,5.500,lost,-1.0000,https://www.betaminic.com/shootingbets/results/
betaminic,2026-07-31,Club Friendlies,Torquay United,Exeter City,1x2,Away,3.600,lost,-1.0000,https://www.betaminic.com/shootingbets/results/
betaminic,2026-07-31,Club Friendlies,Bromley,Queens Park Rangers,1x2,Away,2.000,won,1.0000,https://www.betaminic.com/shootingbets/results/
betaminic,2026-07-31,Wales - Championship,Llanelli Town,Newport City,1x2,Home,2.900,lost,-1.0000,https://www.betaminic.com/shootingbets/results/
betaminic,2026-07-31,Club Friendlies,Mansfield Town,Derby County,1x2,Away,2.700,won,1.7000,https://www.betaminic.com/shootingbets/results/
betaminic,2026-07-31,Club Friendlies,Ebbsfleet United,Gillingham,1x2,Home,4.000,lost,-1.0000,https://www.betaminic.com/shootingbets/results/
betaminic,2026-07-31,Brazil - Paulista U20,Bandeirante,Ibrachina,1x2,Draw,5.000,lost,-1.0000,https://www.betaminic.com/shootingbets/results/
betaminic,2026-07-31,Brazil - Paulista U20,Santo Andre,Uniao Sao Joao,1x2,Home,1.750,won,0.7500,https://www.betaminic.com/shootingbets/results/
betaminic,2026-07-31,Club Friendlies,Altrincham,Manchester United U21,1x2,Away,3.100,lost,-1.0000,https://www.betaminic.com/shootingbets/results/
betaminic,2026-07-31,Club Friendlies,FC Cartagena,Johor Darul Ta'zim,1x2,Away,1.950,won,0.9500,https://www.betaminic.com/shootingbets/results/
betaminic,2026-07-31,Denmark - 2nd Division,FA 2000,B 93,1x2,Home,6.250,lost,-1.0000,https://www.betaminic.com/shootingbets/results/
betaminic,2026-07-31,Austria - Regionalliga Ost,Scheiblingkirchen-Warth,Traiskirchen,1x2,Away,1.900,lost,-1.0000,https://www.betaminic.com/shootingbets/results/
betaminic,2026-07-31,Austria - Landesliga,Spittal an der Drau,ATUS Ferlach,1x2,Home,1.910,lost,-1.0000,https://www.betaminic.com/shootingbets/results/
betaminic,2026-07-31,Club Friendlies,NEC Nijmegen,Sevilla,1x2,Home,2.350,lost,-1.0000,https://www.betaminic.com/shootingbets/results/
betaminic,2026-07-31,Sweden - 2nd Division,Boljan,Vastra Frolunda,1x2,Home,3.600,won,2.6000,https://www.betaminic.com/shootingbets/results/
betaminic,2026-07-31,Sweden - 2nd Division,Lindome GIF,Jonsereds,1x2,Home,2.000,lost,-1.0000,https://www.betaminic.com/shootingbets/results/
betaminic,2026-07-31,Club Friendlies,Mosta,Balzan,1x2,Away,2.400,won,1.4000,https://www.betaminic.com/shootingbets/results/
betaminic,2026-07-31,Poland - 3rd Liga,Gedania Gdansk,Notec Czarnkow,1x2,Home,3.000,won,2.0000,https://www.betaminic.com/shootingbets/results/
betaminic,2026-07-31,Czech Republic - Cup,Rokycany,SK Horovice,1x2,Home,2.100,won,1.1000,https://www.betaminic.com/shootingbets/results/
betaminic,2026-07-31,Poland - 3rd Liga,Gornik Polkowice,Rakow Czestochowa II,1x2,Away,5.500,lost,-1.0000,https://www.betaminic.com/shootingbets/results/
betaminic,2026-07-31,Finland - Kolmonen,FCV/2,Metso,1x2,Home,7.500,lost,-1.0000,https://www.betaminic.com/shootingbets/results/
betaminic,2026-07-31,Finland - Kolmonen,MPS,Gilla FC,1x2,Away,1.900,won,0.9000,https://www.betaminic.com/shootingbets/results/
betaminic,2026-07-31,Finland - Kolmonen,Komeetat,JJK II,1x2,Home,3.300,lost,-1.0000,https://www.betaminic.com/shootingbets/results/
betaminic,2026-07-31,Club Friendlies,Valenciennes,Boulogne,1x2,Home,5.000,lost,-1.0000,https://www.betaminic.com/shootingbets/results/
betaminic,2026-07-31,Finland - Kolmonen,SaPa,KeuPa,1x2,Away,2.050,lost,-1.0000,https://www.betaminic.com/shootingbets/results/
betaminic,2026-07-31,Club Friendlies,Amiens,Red Star,1x2,Home,5.500,won,4.5000,https://www.betaminic.com/shootingbets/results/
betaminic,2026-07-31,Club Friendlies,Siena,Scandicci,1x2,Away,4.330,lost,-1.0000,https://www.betaminic.com/shootingbets/results/
betaminic,2026-07-31,Czech Republic - Cup,Slavoj Vysehrad,Sokol Hostoun,1x2,Away,1.670,won,0.6700,https://www.betaminic.com/shootingbets/results/
betaminic,2026-07-31,Finland - Kolmonen,RiPS,Helsingin Ponnistus,1x2,Away,7.500,lost,-1.0000,https://www.betaminic.com/shootingbets/results/
betaminic,2026-07-31,Club Friendlies,Monaco,Cercle Brugge,1x2,Away,5.500,lost,-1.0000,https://www.betaminic.com/shootingbets/results/
betaminic,2026-07-31,Finland - Kolmonen,NuPS,HooGee,1x2,Away,6.000,lost,-1.0000,https://www.betaminic.com/shootingbets/results/
betaminic,2026-07-31,Club Friendlies,Mainz 05,Shabab Al Ahli,1x2,Home,2.250,won,1.2500,https://www.betaminic.com/shootingbets/results/
betaminic,2026-07-31,Ukraine - Persha Liga,Agrobiznes Volochisk,FSK Mariupol,1x2,Away,3.900,lost,-1.0000,https://www.betaminic.com/shootingbets/results/
betaminic,2026-07-31,Club Friendlies,Fortuna Dusseldorf II,Steinbach Haiger,1x2,Home,3.250,lost,-1.0000,https://www.betaminic.com/shootingbets/results/
betaminic,2026-07-31,Paraguay - Reserve League,Libertad Asuncion,Deportivo Recoleta,1x2,Home,1.750,won,0.7500,https://www.betaminic.com/shootingbets/results/
betaminic,2026-07-31,Club Friendlies Women,Feyenoord,Oud-Heverlee Leuven,1x2,Home,2.000,lost,-1.0000,https://www.betaminic.com/shootingbets/results/
betaminic,2026-07-31,Australia - NPL Northern NSW Women,Broadmeadow Magic,New Lambton,1x2,Home,6.250,lost,-1.0000,https://www.betaminic.com/shootingbets/results/
betaminic,2026-07-31,Ukraine - Persha Liga,UCSA Tarasivka,Oleksandria,1x2,Draw,3.200,won,2.2000,https://www.betaminic.com/shootingbets/results/
betaminic,2026-07-31,Korea Republic - K League Women,Incheon Hyundai Steel Red Angels,Hwacheon KSPO,1x2,Away,2.100,won,1.1000,https://www.betaminic.com/shootingbets/results/
betaminic,2026-07-31,Club Friendlies,Portimonense,Nottingham Forest,1x2,Draw,6.000,lost,-1.0000,https://www.betaminic.com/shootingbets/results/
betaminic,2026-07-31,Australia - New South Wales League 2,Nepean,Bonnyrigg White Eagles,1x2,Home,3.700,lost,-1.0000,https://www.betaminic.com/shootingbets/results/
betaminic,2026-07-31,Club Friendlies,Las Palmas,Neom,1x2,Home,2.200,lost,-1.0000,https://www.betaminic.com/shootingbets/results/
betaminic,2026-07-31,CONCACAF - Central American Cup,Herediano,Marathon,1x2,Draw,3.500,won,2.5000,https://www.betaminic.com/shootingbets/results/
betaminic,2026-07-30,Ecuador - Cup,LDU Quito,Leones del Norte,over_under_25,Over,2.250,won,1.2500,https://www.betaminic.com/shootingbets/results/
betaminic,2026-07-30,Paraguay - Reserve League,Sportivo Luqueno,Sportivo Trinidense,1x2,Away,3.500,won,2.5000,https://www.betaminic.com/shootingbets/results/
betaminic,2026-07-30,CAF - Africa Cup of Nations U20 Qualifiers,Ghana,Burkina Faso,1x2,Home,2.380,lost,-1.0000,https://www.betaminic.com/shootingbets/results/
betaminic,2026-07-30,Israel - Ligat Leumit Toto Cup,Hapoel Kfar Saba,Hapoel Afula,1x2,Home,1.800,won,0.8000,https://www.betaminic.com/shootingbets/results/
betaminic,2026-07-30,Israel - Ligat Leumit Toto Cup,Maccabi Kabilio Jaffa,Hapoel Rishon Lezion,1x2,Home,2.700,lost,-1.0000,https://www.betaminic.com/shootingbets/results/
betaminic,2026-07-30,Club Friendlies,FC Andorra,CE Europa,1x2,Home,1.950,lost,-1.0000,https://www.betaminic.com/shootingbets/results/
betaminic,2026-07-30,Czech Republic - Cup,Hluboka nad Vltavou,Spartak Sobeslav,1x2,Home,2.300,won,1.3000,https://www.betaminic.com/shootingbets/results/
betaminic,2026-07-30,Finland - Kolmonen,VPV,LBK,1x2,Away,4.200,won,3.2000,https://www.betaminic.com/shootingbets/results/
betaminic,2026-07-30,Norway - U19 League,Molde,Rosenborg,1x2,Away,3.250,won,2.2500,https://www.betaminic.com/shootingbets/results/
betaminic,2026-07-30,Uzbekistan - Pro League,Shurtan,Respublika FA,1x2,Home,1.700,won,0.7000,https://www.betaminic.com/shootingbets/results/
betaminic,2026-07-30,Uzbekistan - Pro League,Pakhtakor Tashkent II,Olimpik Mobiuz,1x2,Away,1.600,won,0.6000,https://www.betaminic.com/shootingbets/results/
betaminic,2026-07-30,India - Durand Cup,Samaleswari SC,Baghpat FC,1x2,Home,4.000,won,3.0000,https://www.betaminic.com/shootingbets/results/
betaminic,2026-07-30,Norway - U19 League,Odd BK,Ham-Kam,1x2,Home,1.730,lost,-1.0000,https://www.betaminic.com/shootingbets/results/
betaminic,2026-07-30,Paraguay - Reserve League,Nacional Asuncion,Olimpia Asuncion,1x2,Away,4.000,won,3.0000,https://www.betaminic.com/shootingbets/results/
betaminic,2026-07-29,Brazil - Goiano 2,Morrinhos,Bom Jesus,1x2,Away,3.500,won,2.5000,https://www.betaminic.com/shootingbets/results/
betaminic,2026-07-29,Panama - Liga Prom,San Martin,Chorrillo,1x2,Away,3.800,won,2.8000,https://www.betaminic.com/shootingbets/results/
betaminic,2026-07-29,Brazil - Paulista Women,Palmeiras,Corinthians,over_under_25,Over,2.050,lost,-1.0000,https://www.betaminic.com/shootingbets/results/
betaminic,2026-07-29,El Salvador - Reserve League U20,Luis Angel Firpo,Fuerte San Francisco,1x2,Home,1.910,lost,-1.0000,https://www.betaminic.com/shootingbets/results/
betaminic,2026-07-29,CONCACAF - U20 Championship,Jamaica,Panama,1x2,Home,3.600,lost,-1.0000,https://www.betaminic.com/shootingbets/results/
betaminic,2026-07-29,Iceland - 2. Deild,Kari,Kormakur/Hvot,1x2,Home,2.250,lost,-1.0000,https://www.betaminic.com/shootingbets/results/
betaminic,2026-07-29,Northern Ireland - Championship Women,Bangor,Greenisland,1x2,Away,3.900,lost,-1.0000,https://www.betaminic.com/shootingbets/results/
betaminic,2026-07-29,Club Friendlies,Burnley,Espanyol,over_under_25,Under,2.250,lost,-1.0000,https://www.betaminic.com/shootingbets/results/
betaminic,2026-07-29,Northern Ireland - Championship Women,Ballymoney United,St. James Swifts,1x2,Home,4.500,won,3.5000,https://www.betaminic.com/shootingbets/results/
betaminic,2026-07-29,Club Friendlies,Farnborough,Portsmouth,1x2,Away,1.800,lost,-1.0000,https://www.betaminic.com/shootingbets/results/
betaminic,2026-07-29,Club Friendlies,Forest Green Rovers,Bristol City,1x2,Away,5.000,lost,-1.0000,https://www.betaminic.com/shootingbets/results/
betaminic,2026-07-29,Club Friendlies,Boston United,Grimsby Town,1x2,Away,2.100,lost,-1.0000,https://www.betaminic.com/shootingbets/results/
betaminic,2026-07-29,Club Friendlies,Hoffenheim,Holstein Kiel,1x2,Away,6.000,lost,-1.0000,https://www.betaminic.com/shootingbets/results/
betaminic,2026-07-29,Finland - Kolmonen,LAUTP,Mikkelin Palloilijat II,1x2,Away,2.200,won,1.2000,https://www.betaminic.com/shootingbets/results/
betaminic,2026-07-29,Finland - Kolmonen,JPS,FC Blackbird,1x2,Home,1.800,lost,-1.0000,https://www.betaminic.com/shootingbets/results/
betaminic,2026-07-29,Finland - Kolmonen,TiPS,Valtti,1x2,Home,2.900,won,1.9000,https://www.betaminic.com/shootingbets/results/
betaminic,2026-07-29,Finland - Kolmonen,IPS Edustus,KJP Kouvola,1x2,Away,4.750,lost,-1.0000,https://www.betaminic.com/shootingbets/results/
betaminic,2026-07-29,Romania - Cup,ACS USV Iasi,Stiinta Miroslava,1x2,Home,2.250,won,1.2500,https://www.betaminic.com/shootingbets/results/
betaminic,2026-07-29,CAF - Africa Cup of Nations U20 Qualifiers,Benin,Niger,1x2,Home,6.000,lost,-1.0000,https://www.betaminic.com/shootingbets/results/
betaminic,2026-07-29,Norway - U19 League,Fredrikstad,Stabaek,1x2,Home,3.100,won,2.1000,https://www.betaminic.com/shootingbets/results/
betaminic,2026-07-29,Bolivia - Primera Division Women,Always Ready,Club Bolivar,1x2,Away,2.550,won,1.5500,https://www.betaminic.com/shootingbets/results/
betaminic,2026-07-29,China - League Two,Lanzhou Longyuan,Taian Tiankuang,1x2,Home,3.000,lost,-1.0000,https://www.betaminic.com/shootingbets/results/
betaminic,2026-07-29,Norway - U19 League,Asane Fotball,Sandefjord,1x2,Away,3.200,lost,-1.0000,https://www.betaminic.com/shootingbets/results/
betaminic,2026-07-29,Australia - NPL Queensland Women,Gold Coast Knights,Queensland Lions,1x2,Away,4.200,won,3.2000,https://www.betaminic.com/shootingbets/results/
betaminic,2026-07-29,Australia - NPL Northern NSW Women,Newcastle Olympic,Charlestown Azzurri,1x2,Away,2.800,won,1.8000,https://www.betaminic.com/shootingbets/results/
betaminic,2026-07-29,Myanmar - Women League,Myawadi,Thitsar Arman,1x2,Away,1.950,won,0.9500,https://www.betaminic.com/shootingbets/results/
betaminic,2026-07-29,Australia - Queensland Premier League 3,Logan Roos,North Lakes United,1x2,Home,2.100,lost,-1.0000,https://www.betaminic.com/shootingbets/results/
betaminic,2026-07-29,Club Friendlies,Kustosija Zagreb,Karlovac 1919,1x2,Home,2.900,lost,-1.0000,https://www.betaminic.com/shootingbets/results/
betaminic,2026-07-29,New Zealand - Northern League,Auckland City,Bay Olympic,over_under_25,Under,3.400,lost,-1.0000,https://www.betaminic.com/shootingbets/results/
betaminic,2026-07-28,CFU - Club Shield,Inter Willemstad,Delfines Del Este,1x2,Away,2.200,lost,-1.0000,https://www.betaminic.com/shootingbets/results/
betaminic,2026-07-28,Iceland - 1. Deild Women,Haukar Hafnarfjordur,IA Akranes,1x2,Away,2.700,lost,-1.0000,https://www.betaminic.com/shootingbets/results/
betaminic,2026-07-28,Club Friendlies,Stoke City,Everton,1x2,Home,3.800,won,2.8000,https://www.betaminic.com/shootingbets/results/
betaminic,2026-07-28,Club Friendlies,Tamworth,Macclesfield,1x2,Away,4.000,lost,-1.0000,https://www.betaminic.com/shootingbets/results/
betaminic,2026-07-28,Club Friendlies,Slough Town,Oxford City,1x2,Away,2.380,lost,-1.0000,https://www.betaminic.com/shootingbets/results/
betaminic,2026-07-28,Club Friendlies,Scarborough Athletic,Hull City,1x2,Away,2.150,lost,-1.0000,https://www.betaminic.com/shootingbets/results/
betaminic,2026-07-28,Club Friendlies,Maidstone United,Brentwood Town,1x2,Home,1.530,won,0.5300,https://www.betaminic.com/shootingbets/results/
betaminic,2026-07-28,Club Friendlies,Gateshead,South Shields,1x2,Away,3.000,won,2.0000,https://www.betaminic.com/shootingbets/results/
betaminic,2026-07-28,Club Friendlies,York City,Peterborough United,1x2,Away,2.300,won,1.3000,https://www.betaminic.com/shootingbets/results/
betaminic,2026-07-28,Club Friendlies,Carlisle United,Salford City,1x2,Home,3.600,lost,-1.0000,https://www.betaminic.com/shootingbets/results/
betaminic,2026-07-28,Club Friendlies,Accrington Stanley,Bury FC,1x2,Away,4.750,lost,-1.0000,https://www.betaminic.com/shootingbets/results/
betaminic,2026-07-28,Club Friendlies,Barnet,MK Dons,1x2,Home,2.900,lost,-1.0000,https://www.betaminic.com/shootingbets/results/
betaminic,2026-07-28,Club Friendlies,Oxford United,Crawley Town,1x2,Away,8.000,lost,-1.0000,https://www.betaminic.com/shootingbets/results/
betaminic,2026-07-28,Club Friendlies,Fleetwood Town,Bolton Wanderers,1x2,Home,4.750,lost,-1.0000,https://www.betaminic.com/shootingbets/results/
betaminic,2026-07-28,CFU - Club Shield,Helenites,Metropolitan,1x2,Away,1.400,won,0.4000,https://www.betaminic.com/shootingbets/results/
betaminic,2026-07-28,Bulgaria - Second League,Rilski Sportist Samokov,Ludogorets Razgrad II,1x2,Away,4.200,won,3.2000,https://www.betaminic.com/shootingbets/results/
betaminic,2026-07-28,Bulgaria - Second League,Dobrudzha Dobrich,Pirin Blagoevgrad,1x2,Home,1.730,won,0.7300,https://www.betaminic.com/shootingbets/results/
betaminic,2026-07-28,Club Friendlies,Udinese,Shabab Al Ahli,1x2,Home,2.000,lost,-1.0000,https://www.betaminic.com/shootingbets/results/
betaminic,2026-07-28,Uruguay - Reserve League,Liverpool Montevideo,Albion,over_under_25,Under,1.950,lost,-1.0000,https://www.betaminic.com/shootingbets/results/
betaminic,2026-07-28,Australia - NPL Western Australia Women,Subiaco,Perth RedStar,1x2,Home,5.000,won,4.0000,https://www.betaminic.com/shootingbets/results/
betaminic,2026-07-28,India - Calcutta Premier Division,United Kolkata SC,Mohun Bagan II,1x2,Away,2.380,won,1.3800,https://www.betaminic.com/shootingbets/results/
betaminic,2026-07-28,CONCACAF - U20 Championship,Costa Rica,Mexico,1x2,Home,8.000,lost,-1.0000,https://www.betaminic.com/shootingbets/results/
betaminic,2026-07-27,Brazil - Sul-Matogrossense B,EC Taveiropolis,Esporte Clube Sao Gabriel RS,over_under_25,Over,2.100,won,1.1000,https://www.betaminic.com/shootingbets/results/
betaminic,2026-07-27,Brazil - Copa Paulista,Gremio Prudente,Bandeirante,1x2,Home,2.000,won,1.0000,https://www.betaminic.com/shootingbets/results/
betaminic,2026-07-27,Uruguay - Primera Division Amateur,Durazno,Deportivo LSM,1x2,Home,3.100,lost,-1.0000,https://www.betaminic.com/shootingbets/results/
betaminic,2026-07-27,Brazil - Paulista Women,Sao Paulo,Mirassol,1x2,Draw,7.500,lost,-1.0000,https://www.betaminic.com/shootingbets/results/
betaminic,2026-07-27,CAF - Africa Cup of Nations U20 Qualifiers,Togo,Burkina Faso,1x2,Away,3.300,won,2.3000,https://www.betaminic.com/shootingbets/results/
betaminic,2026-07-27,Norway - 3rd Division,Lyn II,Oppsal,1x2,Home,1.670,lost,-1.0000,https://www.betaminic.com/shootingbets/results/
betaminic,2026-07-27,Norway - 3rd Division,Sarpsborg 08 II,Orn Horten,1x2,Home,2.880,lost,-1.0000,https://www.betaminic.com/shootingbets/results/
betaminic,2026-07-27,Norway - 3rd Division,Volda,Ranheim II,1x2,Home,1.620,won,0.6200,https://www.betaminic.com/shootingbets/results/
betaminic,2026-07-27,Norway - 3rd Division,Odd BK II,Vag,1x2,Home,1.730,lost,-1.0000,https://www.betaminic.com/shootingbets/results/
betaminic,2026-07-27,Estonia - Esiliiga A,Nomme United II,Viimsi JK,1x2,Away,1.600,won,0.6000,https://www.betaminic.com/shootingbets/results/
betaminic,2026-07-27,Club Friendlies,Al Sailiya,Sharjah FC,1x2,Away,2.250,won,1.2500,https://www.betaminic.com/shootingbets/results/
betaminic,2026-07-27,Kazakhstan - League Women,Ordabasy FC,FC Kaisar Kyzylorda,1x2,Home,5.000,lost,-1.0000,https://www.betaminic.com/shootingbets/results/
betaminic,2026-07-27,China - League Two,Qingdao Red Lions,Beijing Institute of Technology,1x2,Home,1.800,won,0.8000,https://www.betaminic.com/shootingbets/results/
betaminic,2026-07-27,India - Calcutta Premier Division,Police AC,Aryan,1x2,Home,1.800,lost,-1.0000,https://www.betaminic.com/shootingbets/results/
betaminic,2026-07-26,USA - MLS Next Pro League,Connecticut United,Columbus Crew II,1x2,Home,1.800,won,0.8000,https://www.betaminic.com/shootingbets/results/
betaminic,2026-07-26,Brazil - Serie D,ABC,Luverdense,over_under_25,Over,2.250,won,1.2500,https://www.betaminic.com/shootingbets/results/
betaminic,2026-07-26,CONCACAF - U20 Championship,Panama,Canada,1x2,Home,2.500,lost,-1.0000,https://www.betaminic.com/shootingbets/results/
betaminic,2026-07-26,Iceland - 5. Deild,SR Reykjavik,Skallagrimur,1x2,Away,2.100,won,1.1000,https://www.betaminic.com/shootingbets/results/
betaminic,2026-07-26,Venezuela - Segunda Division,Dynamo Puerto,Monagas II,1x2,Away,3.500,lost,-1.0000,https://www.betaminic.com/shootingbets/results/
betaminic,2026-07-26,Bolivia - Primera Division,Blooming,The Strongest,1x2,Away,3.900,lost,-1.0000,https://www.betaminic.com/shootingbets/results/
betaminic,2026-07-26,Club Friendlies,Sevilla,Ceuta,1x2,Home,1.750,won,0.7500,https://www.betaminic.com/shootingbets/results/
betaminic,2026-07-26,Brazil - Goiano 2,Crixas,Rio Verde,1x2,Home,8.000,lost,-1.0000,https://www.betaminic.com/shootingbets/results/
betaminic,2026-07-26,Club Friendlies,Sambenedettese,Avellino,1x2,Away,1.650,won,0.6500,https://www.betaminic.com/shootingbets/results/
betaminic,2026-07-26,Peru - Liga 2,Deportivo Binacional,Bentin Tacna Heroica,1x2,Home,5.000,lost,-1.0000,https://www.betaminic.com/shootingbets/results/
betaminic,2026-07-26,Argentina - Torneo Federal A,Douglas Haig,9 de Julio Rafaela,1x2,Home,2.630,won,1.6300,https://www.betaminic.com/shootingbets/results/
betaminic,2026-07-26,Argentina - Torneo Federal A,San Martin de Mendoza,Argentino Monte Maiz,1x2,Home,2.100,lost,-1.0000,https://www.betaminic.com/shootingbets/results/
betaminic,2026-07-26,Brazil - Baiano 2,SSA,Fluminense de Feira,1x2,Draw,4.000,lost,-1.0000,https://www.betaminic.com/shootingbets/results/
betaminic,2026-07-26,Argentina - Torneo Federal A,Independiente Chivilcoy,Sportivo Las Parejas,1x2,Home,3.300,lost,-1.0000,https://www.betaminic.com/shootingbets/results/
betaminic,2026-07-26,Argentina - Copa Santa Fe,Argentino de Rosario,Rosario Central,1x2,Home,5.500,lost,-1.0000,https://www.betaminic.com/shootingbets/results/
betaminic,2026-07-26,Brazil - Paulista U20,Palmeiras,RB Bragantino,1x2,Away,3.400,won,2.4000,https://www.betaminic.com/shootingbets/results/
betaminic,2026-07-26,Mexico - U19 League,Pachuca,Queretaro,1x2,Home,1.800,won,0.8000,https://www.betaminic.com/shootingbets/results/
betaminic,2026-07-26,Mexico - U19 League,Necaxa,Monterrey,1x2,Home,2.380,lost,-1.0000,https://www.betaminic.com/shootingbets/results/
betaminic,2026-07-26,Hungary - NB 2,Soroksar,Mezokovesd Zsory,1x2,Home,3.700,won,2.7000,https://www.betaminic.com/shootingbets/results/
betaminic,2026-07-26,CAF - Africa Cup of Nations Women,Algeria,Senegal,1x2,Home,2.450,won,1.4500,https://www.betaminic.com/shootingbets/results/
betaminic,2026-07-26,Scotland - Premier League Cup Women,Boroughmuir Thistle,Kilmarnock,1x2,Home,3.000,lost,-1.0000,https://www.betaminic.com/shootingbets/results/
betaminic,2026-07-26,Estonia - Meistriliiga Women,Saku Sporting,Paide Linnameeskond,1x2,Home,5.000,won,4.0000,https://www.betaminic.com/shootingbets/results/
betaminic,2026-07-26,Club Friendlies,Novara,Internazionale U23,1x2,Home,2.400,won,1.4000,https://www.betaminic.com/shootingbets/results/
betaminic,2026-07-26,Scotland - Premier League Cup Women,Motherwell,Montrose,1x2,Away,3.750,won,2.7500,https://www.betaminic.com/shootingbets/results/
betaminic,2026-07-26,Czech Republic - Cup,Chotebor,Velke Mezirici,1x2,Home,2.500,won,1.5000,https://www.betaminic.com/shootingbets/results/
betaminic,2026-07-26,Czech Republic - Cup,Bilovec,Vitkovice,1x2,Away,1.910,won,0.9100,https://www.betaminic.com/shootingbets/results/
betaminic,2026-07-26,Club Friendlies,Karlsruher,Internazionale,1x2,Home,11.000,lost,-1.0000,https://www.betaminic.com/shootingbets/results/
betaminic,2026-07-26,Club Friendlies,Eintracht Frankfurt,Trabzonspor,1x2,Home,2.100,won,1.1000,https://www.betaminic.com/shootingbets/results/
betaminic,2026-07-26,Norway - 3rd Division,Fyllingsdalen,Asane ll,1x2,Home,2.250,lost,-1.0000,https://www.betaminic.com/shootingbets/results/
betaminic,2026-07-26,Uruguay - Primera Division Amateur,Mar de Fondo,Deportivo Italiano,1x2,Away,2.700,won,1.7000,https://www.betaminic.com/shootingbets/results/
betaminic,2026-07-26,Kazakhstan - Premier League,Tobol Kostanay,Atyrau,1x2,Home,1.730,won,0.7300,https://www.betaminic.com/shootingbets/results/
betaminic,2026-07-26,Finland - Kolmonen,Mikkelin Palloilijat II,IPS Edustus,1x2,Away,2.630,lost,-1.0000,https://www.betaminic.com/shootingbets/results/
betaminic,2026-07-26,Club Friendlies,Feyenoord,Rayo Vallecano,over_under_25,Under,2.350,won,1.3500,https://www.betaminic.com/shootingbets/results/
betaminic,2026-07-26,Club Friendlies,Bonner,Uerdingen,1x2,Away,3.600,won,2.6000,https://www.betaminic.com/shootingbets/results/
betaminic,2026-07-26,Korea Republic - K4 League,Haman,Sejong SA,1x2,Away,1.900,lost,-1.0000,https://www.betaminic.com/shootingbets/results/
betaminic,2026-07-26,Finland - U21 League,TiPS,Honka,1x2,Away,1.570,won,0.5700,https://www.betaminic.com/shootingbets/results/
betaminic,2026-07-26,Macau - Primeira Divisao,Gala,Shao Jiang,1x2,Away,1.750,won,0.7500,https://www.betaminic.com/shootingbets/results/
betaminic,2026-07-26,Hungary - NB 3,MTK Budapest II,Budafoki MTE,1x2,Away,2.700,lost,-1.0000,https://www.betaminic.com/shootingbets/results/
betaminic,2026-07-26,China - League Two,Shanghai Port II,Taian Tiankuang,1x2,Away,2.880,won,1.8800,https://www.betaminic.com/shootingbets/results/
betaminic,2026-07-26,Australia - Queensland Premier League 3,Logan Roos,North Pine,1x2,Away,2.630,lost,-1.0000,https://www.betaminic.com/shootingbets/results/
betaminic,2026-07-26,Australia - Queensland Premier League 3,Ipswich Knights,Yeronga Eagles,1x2,Home,5.000,won,4.0000,https://www.betaminic.com/shootingbets/results/
betaminic,2026-07-26,Australia - NPL New South Wales U20,Rockdale Ilinden,Sutherland Sharks,1x2,Home,2.750,lost,-1.0000,https://www.betaminic.com/shootingbets/results/
betaminic,2026-07-26,Australia - NPL Northern NSW Women,Newcastle Olympic,Broadmeadow Magic,1x2,Home,3.700,lost,-1.0000,https://www.betaminic.com/shootingbets/results/
betaminic,2026-07-26,New Zealand - Chatham Cup,Nelson Suburbs,Auckland United,1x2,Away,3.300,lost,-1.0000,https://www.betaminic.com/shootingbets/results/
betaminic,2026-07-25,CONCACAF - U20 Championship,Cuba,El Salvador,1x2,Home,4.200,won,3.2000,https://www.betaminic.com/shootingbets/results/
betaminic,2026-07-25,Brazil - Brasileiro Women A2,Itacoatiara,AE 3B da Amazonia,1x2,Home,5.000,lost,-1.0000,https://www.betaminic.com/shootingbets/results/
betaminic,2026-07-25,Brazil - Brasileiro Women A2,Acao,Perolas Negras,1x2,Home,1.850,lost,-1.0000,https://www.betaminic.com/shootingbets/results/
betaminic,2026-07-25,Brazil - Sul-Matogrossense B,Esporte Clube Comercial,Misto EC,over_under_25,Over,2.200,lost,-1.0000,https://www.betaminic.com/shootingbets/results/
betaminic,2026-07-25,Brazil - Goiano 2,Gremio Anapolis,Morrinhos,1x2,Home,4.330,lost,-1.0000,https://www.betaminic.com/shootingbets/results/
betaminic,2026-07-25,Brazil - Brasileiro Women A2,Paysandu,Clube Atletico Piauiense,over_under_25,Under,2.250,lost,-1.0000,https://www.betaminic.com/shootingbets/results/
betaminic,2026-07-25,Brazil - Paranaense 3,Portuguesa Londrinense,PSTC,1x2,Away,2.250,won,1.2500,https://www.betaminic.com/shootingbets/results/
betaminic,2026-07-25,Brazil - Brasiliense U20,Legiao,Samambaia,1x2,Away,2.050,won,1.0500,https://www.betaminic.com/shootingbets/results/
betaminic,2026-07-25,Brazil - Catarinense 2,Metropolitano,Fluminense de Joinville,1x2,Home,1.420,won,0.4200,https://www.betaminic.com/shootingbets/results/
betaminic,2026-07-25,Argentina - Torneo Federal A,Defensores de Belgrano VR,Gimnasia Chivilcoy,1x2,Home,3.500,lost,-1.0000,https://www.betaminic.com/shootingbets/results/
betaminic,2026-07-25,Club Friendlies,Valencia,Castellon,1x2,Away,5.000,won,4.0000,https://www.betaminic.com/shootingbets/results/
betaminic,2026-07-25,UEFA - Champions League Women,KFF Mitrovica,Ludogorets Razgrad,1x2,Home,1.730,won,0.7300,https://www.betaminic.com/shootingbets/results/
betaminic,2026-07-25,Uruguay - Primera Division Amateur,Centro Atletico Lito,Terremoto,1x2,Away,4.000,lost,-1.0000,https://www.betaminic.com/shootingbets/results/
betaminic,2026-07-25,Brazil - Paulista U20,Sertaozinho,America SP,1x2,Home,1.530,won,0.5300,https://www.betaminic.com/shootingbets/results/
betaminic,2026-07-25,Bulgaria - Second League,Yantra Gabrovo,Spartak Pleven,1x2,Home,1.620,lost,-1.0000,https://www.betaminic.com/shootingbets/results/
betaminic,2026-07-25,Club Friendlies,VVV Venlo,Fortuna Koln,1x2,Home,2.380,lost,-1.0000,https://www.betaminic.com/shootingbets/results/
betaminic,2026-07-25,Hungary - NB 3,Pecsi MFC,Dunaharaszti MTK,1x2,Home,1.550,won,0.5500,https://www.betaminic.com/shootingbets/results/
betaminic,2026-07-25,Mexico - U21 League,Santos Laguna,Atlas,1x2,Home,2.630,won,1.6300,https://www.betaminic.com/shootingbets/results/
betaminic,2026-07-25,Club Friendlies,Rennes,Club Brugge,1x2,Away,3.000,lost,-1.0000,https://www.betaminic.com/shootingbets/results/
betaminic,2026-07-25,Club Friendlies,Empoli,Virtus Entella,1x2,Home,2.100,won,1.1000,https://www.betaminic.com/shootingbets/results/
betaminic,2026-07-25,Austria - Cup,Bad Leonfelden,SW Bregenz,1x2,Away,1.570,won,0.5700,https://www.betaminic.com/shootingbets/results/
betaminic,2026-07-25,Club Friendlies,Neusiedl,Dinamo Helfort,1x2,Away,2.500,won,1.5000,https://www.betaminic.com/shootingbets/results/
betaminic,2026-07-25,Bulgaria - Second League,Nesebar,Etar Veliko Tarnovo,1x2,Away,2.880,won,1.8800,https://www.betaminic.com/shootingbets/results/
betaminic,2026-07-25,Hungary - NB 3,Mosonmagyarovari TE,Sarisapi Banyasz,1x2,Home,1.730,won,0.7300,https://www.betaminic.com/shootingbets/results/
betaminic,2026-07-25,Hungary - NB 3,III Keruleti Tve,Csepel,1x2,Home,1.800,won,0.8000,https://www.betaminic.com/shootingbets/results/
betaminic,2026-07-25,Club Friendlies,Wycombe Wanderers,Portsmouth,1x2,Home,3.300,won,2.3000,https://www.betaminic.com/shootingbets/results/
betaminic,2026-07-25,Uzbekistan - Pro League,Kattaqorgon,Yaypan FK,1x2,Home,1.850,won,0.8500,https://www.betaminic.com/shootingbets/results/
betaminic,2026-07-25,Club Friendlies,Cesena,Carpi,1x2,Home,1.500,won,0.5000,https://www.betaminic.com/shootingbets/results/
betaminic,2026-07-25,Austria - Cup,Lustenau 1907,Kitzbuhel,1x2,Away,2.350,won,1.3500,https://www.betaminic.com/shootingbets/results/
betaminic,2026-07-25,Ireland - National League Women,Treaty United,Shelbourne,over_under_25,Over,1.900,lost,-1.0000,https://www.betaminic.com/shootingbets/results/
betaminic,2026-07-25,Club Friendlies,Eastleigh,Crawley Town,1x2,Away,2.000,won,1.0000,https://www.betaminic.com/shootingbets/results/
betaminic,2026-07-25,Club Friendlies,Go Ahead Eagles,OFI Crete,1x2,Home,2.100,won,1.1000,https://www.betaminic.com/shootingbets/results/
betaminic,2026-07-25,Club Friendlies,SV Waldhof Mannheim 07,Triglav Kranj,1x2,Home,1.400,won,0.4000,https://www.betaminic.com/shootingbets/results/
betaminic,2026-07-25,Club Friendlies,Barry Town,Gloucester City,1x2,Home,2.400,lost,-1.0000,https://www.betaminic.com/shootingbets/results/
betaminic,2026-07-25,Club Friendlies,Lewes,Dorking Wanderers,1x2,Away,1.670,won,0.6700,https://www.betaminic.com/shootingbets/results/
betaminic,2026-07-25,Club Friendlies,Carlton Town,Matlock Town,1x2,Away,2.380,won,1.3800,https://www.betaminic.com/shootingbets/results/
betaminic,2026-07-25,Club Friendlies,Harland And Wolff Welders,Dungannon Swifts,1x2,Away,1.670,lost,-1.0000,https://www.betaminic.com/shootingbets/results/
betaminic,2026-07-25,Club Friendlies,Moyola Park,Crusaders,1x2,Home,6.000,won,5.0000,https://www.betaminic.com/shootingbets/results/
betaminic,2026-07-25,Norway - 3rd Division,Melhus,Herd,1x2,Home,2.000,won,1.0000,https://www.betaminic.com/shootingbets/results/
betaminic,2026-07-25,Kazakhstan - Premier League,Ulytau,Irtysh Pavlodar,1x2,Home,2.630,lost,-1.0000,https://www.betaminic.com/shootingbets/results/
betaminic,2026-07-25,Norway - 3rd Division,Mandalskameratene,Staal Joerpeland,1x2,Home,1.670,won,0.6700,https://www.betaminic.com/shootingbets/results/
betaminic,2026-07-25,Club Friendlies,Watford,Hansa Rostock,1x2,Away,3.750,lost,-1.0000,https://www.betaminic.com/shootingbets/results/
betaminic,2026-07-25,Club Friendlies,Hereford,Solihull Moors,1x2,Home,3.750,lost,-1.0000,https://www.betaminic.com/shootingbets/results/
betaminic,2026-07-25,Club Friendlies,AZ Alkmaar,Olympiakos,1x2,Home,2.800,won,1.8000,https://www.betaminic.com/shootingbets/results/
betaminic,2026-07-25,Sweden - Elitettan Women,Trelleborgs,Linkopings,1x2,Away,1.750,lost,-1.0000,https://www.betaminic.com/shootingbets/results/
betaminic,2026-07-25,Ukraine - Persha Liga,Polissya Zhytomyr II,UCSA Tarasivka,1x2,Home,2.630,lost,-1.0000,https://www.betaminic.com/shootingbets/results/
betaminic,2026-07-25,Malawi - Super League,Dedza Dynamos,Big Bullets,1x2,Away,2.050,lost,-1.0000,https://www.betaminic.com/shootingbets/results/
betaminic,2026-07-25,Uzbekistan - Pro League,Fardu,Lochin,1x2,Away,3.100,lost,-1.0000,https://www.betaminic.com/shootingbets/results/
betaminic,2026-07-25,Malawi - Super League,Civil Service United,Moyale Barracks,1x2,Home,2.150,lost,-1.0000,https://www.betaminic.com/shootingbets/results/
betaminic,2026-07-25,Malawi - Super League,Blue Eagles,Red Lions,1x2,Home,1.800,won,0.8000,https://www.betaminic.com/shootingbets/results/
betaminic,2026-07-25,Norway - 3rd Division,Drobak Frogn,Brumunddal,1x2,Away,7.500,lost,-1.0000,https://www.betaminic.com/shootingbets/results/
betaminic,2026-07-25,Finland - Kolmonen,KJP Kouvola,HaPK,1x2,Away,2.200,won,1.2000,https://www.betaminic.com/shootingbets/results/
betaminic,2026-07-25,Club Friendlies,Rot-Weiss Essen,Borussia Monchengladbach,1x2,Home,5.500,lost,-1.0000,https://www.betaminic.com/shootingbets/results/
betaminic,2026-07-25,Club Friendlies,Augsburg,Saarbrucken,1x2,Away,7.000,lost,-1.0000,https://www.betaminic.com/shootingbets/results/
betaminic,2026-07-25,Club Friendlies,RAAL La Louviere,Samsunspor,1x2,Home,3.250,lost,-1.0000,https://www.betaminic.com/shootingbets/results/
betaminic,2026-07-25,Czech Republic - Cup,Bridlicna,Hlucin,1x2,Away,2.250,lost,-1.0000,https://www.betaminic.com/shootingbets/results/
betaminic,2026-07-25,Club Friendlies,Quorn,Harborough Town,1x2,Away,1.800,lost,-1.0000,https://www.betaminic.com/shootingbets/results/
betaminic,2026-07-25,China - League Two,Guizhou Zhucheng Athletic,Ganzhou Ruishi,1x2,Home,1.570,won,0.5700,https://www.betaminic.com/shootingbets/results/
betaminic,2026-07-25,India - Durand Cup,East Bengal,Mohun Bagan,1x2,Home,3.250,lost,-1.0000,https://www.betaminic.com/shootingbets/results/
betaminic,2026-07-25,Club Friendlies,Fortuna Dusseldorf,Borussia Dortmund,1x2,Home,9.000,won,8.0000,https://www.betaminic.com/shootingbets/results/
betaminic,2026-07-25,Norway - 3rd Division,Ullern,Heming,1x2,Home,3.000,lost,-1.0000,https://www.betaminic.com/shootingbets/results/
betaminic,2026-07-25,Poland - 2nd Liga,Legia Warsaw II,Stal Stalowa Wola,1x2,Away,3.250,won,2.2500,https://www.betaminic.com/shootingbets/results/
betaminic,2026-07-25,Club Friendlies,Dynamo Dresden,Energie Cottbus,1x2,Home,1.830,lost,-1.0000,https://www.betaminic.com/shootingbets/results/
betaminic,2026-07-25,Denmark - Elitedivisionen Women,Midtjylland,Brondby,1x2,Home,5.500,lost,-1.0000,https://www.betaminic.com/shootingbets/results/
betaminic,2026-07-25,Club Friendlies,Bronshoj,HIK,1x2,Home,4.000,lost,-1.0000,https://www.betaminic.com/shootingbets/results/
betaminic,2026-07-25,Club Friendlies,Frem,Fremad Amager,1x2,Home,4.000,won,3.0000,https://www.betaminic.com/shootingbets/results/
betaminic,2026-07-25,Club Friendlies,JKS 1909 Jaroslaw,Moravia Morawica,1x2,Home,1.910,won,0.9100,https://www.betaminic.com/shootingbets/results/
betaminic,2026-07-25,Club Friendlies,Albirex Niigata,Montedio Yamagata,1x2,Away,4.000,won,3.0000,https://www.betaminic.com/shootingbets/results/
betaminic,2026-07-25,Club Friendlies,BKS Chemik Bydgoszcz,Stomil Olsztyn,1x2,Away,2.750,lost,-1.0000,https://www.betaminic.com/shootingbets/results/
betaminic,2026-07-25,Australia - NPL Western Australia Women,Perth RedStar,Balcatta Etna,1x2,Away,4.750,lost,-1.0000,https://www.betaminic.com/shootingbets/results/
betaminic,2026-07-25,Club Friendlies,Real Oviedo II,Real Aviles,1x2,Away,2.900,lost,-1.0000,https://www.betaminic.com/shootingbets/results/
betaminic,2026-07-25,Club Friendlies,Hoersholm-Usseroed,Roskilde,1x2,Home,4.000,lost,-1.0000,https://www.betaminic.com/shootingbets/results/
betaminic,2026-07-25,Club Friendlies,Girona,Alaves,1x2,Home,2.750,lost,-1.0000,https://www.betaminic.com/shootingbets/results/
betaminic,2026-07-25,Czech Republic - Cup,Vratimov,Havirov,1x2,Home,3.900,lost,-1.0000,https://www.betaminic.com/shootingbets/results/
betaminic,2026-07-25,Czech Republic - Cup,Tatran Bohunice,CSK Uhersky Brod,1x2,Home,4.000,lost,-1.0000,https://www.betaminic.com/shootingbets/results/
betaminic,2026-07-25,Australia - NPL Capital Territory,Cooma Tigers,Tuggeranong United,1x2,Home,1.570,won,0.5700,https://www.betaminic.com/shootingbets/results/
betaminic,2026-07-25,Club Friendlies,Matsumoto Yamaga,Ventforet Kofu,1x2,Home,3.100,won,2.1000,https://www.betaminic.com/shootingbets/results/
betaminic,2026-07-25,UEFA - Champions League Women,Buducnost Podgorica,Hapoel Jerusalem,1x2,Home,5.250,lost,-1.0000,https://www.betaminic.com/shootingbets/results/
betaminic,2026-07-25,Club Friendlies,Dubrava Zagreb,Kustosija Zagreb,1x2,Away,3.000,won,2.0000,https://www.betaminic.com/shootingbets/results/
betaminic,2026-07-25,Australia - Queensland Premier League Women,Virginia United,Moreton City Excelsior,1x2,Away,3.500,lost,-1.0000,https://www.betaminic.com/shootingbets/results/
betaminic,2026-07-25,Australia - New South Wales League 2,South Coast Flame,Inner West Hawks,1x2,Home,1.830,lost,-1.0000,https://www.betaminic.com/shootingbets/results/
betaminic,2026-07-25,Australia - NPL New South Wales Women,NWS Spirit,Hills United,1x2,Away,3.100,lost,-1.0000,https://www.betaminic.com/shootingbets/results/
betaminic,2026-07-25,Australia - NPL Capital Territory,Brindabella Blues,Canberra White Eagles,1x2,Away,1.900,won,0.9000,https://www.betaminic.com/shootingbets/results/
betaminic,2026-07-25,Australia - NPL Capital Territory Youth U23,Belconnen United,O'Connor Knights,1x2,Home,2.100,lost,-1.0000,https://www.betaminic.com/shootingbets/results/
betaminic,2026-07-25,Australia - NPL Northern NSW Women,Charlestown Azzurri,Adamstown Rosebud,1x2,Away,2.050,won,1.0500,https://www.betaminic.com/shootingbets/results/
betaminic,2026-07-25,Australia - NPL Victoria U23,Green Gully,Dandenong City,1x2,Away,3.100,lost,-1.0000,https://www.betaminic.com/shootingbets/results/
betaminic,2026-07-25,New Zealand - Cup Women,Eastern Suburbs AFC,Auckland United,1x2,Away,2.000,lost,-1.0000,https://www.betaminic.com/shootingbets/results/
betaminic,2026-07-24,CONCACAF - U20 Championship,Guatemala,Costa Rica,1x2,Home,5.500,lost,-1.0000,https://www.betaminic.com/shootingbets/results/
betaminic,2026-07-24,Iceland - 1. Deild Women,Haukar Hafnarfjordur,HK Kopavogur,1x2,Away,2.700,won,1.7000,https://www.betaminic.com/shootingbets/results/
betaminic,2026-07-24,Club Friendlies,Southport,FC United of Manchester,1x2,Away,4.330,lost,-1.0000,https://www.betaminic.com/shootingbets/results/
betaminic,2026-07-24,Club Friendlies,Carrick Rangers,Ballymena United,1x2,Away,3.300,won,2.3000,https://www.betaminic.com/shootingbets/results/
betaminic,2026-07-24,Club Friendlies,Stade Payerne,Yverdon Sport II,1x2,Away,3.300,lost,-1.0000,https://www.betaminic.com/shootingbets/results/
betaminic,2026-07-24,Brazil - Paulista U20,SC Paulinense,Sao Caetano,1x2,Home,2.600,won,1.6000,https://www.betaminic.com/shootingbets/results/
betaminic,2026-07-24,Brazil - Paulista U20,Sfera,Osasco Audax,1x2,Home,1.850,lost,-1.0000,https://www.betaminic.com/shootingbets/results/
betaminic,2026-07-24,Brazil - Paulista U20,Portuguesa Santista,Juventus SP,1x2,Away,2.150,won,1.1500,https://www.betaminic.com/shootingbets/results/
betaminic,2026-07-24,Brazil - Paulista U20,Uniao Sao Joao,EC Sao Bernardo,1x2,Home,3.000,lost,-1.0000,https://www.betaminic.com/shootingbets/results/
betaminic,2026-07-24,Brazil - Paulista U20,Guarani SP,Tanabi,1x2,Home,1.300,won,0.3000,https://www.betaminic.com/shootingbets/results/
betaminic,2026-07-24,Club Friendlies,Ebbsfleet United,Cardiff Metropolitan University,1x2,Home,2.300,lost,-1.0000,https://www.betaminic.com/shootingbets/results/
betaminic,2026-07-24,Club Friendlies,Royal Antwerp,Olympiakos,1x2,Away,2.400,lost,-1.0000,https://www.betaminic.com/shootingbets/results/
betaminic,2026-07-24,Paraguay - Reserve League,Deportivo Recoleta,Sportivo San Lorenzo,1x2,Away,6.250,lost,-1.0000,https://www.betaminic.com/shootingbets/results/
betaminic,2026-07-24,Austria - Cup,Atus Velden,Austria Klagenfurt,1x2,Away,3.100,won,2.1000,https://www.betaminic.com/shootingbets/results/
betaminic,2026-07-24,Club Friendlies,Kufstein,Pinzgau Saalfelden,1x2,Home,2.250,lost,-1.0000,https://www.betaminic.com/shootingbets/results/
betaminic,2026-07-24,Finland - Kolmonen,Valtti,ToTe,1x2,Away,2.500,won,1.5000,https://www.betaminic.com/shootingbets/results/
betaminic,2026-07-24,Club Friendlies,Gleisdorf 09,Sturm Graz II,1x2,Away,1.750,lost,-1.0000,https://www.betaminic.com/shootingbets/results/
betaminic,2026-07-24,Mozambique - Mocambola,Black Bulls Maputo,Ferrovario Lichinga,1x2,Home,1.570,won,0.5700,https://www.betaminic.com/shootingbets/results/
betaminic,2026-07-24,Bulgaria - Second League,Beroe,Hebar,1x2,Home,2.150,won,1.1500,https://www.betaminic.com/shootingbets/results/
betaminic,2026-07-24,Finland - Kolmonen,PK-37,KuPS Akatemia II,1x2,Home,2.630,won,1.6300,https://www.betaminic.com/shootingbets/results/
betaminic,2026-07-24,Finland - Kolmonen,LPS,VJS II,1x2,Away,2.600,won,1.6000,https://www.betaminic.com/shootingbets/results/
betaminic,2026-07-24,Club Friendlies,Sportfreunde Lotte,Werder Bremen II,1x2,Away,3.600,won,2.6000,https://www.betaminic.com/shootingbets/results/
betaminic,2026-07-24,Macau - Primeira Divisao,Gorilla Of The Universe,Artilheiros,1x2,Home,1.600,won,0.6000,https://www.betaminic.com/shootingbets/results/
betaminic,2026-07-24,Ukraine - Persha Liga,Oleksandria,Nyva Ternopil,1x2,Home,1.800,lost,-1.0000,https://www.betaminic.com/shootingbets/results/
betaminic,2026-07-24,Club Friendlies,Groningen,Volendam,1x2,Away,3.000,won,2.0000,https://www.betaminic.com/shootingbets/results/
betaminic,2026-07-24,Argentina - Youth League U20,Sacachispas FC,Club El Porvenir,1x2,Away,3.500,won,2.5000,https://www.betaminic.com/shootingbets/results/
betaminic,2026-07-24,Australia - Queensland Premier League Women,Peninsula Power,The Gap,1x2,Home,3.250,lost,-1.0000,https://www.betaminic.com/shootingbets/results/
betaminic,2026-07-24,Club Friendlies,Preston North End,Cambridge United,1x2,Away,4.500,won,3.5000,https://www.betaminic.com/shootingbets/results/
betaminic,2026-07-23,Canada - Northern Super League Women,Montreal Roses,AFC Toronto,1x2,Away,4.500,won,3.5000,https://www.betaminic.com/shootingbets/results/
betaminic,2026-07-23,Club Friendlies,Breitenrain,Solothurn,1x2,Away,7.000,won,6.0000,https://www.betaminic.com/shootingbets/results/
betaminic,2026-07-23,Finland - Kolmonen,Atlantis/PM,Kontu,1x2,Away,2.450,lost,-1.0000,https://www.betaminic.com/shootingbets/results/
betaminic,2026-07-23,Finland - Kolmonen,KPV Akatemia,VPV,1x2,Home,2.400,won,1.4000,https://www.betaminic.com/shootingbets/results/
betaminic,2026-07-23,Club Friendlies,HNK Gorica,Shakhtar Donetsk,over_under_25,Over,1.650,lost,-1.0000,https://www.betaminic.com/shootingbets/results/
betaminic,2026-07-23,Club Friendlies,SV Waldhof Mannheim 07,FC Liefering,1x2,Home,2.450,won,1.4500,https://www.betaminic.com/shootingbets/results/
betaminic,2026-07-22,Club Friendlies,Eastleigh,Valenciennes,1x2,Home,6.500,lost,-1.0000,https://www.betaminic.com/shootingbets/results/
betaminic,2026-07-22,Paraguay - Cup,Humaita FBC,Encarnacion,over_under_25,Under,2.350,lost,-1.0000,https://www.betaminic.com/shootingbets/results/
betaminic,2026-07-22,Club Friendlies,Southend United,Northampton Town,1x2,Home,9.000,lost,-1.0000,https://www.betaminic.com/shootingbets/results/
betaminic,2026-07-22,Iceland - U19 League,Throttur/SR,IA/Kari/Skallagrimur/Vikingur Olafsvík,1x2,Home,3.200,won,2.2000,https://www.betaminic.com/shootingbets/results/
betaminic,2026-07-22,Club Friendlies,Delemont,La Chaux De Fonds,1x2,Home,2.150,won,1.1500,https://www.betaminic.com/shootingbets/results/
betaminic,2026-07-22,UEFA - Champions League Women,Pyunik,Wrexham,1x2,Home,9.000,lost,-1.0000,https://www.betaminic.com/shootingbets/results/
betaminic,2026-07-22,Brazil - Rio Cup,Madureira,Bonsucesso,1x2,Away,3.700,lost,-1.0000,https://www.betaminic.com/shootingbets/results/
betaminic,2026-07-22,Paraguay - Women League,Olimpia Asuncion,Club Guarani,over_under_25,Under,2.750,lost,-1.0000,https://www.betaminic.com/shootingbets/results/
betaminic,2026-07-22,Club Friendlies,Osijek,Cibalia Vinkovci,1x2,Draw,5.000,lost,-1.0000,https://www.betaminic.com/shootingbets/results/
betaminic,2026-07-22,Club Friendlies,Cadiz,Leicester City,1x2,Away,2.880,won,1.8800,https://www.betaminic.com/shootingbets/results/
betaminic,2026-07-22,Club Friendlies,SV Wienerberg,Wiener Viktoria,1x2,Away,2.300,lost,-1.0000,https://www.betaminic.com/shootingbets/results/
betaminic,2026-07-22,Finland - Kolmonen,LBK,SJK-Juniorit,1x2,Home,5.250,won,4.2500,https://www.betaminic.com/shootingbets/results/
betaminic,2026-07-22,Club Friendlies,RAAL La Louviere,AE Kifisia,1x2,Home,2.150,lost,-1.0000,https://www.betaminic.com/shootingbets/results/
betaminic,2026-07-22,UEFA - Champions League Women,Flora Tallinn,Mgarr United,1x2,Home,5.250,lost,-1.0000,https://www.betaminic.com/shootingbets/results/
betaminic,2026-07-22,Finland - Kakkonen Group C,FF Jaro II,GBK,1x2,Away,2.550,lost,-1.0000,https://www.betaminic.com/shootingbets/results/
betaminic,2026-07-22,Finland - Kolmonen,KaaPo,PIF,1x2,Home,5.250,lost,-1.0000,https://www.betaminic.com/shootingbets/results/
betaminic,2026-07-22,UEFA - Champions League Women,PAOK,Hapoel Jerusalem,1x2,Home,1.850,won,0.8500,https://www.betaminic.com/shootingbets/results/
betaminic,2026-07-22,Club Friendlies Women,Grasshopper Club Zurich,Internazionale,1x2,Home,7.500,lost,-1.0000,https://www.betaminic.com/shootingbets/results/
betaminic,2026-07-22,UEFA - Champions League Women,Neftchi Baku,Buducnost Podgorica,1x2,Away,2.600,lost,-1.0000,https://www.betaminic.com/shootingbets/results/
betaminic,2026-07-22,New Zealand - NRFL Premiership Women,Auckland United,Eastern Suburbs AFC,1x2,Away,4.500,won,3.5000,https://www.betaminic.com/shootingbets/results/
betaminic,2026-07-21,Club Friendlies,Taunton Town,Weston Super Mare,1x2,Home,5.200,lost,-1.0000,https://www.betaminic.com/shootingbets/results/
betaminic,2026-07-21,Club Friendlies,Colchester United,Peterborough United,1x2,Home,2.500,lost,-1.0000,https://www.betaminic.com/shootingbets/results/
betaminic,2026-07-21,Club Friendlies,Chester,Stoke City,1x2,Away,3.250,lost,-1.0000,https://www.betaminic.com/shootingbets/results/
betaminic,2026-07-21,Club Friendlies,Hanworth Villa,Kingstonian,1x2,Away,5.000,lost,-1.0000,https://www.betaminic.com/shootingbets/results/
betaminic,2026-07-21,Club Friendlies,Alfreton Town,Rotherham United,1x2,Home,6.250,lost,-1.0000,https://www.betaminic.com/shootingbets/results/
betaminic,2026-07-21,Club Friendlies,South Shields,Harrogate Town,1x2,Home,2.600,lost,-1.0000,https://www.betaminic.com/shootingbets/results/
betaminic,2026-07-21,Club Friendlies,Garforth Town,Guiseley,1x2,Away,1.950,won,0.9500,https://www.betaminic.com/shootingbets/results/
betaminic,2026-07-21,Club Friendlies,Harland And Wolff Welders,Portadown,1x2,Home,3.100,lost,-1.0000,https://www.betaminic.com/shootingbets/results/
betaminic,2026-07-21,Club Friendlies,Merthyr Town,Briton Ferry Llansawel,1x2,Away,4.200,lost,-1.0000,https://www.betaminic.com/shootingbets/results/
betaminic,2026-07-21,Club Friendlies,Kidsgrove Athletic,Leek Town,1x2,Home,4.800,lost,-1.0000,https://www.betaminic.com/shootingbets/results/
betaminic,2026-07-21,Club Friendlies,Aldershot Town,Oxford United,1x2,Home,5.250,lost,-1.0000,https://www.betaminic.com/shootingbets/results/
betaminic,2026-07-21,Club Friendlies,Forest Green Rovers,Bristol Rovers,1x2,Home,3.500,lost,-1.0000,https://www.betaminic.com/shootingbets/results/
betaminic,2026-07-21,Club Friendlies,Hebburn Town,Hartlepool United,1x2,Home,5.250,lost,-1.0000,https://www.betaminic.com/shootingbets/results/
betaminic,2026-07-21,Club Friendlies,Ishoj,Frem,1x2,Away,2.600,won,1.6000,https://www.betaminic.com/shootingbets/results/
betaminic,2026-07-21,Club Friendlies,Slaven Belupo,Shakhtar Donetsk,1x2,Home,11.000,lost,-1.0000,https://www.betaminic.com/shootingbets/results/
betaminic,2026-07-21,Club Friendlies,Zeljeznicar Sarajevo,Bistrica,1x2,Home,2.000,lost,-1.0000,https://www.betaminic.com/shootingbets/results/
betaminic,2026-07-21,Club Friendlies,Hertha BSC,Mamelodi Sundowns,1x2,Home,2.700,lost,-1.0000,https://www.betaminic.com/shootingbets/results/
betaminic,2026-07-21,Club Friendlies Women,Brondby,Valerenga,1x2,Home,2.700,lost,-1.0000,https://www.betaminic.com/shootingbets/results/
betaminic,2026-07-21,Club Friendlies,Queens Park Rangers,Wycombe Wanderers,1x2,Away,7.000,lost,-1.0000,https://www.betaminic.com/shootingbets/results/
betaminic,2026-07-21,India - Calcutta Premier Division,Railway,George Telegraph,1x2,Home,3.600,lost,-1.0000,https://www.betaminic.com/shootingbets/results/
betaminic,2026-07-21,Australia - Cup,Queensland Lions,Perth Glory,1x2,Home,4.750,won,3.7500,https://www.betaminic.com/shootingbets/results/
betaminic,2026-07-21,Australia - NPL Capital Territory Youth U23,Canberra Juventus,Canberra Croatia,1x2,Home,3.600,lost,-1.0000,https://www.betaminic.com/shootingbets/results/
betaminic,2026-07-20,Club Friendlies,Young Boys II,Solothurn,1x2,Away,4.330,lost,-1.0000,https://www.betaminic.com/shootingbets/results/
betaminic,2026-07-20,Kazakhstan - League Women,FC Kaisar Kyzylorda,Tomiris Turan FC,1x2,Home,6.250,lost,-1.0000,https://www.betaminic.com/shootingbets/results/
betaminic,2026-07-19,Brazil - Catarinense 2,Juventus SC,Fluminense de Joinville,1x2,Home,2.150,won,1.1500,https://www.betaminic.com/shootingbets/results/
betaminic,2026-07-19,Brazil - Carioca C,Buzios,Barra Mansa,1x2,Away,3.800,lost,-1.0000,https://www.betaminic.com/shootingbets/results/
betaminic,2026-07-19,Peru - Liga 2,AD Cantolao,Club Ada Jaen,1x2,Away,2.350,lost,-1.0000,https://www.betaminic.com/shootingbets/results/
betaminic,2026-07-19,Club Friendlies,Widzew Lodz,Puszcza Niepolomice,1x2,Home,1.730,won,0.7300,https://www.betaminic.com/shootingbets/results/
betaminic,2026-07-19,Club Friendlies,Monheim,Siegburger 04,1x2,Home,4.000,lost,-1.0000,https://www.betaminic.com/shootingbets/results/
betaminic,2026-07-19,Finland - Kolmonen,Metso,KeuPa,1x2,Away,10.000,won,9.0000,https://www.betaminic.com/shootingbets/results/
betaminic,2026-07-19,Club Friendlies,Erzgebirge Aue,Schalke 04,1x2,Home,10.000,lost,-1.0000,https://www.betaminic.com/shootingbets/results/
betaminic,2026-07-19,Finland - Kolmonen,Zulimanit,PK-37,1x2,Away,2.450,won,1.4500,https://www.betaminic.com/shootingbets/results/
betaminic,2026-07-19,Latvia - 1st Liga,Riga II,Super Nova 2,1x2,Home,2.000,won,1.0000,https://www.betaminic.com/shootingbets/results/
betaminic,2026-07-19,China - Super League Women,Jiangsu Suning,Wuhan,1x2,Away,2.880,won,1.8800,https://www.betaminic.com/shootingbets/results/
betaminic,2026-07-19,Japan - Regional League,Nankatsu,Toin University of Yokohama,1x2,Home,1.800,won,0.8000,https://www.betaminic.com/shootingbets/results/
betaminic,2026-07-19,Vietnam - Womens National League,Phong Phu Ha Nam,Ho Chi Minh City,1x2,Draw,3.200,lost,-1.0000,https://www.betaminic.com/shootingbets/results/
betaminic,2026-07-19,China - Super League Women,Shaanxi Zhidan,Zhejiang Hangzhou Xizi,1x2,Home,2.250,lost,-1.0000,https://www.betaminic.com/shootingbets/results/
betaminic,2026-07-19,Australia - Queensland Premier League Women,Palm Beach,Logan Lightning,1x2,Home,2.000,won,1.0000,https://www.betaminic.com/shootingbets/results/
betaminic,2026-07-19,Australia - NPL New South Wales Women,Illawarra Stingrays,NWS Spirit,1x2,Home,3.300,lost,-1.0000,https://www.betaminic.com/shootingbets/results/
betaminic,2026-07-19,Australia - NPL Tasmania,South East United,Launceston United Soccer Club,1x2,Home,1.830,won,0.8300,https://www.betaminic.com/shootingbets/results/
betaminic,2026-07-19,Australia - NPL Tasmania,Ulverstone,Glenorchy Knights,1x2,Home,5.750,lost,-1.0000,https://www.betaminic.com/shootingbets/results/
betaminic,2026-07-19,Japan - Regional League,MSP Yashima FC,R Velho Takamatsu,1x2,Home,3.500,lost,-1.0000,https://www.betaminic.com/shootingbets/results/
betaminic,2026-07-19,Fiji - National Football League,Lautoka,Nasinu,1x2,Home,1.570,lost,-1.0000,https://www.betaminic.com/shootingbets/results/
betaminic,2026-07-19,Japan - Regional League,National Institute of Fitness and Sports Kanoya,Mitsubishi Heavy Industries,1x2,Home,4.000,won,3.0000,https://www.betaminic.com/shootingbets/results/
betaminic,2026-07-18,Nicaragua - Primera Division,ART Municipal Jalapa,Walter Ferretti,1x2,Home,2.100,won,1.1000,https://www.betaminic.com/shootingbets/results/
betaminic,2026-07-18,Brazil - Serie D,Nacional AM,Iguatu,1x2,Home,2.450,lost,-1.0000,https://www.betaminic.com/shootingbets/results/
betaminic,2026-07-18,Club Friendlies,Birkirkara,Zabbar Saint Patrick,1x2,Home,2.200,won,1.2000,https://www.betaminic.com/shootingbets/results/
betaminic,2026-07-18,Brazil - Brasiliense U20,Legiao,Brasiliense,1x2,Away,1.500,won,0.5000,https://www.betaminic.com/shootingbets/results/
betaminic,2026-07-18,Peru - Liga 2,Alianza Universidad,Ayacucho,1x2,Home,1.900,won,0.9000,https://www.betaminic.com/shootingbets/results/
betaminic,2026-07-18,Paraguay - Division Intermedia,Sportivo Carapegua,Guairena,1x2,Home,2.500,won,1.5000,https://www.betaminic.com/shootingbets/results/
betaminic,2026-07-18,Brazil - Cearense U20,Horizonte,Ferroviario,1x2,Away,2.500,won,1.5000,https://www.betaminic.com/shootingbets/results/
betaminic,2026-07-18,Brazil - Paulista U20,Sao Bento,Mirassol,1x2,Away,2.250,lost,-1.0000,https://www.betaminic.com/shootingbets/results/
betaminic,2026-07-18,Brazil - Paulista U20,Ferroviaria SP,Santos,1x2,Away,2.100,won,1.1000,https://www.betaminic.com/shootingbets/results/
betaminic,2026-07-18,Club Friendlies,Rapid Vienna,Hamburger SV,1x2,Home,2.600,won,1.6000,https://www.betaminic.com/shootingbets/results/
betaminic,2026-07-18,Club Friendlies,Alaves,Eibar,1x2,Home,2.000,lost,-1.0000,https://www.betaminic.com/shootingbets/results/
betaminic,2026-07-18,Peru - Liga 3,Cienciano Il,Nacional FBC,1x2,Away,2.500,won,1.5000,https://www.betaminic.com/shootingbets/results/
betaminic,2026-07-18,Estonia - Esiliiga A,Tallinna Kalev,Nomme United II,1x2,Home,1.830,won,0.8300,https://www.betaminic.com/shootingbets/results/
betaminic,2026-07-18,Peru - Liga 3,Sport Boys II,Deportivo Coopsol,1x2,Home,2.400,won,1.4000,https://www.betaminic.com/shootingbets/results/
betaminic,2026-07-18,Club Friendlies,Kladno,Hapoel Rishon Lezion,1x2,Home,2.100,won,1.1000,https://www.betaminic.com/shootingbets/results/
betaminic,2026-07-18,Club Friendlies,GKS Tychy,Fotbal Trinec,1x2,Home,2.750,lost,-1.0000,https://www.betaminic.com/shootingbets/results/
betaminic,2026-07-18,Finland - Kakkonen Group B,Ilves II,Honka,1x2,Home,3.900,lost,-1.0000,https://www.betaminic.com/shootingbets/results/
betaminic,2026-07-18,Club Friendlies,Karpaty Lviv,Zeljeznicar Sarajevo,1x2,Home,2.600,won,1.6000,https://www.betaminic.com/shootingbets/results/
betaminic,2026-07-18,Club Friendlies,Swansea City,Holstein Kiel,1x2,Away,2.800,lost,-1.0000,https://www.betaminic.com/shootingbets/results/
betaminic,2026-07-18,Ireland - National League Women,Shamrock Rovers,Treaty United,1x2,Away,4.330,lost,-1.0000,https://www.betaminic.com/shootingbets/results/
betaminic,2026-07-18,Club Friendlies,Sutton United,AFC Wimbledon,1x2,Home,5.000,lost,-1.0000,https://www.betaminic.com/shootingbets/results/
betaminic,2026-07-18,Club Friendlies,Southend United,West Ham United,1x2,Home,8.500,lost,-1.0000,https://www.betaminic.com/shootingbets/results/
betaminic,2026-07-18,Club Friendlies,Trencin,Banik Ostrava,1x2,Away,2.000,lost,-1.0000,https://www.betaminic.com/shootingbets/results/
betaminic,2026-07-18,Club Friendlies,Wealdstone,Hemel Hempstead Town,1x2,Home,2.050,won,1.0500,https://www.betaminic.com/shootingbets/results/
betaminic,2026-07-18,Club Friendlies,Nurnberg,SV Waldhof Mannheim 07,over_under_25,Under,4.250,lost,-1.0000,https://www.betaminic.com/shootingbets/results/
betaminic,2026-07-18,Club Friendlies,Hanworth Villa,Carshalton Athletic,1x2,Away,2.550,lost,-1.0000,https://www.betaminic.com/shootingbets/results/
betaminic,2026-07-18,Club Friendlies,Lewes,Hastings United,1x2,Away,4.000,lost,-1.0000,https://www.betaminic.com/shootingbets/results/
betaminic,2026-07-18,Club Friendlies,Matlock Town,Rotherham United,1x2,Home,6.500,lost,-1.0000,https://www.betaminic.com/shootingbets/results/
betaminic,2026-07-18,Club Friendlies,Avro,Halifax Town,1x2,Home,6.000,won,5.0000,https://www.betaminic.com/shootingbets/results/
betaminic,2026-07-18,Club Friendlies,Evesham United,Cheltenham Town,1x2,Home,7.500,lost,-1.0000,https://www.betaminic.com/shootingbets/results/
betaminic,2026-07-18,Club Friendlies,Ballyclare Comrades,Loughgall,1x2,Away,1.530,won,0.5300,https://www.betaminic.com/shootingbets/results/
betaminic,2026-07-18,Club Friendlies,Aarau,Union Berlin,1x2,Away,1.650,lost,-1.0000,https://www.betaminic.com/shootingbets/results/
betaminic,2026-07-18,Club Friendlies,Pollok,East Stirlingshire,1x2,Home,3.000,won,2.0000,https://www.betaminic.com/shootingbets/results/
betaminic,2026-07-18,Club Friendlies,Akademisk Boldklub,B 93,1x2,Home,2.380,lost,-1.0000,https://www.betaminic.com/shootingbets/results/
betaminic,2026-07-18,Club Friendlies,Linfield,Doncaster Rovers,1x2,Away,1.650,won,0.6500,https://www.betaminic.com/shootingbets/results/
betaminic,2026-07-18,Club Friendlies,Sportfreunde Lotte,Real Betis,1x2,Draw,8.500,lost,-1.0000,https://www.betaminic.com/shootingbets/results/
betaminic,2026-07-18,Club Friendlies,Ajax,Olympiakos,1x2,Away,2.600,lost,-1.0000,https://www.betaminic.com/shootingbets/results/
betaminic,2026-07-18,Ireland - U20 League,Athlone Town,Derry City,1x2,Home,2.880,won,1.8800,https://www.betaminic.com/shootingbets/results/
betaminic,2026-07-18,Zimbabwe - PSL,Hunters FC,Chicken Inn,1x2,Home,2.500,lost,-1.0000,https://www.betaminic.com/shootingbets/results/
betaminic,2026-07-18,Finland - Kolmonen,JyTy,IFK Mariehamn II,1x2,Home,5.500,lost,-1.0000,https://www.betaminic.com/shootingbets/results/
betaminic,2026-07-18,Club Friendlies,NAC Breda,Excelsior,1x2,Home,2.900,lost,-1.0000,https://www.betaminic.com/shootingbets/results/
betaminic,2026-07-18,Bolivia - Liga Nacional U19,Real Tomayapo,San Antonio,over_under_25,Under,1.800,won,0.8000,https://www.betaminic.com/shootingbets/results/
betaminic,2026-07-18,Club Friendlies,FC Lugano II,YF Juventus,1x2,Away,2.400,won,1.4000,https://www.betaminic.com/shootingbets/results/
betaminic,2026-07-18,Club Friendlies,FC Luzern,Sint Truidense,1x2,Away,2.800,won,1.8000,https://www.betaminic.com/shootingbets/results/
betaminic,2026-07-18,Malawi - Super League,Creck SC,Mitundu Baptist,1x2,Home,2.500,lost,-1.0000,https://www.betaminic.com/shootingbets/results/
betaminic,2026-07-18,Malawi - Super League,Moyale Barracks,Masters Security,1x2,Home,2.100,lost,-1.0000,https://www.betaminic.com/shootingbets/results/
betaminic,2026-07-18,Finland - Kansallinen Women,KuPS,Aland United,1x2,Home,2.150,lost,-1.0000,https://www.betaminic.com/shootingbets/results/
betaminic,2026-07-18,Club Friendlies,Stal Rzeszow,Rukh Lviv,1x2,Home,2.400,lost,-1.0000,https://www.betaminic.com/shootingbets/results/
betaminic,2026-07-18,Club Friendlies,Schalke 04 II,Steinbach Haiger,1x2,Home,2.400,lost,-1.0000,https://www.betaminic.com/shootingbets/results/
betaminic,2026-07-18,Club Friendlies,Hvidovre,Vejle,1x2,Away,2.400,lost,-1.0000,https://www.betaminic.com/shootingbets/results/
betaminic,2026-07-18,Club Friendlies,Nyiregyhaza Spartacus,Bukovyna Chernivtsi,1x2,Home,2.100,lost,-1.0000,https://www.betaminic.com/shootingbets/results/
betaminic,2026-07-18,Club Friendlies,Zorya Luhansk,Grimsby Town,1x2,Away,5.750,lost,-1.0000,https://www.betaminic.com/shootingbets/results/
betaminic,2026-07-18,Latvia - 1st Liga,Leevon PPK,Riga Mariners,1x2,Away,2.000,lost,-1.0000,https://www.betaminic.com/shootingbets/results/
betaminic,2026-07-18,Club Friendlies,Slask Wroclaw,Zlin,1x2,Home,2.550,won,1.5500,https://www.betaminic.com/shootingbets/results/
betaminic,2026-07-18,Club Friendlies,Ruzomberok,Teplice,1x2,Away,2.500,won,1.5000,https://www.betaminic.com/shootingbets/results/
betaminic,2026-07-18,Club Friendlies,HIK,Holbaek B&I,1x2,Away,4.500,won,3.5000,https://www.betaminic.com/shootingbets/results/
betaminic,2026-07-18,Club Friendlies Women,Stomilanki Olsztyn,APLG Gdansk,1x2,Home,6.000,lost,-1.0000,https://www.betaminic.com/shootingbets/results/
betaminic,2026-07-18,Club Friendlies,Nieciecza,Podbeskidzie Bielsko-Biala,1x2,Away,4.000,lost,-1.0000,https://www.betaminic.com/shootingbets/results/
betaminic,2026-07-18,Club Friendlies,Odra Opole,Banik Ostrava II,1x2,Away,3.600,won,2.6000,https://www.betaminic.com/shootingbets/results/
betaminic,2026-07-18,Australia - Queensland Premier League 3,Mount Gravatt Hawks,Logan Roos,1x2,Away,3.000,lost,-1.0000,https://www.betaminic.com/shootingbets/results/
betaminic,2026-07-18,Japan - Regional League,Atletico Suzuka,Chukyo University,1x2,Home,1.800,lost,-1.0000,https://www.betaminic.com/shootingbets/results/
betaminic,2026-07-18,Japan - Regional League,Tokai FC,Ise-Shima,1x2,Away,1.910,lost,-1.0000,https://www.betaminic.com/shootingbets/results/
betaminic,2026-07-18,Club Friendlies,Voitsberg,Bistrica,1x2,Home,1.900,won,0.9000,https://www.betaminic.com/shootingbets/results/
betaminic,2026-07-18,Club Friendlies,Chenois,USI Azzurri,1x2,Away,4.500,won,3.5000,https://www.betaminic.com/shootingbets/results/
betaminic,2026-07-18,Australia - New South Wales League 1,Western City Rangers,Newcastle Jets II,1x2,Away,2.400,lost,-1.0000,https://www.betaminic.com/shootingbets/results/
betaminic,2026-07-18,Australia - Victoria Premier League 1,North Geelong Warriors,Melbourne Victory II,1x2,Away,2.300,won,1.3000,https://www.betaminic.com/shootingbets/results/
betaminic,2026-07-18,New Zealand - Northern League,Auckland FC II,Fencibles United,1x2,Home,2.900,lost,-1.0000,https://www.betaminic.com/shootingbets/results/
betaminic,2026-07-18,Australia - NPL New South Wales U20,Wollongong Wolves,SD Raiders,1x2,Home,2.050,lost,-1.0000,https://www.betaminic.com/shootingbets/results/
betaminic,2026-07-18,Australia - South Australia State League 1,Adelaide Victory,Adelaide Olympic,over_under_25,Under,2.350,won,1.3500,https://www.betaminic.com/shootingbets/results/
betaminic,2026-07-18,Australia - Victoria Premier League 1,Langwarrin,Brunswick Juventus FC,1x2,Away,1.900,won,0.9000,https://www.betaminic.com/shootingbets/results/
betaminic,2026-07-18,Australia - Tasmania Super League Women,Launceston City,Kingborough Lions,1x2,Away,1.830,won,0.8300,https://www.betaminic.com/shootingbets/results/
betaminic,2026-07-18,New Zealand - Northern League,Auckland United,Western Springs,1x2,Home,1.670,lost,-1.0000,https://www.betaminic.com/shootingbets/results/
betaminic,2026-07-18,Australia - NPL Victoria U23,Altona Magic,Heidelberg United,1x2,Home,4.100,lost,-1.0000,https://www.betaminic.com/shootingbets/results/
betaminic,2026-07-17,Ecuador - Primera Women,Espuce,Macara,1x2,Home,3.250,lost,-1.0000,https://www.betaminic.com/shootingbets/results/
betaminic,2026-07-17,USA - USL League 2,Steel City,Nothern Indiana,1x2,Home,1.730,won,0.7300,https://www.betaminic.com/shootingbets/results/
betaminic,2026-07-17,Peru - Liga 3,Cesar Vallejo II,Deportivo Lute,1x2,Home,1.830,won,0.8300,https://www.betaminic.com/shootingbets/results/
betaminic,2026-07-17,Morocco - Botola Pro,Massira,Union Touarga,1x2,Away,2.800,lost,-1.0000,https://www.betaminic.com/shootingbets/results/
betaminic,2026-07-17,Club Friendlies,Hearts,Rayo Vallecano,1x2,Home,2.450,won,1.4500,https://www.betaminic.com/shootingbets/results/
betaminic,2026-07-17,Club Friendlies,Denbigh Town,Airbus UK Broughton,1x2,Home,8.500,lost,-1.0000,https://www.betaminic.com/shootingbets/results/
betaminic,2026-07-17,Northern Ireland - Challenge Cup Women,Craigavon City,Ballymena United,1x2,Away,2.750,won,1.7500,https://www.betaminic.com/shootingbets/results/
betaminic,2026-07-17,Club Friendlies,St. Gallen,Norwich City,1x2,Away,2.800,won,1.8000,https://www.betaminic.com/shootingbets/results/
betaminic,2026-07-17,Brazil - Catarinense U20,Figueirense,Nacao Araquari,1x2,Away,3.700,lost,-1.0000,https://www.betaminic.com/shootingbets/results/
betaminic,2026-07-17,Brazil - Mineiro U20,Athletic Club,Nacional de Muriae,1x2,Home,1.800,lost,-1.0000,https://www.betaminic.com/shootingbets/results/
betaminic,2026-07-17,Brazil - Paulista U20,Jabaquara,Portuguesa Santista,1x2,Home,2.600,lost,-1.0000,https://www.betaminic.com/shootingbets/results/
betaminic,2026-07-17,Brazil - Paulista U20,Sao Caetano,EC Sao Bernardo,1x2,Home,2.700,won,1.7000,https://www.betaminic.com/shootingbets/results/
betaminic,2026-07-17,Argentina - Torneo Promocional Amateur,Belgrano de Zarate,Alumni Los Hornos,1x2,Away,4.500,lost,-1.0000,https://www.betaminic.com/shootingbets/results/
betaminic,2026-07-17,Club Friendlies,Bergisch Gladbach 09,Hilden,1x2,Home,2.350,won,1.3500,https://www.betaminic.com/shootingbets/results/
betaminic,2026-07-17,Club Friendlies,Club Brugge,Heerenveen,1x2,Draw,4.500,lost,-1.0000,https://www.betaminic.com/shootingbets/results/
betaminic,2026-07-17,Club Friendlies,DAC 1904,Bolton Wanderers,1x2,Away,3.250,lost,-1.0000,https://www.betaminic.com/shootingbets/results/
betaminic,2026-07-17,Finland - Kolmonen,LeKi,Tampereen Peli-Toverit,1x2,Home,2.000,lost,-1.0000,https://www.betaminic.com/shootingbets/results/
betaminic,2026-07-17,Club Friendlies,Eldense,Millwall,1x2,Away,2.100,won,1.1000,https://www.betaminic.com/shootingbets/results/
betaminic,2026-07-17,Club Friendlies,Sparta Prague II,Zwickau,1x2,Home,2.880,won,1.8800,https://www.betaminic.com/shootingbets/results/
betaminic,2026-07-17,Club Friendlies,Zaglebie Lubin,Bohemians 1905,1x2,Away,2.630,won,1.6300,https://www.betaminic.com/shootingbets/results/
betaminic,2026-07-17,Club Friendlies Women,Austria Wien,Slavia Prague,1x2,Away,3.600,lost,-1.0000,https://www.betaminic.com/shootingbets/results/
betaminic,2026-07-17,Brazil - Mineiro U20,Boston City Brasil,America Mineiro,1x2,Home,4.330,won,3.3300,https://www.betaminic.com/shootingbets/results/
betaminic,2026-07-17,China - League One,Suzhou Dongwu,Shenzhen Juniors,1x2,Home,4.000,lost,-1.0000,https://www.betaminic.com/shootingbets/results/
betaminic,2026-07-17,Club Friendlies,Stockport County,Bristol City,1x2,Home,3.750,won,2.7500,https://www.betaminic.com/shootingbets/results/
betaminic,2026-07-16,Brazil - Paulista Women,Mirassol,RB Bragantino,1x2,Draw,7.000,won,6.0000,https://www.betaminic.com/shootingbets/results/
betaminic,2026-07-16,Mexico - U21 League,Club Tijuana,Tigres UANL,1x2,Home,2.700,won,1.7000,https://www.betaminic.com/shootingbets/results/
betaminic,2026-07-16,USA - USL League 2,Minneapolis City,West Virginia United,over_under_25,Under,3.100,won,2.1000,https://www.betaminic.com/shootingbets/results/
betaminic,2026-07-16,Iceland - 1. Deild Women,Keflavik,Haukar Hafnarfjordur,1x2,Away,2.500,lost,-1.0000,https://www.betaminic.com/shootingbets/results/
betaminic,2026-07-16,Club Friendlies,Bangor,Ards,1x2,Home,2.100,won,1.1000,https://www.betaminic.com/shootingbets/results/
betaminic,2026-07-16,UEFA - Conference League Qualifiers,Ballkani,Connahs Quay Nomads,1x2,Away,6.500,lost,-1.0000,https://www.betaminic.com/shootingbets/results/
betaminic,2026-07-16,Brazil - Rio Cup,Sao Goncalo,Volta Redonda,1x2,Home,4.330,won,3.3300,https://www.betaminic.com/shootingbets/results/
betaminic,2026-07-16,Finland - Kolmonen,VPV,Lapuan Virkia,1x2,Away,2.100,lost,-1.0000,https://www.betaminic.com/shootingbets/results/
betaminic,2026-07-16,Club Friendlies,Jagiellonia Bialystok,Sparta Prague,1x2,Home,3.300,won,2.3000,https://www.betaminic.com/shootingbets/results/
betaminic,2026-07-16,Paraguay - Women League,Club Sportivo Ameliano,Rubio Nu,1x2,Away,2.100,lost,-1.0000,https://www.betaminic.com/shootingbets/results/
betaminic,2026-07-16,Lebanon - Premier League,Al Ahed,Nejmeh,1x2,Away,2.500,won,1.5000,https://www.betaminic.com/shootingbets/results/
betaminic,2026-07-16,Club Friendlies,Aarhus Fremad,Brabrand,1x2,Home,1.750,won,0.7500,https://www.betaminic.com/shootingbets/results/
betaminic,2026-07-16,Tanzania - Premier League,Tanzania Prisons,Polisi,1x2,Home,3.100,won,2.1000,https://www.betaminic.com/shootingbets/results/
betaminic,2026-07-16,Australia - South Australia State League 1,Fulham United,Cumberland United,1x2,Away,3.400,won,2.4000,https://www.betaminic.com/shootingbets/results/
betaminic,2026-07-16,India - Calcutta Premier Division,Railway,Kalighat MS,1x2,Away,2.000,lost,-1.0000,https://www.betaminic.com/shootingbets/results/
betaminic,2026-07-16,AFF - Cup Women,Malaysia,Singapore,over_under_25,Under,2.050,lost,-1.0000,https://www.betaminic.com/shootingbets/results/
betaminic,2026-07-16,USA - National Womens Soccer League,Gotham FC,Washington Spirit,1x2,Draw,3.200,lost,-1.0000,https://www.betaminic.com/shootingbets/results/
betaminic,2026-07-15,Brazil - Rio Cup,Resende,Sampaio Correa RJ,1x2,Home,3.300,lost,-1.0000,https://www.betaminic.com/shootingbets/results/
betaminic,2026-07-15,Brazil - Rio Cup,America RJ,Nova Iguacu,1x2,Home,3.400,lost,-1.0000,https://www.betaminic.com/shootingbets/results/
betaminic,2026-07-15,Brazil - Rio Cup,Bonsucesso,Madureira,1x2,Home,2.500,lost,-1.0000,https://www.betaminic.com/shootingbets/results/
betaminic,2026-07-15,Club Friendlies,Luxembourg City,Hostert,1x2,Away,2.000,won,1.0000,https://www.betaminic.com/shootingbets/results/
betaminic,2026-07-15,Club Friendlies,UN Kaerjeng 97,Victoria Rosport,1x2,Home,1.910,won,0.9100,https://www.betaminic.com/shootingbets/results/
betaminic,2026-07-15,Club Friendlies,Tasmania Berlin,Hertha Zehlendorf,1x2,Away,4.330,lost,-1.0000,https://www.betaminic.com/shootingbets/results/
betaminic,2026-07-15,Finland - Kolmonen,KuPS Akatemia II,JIPPO II,1x2,Away,3.000,lost,-1.0000,https://www.betaminic.com/shootingbets/results/
betaminic,2026-07-15,Club Friendlies,Salzburg,Istanbul Basaksehir,1x2,Home,2.250,lost,-1.0000,https://www.betaminic.com/shootingbets/results/
betaminic,2026-07-15,Club Friendlies,1980 Wien,Wiener Viktoria,1x2,Home,5.250,lost,-1.0000,https://www.betaminic.com/shootingbets/results/
betaminic,2026-07-15,Club Friendlies,Rapid Vienna,Panathinaikos,over_under_25,Under,3.100,lost,-1.0000,https://www.betaminic.com/shootingbets/results/
betaminic,2026-07-15,Club Friendlies,Aldershot Town,Portsmouth,1x2,Home,6.250,won,5.2500,https://www.betaminic.com/shootingbets/results/
betaminic,2026-07-15,Club Friendlies,Zaglebie Lubin II,Odra Bytom Odrzanski,1x2,Home,2.050,lost,-1.0000,https://www.betaminic.com/shootingbets/results/
betaminic,2026-07-15,Finland - Kakkonen Group C,GBK,Narpes Kraft,1x2,Home,2.250,won,1.2500,https://www.betaminic.com/shootingbets/results/
betaminic,2026-07-15,Club Friendlies,Sturm Graz,Pogon Szczecin,over_under_25,Under,3.100,won,2.1000,https://www.betaminic.com/shootingbets/results/
betaminic,2026-07-15,Club Friendlies,Energie Cottbus,Mlada Boleslav,1x2,Away,3.400,won,2.4000,https://www.betaminic.com/shootingbets/results/
betaminic,2026-07-15,Club Friendlies,Wisloka Debica,Widzew Lodz II,1x2,Away,2.550,won,1.5500,https://www.betaminic.com/shootingbets/results/
betaminic,2026-07-15,Club Friendlies,Holstein Kiel,Al-Ahli,1x2,Home,3.300,won,2.3000,https://www.betaminic.com/shootingbets/results/
betaminic,2026-07-15,Club Friendlies,Salzburg,Gamba Osaka,1x2,Home,2.000,lost,-1.0000,https://www.betaminic.com/shootingbets/results/
betaminic,2026-07-15,Club Friendlies,Fredericia,Mafra,1x2,Home,2.100,won,1.1000,https://www.betaminic.com/shootingbets/results/
betaminic,2026-07-15,Korea Republic - FA Cup,Ansan Greeners,Jinju Citizen,1x2,Away,4.000,won,3.0000,https://www.betaminic.com/shootingbets/results/
betaminic,2026-07-15,Korea Republic - FA Cup,Busan IPark,Geoje Citizen,1x2,Draw,8.000,lost,-1.0000,https://www.betaminic.com/shootingbets/results/
betaminic,2026-07-14,Argentina - Primera B Metropolitana,Deportivo Merlo,Real Pilar,1x2,Draw,2.700,lost,-1.0000,https://www.betaminic.com/shootingbets/results/
betaminic,2026-07-14,Scotland - League Cup,Spartans,Stirling Albion,1x2,Home,2.000,lost,-1.0000,https://www.betaminic.com/shootingbets/results/
betaminic,2026-07-14,Club Friendlies,Slough Town,Basingstoke Town,1x2,Away,4.330,won,3.3300,https://www.betaminic.com/shootingbets/results/
betaminic,2026-07-14,Club Friendlies,Matlock Town,Quorn,1x2,Home,3.750,lost,-1.0000,https://www.betaminic.com/shootingbets/results/
betaminic,2026-07-14,Club Friendlies,Kingstonian,Wingate and Finchley,1x2,Home,3.500,won,2.5000,https://www.betaminic.com/shootingbets/results/
betaminic,2026-07-14,Club Friendlies,Bedfont,St Albans City,1x2,Away,1.670,won,0.6700,https://www.betaminic.com/shootingbets/results/
betaminic,2026-07-14,Club Friendlies,Ware,Hendon,1x2,Away,3.500,won,2.5000,https://www.betaminic.com/shootingbets/results/
betaminic,2026-07-14,Argentina - Primera B Metropolitana,Deportivo Armenio,Talleres de Remedios,1x2,Draw,2.750,lost,-1.0000,https://www.betaminic.com/shootingbets/results/
betaminic,2026-07-14,Club Friendlies,Redcar Athletic,Hartlepool United,1x2,Draw,8.500,lost,-1.0000,https://www.betaminic.com/shootingbets/results/
betaminic,2026-07-14,Club Friendlies,Stafford Rangers,Shrewsbury Town,1x2,Draw,8.000,won,7.0000,https://www.betaminic.com/shootingbets/results/
betaminic,2026-07-14,Club Friendlies,Sporting CP,Celtic,1x2,Home,1.950,won,0.9500,https://www.betaminic.com/shootingbets/results/
betaminic,2026-07-14,Club Friendlies,Parndorf,Austria Vienna II,over_under_25,Over,1.700,lost,-1.0000,https://www.betaminic.com/shootingbets/results/
betaminic,2026-07-14,Club Friendlies,Randers,Notts County,1x2,Away,4.750,lost,-1.0000,https://www.betaminic.com/shootingbets/results/
betaminic,2026-07-14,Club Friendlies,Darmstadt,FC 08 Homburg,1x2,Away,11.000,lost,-1.0000,https://www.betaminic.com/shootingbets/results/
betaminic,2026-07-14,Kazakhstan - League Women,Astana,Irtysh Pavlodar,1x2,Away,3.900,lost,-1.0000,https://www.betaminic.com/shootingbets/results/
betaminic,2026-07-14,Club Friendlies,Wehen Wiesbaden,Fagiano Okayama,1x2,Home,3.400,won,2.4000,https://www.betaminic.com/shootingbets/results/
betaminic,2026-07-14,Club Friendlies,Fleetwood Town,Chester,1x2,Away,6.500,lost,-1.0000,https://www.betaminic.com/shootingbets/results/
betaminic,2026-07-14,Vietnam - U21 Championship,TP Ho Chi Minh,PVF-CAND,1x2,Away,2.250,won,1.2500,https://www.betaminic.com/shootingbets/results/
betaminic,2026-07-14,Australia - NPL Victoria Women,Boroondara-Carey Eagles,Preston Lions,1x2,Away,4.500,won,3.5000,https://www.betaminic.com/shootingbets/results/
betaminic,2026-07-14,Club Friendlies,Legia Warsaw,Radomiak Radom,1x2,Home,1.900,won,0.9000,https://www.betaminic.com/shootingbets/results/
betaminic,2026-07-14,Australia - Cup,Rochedale Rovers,SD Raiders,1x2,Away,2.750,won,1.7500,https://www.betaminic.com/shootingbets/results/
betaminic,2026-07-14,Club Friendlies,Malzenice,Besiktas,1x2,Away,1.330,lost,-1.0000,https://www.betaminic.com/shootingbets/results/
betaminic,2026-07-14,Club Friendlies,Dordrecht,Borussia Dortmund II,1x2,Away,4.000,lost,-1.0000,https://www.betaminic.com/shootingbets/results/
betaminic,2026-07-14,Club Friendlies,FC Andorra,Millwall,1x2,Home,3.500,won,2.5000,https://www.betaminic.com/shootingbets/results/
betaminic,2026-07-14,Vietnam - U21 Championship,Viettel,Hoang Anh Gia Lai,1x2,Home,2.250,won,1.2500,https://www.betaminic.com/shootingbets/results/
betaminic,2026-07-14,Club Friendlies,Polissya Zhytomyr,Shimizu S-Pulse,1x2,Home,1.730,lost,-1.0000,https://www.betaminic.com/shootingbets/results/
betaminic,2026-07-13,Peru - Liga 3,Deportivo Lute,Carlos Stein,1x2,Home,1.800,won,0.8000,https://www.betaminic.com/shootingbets/results/
betaminic,2026-07-13,Colombia - U19 Championship,Fusion Caribe,Jaguares de Cordoba,over_under_25,Under,2.380,won,1.3800,https://www.betaminic.com/shootingbets/results/
betaminic,2026-07-13,Club Friendlies,Wolfsberger AC,Hradec Kralove,1x2,Home,2.400,lost,-1.0000,https://www.betaminic.com/shootingbets/results/
betaminic,2026-07-13,Bolivia - Liga Nacional U19,Nacional Potosi,ABB,1x2,Away,1.910,lost,-1.0000,https://www.betaminic.com/shootingbets/results/
betaminic,2026-07-13,Kazakhstan - League Women,Ordabasy FC,Zhetysu,1x2,Home,1.950,lost,-1.0000,https://www.betaminic.com/shootingbets/results/
betaminic,2026-07-12,USA - USL League 2,Weston,Miami AC,over_under_25,Under,2.500,lost,-1.0000,https://www.betaminic.com/shootingbets/results/
betaminic,2026-07-12,Chile - Cup,Deportes Concepcion,Puerto Montt,1x2,Home,1.830,won,0.8300,https://www.betaminic.com/shootingbets/results/
betaminic,2026-07-12,Brazil - Catarinense 2,Nacao,Fluminense de Joinville,1x2,Away,3.100,won,2.1000,https://www.betaminic.com/shootingbets/results/
betaminic,2026-07-12,Brazil - Mineiro 2,Aymores,Democrata SL,1x2,Home,1.950,lost,-1.0000,https://www.betaminic.com/shootingbets/results/
betaminic,2026-07-12,Paraguay - Division Intermedia,Club Sol de America,Club Doctor Benjamín Aceval,1x2,Home,2.300,lost,-1.0000,https://www.betaminic.com/shootingbets/results/
betaminic,2026-07-12,Argentina - Torneo Federal A,Germinal,Olimpo Bahia Blanca,1x2,Home,3.100,lost,-1.0000,https://www.betaminic.com/shootingbets/results/
betaminic,2026-07-12,Lebanon - Premier League,Jwaya,Nejmeh,1x2,Away,2.200,lost,-1.0000,https://www.betaminic.com/shootingbets/results/
betaminic,2026-07-12,Brazil - Carioca C,Barra Mansa,Unisouza Futebol Clube,1x2,Away,3.500,lost,-1.0000,https://www.betaminic.com/shootingbets/results/
betaminic,2026-07-12,Chile - Cup,Antofagasta,Cobresal,1x2,Home,2.400,won,1.4000,https://www.betaminic.com/shootingbets/results/
betaminic,2026-07-12,Kazakhstan - Premier League,Tobol Kostanay,Okzhetpes,1x2,Home,2.050,won,1.0500,https://www.betaminic.com/shootingbets/results/
betaminic,2026-07-12,Latvia - Cup,Marupe,Grobinas SC/LFS,1x2,Away,1.800,won,0.8000,https://www.betaminic.com/shootingbets/results/
betaminic,2026-07-12,Club Friendlies,TSG Sprockhovel,SSVg Velbert,1x2,Away,2.700,won,1.7000,https://www.betaminic.com/shootingbets/results/
betaminic,2026-07-12,Club Friendlies,Chemie Leipzig,FC Magdeburg,1x2,Home,8.500,lost,-1.0000,https://www.betaminic.com/shootingbets/results/
betaminic,2026-07-12,Club Friendlies,FSV Frankfurt,Rot-Weiss Walldorf,1x2,Home,1.530,won,0.5300,https://www.betaminic.com/shootingbets/results/
betaminic,2026-07-12,Vietnam - U21 Championship,PVF-CAND,Ha Noi FC,1x2,Away,2.250,lost,-1.0000,https://www.betaminic.com/shootingbets/results/
betaminic,2026-07-12,Vietnam - U21 Championship,An Giang,TP Ho Chi Minh,1x2,Home,6.000,lost,-1.0000,https://www.betaminic.com/shootingbets/results/
betaminic,2026-07-12,Macau - Primeira Divisao,Artilheiros,Universidade de Macau,1x2,Away,3.000,lost,-1.0000,https://www.betaminic.com/shootingbets/results/
betaminic,2026-07-12,China - League Two,Dalian Kewei,Shanghai Segenda,over_under_25,Over,2.250,lost,-1.0000,https://www.betaminic.com/shootingbets/results/
betaminic,2026-07-12,Club Friendlies,Bayern Alzenau,Viktoria Aschaffenburg,1x2,Away,2.630,lost,-1.0000,https://www.betaminic.com/shootingbets/results/
betaminic,2026-07-12,Japan - Regional League,Variamore Aki,Miyajima United,1x2,Home,2.380,lost,-1.0000,https://www.betaminic.com/shootingbets/results/
betaminic,2026-07-12,South Africa - Super League Women,Richmond,Stellenbosch,1x2,Home,2.000,won,1.0000,https://www.betaminic.com/shootingbets/results/
betaminic,2026-07-12,Japan - Regional League,Llamas Kochi,Tadotsu FC,1x2,Away,2.800,lost,-1.0000,https://www.betaminic.com/shootingbets/results/
betaminic,2026-07-12,Australia - NPL Capital Territory Women,Majura,Tuggeranong United,1x2,Away,1.360,won,0.3600,https://www.betaminic.com/shootingbets/results/
betaminic,2026-07-12,Australia - NPL Queensland U23,Gold Coast United,Olympic FC,1x2,Home,3.300,won,2.3000,https://www.betaminic.com/shootingbets/results/
betaminic,2026-07-12,Club Friendlies,Los Angeles Galaxy,Club America,1x2,Away,2.100,lost,-1.0000,https://www.betaminic.com/shootingbets/results/
betaminic,2026-07-12,USA - USL Cup,Orange County,Colorado Springs Switchbacks,1x2,Away,1.950,won,0.9500,https://www.betaminic.com/shootingbets/results/
betaminic,2026-07-12,New Zealand - Southern League,Coastal Spirit,Nomads United,1x2,Away,2.900,lost,-1.0000,https://www.betaminic.com/shootingbets/results/
betaminic,2026-07-11,USA - USL Cup,Sarasota Paradise,Miami FC,1x2,Away,1.850,won,0.8500,https://www.betaminic.com/shootingbets/results/
betaminic,2026-07-11,USA - USL League 2,Loudoun United II,Northern Virginia,1x2,Away,2.100,lost,-1.0000,https://www.betaminic.com/shootingbets/results/
betaminic,2026-07-11,USA - USL League 2,Staten Island ASC,Morris Elite,1x2,Home,1.910,lost,-1.0000,https://www.betaminic.com/shootingbets/results/
betaminic,2026-07-11,Ecuador - Serie B,San Antonio FC,Deportivo Santo Domingo,1x2,Home,2.000,lost,-1.0000,https://www.betaminic.com/shootingbets/results/
betaminic,2026-07-11,Chile - Cup,Magallanes,Audax Italiano,1x2,Home,4.000,lost,-1.0000,https://www.betaminic.com/shootingbets/results/
betaminic,2026-07-11,Brazil - Baiano 2,Barreiras,SSA,1x2,Away,3.800,lost,-1.0000,https://www.betaminic.com/shootingbets/results/
betaminic,2026-07-11,Club Friendlies,Benfica,Flamengo,1x2,Home,2.600,lost,-1.0000,https://www.betaminic.com/shootingbets/results/
betaminic,2026-07-11,Argentina - Torneo Federal A,Atletico Escobar,Douglas Haig,1x2,Away,11.000,lost,-1.0000,https://www.betaminic.com/shootingbets/results/
betaminic,2026-07-11,Brazil - Catarinense U20,Nacao Araquari,Concordia,1x2,Home,2.500,won,1.5000,https://www.betaminic.com/shootingbets/results/
betaminic,2026-07-11,Argentina - Primera C Metropolitana,Club Defensores de Cambaceres,Sacachispas,1x2,Home,3.200,lost,-1.0000,https://www.betaminic.com/shootingbets/results/
betaminic,2026-07-11,Brazil - Mineiro U20,America Mineiro,Athletic Club,1x2,Away,3.900,won,2.9000,https://www.betaminic.com/shootingbets/results/
betaminic,2026-07-11,Brazil - Paulista Serie B,Matonense,Flamengo de Guarulhos,1x2,Away,2.700,won,1.7000,https://www.betaminic.com/shootingbets/results/
betaminic,2026-07-11,Brazil - Paulista Serie B,Uniao Mogi,Itaquaquecetuba AC,1x2,Away,1.830,won,0.8300,https://www.betaminic.com/shootingbets/results/
betaminic,2026-07-11,Argentina - Primera C Metropolitana,Deportivo Paraguayo,AD Berazategui,1x2,Away,1.750,won,0.7500,https://www.betaminic.com/shootingbets/results/
betaminic,2026-07-11,Club Friendlies,Petrolul Ploiesti,Chindia Targoviste,1x2,Home,1.620,lost,-1.0000,https://www.betaminic.com/shootingbets/results/
betaminic,2026-07-11,Club Friendlies,Balzan,Valletta,1x2,Home,4.800,lost,-1.0000,https://www.betaminic.com/shootingbets/results/
betaminic,2026-07-11,Club Friendlies,Olimpija Ljubljana,LNZ Cherkasy,1x2,Away,2.500,won,1.5000,https://www.betaminic.com/shootingbets/results/
betaminic,2026-07-11,Club Friendlies,Atus Velden,Lebring,1x2,Away,5.500,lost,-1.0000,https://www.betaminic.com/shootingbets/results/
betaminic,2026-07-11,Club Friendlies,Slavia Prague,Slovan Bratislava,1x2,Home,2.300,lost,-1.0000,https://www.betaminic.com/shootingbets/results/
betaminic,2026-07-11,USA - USL League 2,New Jersey Copa,Westchester Flames,1x2,Away,4.200,lost,-1.0000,https://www.betaminic.com/shootingbets/results/
betaminic,2026-07-11,Club Friendlies,Puskas Akademia,BW Linz,1x2,Away,4.330,lost,-1.0000,https://www.betaminic.com/shootingbets/results/
betaminic,2026-07-11,Club Friendlies,Clermont,Orleans,1x2,Away,4.000,lost,-1.0000,https://www.betaminic.com/shootingbets/results/
betaminic,2026-07-11,Club Friendlies,Mezokovesd Zsory,Nyiregyhaza Spartacus,1x2,Away,2.250,won,1.2500,https://www.betaminic.com/shootingbets/results/
betaminic,2026-07-11,Club Friendlies,York City,Barnsley,1x2,Home,2.750,won,1.7500,https://www.betaminic.com/shootingbets/results/
betaminic,2026-07-11,Club Friendlies,Carshalton Athletic,Hampton and Richmond Borough,1x2,Home,3.200,lost,-1.0000,https://www.betaminic.com/shootingbets/results/
betaminic,2026-07-11,Club Friendlies,Ballymacash Rangers,Newington,1x2,Home,4.500,lost,-1.0000,https://www.betaminic.com/shootingbets/results/
betaminic,2026-07-11,Club Friendlies,Gloucester City,Newport County,1x2,Home,6.000,won,5.0000,https://www.betaminic.com/shootingbets/results/
betaminic,2026-07-11,Club Friendlies,Bedford Town,Berkhamsted,1x2,Away,6.250,lost,-1.0000,https://www.betaminic.com/shootingbets/results/
betaminic,2026-07-11,Club Friendlies,Babelsberg,St. Pauli,1x2,Draw,9.000,lost,-1.0000,https://www.betaminic.com/shootingbets/results/
betaminic,2026-07-11,Kazakhstan - Premier League,Ulytau,Kaisar Kyzylorda,over_under_25,Over,2.150,lost,-1.0000,https://www.betaminic.com/shootingbets/results/
betaminic,2026-07-11,Club Friendlies,Eintracht Trier,Bonner,1x2,Home,2.400,lost,-1.0000,https://www.betaminic.com/shootingbets/results/
betaminic,2026-07-11,Brazil - Catarinense U20,Chapecoense,Figueirense,1x2,Home,1.700,won,0.7000,https://www.betaminic.com/shootingbets/results/
betaminic,2026-07-11,Club Friendlies,Lausanne-Sport,Neuchatel Xamax,1x2,Home,1.900,lost,-1.0000,https://www.betaminic.com/shootingbets/results/
betaminic,2026-07-11,Brazil - Paulista U20,EC Sao Bernardo,Sao Paulo,1x2,Away,1.730,won,0.7300,https://www.betaminic.com/shootingbets/results/
betaminic,2026-07-11,Club Friendlies,Ballyclare Comrades,Ballymena United,1x2,Away,1.400,won,0.4000,https://www.betaminic.com/shootingbets/results/
betaminic,2026-07-11,Club Friendlies,Erzgebirge Aue,Kladno,1x2,Home,2.250,won,1.2500,https://www.betaminic.com/shootingbets/results/
betaminic,2026-07-11,Club Friendlies,Hansa Rostock,Hvidovre,1x2,Home,1.730,lost,-1.0000,https://www.betaminic.com/shootingbets/results/
betaminic,2026-07-11,Club Friendlies,Bochum,Royal Antwerp,over_under_25,Under,3.100,won,2.1000,https://www.betaminic.com/shootingbets/results/
betaminic,2026-07-11,Club Friendlies,Cardiff City,Midtjylland,1x2,Home,3.800,lost,-1.0000,https://www.betaminic.com/shootingbets/results/
betaminic,2026-07-11,Club Friendlies,Vejle,Hillerod Fodbold,1x2,Home,2.100,lost,-1.0000,https://www.betaminic.com/shootingbets/results/
betaminic,2026-07-11,Club Friendlies,Cercle Brugge,Lommel,1x2,Home,2.300,lost,-1.0000,https://www.betaminic.com/shootingbets/results/
betaminic,2026-07-11,Club Friendlies,Zawisza Bydgoszcz,LKS Lodz II,1x2,Home,2.250,won,1.2500,https://www.betaminic.com/shootingbets/results/
betaminic,2026-07-11,Club Friendlies,Esbjerg fB,Mafra,1x2,Home,1.950,lost,-1.0000,https://www.betaminic.com/shootingbets/results/
betaminic,2026-07-11,Club Friendlies,Miedz Legnica,Banik Ostrava,1x2,Away,2.800,lost,-1.0000,https://www.betaminic.com/shootingbets/results/
betaminic,2026-07-11,Club Friendlies,Feyenoord,Club Brugge,1x2,Away,3.400,lost,-1.0000,https://www.betaminic.com/shootingbets/results/
betaminic,2026-07-11,Club Friendlies,Fortuna Sittard,Genk,1x2,Away,2.500,lost,-1.0000,https://www.betaminic.com/shootingbets/results/
betaminic,2026-07-11,South Africa - Super League Women,First Touch,University Of Johannesburg,1x2,Away,1.900,lost,-1.0000,https://www.betaminic.com/shootingbets/results/
betaminic,2026-07-11,Club Friendlies,Queens University,Bangor,1x2,Away,2.250,lost,-1.0000,https://www.betaminic.com/shootingbets/results/
betaminic,2026-07-11,Australia - Queensland Premier League 3,University of Queensland,Mount Gravatt Hawks,1x2,Away,2.900,lost,-1.0000,https://www.betaminic.com/shootingbets/results/
betaminic,2026-07-11,Club Friendlies,Opava,Polonia Bytom,1x2,Away,4.000,lost,-1.0000,https://www.betaminic.com/shootingbets/results/
betaminic,2026-07-11,Australia - New South Wales League 2,Dunbar Rovers,Central Coast United,1x2,Home,2.300,won,1.3000,https://www.betaminic.com/shootingbets/results/
betaminic,2026-07-11,Club Friendlies,Kozakken Boys,RKC Waalwijk,1x2,Away,2.000,lost,-1.0000,https://www.betaminic.com/shootingbets/results/
betaminic,2026-07-11,Club Friendlies,HB Koge,Roskilde,1x2,Away,4.330,lost,-1.0000,https://www.betaminic.com/shootingbets/results/
betaminic,2026-07-11,Club Friendlies,Willem II,FC Eindhoven,1x2,Away,4.750,lost,-1.0000,https://www.betaminic.com/shootingbets/results/
betaminic,2026-07-11,Club Friendlies,Ostrowiec Swietokrzyski,Czarni Polaniec,1x2,Away,6.250,lost,-1.0000,https://www.betaminic.com/shootingbets/results/
betaminic,2026-07-11,Club Friendlies,Zaglebie Lubin II,Karkonosze Jelenia Gora,1x2,Away,3.800,won,2.8000,https://www.betaminic.com/shootingbets/results/
betaminic,2026-07-11,Club Friendlies,Bulle,Stade Nyonnais,1x2,Away,2.380,lost,-1.0000,https://www.betaminic.com/shootingbets/results/
betaminic,2026-07-11,Club Friendlies,Kisvarda,Kazincbarcikai,1x2,Away,6.500,lost,-1.0000,https://www.betaminic.com/shootingbets/results/
betaminic,2026-07-11,Club Friendlies,Anderlecht,NEC Nijmegen,1x2,Away,2.880,lost,-1.0000,https://www.betaminic.com/shootingbets/results/
betaminic,2026-07-11,Club Friendlies,Wisla Plock,Banik Ostrava,1x2,Away,2.800,lost,-1.0000,https://www.betaminic.com/shootingbets/results/
betaminic,2026-07-11,Club Friendlies,Gyirmot,Ajka,1x2,Home,2.700,won,1.7000,https://www.betaminic.com/shootingbets/results/
betaminic,2026-07-11,Korea Republic - K4 League,Pyeongchang United,Geoje Citizen,1x2,Away,3.500,won,2.5000,https://www.betaminic.com/shootingbets/results/
betaminic,2026-07-11,Korea Republic - K4 League,Jecheon Citizen,Geumsan Insam,1x2,Away,2.450,won,1.4500,https://www.betaminic.com/shootingbets/results/
betaminic,2026-07-11,Club Friendlies,F91 Dudelange,Royal Excelsior Virton,1x2,Away,3.600,lost,-1.0000,https://www.betaminic.com/shootingbets/results/
betaminic,2026-07-11,Club Friendlies,Wisloka Debica,Siarka Tarnobrzeg,1x2,Away,2.550,lost,-1.0000,https://www.betaminic.com/shootingbets/results/
betaminic,2026-07-11,Australia - Victoria Premier League 2,Nunawading City,Goulburn Valley Suns,1x2,Home,4.200,lost,-1.0000,https://www.betaminic.com/shootingbets/results/
betaminic,2026-07-11,Australia - Western Australia State League 1,Subiaco,Murdoch University Melville,1x2,Home,2.700,lost,-1.0000,https://www.betaminic.com/shootingbets/results/
betaminic,2026-07-11,Australia - New South Wales League 1,Inter Lions,Hills United Brumbies,1x2,Home,2.500,lost,-1.0000,https://www.betaminic.com/shootingbets/results/
betaminic,2026-07-11,Australia - New South Wales League 1,Dulwich Hill,Bulls Academy,1x2,Home,2.880,lost,-1.0000,https://www.betaminic.com/shootingbets/results/
betaminic,2026-07-11,Australia - New South Wales League 1,Canterbury Bankstown,Prospect United,1x2,Home,1.830,won,0.8300,https://www.betaminic.com/shootingbets/results/
betaminic,2026-07-11,Australia - Tasmania Super League Women,Launceston United,Taroona,1x2,Home,1.950,won,0.9500,https://www.betaminic.com/shootingbets/results/
betaminic,2026-07-11,New Zealand - Northern League,Western Springs,Eastern Suburbs AFC,1x2,Away,1.730,won,0.7300,https://www.betaminic.com/shootingbets/results/
betaminic,2026-07-11,Australia - NPL New South Wales Women,NWS Spirit,Macarthur Rams,1x2,Away,2.750,lost,-1.0000,https://www.betaminic.com/shootingbets/results/
betaminic,2026-07-11,Australia - Victoria Premier League 1,Eltham Redbacks,North Geelong Warriors,1x2,Home,1.800,won,0.8000,https://www.betaminic.com/shootingbets/results/
betaminic,2026-07-11,Australia - NPL Capital Territory,Canberra Olympic,Canberra White Eagles,1x2,Away,5.250,lost,-1.0000,https://www.betaminic.com/shootingbets/results/
betaminic,2026-07-11,Australia - NPL Victoria U23,Green Gully,Altona Magic,1x2,Away,2.750,lost,-1.0000,https://www.betaminic.com/shootingbets/results/
betaminic,2026-07-11,New Zealand - Northern League,Tauranga City,Auckland FC II,1x2,Away,1.910,won,0.9100,https://www.betaminic.com/shootingbets/results/
betaminic,2026-07-11,USA - USL League 2,Tucson,Capo FC II,1x2,Home,1.700,won,0.7000,https://www.betaminic.com/shootingbets/results/
betaminic,2026-07-10,Club Friendlies,FC Cincinnati,Burnley,1x2,Away,2.350,lost,-1.0000,https://www.betaminic.com/shootingbets/results/
betaminic,2026-07-10,Club Friendlies,Horsham,Eastleigh,1x2,Home,4.000,won,3.0000,https://www.betaminic.com/shootingbets/results/
betaminic,2026-07-10,Club Friendlies,Rushden and Diamonds,Milton Keynes Irish,1x2,Home,2.100,lost,-1.0000,https://www.betaminic.com/shootingbets/results/
betaminic,2026-07-10,Club Friendlies,Bridlington Town,Whitby Town,1x2,Home,3.500,lost,-1.0000,https://www.betaminic.com/shootingbets/results/
betaminic,2026-07-10,Club Friendlies,Maidenhead United,MK Dons,1x2,Home,9.500,lost,-1.0000,https://www.betaminic.com/shootingbets/results/
betaminic,2026-07-10,Club Friendlies,Merthyr Town,Cambrian United,1x2,Away,6.000,lost,-1.0000,https://www.betaminic.com/shootingbets/results/
betaminic,2026-07-10,Northern Ireland - Championship Women,Mid Ulster,Greenisland,1x2,Home,9.000,lost,-1.0000,https://www.betaminic.com/shootingbets/results/
betaminic,2026-07-10,Club Friendlies,Chenois,Grand-Saconnex,1x2,Away,2.400,won,1.4000,https://www.betaminic.com/shootingbets/results/
betaminic,2026-07-10,Brazil - Paulista U20,Tanabi,Osasco Audax,1x2,Away,3.400,won,2.4000,https://www.betaminic.com/shootingbets/results/
betaminic,2026-07-10,Brazil - Paulista U20,Mirassol,Portuguesa Santista,1x2,Home,2.250,lost,-1.0000,https://www.betaminic.com/shootingbets/results/
betaminic,2026-07-10,Colombia - U19 Championship,Real Santuario,Belen La Nubia Arco Zaragoza,1x2,Home,2.900,lost,-1.0000,https://www.betaminic.com/shootingbets/results/
betaminic,2026-07-10,Club Friendlies,Radomlje,Varazdin,1x2,Away,1.850,won,0.8500,https://www.betaminic.com/shootingbets/results/
betaminic,2026-07-10,Club Friendlies,Neftchi,Radnicki Nis,1x2,Home,2.100,won,1.1000,https://www.betaminic.com/shootingbets/results/
betaminic,2026-07-10,Club Friendlies,Austria Lustenau,Aarau,1x2,Away,3.400,lost,-1.0000,https://www.betaminic.com/shootingbets/results/
betaminic,2026-07-10,Club Friendlies,SKU Amstetten,Artis Brno,1x2,Home,2.750,lost,-1.0000,https://www.betaminic.com/shootingbets/results/
betaminic,2026-07-10,Club Friendlies,Spartak Trnava,Hanacka Slavia Kromeriz,1x2,Home,3.250,lost,-1.0000,https://www.betaminic.com/shootingbets/results/
betaminic,2026-07-10,Bolivia - Liga Nacional U19,Club Independiente Petrolero,Aurora,1x2,Home,6.000,lost,-1.0000,https://www.betaminic.com/shootingbets/results/
betaminic,2026-07-10,Club Friendlies,Lokomotiva Zagreb,Partizan Belgrade,1x2,Home,2.500,lost,-1.0000,https://www.betaminic.com/shootingbets/results/
betaminic,2026-07-10,Club Friendlies,Viktoria Plzen,Young Boys,over_under_25,Under,3.100,lost,-1.0000,https://www.betaminic.com/shootingbets/results/
betaminic,2026-07-10,Australia - Queensland Premier League Women,Logan Lightning,The Gap,1x2,Away,2.150,won,1.1500,https://www.betaminic.com/shootingbets/results/
betaminic,2026-07-10,Club Friendlies,Rodez,Bastia,1x2,Away,5.000,lost,-1.0000,https://www.betaminic.com/shootingbets/results/
betaminic,2026-07-10,Club Friendlies,Spartak Trnava,Samorin,1x2,Home,1.910,lost,-1.0000,https://www.betaminic.com/shootingbets/results/
betaminic,2026-07-10,Club Friendlies,FC Ashdod,Ironi Modiin,1x2,Home,1.730,lost,-1.0000,https://www.betaminic.com/shootingbets/results/
betaminic,2026-07-09,Brazil - Acreano U20,Independencia,Sao Francisco AC,1x2,Away,2.400,lost,-1.0000,https://www.betaminic.com/shootingbets/results/
betaminic,2026-07-09,Brazil - Paulista U20,Osasco Sporting,Ibrachina,1x2,Away,1.910,won,0.9100,https://www.betaminic.com/shootingbets/results/
betaminic,2026-07-09,Club Friendlies,Rapid Bucuresti,Slovan Liberec,1x2,Away,3.500,won,2.5000,https://www.betaminic.com/shootingbets/results/
betaminic,2026-07-09,China - U20 League,Qingdao Red Lions,Jiangxi Lushan,1x2,Away,2.400,lost,-1.0000,https://www.betaminic.com/shootingbets/results/
betaminic,2026-07-09,China - U20 League,Nantong Zhiyun,Yunnan Yukun,1x2,Home,2.630,lost,-1.0000,https://www.betaminic.com/shootingbets/results/
betaminic,2026-07-09,USA - USL League 2,City SC,AMSG,1x2,Home,1.650,won,0.6500,https://www.betaminic.com/shootingbets/results/
betaminic,2026-07-08,USA - USL League 2,South Carolina United Bantams,Charlotte Independence II,1x2,Away,2.100,won,1.1000,https://www.betaminic.com/shootingbets/results/
betaminic,2026-07-08,Brazil - Torneio OPG U20,Marica,Fluminense,1x2,Draw,4.200,lost,-1.0000,https://www.betaminic.com/shootingbets/results/
betaminic,2026-07-08,Club Friendlies,Schermbeck,Kleve,1x2,Away,3.750,lost,-1.0000,https://www.betaminic.com/shootingbets/results/
betaminic,2026-07-08,Club Friendlies,SC Dudingen,FC Muri-Gumligen,1x2,Home,3.250,lost,-1.0000,https://www.betaminic.com/shootingbets/results/
betaminic,2026-07-08,Club Friendlies,Go Ahead Eagles,Almere City,over_under_25,Under,4.800,lost,-1.0000,https://www.betaminic.com/shootingbets/results/
betaminic,2026-07-08,Club Friendlies,Bokelj Kotor,Arsenal Tivat,1x2,Home,3.000,won,2.0000,https://www.betaminic.com/shootingbets/results/
betaminic,2026-07-08,Club Friendlies,Jablonec,Pafos,1x2,Home,3.100,lost,-1.0000,https://www.betaminic.com/shootingbets/results/
betaminic,2026-07-08,Club Friendlies,Warta Sieradz,LKS Lodz II,1x2,Away,3.300,lost,-1.0000,https://www.betaminic.com/shootingbets/results/
betaminic,2026-07-08,Club Friendlies,Hartberg,Zbrojovka Brno,1x2,Away,3.000,lost,-1.0000,https://www.betaminic.com/shootingbets/results/
betaminic,2026-07-08,Club Friendlies,Komarno,Zvolen,1x2,Home,1.650,lost,-1.0000,https://www.betaminic.com/shootingbets/results/
betaminic,2026-07-08,Finland - Cup Women,KuPS,HJK Helsinki,over_under_25,Under,2.350,won,1.3500,https://www.betaminic.com/shootingbets/results/
betaminic,2026-07-08,Club Friendlies,Vasas,Kisvarda,1x2,Home,2.600,won,1.6000,https://www.betaminic.com/shootingbets/results/
betaminic,2026-07-08,Club Friendlies,Sigma Olomouc II,Rekord Bielsko Biala,1x2,Home,2.400,lost,-1.0000,https://www.betaminic.com/shootingbets/results/
betaminic,2026-07-08,Argentina - Reserve League,Club Sportivo Italiano,Argentino de Quilmes,over_under_25,Over,2.000,lost,-1.0000,https://www.betaminic.com/shootingbets/results/
betaminic,2026-07-08,Kyrgyzstan - Premier League,Alga Bishkek,Dordoi Bishkek,1x2,Home,2.050,lost,-1.0000,https://www.betaminic.com/shootingbets/results/
betaminic,2026-07-08,Tanzania - Premier League,Tanzania Prisons,Mbeya City,1x2,Away,4.500,lost,-1.0000,https://www.betaminic.com/shootingbets/results/
betaminic,2026-07-08,Club Friendlies,Vendsyssel,Kolding,1x2,Home,2.600,lost,-1.0000,https://www.betaminic.com/shootingbets/results/
betaminic,2026-07-08,Club Friendlies,Zaglebie Lubin,Banik Ostrava,1x2,Away,3.250,won,2.2500,https://www.betaminic.com/shootingbets/results/
betaminic,2026-07-08,USA - USL League 2,Tacoma Stars,Midlakes United,1x2,Away,2.880,lost,-1.0000,https://www.betaminic.com/shootingbets/results/
betaminic,2026-07-08,USA - MLS Next Pro League,Vancouver Whitecaps II,Ventura County,1x2,Away,2.800,lost,-1.0000,https://www.betaminic.com/shootingbets/results/
betaminic,2026-07-08,USA - USL League 2,Texoma,Denton Diablos,over_under_25,Under,2.500,lost,-1.0000,https://www.betaminic.com/shootingbets/results/
betaminic,2026-07-07,USA - USL League 2,Hudson Valley Hammers,Motown II,1x2,Away,1.650,won,0.6500,https://www.betaminic.com/shootingbets/results/
betaminic,2026-07-07,USA - USL League 2,Union Macomb,Ann Arbor,1x2,Away,2.150,lost,-1.0000,https://www.betaminic.com/shootingbets/results/
betaminic,2026-07-07,Iceland - 2. Deild Women,Fjolnir,Fylkir Reykjavik,1x2,Away,2.350,won,1.3500,https://www.betaminic.com/shootingbets/results/
betaminic,2026-07-07,Club Friendlies,Ashford Town,Farnborough,1x2,Home,4.500,lost,-1.0000,https://www.betaminic.com/shootingbets/results/
betaminic,2026-07-07,Club Friendlies,Sutton Coldfield Town,Leamington,1x2,Home,4.500,lost,-1.0000,https://www.betaminic.com/shootingbets/results/
betaminic,2026-07-07,Club Friendlies,Ware,Berkhamsted,1x2,Away,1.800,won,0.8000,https://www.betaminic.com/shootingbets/results/
betaminic,2026-07-07,Iceland - U19 League,Breidablik/Augn/Smari,HK/Ymir,1x2,Home,1.550,won,0.5500,https://www.betaminic.com/shootingbets/results/
betaminic,2026-07-07,UEFA - U19 Euro Championship Women,Germany,Austria,1x2,Home,1.420,lost,-1.0000,https://www.betaminic.com/shootingbets/results/
betaminic,2026-07-07,Club Friendlies,Gemert,Helmond Sport,1x2,Home,5.500,lost,-1.0000,https://www.betaminic.com/shootingbets/results/
betaminic,2026-07-07,Club Friendlies,SW Bregenz,Dornbirn,1x2,Home,2.050,won,1.0500,https://www.betaminic.com/shootingbets/results/
betaminic,2026-07-07,Finland - Kolmonen,Ylivieska,Kiisto,1x2,Home,3.500,lost,-1.0000,https://www.betaminic.com/shootingbets/results/
betaminic,2026-07-07,Bhutan - Premier League,Drukpa FC,Thimphu FC,1x2,Away,2.300,won,1.3000,https://www.betaminic.com/shootingbets/results/
betaminic,2026-07-07,Australia - Queensland Premier League Women,Grange Thistle,Logan Lightning,1x2,Away,2.500,lost,-1.0000,https://www.betaminic.com/shootingbets/results/
betaminic,2026-07-07,USA - USL League 2,Stars FC,Tucson,over_under_25,Under,2.750,won,1.7500,https://www.betaminic.com/shootingbets/results/
betaminic,2026-07-06,Club Friendlies,Colwyn Bay,CPD Y Rhyl 1879,1x2,Home,1.730,won,0.7300,https://www.betaminic.com/shootingbets/results/
betaminic,2026-07-06,Brazil - Carioca C,Rio Barra,Buzios,1x2,Home,2.400,lost,-1.0000,https://www.betaminic.com/shootingbets/results/
betaminic,2026-07-06,Club Friendlies,Partizan Belgrade,Neftchi,1x2,Home,1.830,won,0.8300,https://www.betaminic.com/shootingbets/results/
betaminic,2026-07-05,Dominica - Premier League,Sagicor South East,Portsmouth Bombers,over_under_25,Under,3.100,lost,-1.0000,https://www.betaminic.com/shootingbets/results/
betaminic,2026-07-05,Peru - Liga 3,Juventus Huamachuco,Deportivo Lute,1x2,Home,1.800,won,0.8000,https://www.betaminic.com/shootingbets/results/
betaminic,2026-07-05,Peru - Liga 3,Union Huaral,Juventud Huracan,1x2,Away,2.630,lost,-1.0000,https://www.betaminic.com/shootingbets/results/
betaminic,2026-07-05,Argentina - Torneo Federal A,Tucuman Central,Sol de America de Formosa,1x2,Home,2.250,lost,-1.0000,https://www.betaminic.com/shootingbets/results/
betaminic,2026-07-05,Argentina - Torneo Federal A,San Martin de Mendoza,Deportivo Rincon,1x2,Home,2.050,won,1.0500,https://www.betaminic.com/shootingbets/results/
betaminic,2026-07-05,USA - USL League 2,St. Croix,Edgewater Castle,1x2,Away,2.900,lost,-1.0000,https://www.betaminic.com/shootingbets/results/
betaminic,2026-07-05,Argentina - Torneo Federal A,Defensores de Belgrano VR,Atletico Escobar,1x2,Home,2.050,lost,-1.0000,https://www.betaminic.com/shootingbets/results/
betaminic,2026-07-05,Paraguay - Women League,Sportivo San Lorenzo,Club Nacional / Humaita,1x2,Home,2.100,won,1.1000,https://www.betaminic.com/shootingbets/results/
betaminic,2026-07-05,Paraguay - Tercera Division,24 de Setiembre,12 De Octubre Santo Domingo,1x2,Home,2.750,lost,-1.0000,https://www.betaminic.com/shootingbets/results/
betaminic,2026-07-05,Paraguay - Tercera Division,Club Silvio Pettirossi,River Plate Asuncion,1x2,Away,1.730,lost,-1.0000,https://www.betaminic.com/shootingbets/results/
betaminic,2026-07-05,Morocco - Botola Pro,FUS Rabat,Yacoub El Mansour,1x2,Home,3.300,lost,-1.0000,https://www.betaminic.com/shootingbets/results/
betaminic,2026-07-05,Club Friendlies,Omonia Nicosia,Hapoel Beer Sheva,1x2,Away,2.450,lost,-1.0000,https://www.betaminic.com/shootingbets/results/
betaminic,2026-07-05,Club Friendlies,Rapid Vienna,Rapid Bucuresti,1x2,Home,3.200,lost,-1.0000,https://www.betaminic.com/shootingbets/results/
betaminic,2026-07-05,Morocco - Botola 2,Chabab Atlas Khenifra,Amal Tiznit,1x2,Away,4.200,won,3.2000,https://www.betaminic.com/shootingbets/results/
betaminic,2026-07-05,Finland - Kolmonen,KePS,KajHa,1x2,Home,4.500,won,3.5000,https://www.betaminic.com/shootingbets/results/
betaminic,2026-07-05,Colombia - U19 Championship,Junior,Boca Junior Soledad,1x2,Away,7.000,lost,-1.0000,https://www.betaminic.com/shootingbets/results/
betaminic,2026-07-05,Club Friendlies,Metalist Kharkiv,Young Boys,1x2,Away,3.000,won,2.0000,https://www.betaminic.com/shootingbets/results/
betaminic,2026-07-05,Club Friendlies,Rosenborg,Molde,1x2,Home,3.200,won,2.2000,https://www.betaminic.com/shootingbets/results/
betaminic,2026-07-05,Club Friendlies,DJK Adler Union Frintrop,Schermbeck,1x2,Away,2.250,lost,-1.0000,https://www.betaminic.com/shootingbets/results/
betaminic,2026-07-05,Ireland - FAI Cup Women,Cork City,DLR Waves,1x2,Home,3.500,won,2.5000,https://www.betaminic.com/shootingbets/results/
betaminic,2026-07-05,Zimbabwe - PSL,Highlanders,Simba Bhora,1x2,Home,2.630,lost,-1.0000,https://www.betaminic.com/shootingbets/results/
betaminic,2026-07-05,Tanzania - Premier League,Mbeya City,Tanzania Prisons,1x2,Home,2.000,won,1.0000,https://www.betaminic.com/shootingbets/results/
betaminic,2026-07-05,Malawi - Super League,Masters Security,Kamuzu Barracks,1x2,Away,5.000,lost,-1.0000,https://www.betaminic.com/shootingbets/results/
betaminic,2026-07-05,Estonia - Esiliiga A,FC Flora Tallinn II,Levadia Tallinn II,1x2,Away,3.500,won,2.5000,https://www.betaminic.com/shootingbets/results/
betaminic,2026-07-05,Latvia - 1st Liga,Rfs II,Super Nova 2,1x2,Home,2.700,lost,-1.0000,https://www.betaminic.com/shootingbets/results/
betaminic,2026-07-05,Macau - Primeira Divisao,Chiba,Cheng Fung,1x2,Home,1.730,lost,-1.0000,https://www.betaminic.com/shootingbets/results/
betaminic,2026-07-05,Club Friendlies,Bergisch Gladbach 09,SSVg Velbert,1x2,Away,4.330,lost,-1.0000,https://www.betaminic.com/shootingbets/results/
betaminic,2026-07-05,Korea Republic - FA Cup,Pyeongtaek Citizen,Yeoju Citizen,1x2,Home,6.000,lost,-1.0000,https://www.betaminic.com/shootingbets/results/
betaminic,2026-07-05,Australia - NPL New South Wales Women,Apia Leichhardt,NWS Spirit,1x2,Home,1.670,won,0.6700,https://www.betaminic.com/shootingbets/results/
betaminic,2026-07-05,Australia - NPL Capital Territory Women,Tuggeranong United,West Canberra Wanderers,1x2,Away,2.550,lost,-1.0000,https://www.betaminic.com/shootingbets/results/
betaminic,2026-07-05,Japan - Regional League,International Pacific University,Baleine Shimonoseki,1x2,Home,4.500,won,3.5000,https://www.betaminic.com/shootingbets/results/
betaminic,2026-07-05,Australia - NPL New South Wales Women,Gladesville Ravens,Western Sydney Wanderers II,1x2,Away,1.730,lost,-1.0000,https://www.betaminic.com/shootingbets/results/
betaminic,2026-07-05,Australia - NPL New South Wales Women,Illawarra Stingrays,Sydney University,1x2,Home,3.500,lost,-1.0000,https://www.betaminic.com/shootingbets/results/
betaminic,2026-07-05,Australia - NPL Victoria U23,Heidelberg United,St Albans Saints,1x2,Away,4.500,won,3.5000,https://www.betaminic.com/shootingbets/results/
betaminic,2026-07-05,Japan - Regional League,Yazaki Valente,Gakunan F Mosuperio,1x2,Away,2.250,won,1.2500,https://www.betaminic.com/shootingbets/results/
betaminic,2026-07-05,Australia - NPL New South Wales U20,Wollongong Wolves,St George City,1x2,Away,3.600,lost,-1.0000,https://www.betaminic.com/shootingbets/results/
betaminic,2026-07-05,Japan - Regional League,R Velho Takamatsu,Tadotsu FC,1x2,Away,2.750,won,1.7500,https://www.betaminic.com/shootingbets/results/
betaminic,2026-07-05,Fiji - National Football League,Tailevu/Naitasiri,Nasinu,1x2,Home,6.250,lost,-1.0000,https://www.betaminic.com/shootingbets/results/
betaminic,2026-07-05,Club Friendlies,Cancun,Pumas UNAM,1x2,Home,5.500,lost,-1.0000,https://www.betaminic.com/shootingbets/results/
betaminic,2026-07-05,Nicaragua - Copa Nicaragua,Diriangen,Club Sport Sebaco,1x2,Draw,5.000,lost,-1.0000,https://www.betaminic.com/shootingbets/results/
betaminic,2026-07-04,Brazil - Serie D,Maguary,Iguatu,1x2,Home,2.450,lost,-1.0000,https://www.betaminic.com/shootingbets/results/
betaminic,2026-07-04,Bolivia - Copa Simon Bolivar,Universitario de Sucre,Atletico Juniors De Yotala,over_under_25,Under,2.630,lost,-1.0000,https://www.betaminic.com/shootingbets/results/
betaminic,2026-07-04,Argentina - Primera B Metropolitana,Ituzaingo,Villa San Carlos,1x2,Home,2.700,lost,-1.0000,https://www.betaminic.com/shootingbets/results/
betaminic,2026-07-04,Club Friendlies,Osijek,Paksi,1x2,Home,2.250,lost,-1.0000,https://www.betaminic.com/shootingbets/results/
betaminic,2026-07-04,Club Friendlies,Slaven Belupo,Zalaegerszeg,1x2,Home,2.300,lost,-1.0000,https://www.betaminic.com/shootingbets/results/
betaminic,2026-07-04,Club Friendlies,Lokomotiva Zagreb,Bravo,1x2,Home,2.200,won,1.2000,https://www.betaminic.com/shootingbets/results/
betaminic,2026-07-04,Ireland - FAI Cup Women,Peamount United,Athlone Town,1x2,Home,3.750,lost,-1.0000,https://www.betaminic.com/shootingbets/results/
betaminic,2026-07-04,Club Friendlies,Radnik Surdulica,Buducnost Podgorica,1x2,Home,2.350,won,1.3500,https://www.betaminic.com/shootingbets/results/
betaminic,2026-07-04,Chile - Tercera Division A,Rodelindo Roman,Constitucion Unido,1x2,Away,2.400,lost,-1.0000,https://www.betaminic.com/shootingbets/results/
betaminic,2026-07-04,Club Friendlies,Dundee,Maccabi Haifa,1x2,Home,2.380,won,1.3800,https://www.betaminic.com/shootingbets/results/
betaminic,2026-07-04,Club Friendlies,WSG Tirol,Gornik Zabrze,1x2,Away,3.300,lost,-1.0000,https://www.betaminic.com/shootingbets/results/
betaminic,2026-07-04,Club Friendlies,Nafta,Budapest Honved,1x2,Away,2.600,won,1.6000,https://www.betaminic.com/shootingbets/results/
betaminic,2026-07-04,Club Friendlies,Lokomotiv Plovdiv,Arda,1x2,Away,2.380,lost,-1.0000,https://www.betaminic.com/shootingbets/results/
betaminic,2026-07-04,Club Friendlies,Kisvarda,Tatran Presov,1x2,Away,3.700,lost,-1.0000,https://www.betaminic.com/shootingbets/results/
betaminic,2026-07-04,UEFA - U19 Euro Championship Women,Iceland,Switzerland,1x2,Home,3.200,lost,-1.0000,https://www.betaminic.com/shootingbets/results/
betaminic,2026-07-04,Club Friendlies,Piast Gliwice,Banik Ostrava,1x2,Away,3.000,lost,-1.0000,https://www.betaminic.com/shootingbets/results/
betaminic,2026-07-04,Finland - Kansallinen Women,HJK Helsinki,KuPS,1x2,Home,1.950,won,0.9500,https://www.betaminic.com/shootingbets/results/
betaminic,2026-07-04,Club Friendlies,FC Luzern,Winterthur,1x2,Away,6.500,lost,-1.0000,https://www.betaminic.com/shootingbets/results/
betaminic,2026-07-04,Club Friendlies,AZ Alkmaar,Gent,over_under_25,Under,2.600,lost,-1.0000,https://www.betaminic.com/shootingbets/results/
betaminic,2026-07-04,Iceland - 1. Deild Women,Volsungur,HK Kopavogur,1x2,Away,1.910,won,0.9100,https://www.betaminic.com/shootingbets/results/
betaminic,2026-07-04,Club Friendlies,Lokomotive Leipzig,Kladno,1x2,Home,2.050,lost,-1.0000,https://www.betaminic.com/shootingbets/results/
betaminic,2026-07-04,Club Friendlies,Macclesfield,Hyde United,1x2,Home,1.650,won,0.6500,https://www.betaminic.com/shootingbets/results/
betaminic,2026-07-04,Brazil - Brasiliense U20,Gremio Desportivo Valparaiso,Santa Maria,1x2,Away,3.500,won,2.5000,https://www.betaminic.com/shootingbets/results/
betaminic,2026-07-04,Club Friendlies,Haverfordwest County,Hamilton Academical,1x2,Home,3.400,lost,-1.0000,https://www.betaminic.com/shootingbets/results/
betaminic,2026-07-04,Finland - Ykkonen Women,KTP,PK Keski-Uusimaa,1x2,Away,4.200,won,3.2000,https://www.betaminic.com/shootingbets/results/
betaminic,2026-07-04,Club Friendlies,Tranent,Stirling Albion,1x2,Home,2.500,won,1.5000,https://www.betaminic.com/shootingbets/results/
betaminic,2026-07-04,Club Friendlies,Stal Rzeszow,Gornik Leczna,1x2,Away,3.300,lost,-1.0000,https://www.betaminic.com/shootingbets/results/
betaminic,2026-07-04,Estonia - Esiliiga A,FC Tallinn,Nomme United II,1x2,Away,1.850,lost,-1.0000,https://www.betaminic.com/shootingbets/results/
betaminic,2026-07-04,Finland - Kolmonen,TP 49,Loiske,1x2,Home,6.000,lost,-1.0000,https://www.betaminic.com/shootingbets/results/
betaminic,2026-07-04,Club Friendlies,Linfield,Kilmarnock,1x2,Away,2.000,won,1.0000,https://www.betaminic.com/shootingbets/results/
betaminic,2026-07-04,Club Friendlies,Inverness CT,Ross County,1x2,Away,3.000,won,2.0000,https://www.betaminic.com/shootingbets/results/
betaminic,2026-07-04,Club Friendlies,Canvey Island,Ebbsfleet United,1x2,Away,1.500,lost,-1.0000,https://www.betaminic.com/shootingbets/results/
betaminic,2026-07-04,China - League Two,Ganzhou Ruishi,Hubei Istar,1x2,Away,2.630,lost,-1.0000,https://www.betaminic.com/shootingbets/results/
betaminic,2026-07-04,Club Friendlies,Brondby,FC Nordsjaelland,1x2,Away,4.330,lost,-1.0000,https://www.betaminic.com/shootingbets/results/
betaminic,2026-07-04,Latvia - 1st Liga,Riga II,Tukums 2000 II,1x2,Home,1.750,won,0.7500,https://www.betaminic.com/shootingbets/results/
betaminic,2026-07-04,Club Friendlies,Wisla Krakow,MFK Karvina,1x2,Away,3.100,lost,-1.0000,https://www.betaminic.com/shootingbets/results/
betaminic,2026-07-04,Club Friendlies,Wisla Plock,Polonia Warsaw,1x2,Away,4.000,lost,-1.0000,https://www.betaminic.com/shootingbets/results/
betaminic,2026-07-04,Club Friendlies,VVV Venlo,Borussia Monchengladbach II,1x2,Away,3.750,lost,-1.0000,https://www.betaminic.com/shootingbets/results/
betaminic,2026-07-04,Club Friendlies,De Treffers,FC Eindhoven,1x2,Home,3.600,lost,-1.0000,https://www.betaminic.com/shootingbets/results/
betaminic,2026-07-04,South Africa - Super League Women,Tshwane University Of Technology,Ramatlaohle,1x2,Away,4.000,lost,-1.0000,https://www.betaminic.com/shootingbets/results/
betaminic,2026-07-04,Australia - NPL Queensland,Eastern Suburbs,Peninsula Power,1x2,Away,2.200,won,1.2000,https://www.betaminic.com/shootingbets/results/
betaminic,2026-07-04,Club Friendlies,Red Bull Salzburg,Gornik Zabrze,1x2,Away,4.100,lost,-1.0000,https://www.betaminic.com/shootingbets/results/
betaminic,2026-07-04,Australia - Queensland Premier League Women,Grange Thistle,Mitchelton,1x2,Away,4.500,lost,-1.0000,https://www.betaminic.com/shootingbets/results/
betaminic,2026-07-04,Club Friendlies,Vasas,Komarno,1x2,Away,4.000,lost,-1.0000,https://www.betaminic.com/shootingbets/results/
betaminic,2026-07-04,Club Friendlies,Unia Skierniewice,Pogon Grodzisk Mazowiecki,1x2,Home,2.500,lost,-1.0000,https://www.betaminic.com/shootingbets/results/
betaminic,2026-07-04,Australia - Queensland Premier League 3,North Lakes United,North Brisbane,1x2,Away,5.000,lost,-1.0000,https://www.betaminic.com/shootingbets/results/
betaminic,2026-07-04,Club Friendlies,FC Lugano,Rapperswil-Jona,1x2,Away,6.500,lost,-1.0000,https://www.betaminic.com/shootingbets/results/
betaminic,2026-07-04,Australia - Queensland Premier League 2,Pine Hills,Souths United,1x2,Home,2.000,won,1.0000,https://www.betaminic.com/shootingbets/results/
betaminic,2026-07-04,Australia - Queensland Premier League Women,Virginia United,Peninsula Power,1x2,Home,2.200,lost,-1.0000,https://www.betaminic.com/shootingbets/results/
betaminic,2026-07-04,Australia - New South Wales League 1,Bankstown City Lions,Dulwich Hill,1x2,Home,1.650,lost,-1.0000,https://www.betaminic.com/shootingbets/results/
betaminic,2026-07-04,Australia - New South Wales League 2,South Coast Flame,Central Coast United,1x2,Home,3.500,won,2.5000,https://www.betaminic.com/shootingbets/results/
betaminic,2026-07-04,Australia - Queensland Premier League 2,Grange Thistle,Mitchelton,1x2,Home,1.570,lost,-1.0000,https://www.betaminic.com/shootingbets/results/
betaminic,2026-07-04,Australia - NPL Tasmania,Glenorchy Knights,Clarence Zebras,1x2,Home,2.800,lost,-1.0000,https://www.betaminic.com/shootingbets/results/
betaminic,2026-07-04,Australia - NPL Victoria U23,Hume City,Dandenong City,1x2,Away,4.330,lost,-1.0000,https://www.betaminic.com/shootingbets/results/
betaminic,2026-07-04,Australia - NPL New South Wales,Western Sydney Wanderers II,Sydney Olympic,1x2,Away,2.750,lost,-1.0000,https://www.betaminic.com/shootingbets/results/
betaminic,2026-07-04,Australia - Queensland Premier League Women,The Gap,Palm Beach,1x2,Home,2.000,won,1.0000,https://www.betaminic.com/shootingbets/results/
betaminic,2026-07-04,New Zealand - Cup Women,Ellerslie AFC,Western Springs,1x2,Away,4.000,lost,-1.0000,https://www.betaminic.com/shootingbets/results/
betaminic,2026-07-04,Australia - NPL Queensland U23,Gold Coast Knights,Moreton City Excelsior,1x2,Away,2.500,won,1.5000,https://www.betaminic.com/shootingbets/results/
betaminic,2026-07-04,Club Friendlies,Correcaminos UAT,Chivas Guadalajara,1x2,Away,2.200,lost,-1.0000,https://www.betaminic.com/shootingbets/results/
betaminic,2026-07-04,New Zealand - Cup Women,Dunedin City Royals,Cashmere Technical,1x2,Away,2.000,won,1.0000,https://www.betaminic.com/shootingbets/results/
betaminic,2026-07-04,USA - NPSL,Milwaukee Torrent,Michigan Rangers,1x2,Home,2.900,lost,-1.0000,https://www.betaminic.com/shootingbets/results/
betaminic,2026-07-03,USA - USL League 2,Western Mass Pioneers,Black Rock,1x2,Home,2.150,lost,-1.0000,https://www.betaminic.com/shootingbets/results/
betaminic,2026-07-03,Northern Ireland - Premiership Women,Derry City,Crusaders Strikers,1x2,Home,2.700,lost,-1.0000,https://www.betaminic.com/shootingbets/results/
betaminic,2026-07-03,Club Friendlies,Dartford,Charlton Athletic,1x2,Away,1.330,won,0.3300,https://www.betaminic.com/shootingbets/results/
betaminic,2026-07-03,Club Friendlies,Carmarthen Town,Trefelin BGC,1x2,Home,5.500,won,4.5000,https://www.betaminic.com/shootingbets/results/
betaminic,2026-07-03,Lebanon - Premier League,Al Hikma,Nejmeh,1x2,Away,1.600,won,0.6000,https://www.betaminic.com/shootingbets/results/
betaminic,2026-07-03,Iceland - 2. Deild,Hviti Riddarinn,Dalvik/Reynir,1x2,Home,3.400,lost,-1.0000,https://www.betaminic.com/shootingbets/results/
betaminic,2026-07-03,Brazil - Paulista U20,Capivariano,Ituano,1x2,Home,3.100,lost,-1.0000,https://www.betaminic.com/shootingbets/results/
betaminic,2026-07-03,Brazil - Paulista U20,Portuguesa Santista,Portuguesa SP,1x2,Away,1.900,lost,-1.0000,https://www.betaminic.com/shootingbets/results/
betaminic,2026-07-03,Brazil - Paulista U20,Santo Andre,SC Paulinense,1x2,Home,1.950,won,0.9500,https://www.betaminic.com/shootingbets/results/
betaminic,2026-07-03,Brazil - Paulista U20,Sao Bento,America SP,1x2,Home,1.750,won,0.7500,https://www.betaminic.com/shootingbets/results/
betaminic,2026-07-03,Paraguay - Division Intermedia,Paraguari AC,Club Tacuary,1x2,Home,2.400,lost,-1.0000,https://www.betaminic.com/shootingbets/results/
betaminic,2026-07-03,Finland - Kolmonen,EPS/Reservi,PPJ/Ruoholahti,1x2,Away,2.750,won,1.7500,https://www.betaminic.com/shootingbets/results/
betaminic,2026-07-03,Club Friendlies,Kalsdorf,Marchfeld Donauauen,1x2,Away,2.600,lost,-1.0000,https://www.betaminic.com/shootingbets/results/
betaminic,2026-07-03,Club Friendlies,Mattersburg 2020,Austria Vienna II,1x2,Home,6.500,won,5.5000,https://www.betaminic.com/shootingbets/results/
betaminic,2026-07-03,Club Friendlies,Groene Ster,Eupen,1x2,Away,1.500,won,0.5000,https://www.betaminic.com/shootingbets/results/
betaminic,2026-07-03,Club Friendlies,Wiener Sport-Club,Floridsdorfer AC,1x2,Home,9.000,lost,-1.0000,https://www.betaminic.com/shootingbets/results/
betaminic,2026-07-03,Club Friendlies,Deutschlandsberger,Kapfenberger SV,1x2,Away,2.000,won,1.0000,https://www.betaminic.com/shootingbets/results/
betaminic,2026-07-03,Finland - Kolmonen,ACE,Tampereen Peli-Toverit,1x2,Home,4.200,lost,-1.0000,https://www.betaminic.com/shootingbets/results/
betaminic,2026-07-03,Finland - Kolmonen,KoPa,Stps,1x2,Away,5.250,lost,-1.0000,https://www.betaminic.com/shootingbets/results/
betaminic,2026-07-03,UEFA - U19 Euro Championship Women,Germany,Sweden,1x2,Home,1.910,won,0.9100,https://www.betaminic.com/shootingbets/results/
betaminic,2026-07-03,Finland - Kolmonen,NuPS,GrIFK II,1x2,Home,2.100,won,1.1000,https://www.betaminic.com/shootingbets/results/
betaminic,2026-07-03,Club Friendlies,Sturm Graz II,Budapest Honved,1x2,Home,5.500,lost,-1.0000,https://www.betaminic.com/shootingbets/results/
betaminic,2026-07-03,Club Friendlies,Sturm Graz,FC Kosice,1x2,Away,5.000,lost,-1.0000,https://www.betaminic.com/shootingbets/results/
betaminic,2026-07-03,South Africa - Super League Women,Copperbelt,University of Pretoria,1x2,Home,2.200,won,1.2000,https://www.betaminic.com/shootingbets/results/
betaminic,2026-07-03,Club Friendlies,Vitesse Arnhem,Roda JC,1x2,Home,2.450,lost,-1.0000,https://www.betaminic.com/shootingbets/results/
betaminic,2026-07-03,Club Friendlies,Sonderjyske,Viking,1x2,Home,3.600,lost,-1.0000,https://www.betaminic.com/shootingbets/results/
betaminic,2026-07-03,Club Friendlies,Jong Utrecht,Werder Bremen II,1x2,Away,3.250,won,2.2500,https://www.betaminic.com/shootingbets/results/
betaminic,2026-07-03,Australia - Victoria Premier League 1,Melbourne Knights,Bulleen Lions,over_under_25,Under,2.200,lost,-1.0000,https://www.betaminic.com/shootingbets/results/
betaminic,2026-07-03,Australia - Victoria Premier League 2,Springvale White Eagles,Keilor Park,over_under_25,Over,1.850,won,0.8500,https://www.betaminic.com/shootingbets/results/
betaminic,2026-07-03,Bhutan - Premier League,Tensung,Thimphu FC,1x2,Home,7.500,lost,-1.0000,https://www.betaminic.com/shootingbets/results/
betaminic,2026-07-03,Australia - NPL Northern NSW,Cooks Hill United,Valentine,1x2,Away,3.500,lost,-1.0000,https://www.betaminic.com/shootingbets/results/
betaminic,2026-07-03,Club Friendlies,Hvidovre,HB Koge,1x2,Away,4.330,lost,-1.0000,https://www.betaminic.com/shootingbets/results/
betaminic,2026-07-03,Club Friendlies,Vejle,Randers,1x2,Home,3.250,lost,-1.0000,https://www.betaminic.com/shootingbets/results/
betaminic,2026-07-03,Australia - Victoria Premier League 2,Box Hill United,Whittlesea United,1x2,Home,2.200,lost,-1.0000,https://www.betaminic.com/shootingbets/results/
betaminic,2026-07-03,Club Friendlies,Trencin,Zlin,1x2,Home,3.200,lost,-1.0000,https://www.betaminic.com/shootingbets/results/
betaminic,2026-07-03,Vietnam - U21 Championship,PVF,Viettel,1x2,Home,2.350,lost,-1.0000,https://www.betaminic.com/shootingbets/results/
betaminic,2026-07-03,USA - Women Premier Soccer League,Sporting CT Middletown,Connecticut Rush,1x2,Home,2.630,lost,-1.0000,https://www.betaminic.com/shootingbets/results/
betaminic,2026-07-02,Iceland - 1. Deild Women,IA Akranes,Grotta,over_under_25,Under,3.100,lost,-1.0000,https://www.betaminic.com/shootingbets/results/
betaminic,2026-07-02,Finland - Kolmonen,Fish United,Ylojarvi United,1x2,Home,3.200,lost,-1.0000,https://www.betaminic.com/shootingbets/results/
betaminic,2026-07-02,Morocco - Botola Pro,Renaissance Zemamra,FUS Rabat,1x2,Home,1.700,lost,-1.0000,https://www.betaminic.com/shootingbets/results/
betaminic,2026-07-02,Morocco - Botola Pro,Olympique Dcheira,Olympic Safi,1x2,Home,2.050,lost,-1.0000,https://www.betaminic.com/shootingbets/results/
betaminic,2026-07-02,Morocco - Botola Pro,KAC Marrakech,Maghreb Fes,1x2,Away,1.830,lost,-1.0000,https://www.betaminic.com/shootingbets/results/
betaminic,2026-07-02,Finland - Kolmonen,NIK,Sporting Kristina,1x2,Home,3.200,lost,-1.0000,https://www.betaminic.com/shootingbets/results/
betaminic,2026-07-02,Finland - Kolmonen,KJP Kouvola,PeKa,1x2,Home,8.000,won,7.0000,https://www.betaminic.com/shootingbets/results/
betaminic,2026-07-02,Finland - Kolmonen,Ylivieska,LBK,1x2,Away,5.250,lost,-1.0000,https://www.betaminic.com/shootingbets/results/
betaminic,2026-07-02,Finland - Kolmonen,Kumu,LAUTP ll,1x2,Away,3.900,lost,-1.0000,https://www.betaminic.com/shootingbets/results/
betaminic,2026-07-02,Club Friendlies,Neftchi,CFR Cluj,1x2,Away,2.100,won,1.1000,https://www.betaminic.com/shootingbets/results/
betaminic,2026-07-02,Finland - Ykkonen Women,TPS,JyPK,1x2,Away,2.300,won,1.3000,https://www.betaminic.com/shootingbets/results/
betaminic,2026-07-02,Club Friendlies,Polissya Zhytomyr,Sabah FK,1x2,Home,3.000,won,2.0000,https://www.betaminic.com/shootingbets/results/
betaminic,2026-07-02,Australia - Northern NSW Reserves League,Broadmeadow Magic,Weston Workers,1x2,Home,1.910,won,0.9100,https://www.betaminic.com/shootingbets/results/
betaminic,2026-07-02,USA - USL League 2,Davis Legacy,Academica,1x2,Home,2.100,lost,-1.0000,https://www.betaminic.com/shootingbets/results/
betaminic,2026-07-02,USA - Women Premier Soccer League,Milwaukee Torrent,Milwaukee Bavarian,1x2,Away,2.100,lost,-1.0000,https://www.betaminic.com/shootingbets/results/
betaminic,2026-07-02,USA - USL League 2,GFI Woodlands,AHFC Royals,1x2,Away,2.700,won,1.7000,https://www.betaminic.com/shootingbets/results/
betaminic,2026-07-01,Brazil - Brasileiro B U20,Goias,CRB,1x2,Home,1.830,lost,-1.0000,https://www.betaminic.com/shootingbets/results/
betaminic,2026-07-01,USA - USL League 2,Project 51O,San Francisco City,1x2,Away,2.750,lost,-1.0000,https://www.betaminic.com/shootingbets/results/
betaminic,2026-07-01,Iceland - 4. Deild,Ellidi,Alftanes,1x2,Home,4.750,lost,-1.0000,https://www.betaminic.com/shootingbets/results/
betaminic,2026-07-01,Brazil - Mineiro 2,Coimbra,Villa Nova,1x2,Home,2.300,won,1.3000,https://www.betaminic.com/shootingbets/results/
betaminic,2026-07-01,Ecuador - Serie B,Vinotinto,Gualaceo,1x2,Home,2.100,lost,-1.0000,https://www.betaminic.com/shootingbets/results/
betaminic,2026-07-01,Iceland - U19 League,Thor/THK/Volsungur,FH / IH,1x2,Home,2.250,won,1.2500,https://www.betaminic.com/shootingbets/results/
betaminic,2026-07-01,Club Friendlies,Arsenal Tivat,Mladost Donja Gorica,over_under_25,Over,1.750,lost,-1.0000,https://www.betaminic.com/shootingbets/results/
betaminic,2026-07-01,Club Friendlies,Omonia Nicosia,Dinamo Bucuresti,1x2,Home,4.330,won,3.3300,https://www.betaminic.com/shootingbets/results/
betaminic,2026-07-01,Club Friendlies,Celje,Hajduk Split,1x2,Away,2.700,won,1.7000,https://www.betaminic.com/shootingbets/results/
betaminic,2026-07-01,Club Friendlies,Winterthur,St. Gallen,1x2,Home,5.500,lost,-1.0000,https://www.betaminic.com/shootingbets/results/
betaminic,2026-07-01,Finland - Kolmonen,Gilla FC,HooGee,1x2,Away,4.750,lost,-1.0000,https://www.betaminic.com/shootingbets/results/
betaminic,2026-07-01,Finland - Cup Women,EBK,Honka,1x2,Away,3.750,lost,-1.0000,https://www.betaminic.com/shootingbets/results/
betaminic,2026-07-01,Finland - Cup Women,Aland United,KuPS,1x2,Away,2.050,won,1.0500,https://www.betaminic.com/shootingbets/results/
betaminic,2026-07-01,Finland - Kolmonen,JyTy,SalPa II,1x2,Home,3.900,won,2.9000,https://www.betaminic.com/shootingbets/results/
betaminic,2026-07-01,USA - USL League 2,Houston,Twin City Toucans,1x2,Home,1.910,lost,-1.0000,https://www.betaminic.com/shootingbets/results/
betaminic,2026-07-01,Club Friendlies,Mornar Bar,Petrovac,1x2,Home,2.500,lost,-1.0000,https://www.betaminic.com/shootingbets/results/
betaminic,2026-07-01,Club Friendlies,Radnicki Kragujevac,OFK Beograd,1x2,Home,2.400,lost,-1.0000,https://www.betaminic.com/shootingbets/results/
betaminic,2026-07-01,Club Friendlies,Miedz Legnica,GKS Katowice,1x2,Away,3.700,won,2.7000,https://www.betaminic.com/shootingbets/results/
betaminic,2026-07-01,Club Friendlies,Erzgebirge Aue,Vysocina Jihlava,1x2,Home,2.400,won,1.4000,https://www.betaminic.com/shootingbets/results/
betaminic,2026-07-01,Australia - Queensland Premier League 2,Brisbane Knights,Souths United,1x2,Away,2.200,lost,-1.0000,https://www.betaminic.com/shootingbets/results/
betaminic,2026-07-01,Club Friendlies,Zemun,Mornar Bar,1x2,Away,3.600,won,2.6000,https://www.betaminic.com/shootingbets/results/
betaminic,2026-07-01,Club Friendlies,Chrobry Glogow,Lechia Zielona Gora,1x2,Away,6.000,lost,-1.0000,https://www.betaminic.com/shootingbets/results/
betaminic,2026-07-01,Club Friendlies,Piast Gliwice,GKS Katowice,1x2,Home,2.750,won,1.7500,https://www.betaminic.com/shootingbets/results/
betaminic,2026-06-30,USA - USL League 2,Kalamazoo,Oakland County,1x2,Away,1.830,lost,-1.0000,https://www.betaminic.com/shootingbets/results/
betaminic,2026-06-30,Brazil - Paraibano U20,Treze,Queimadense,1x2,Home,1.730,won,0.7300,https://www.betaminic.com/shootingbets/results/
betaminic,2026-06-30,USA - NPSL,Gio's Lions SC,Michigan Rangers,1x2,Home,3.750,lost,-1.0000,https://www.betaminic.com/shootingbets/results/
betaminic,2026-06-30,Iceland - U19 League,Fylkir/Ellidi,HK/Ymir,1x2,Home,6.500,lost,-1.0000,https://www.betaminic.com/shootingbets/results/
betaminic,2026-06-30,Club Friendlies,Shamrock Rovers,Hibernian,1x2,Away,2.550,lost,-1.0000,https://www.betaminic.com/shootingbets/results/
betaminic,2026-06-30,UEFA - U19 Euro Championship Women,Poland,Germany,1x2,Away,1.900,lost,-1.0000,https://www.betaminic.com/shootingbets/results/
betaminic,2026-06-30,Club Friendlies,Wolfsberger AC,Zeleznicar Pancevo,1x2,Home,2.050,won,1.0500,https://www.betaminic.com/shootingbets/results/
betaminic,2026-06-30,Club Friendlies,Taborsko,SKU Amstetten,over_under_25,Under,2.680,lost,-1.0000,https://www.betaminic.com/shootingbets/results/
betaminic,2026-06-30,Club Friendlies,Zbrojovka Brno,Nyiregyhaza Spartacus,1x2,Home,2.400,won,1.4000,https://www.betaminic.com/shootingbets/results/
betaminic,2026-06-30,Club Friendlies,Shkendija,Zorya Luhansk,1x2,Home,3.250,lost,-1.0000,https://www.betaminic.com/shootingbets/results/
betaminic,2026-06-30,Argentina - Reserve League,Deportivo Muniz,Leandro N. Alem,1x2,Away,2.800,lost,-1.0000,https://www.betaminic.com/shootingbets/results/
betaminic,2026-06-30,Club Friendlies,RKC Waalwijk,Rot Weiss Oberhausen,1x2,Home,1.750,won,0.7500,https://www.betaminic.com/shootingbets/results/
betaminic,2026-06-30,Vietnam - Womens National League,Phong Phu Ha Nam,Than KSVN,1x2,Home,3.900,won,2.9000,https://www.betaminic.com/shootingbets/results/
betaminic,2026-06-30,Australia - Victoria Cup Women,Box Hill United,Bulleen Lions,1x2,Away,2.400,lost,-1.0000,https://www.betaminic.com/shootingbets/results/
betaminic,2026-06-30,Vietnam - Womens National League,Ha Noi FC II,Ho Chi Minh City II,over_under_25,Under,2.000,won,1.0000,https://www.betaminic.com/shootingbets/results/
betaminic,2026-06-29,Peru - League Cup,FBC Melgar,UCV Moquegua,1x2,Home,2.750,lost,-1.0000,https://www.betaminic.com/shootingbets/results/
betaminic,2026-06-29,Club Friendlies,CSKA 1948,Partizan Belgrade,1x2,Away,2.700,lost,-1.0000,https://www.betaminic.com/shootingbets/results/
betaminic,2026-06-29,Brazil - Catarinense U20,Joinville,Nacao Araquari,1x2,Away,5.250,won,4.2500,https://www.betaminic.com/shootingbets/results/
betaminic,2026-06-29,China - U20 League,Henan,Beijing Guoan,1x2,Home,2.630,lost,-1.0000,https://www.betaminic.com/shootingbets/results/
betaminic,2026-06-29,China - U20 League,Shenzhen Peng City,Guangdong GZ-Power,1x2,Home,2.750,won,1.7500,https://www.betaminic.com/shootingbets/results/
betaminic,2026-06-29,USA - USL League 2,Miami AC,Brevard Fire,1x2,Away,3.250,lost,-1.0000,https://www.betaminic.com/shootingbets/results/
betaminic,2026-06-28,USA - USL League 2,Southern Soccer Academy,Dothan United,over_under_25,Under,2.600,lost,-1.0000,https://www.betaminic.com/shootingbets/results/
betaminic,2026-06-28,Paraguay - Women League,Sportivo San Lorenzo,2 de Mayo,1x2,Away,5.250,lost,-1.0000,https://www.betaminic.com/shootingbets/results/
betaminic,2026-06-28,Argentina - Primera C Metropolitana,Defensores de Cambaceres,Estrella del Sur,1x2,Home,3.200,lost,-1.0000,https://www.betaminic.com/shootingbets/results/
betaminic,2026-06-28,USA - USL League 2,Seacoast United Phantoms,Black Rock,1x2,Home,3.100,lost,-1.0000,https://www.betaminic.com/shootingbets/results/
betaminic,2026-06-28,Brazil - Brasiliense U20,Santa Maria,Ceilandia,1x2,Home,1.500,lost,-1.0000,https://www.betaminic.com/shootingbets/results/
betaminic,2026-06-28,Peru - League Cup,Alianza Lima,Alianza Atletico,1x2,Home,4.000,lost,-1.0000,https://www.betaminic.com/shootingbets/results/
betaminic,2026-06-28,Brazil - Paulista Serie B,Santacruzense,America SP,1x2,Away,2.600,lost,-1.0000,https://www.betaminic.com/shootingbets/results/
betaminic,2026-06-28,Uruguay - Primera Division Amateur,Centro Atletico Lito,Deportivo LSM,1x2,Home,3.100,lost,-1.0000,https://www.betaminic.com/shootingbets/results/
betaminic,2026-06-28,Morocco - Botola Pro,Olympic Safi,CODM Meknes,1x2,Home,2.000,lost,-1.0000,https://www.betaminic.com/shootingbets/results/
betaminic,2026-06-28,Morocco - Botola Pro,Difaa El Jadida,KAC Marrakech,1x2,Home,3.100,lost,-1.0000,https://www.betaminic.com/shootingbets/results/
betaminic,2026-06-28,Club Friendlies,Aluminij,Noah,1x2,Away,2.700,won,1.7000,https://www.betaminic.com/shootingbets/results/
betaminic,2026-06-28,Argentina - Primera B Metropolitana,UAI Urquiza,Club Sportivo Italiano,1x2,Away,2.550,lost,-1.0000,https://www.betaminic.com/shootingbets/results/
betaminic,2026-06-28,UEFA - U19 Euro Championship Women,Austria,Iceland,1x2,Away,4.750,lost,-1.0000,https://www.betaminic.com/shootingbets/results/
betaminic,2026-06-28,Norway - 3rd Division,Lillestrom II,Tromso II,1x2,Away,7.000,lost,-1.0000,https://www.betaminic.com/shootingbets/results/
betaminic,2026-06-28,Norway - 3rd Division,Vindbjart,Stabaek II,1x2,Home,1.360,lost,-1.0000,https://www.betaminic.com/shootingbets/results/
betaminic,2026-06-28,Brazil - Mineiro 2,Aymores,Valeriodoce EC,1x2,Home,2.000,lost,-1.0000,https://www.betaminic.com/shootingbets/results/
betaminic,2026-06-28,Finland - Kolmonen,PK-37,ToU,1x2,Home,2.000,won,1.0000,https://www.betaminic.com/shootingbets/results/
betaminic,2026-06-28,Brazil - Paulista Serie B,Tupa,Independente Limeira,1x2,Away,1.830,won,0.8300,https://www.betaminic.com/shootingbets/results/
betaminic,2026-06-28,Brazil - Paulista Serie B,Osasco Audax,Flamengo de Guarulhos,1x2,Home,2.600,lost,-1.0000,https://www.betaminic.com/shootingbets/results/
betaminic,2026-06-28,Brazil - Catarinense U20,Carlos Renaux,Chapecoense,1x2,Away,1.830,won,0.8300,https://www.betaminic.com/shootingbets/results/
betaminic,2026-06-28,Malawi - Super League,Silver Strikers,Red Lions,1x2,Home,1.550,won,0.5500,https://www.betaminic.com/shootingbets/results/
betaminic,2026-06-28,Malawi - Super League,Karonga United,Moyale Barracks,1x2,Home,2.150,lost,-1.0000,https://www.betaminic.com/shootingbets/results/
betaminic,2026-06-28,Latvia - 1st Liga,Smiltene/Bjss,Skanstes,1x2,Home,3.400,lost,-1.0000,https://www.betaminic.com/shootingbets/results/
betaminic,2026-06-28,China - Super League Women,Shanghai STV,Jiangsu Suning,1x2,Home,1.910,won,0.9100,https://www.betaminic.com/shootingbets/results/
betaminic,2026-06-28,Macau - Primeira Divisao,Benfica Macau,Chiba,1x2,Away,1.700,lost,-1.0000,https://www.betaminic.com/shootingbets/results/
betaminic,2026-06-28,Latvia - 1st Liga,Leevon PPK,FK Metta,1x2,Away,1.570,won,0.5700,https://www.betaminic.com/shootingbets/results/
betaminic,2026-06-28,Norway - 3rd Division,Stromsgodset II,Skjervoey,1x2,Home,1.910,won,0.9100,https://www.betaminic.com/shootingbets/results/
betaminic,2026-06-28,China - U20 League,Shanghai Port,Ningbo Professional,1x2,Away,2.880,lost,-1.0000,https://www.betaminic.com/shootingbets/results/
betaminic,2026-06-28,Japan - Regional League,Velago Ikoma,Arterivo Wakayama,1x2,Away,2.100,lost,-1.0000,https://www.betaminic.com/shootingbets/results/
betaminic,2026-06-28,Korea Republic - K4 League,Jecheon Citizen,Gijang United,1x2,Home,2.000,lost,-1.0000,https://www.betaminic.com/shootingbets/results/
betaminic,2026-06-28,Australia - Queensland Premier League 3,Redcliffe Dolphins,Mount Gravatt Hawks,1x2,Home,4.330,lost,-1.0000,https://www.betaminic.com/shootingbets/results/
betaminic,2026-06-28,Australia - NPL Victoria U23,Heidelberg United,Oakleigh Cannons,1x2,Away,2.500,lost,-1.0000,https://www.betaminic.com/shootingbets/results/
betaminic,2026-06-28,Australia - NPL Queensland U23,Rochedale Rovers,Gold Coast Knights,1x2,Home,2.000,lost,-1.0000,https://www.betaminic.com/shootingbets/results/
betaminic,2026-06-28,Australia - NPL Victoria U23,South Melbourne,Green Gully,1x2,Away,5.750,won,4.7500,https://www.betaminic.com/shootingbets/results/
betaminic,2026-06-28,Japan - Regional League,National Institute of Fitness and Sports Kanoya,Nexus Miyakonojo,1x2,Home,2.550,won,1.5500,https://www.betaminic.com/shootingbets/results/
betaminic,2026-06-27,USA - NPSL,Osners,AC Newport,1x2,Home,2.900,lost,-1.0000,https://www.betaminic.com/shootingbets/results/
betaminic,2026-06-27,Brazil - Acreano U20,Galvez,Assermurb,1x2,Home,2.000,won,1.0000,https://www.betaminic.com/shootingbets/results/
betaminic,2026-06-27,USA - USL Women League,New England Mutiny,Vermont Green FC,1x2,Home,6.500,lost,-1.0000,https://www.betaminic.com/shootingbets/results/
betaminic,2026-06-27,USA - USL League 2,Rochester,Rockford Raptors,1x2,Home,3.300,lost,-1.0000,https://www.betaminic.com/shootingbets/results/
betaminic,2026-06-27,Brazil - Maranhense 2,Sao Jose de Ribamar Esporte Clube,Sao Luis MA,1x2,Home,3.000,lost,-1.0000,https://www.betaminic.com/shootingbets/results/
betaminic,2026-06-27,Ireland - National League Women,Treaty United,Sligo Rovers,1x2,Home,1.850,lost,-1.0000,https://www.betaminic.com/shootingbets/results/
betaminic,2026-06-27,Brazil - Serie D,Maracana,Imperatriz,1x2,Home,1.950,lost,-1.0000,https://www.betaminic.com/shootingbets/results/
betaminic,2026-06-27,Argentina - Primera C Metropolitana,Club Mercedes,JJ Urquiza,1x2,Away,4.100,lost,-1.0000,https://www.betaminic.com/shootingbets/results/
betaminic,2026-06-27,Brazil - Copa FGF,Bage,Gramadense,1x2,Home,2.350,lost,-1.0000,https://www.betaminic.com/shootingbets/results/
betaminic,2026-06-27,Brazil - Baiano U20,Jacuipense,Fluminense de Feira,over_under_25,Under,2.150,lost,-1.0000,https://www.betaminic.com/shootingbets/results/
betaminic,2026-06-27,Argentina - Primera C Metropolitana,Central Cordoba Rosario,Deportivo Muniz,1x2,Away,4.330,lost,-1.0000,https://www.betaminic.com/shootingbets/results/
betaminic,2026-06-27,Peru - League Cup,Comerciantes Unidos,Juan Pablo II College,1x2,Home,2.200,lost,-1.0000,https://www.betaminic.com/shootingbets/results/
betaminic,2026-06-27,Uruguay - Primera Division Amateur,Salus,Durazno,1x2,Home,3.600,won,2.6000,https://www.betaminic.com/shootingbets/results/
betaminic,2026-06-27,Chile - Primera Division Women,Deportes Iquique,Coquimbo Unido,1x2,Home,4.330,lost,-1.0000,https://www.betaminic.com/shootingbets/results/
betaminic,2026-06-27,Brazil - Paulista Serie B,Uniao Mogi,Maua,over_under_25,Under,2.100,lost,-1.0000,https://www.betaminic.com/shootingbets/results/
betaminic,2026-06-27,Iran - Azadegan League,Shahrdari Noshahr,Sanat Mes Kerman,1x2,Home,2.400,lost,-1.0000,https://www.betaminic.com/shootingbets/results/
betaminic,2026-06-27,Iran - Azadegan League,Fard,SaiPa,1x2,Draw,2.550,lost,-1.0000,https://www.betaminic.com/shootingbets/results/
betaminic,2026-06-27,Iran - Azadegan League,Ario Eslamshahr,Besat Kermanshah,1x2,Draw,2.800,lost,-1.0000,https://www.betaminic.com/shootingbets/results/
betaminic,2026-06-27,Iran - Azadegan League,Mes Shahr-e Babak,Niroye Zamini Tehran,1x2,Home,1.730,won,0.7300,https://www.betaminic.com/shootingbets/results/
betaminic,2026-06-27,Latvia - 1st Liga,Riga Mariners,Marupe,1x2,Home,1.800,won,0.8000,https://www.betaminic.com/shootingbets/results/
betaminic,2026-06-27,Club Friendlies,Struga Trim Lum,Dinamo Tirana,1x2,Away,2.380,won,1.3800,https://www.betaminic.com/shootingbets/results/
betaminic,2026-06-27,Morocco - Botola 2,KAC Kenitra,JS Soualem,1x2,Home,2.500,lost,-1.0000,https://www.betaminic.com/shootingbets/results/
betaminic,2026-06-27,Morocco - Botola 2,Wydad Fes,Massira,1x2,Away,2.600,lost,-1.0000,https://www.betaminic.com/shootingbets/results/
betaminic,2026-06-27,Club Friendlies,Ujpest,Universitatea Cluj,1x2,Home,3.200,lost,-1.0000,https://www.betaminic.com/shootingbets/results/
betaminic,2026-06-27,Club Friendlies,Budapest Honved,Kisvarda,1x2,Home,3.100,won,2.1000,https://www.betaminic.com/shootingbets/results/
betaminic,2026-06-27,Moldova - Divizia Nationala,Balti,Politehnica UTM,1x2,Home,2.500,won,1.5000,https://www.betaminic.com/shootingbets/results/
betaminic,2026-06-27,Club Friendlies,Macva Sabac,Petrovac,1x2,Home,2.630,lost,-1.0000,https://www.betaminic.com/shootingbets/results/
betaminic,2026-06-27,Sweden - 2nd Division,Rappe GOIF,Staffanstorp United,1x2,Away,2.500,won,1.5000,https://www.betaminic.com/shootingbets/results/
betaminic,2026-06-27,Sweden - 2nd Division,Solvesborgs,Oskarshamns AIK,1x2,Away,2.050,lost,-1.0000,https://www.betaminic.com/shootingbets/results/
betaminic,2026-06-27,Finland - Kolmonen,Tampereen Peli-Toverit,Tampere United II,1x2,Home,3.500,lost,-1.0000,https://www.betaminic.com/shootingbets/results/
betaminic,2026-06-27,Finland - Kolmonen,PonPa,Ajax Sarkkiranta,1x2,Home,4.330,lost,-1.0000,https://www.betaminic.com/shootingbets/results/
betaminic,2026-06-27,Club Friendlies,Annan Athletic,Queens Park,1x2,Home,4.200,lost,-1.0000,https://www.betaminic.com/shootingbets/results/
betaminic,2026-06-27,Faroe Islands - 1. Deild,NSI Runavik II,B36 Torshavn II,1x2,Home,2.400,lost,-1.0000,https://www.betaminic.com/shootingbets/results/
betaminic,2026-06-27,Club Friendlies,Forfar Athletic,Montrose,1x2,Home,3.250,lost,-1.0000,https://www.betaminic.com/shootingbets/results/
betaminic,2026-06-27,Club Friendlies,Livingston,Dundee,1x2,Home,3.300,won,2.3000,https://www.betaminic.com/shootingbets/results/
betaminic,2026-06-27,Club Friendlies,Kristiansund,Aalesunds,1x2,Away,2.450,won,1.4500,https://www.betaminic.com/shootingbets/results/
betaminic,2026-06-27,Ireland - U20 League,Derry City,Dundalk,1x2,Home,4.330,lost,-1.0000,https://www.betaminic.com/shootingbets/results/
betaminic,2026-06-27,Norway - 3rd Division,Oppsal,Raelingen FK,1x2,Home,1.950,won,0.9500,https://www.betaminic.com/shootingbets/results/
betaminic,2026-06-27,Norway - 3rd Division,Kvik,Volda,1x2,Away,2.000,won,1.0000,https://www.betaminic.com/shootingbets/results/
betaminic,2026-06-27,Sweden - 2nd Division,Haninge,Sleipner,1x2,Home,1.910,won,0.9100,https://www.betaminic.com/shootingbets/results/
betaminic,2026-06-27,Club Friendlies,Dordrecht,Schalke 04 II,1x2,Home,1.910,won,0.9100,https://www.betaminic.com/shootingbets/results/
betaminic,2026-06-27,South Africa - Super League Women,University of Pretoria,University of Western Cape,1x2,Away,1.800,lost,-1.0000,https://www.betaminic.com/shootingbets/results/
betaminic,2026-06-27,Club Friendlies,Vysocina Jihlava,Pribram,over_under_25,Over,1.950,won,0.9500,https://www.betaminic.com/shootingbets/results/
betaminic,2026-06-27,Club Friendlies,Sigma Olomouc,Ruzomberok,1x2,Home,1.830,won,0.8300,https://www.betaminic.com/shootingbets/results/
betaminic,2026-06-27,Club Friendlies,Sportfreunde Siegen 1899,Cosmos Koblenz,over_under_25,Under,3.300,lost,-1.0000,https://www.betaminic.com/shootingbets/results/
betaminic,2026-06-27,Club Friendlies,Zlate Moravce,Dukla Banska Bystrica,1x2,Home,3.750,won,2.7500,https://www.betaminic.com/shootingbets/results/
betaminic,2026-06-27,Club Friendlies,UTA Arad,Dumbravita,1x2,Home,1.500,won,0.5000,https://www.betaminic.com/shootingbets/results/
betaminic,2026-06-27,Club Friendlies,Lokomotiva Zagreb,Varazdin,1x2,Home,2.600,won,1.6000,https://www.betaminic.com/shootingbets/results/
betaminic,2026-06-27,Australia - NPL Western Australia,Perth Glory II,Stirling Macedonia,1x2,Away,1.700,lost,-1.0000,https://www.betaminic.com/shootingbets/results/
betaminic,2026-06-27,Australia - Western Australia State League 1,Floreat Athena,Inglewood United,1x2,Away,4.330,won,3.3300,https://www.betaminic.com/shootingbets/results/
betaminic,2026-06-27,Australia - New South Wales League 1,Hurstville,Hills United Brumbies,1x2,Away,2.380,lost,-1.0000,https://www.betaminic.com/shootingbets/results/
betaminic,2026-06-27,Club Friendlies,Zlin,Hanacka Slavia Kromeriz,1x2,Home,2.750,lost,-1.0000,https://www.betaminic.com/shootingbets/results/
betaminic,2026-06-27,Japan - Regional League,Ococisa Kyoto AC,Asuka FC,1x2,Home,2.630,lost,-1.0000,https://www.betaminic.com/shootingbets/results/
betaminic,2026-06-27,Australia - NPL New South Wales Women,NWS Spirit,Northern Tigers,1x2,Away,2.630,lost,-1.0000,https://www.betaminic.com/shootingbets/results/
betaminic,2026-06-27,Australia - Western Australia State League 1 Reserves,Floreat Athena,Inglewood United,1x2,Home,1.700,won,0.7000,https://www.betaminic.com/shootingbets/results/
betaminic,2026-06-27,Australia - NPL Northern NSW,Charlestown Azzurri,Belmont Swansea United,1x2,Away,2.400,won,1.4000,https://www.betaminic.com/shootingbets/results/
betaminic,2026-06-27,Australia - NPL New South Wales U20,UNSW,Sutherland Sharks,1x2,Away,3.000,won,2.0000,https://www.betaminic.com/shootingbets/results/
betaminic,2026-06-27,USA - Women Premier Soccer League,SoCal Union,Albion San Diego,1x2,Home,1.670,lost,-1.0000,https://www.betaminic.com/shootingbets/results/
betaminic,2026-06-27,New Zealand - Southern League,Cashmere Technical,Ferrymead Bays,1x2,Away,6.500,lost,-1.0000,https://www.betaminic.com/shootingbets/results/
betaminic,2026-06-27,Japan - Regional League,Kawasoe Club,Brew Saga,1x2,Home,4.000,lost,-1.0000,https://www.betaminic.com/shootingbets/results/
betaminic,2026-06-27,New Zealand - Northern League,Auckland City,Western Springs,1x2,Home,1.600,won,0.6000,https://www.betaminic.com/shootingbets/results/
betaminic,2026-06-27,New Zealand - Northern League,East Coast Bays,Tauranga City,1x2,Home,1.650,won,0.6500,https://www.betaminic.com/shootingbets/results/
betaminic,2026-06-26,USA - USL Women League,Cedar Stars Academy,Paisley Athletic,1x2,Home,4.100,won,3.1000,https://www.betaminic.com/shootingbets/results/
betaminic,2026-06-26,Peru - League Cup,Universitario de Deportes,Atletico Grau,1x2,Home,2.450,lost,-1.0000,https://www.betaminic.com/shootingbets/results/
betaminic,2026-06-26,Peru - League Cup,Sport Huancayo,Asociacion Deportiva Tarma,1x2,Home,2.700,won,1.7000,https://www.betaminic.com/shootingbets/results/
betaminic,2026-06-26,Northern Ireland - Championship Women,Craigavon City,Ballymoney United,1x2,Home,2.880,lost,-1.0000,https://www.betaminic.com/shootingbets/results/
betaminic,2026-06-26,Brazil - Paulista U20,Velo Clube,Aguai,1x2,Home,1.730,lost,-1.0000,https://www.betaminic.com/shootingbets/results/
betaminic,2026-06-26,Brazil - Paulista U20,Sfera,Maua,1x2,Home,2.200,won,1.2000,https://www.betaminic.com/shootingbets/results/
betaminic,2026-06-26,Brazil - Paulista U20,Botafogo SP,XV de Piracicaba,1x2,Home,1.800,lost,-1.0000,https://www.betaminic.com/shootingbets/results/
betaminic,2026-06-26,Norway - 3rd Division,Skedsmo,Skjetten,1x2,Away,5.250,won,4.2500,https://www.betaminic.com/shootingbets/results/
betaminic,2026-06-26,Club Friendlies,SV Horn,St Polten,1x2,Home,6.250,lost,-1.0000,https://www.betaminic.com/shootingbets/results/
betaminic,2026-06-26,Club Friendlies,Dukla Prague,Mlada Boleslav,1x2,Away,2.450,won,1.4500,https://www.betaminic.com/shootingbets/results/
betaminic,2026-06-26,Finland - Kolmonen,LPS,Kontu,1x2,Away,4.750,lost,-1.0000,https://www.betaminic.com/shootingbets/results/
betaminic,2026-06-26,Ethiopia - Premier League,Arba Minch City,Welwalo Adigrat University,1x2,Away,2.500,won,1.5000,https://www.betaminic.com/shootingbets/results/
betaminic,2026-06-26,Club Friendlies,MTK Budapest,Kazincbarcikai,1x2,Home,1.620,won,0.6200,https://www.betaminic.com/shootingbets/results/
betaminic,2026-06-26,Bhutan - Premier League,RTC,Transport United,1x2,Home,2.200,lost,-1.0000,https://www.betaminic.com/shootingbets/results/
betaminic,2026-06-26,Australia - NPL South Australia Women,Adelaide Comets,West Torrens Birkalla,1x2,Home,1.750,lost,-1.0000,https://www.betaminic.com/shootingbets/results/
betaminic,2026-06-26,Club Friendlies,Austria Lustenau,FC Wil,1x2,Away,6.000,lost,-1.0000,https://www.betaminic.com/shootingbets/results/
betaminic,2026-06-26,Club Friendlies,Botev Plovdiv,Arda,1x2,Home,2.380,won,1.3800,https://www.betaminic.com/shootingbets/results/
betaminic,2026-06-25,Iceland - 4. Deild,Vaengir Jupiters,Hafnir,1x2,Home,1.850,won,0.8500,https://www.betaminic.com/shootingbets/results/
betaminic,2026-06-25,Finland - Kolmonen,HPS ll,ToTe,1x2,Away,1.800,won,0.8000,https://www.betaminic.com/shootingbets/results/
betaminic,2026-06-25,Morocco - Botola Pro,Union Touarga,Difaa El Jadida,1x2,Home,1.910,lost,-1.0000,https://www.betaminic.com/shootingbets/results/
betaminic,2026-06-25,Norway - 3rd Division,Strindheim,Melhus,1x2,Home,3.100,won,2.1000,https://www.betaminic.com/shootingbets/results/
betaminic,2026-06-25,Morocco - Botola Pro,Olympique Dcheira,Ittihad Tanger,1x2,Home,2.500,won,1.5000,https://www.betaminic.com/shootingbets/results/
betaminic,2026-06-25,Morocco - Botola Pro,RS Berkane,FAR Rabat,1x2,Draw,2.880,won,1.8800,https://www.betaminic.com/shootingbets/results/
betaminic,2026-06-25,Finland - Kolmonen,PPJ/Ruoholahti,NuPS,1x2,Away,2.050,won,1.0500,https://www.betaminic.com/shootingbets/results/
betaminic,2026-06-25,Norway - 3rd Division,Vag,Viking II,1x2,Away,1.910,lost,-1.0000,https://www.betaminic.com/shootingbets/results/
betaminic,2026-06-25,Finland - Kolmonen,LBK,NIK,1x2,Home,3.700,won,2.7000,https://www.betaminic.com/shootingbets/results/
betaminic,2026-06-25,Finland - Kolmonen,Atlantis/PM,TiPS,1x2,Away,2.150,lost,-1.0000,https://www.betaminic.com/shootingbets/results/
betaminic,2026-06-25,Finland - Kolmonen,PiPS,Peimari United,1x2,Home,5.250,lost,-1.0000,https://www.betaminic.com/shootingbets/results/
betaminic,2026-06-25,Australia - NorZone Premier League,Darwin Hearts,Port Darwin,1x2,Home,2.450,won,1.4500,https://www.betaminic.com/shootingbets/results/
betaminic,2026-06-25,Malaysia - President Cup U20,Kuala Lumpur,Touchtronics,over_under_25,Over,2.150,won,1.1500,https://www.betaminic.com/shootingbets/results/
betaminic,2026-06-25,USA - USL League 2,Stars FC,City SC,1x2,Away,2.400,lost,-1.0000,https://www.betaminic.com/shootingbets/results/
betaminic,2026-06-25,FIFA - World Cup,South Africa,South Korea,1x2,Draw,3.920,lost,-1.0000,https://www.betaminic.com/shootingbets/results/
betaminic,2026-06-25,Brazil - Mineiro 2,Patrocinense,Boa EC MG,1x2,Away,3.200,lost,-1.0000,https://www.betaminic.com/shootingbets/results/
betaminic,2026-06-25,USA - USL League 2,Houston Sur,AHFC Royals,1x2,Away,1.300,won,0.3000,https://www.betaminic.com/shootingbets/results/
betaminic,2026-06-25,USA - USL League 2,Lubbock Matadors,McKinney Chupacabras,1x2,Home,2.700,lost,-1.0000,https://www.betaminic.com/shootingbets/results/
betaminic,2026-06-24,USA - USL League 2,Northern Virginia,Hill City,1x2,Home,2.050,lost,-1.0000,https://www.betaminic.com/shootingbets/results/
betaminic,2026-06-24,USA - USL League 2,Bethesda,Annapolis Blues,1x2,Away,2.550,lost,-1.0000,https://www.betaminic.com/shootingbets/results/
betaminic,2026-06-24,USA - Women Premier Soccer League,San Francisco Glens,San Ramon,1x2,Home,1.830,won,0.8300,https://www.betaminic.com/shootingbets/results/
betaminic,2026-06-24,Venezuela - Cup,Real Frontera,Atletico Barinas,1x2,Home,3.000,lost,-1.0000,https://www.betaminic.com/shootingbets/results/
betaminic,2026-06-24,Venezuela - Cup,Mineros de Guayana,Bolivar,1x2,Home,3.100,lost,-1.0000,https://www.betaminic.com/shootingbets/results/
betaminic,2026-06-24,Club Friendlies,Glentoran,The New Saints,1x2,Home,2.880,lost,-1.0000,https://www.betaminic.com/shootingbets/results/
betaminic,2026-06-24,Northern Ireland - Championship Women,Ballymena United,Strabane Athletic,1x2,Home,2.100,won,1.1000,https://www.betaminic.com/shootingbets/results/
betaminic,2026-06-24,Sweden - 2nd Division,Angby IF,Enskede,1x2,Away,2.400,lost,-1.0000,https://www.betaminic.com/shootingbets/results/
betaminic,2026-06-24,Finland - Kolmonen,LePa,EPS/Reservi,1x2,Home,1.850,lost,-1.0000,https://www.betaminic.com/shootingbets/results/
betaminic,2026-06-24,Sweden - 2nd Division,Lilla Torg,Torns,1x2,Home,2.300,won,1.3000,https://www.betaminic.com/shootingbets/results/
betaminic,2026-06-24,Finland - Kolmonen,Toolon Taisto,VJS II,1x2,Home,2.750,won,1.7500,https://www.betaminic.com/shootingbets/results/
betaminic,2026-06-24,Finland - Kolmonen,FC Lahti 69,SibboV,1x2,Home,2.100,lost,-1.0000,https://www.betaminic.com/shootingbets/results/
betaminic,2026-06-24,Finland - Kolmonen,Santa Claus,KePS,1x2,Home,4.000,lost,-1.0000,https://www.betaminic.com/shootingbets/results/
betaminic,2026-06-24,Finland - Kolmonen,Lapuan Virkia,SJK-Juniorit,1x2,Home,2.380,won,1.3800,https://www.betaminic.com/shootingbets/results/
betaminic,2026-06-24,Finland - Kolmonen,TPV II,NoPS,1x2,Away,3.000,lost,-1.0000,https://www.betaminic.com/shootingbets/results/
betaminic,2026-06-24,Finland - Kolmonen,JJK II,Metso,1x2,Home,5.000,lost,-1.0000,https://www.betaminic.com/shootingbets/results/
betaminic,2026-06-24,Sweden - 2nd Division,Grebbestads,Kumla,1x2,Away,2.550,lost,-1.0000,https://www.betaminic.com/shootingbets/results/
betaminic,2026-06-24,Club Friendlies,Grazer AK,Slovan Bratislava,1x2,Home,3.100,lost,-1.0000,https://www.betaminic.com/shootingbets/results/
betaminic,2026-06-24,Bhutan - Premier League,Drukpa FC,Tensung,1x2,Away,13.000,lost,-1.0000,https://www.betaminic.com/shootingbets/results/
betaminic,2026-06-24,Myanmar - Women League,Thitsar Arman,Shan United,1x2,Home,7.000,lost,-1.0000,https://www.betaminic.com/shootingbets/results/
betaminic,2026-06-24,Club Friendlies,Dukla Banska Bystrica,Tatran Presov,1x2,Away,3.000,lost,-1.0000,https://www.betaminic.com/shootingbets/results/
betaminic,2026-06-24,Mongolia - Premier League,Deren,Central Stallions,1x2,Home,2.000,won,1.0000,https://www.betaminic.com/shootingbets/results/
betaminic,2026-06-24,USA - Women Premier Soccer League,Side 92,Wichita,1x2,Home,2.400,won,1.4000,https://www.betaminic.com/shootingbets/results/
betaminic,2026-06-23,Iceland - Urvalsdeild Women,Grindavik/Njardvik,Vikingur Reykjavik,1x2,Away,4.200,lost,-1.0000,https://www.betaminic.com/shootingbets/results/
betaminic,2026-06-23,Iceland - U19 League,Throttur/SR,HK/Ymir,1x2,Home,2.300,lost,-1.0000,https://www.betaminic.com/shootingbets/results/
betaminic,2026-06-23,Brazil - Rio Cup,Cabofriense,Bonsucesso,1x2,Away,4.750,lost,-1.0000,https://www.betaminic.com/shootingbets/results/
betaminic,2026-06-23,Sweden - Cup,Astrio,Angelholms,1x2,Away,1.360,won,0.3600,https://www.betaminic.com/shootingbets/results/
betaminic,2026-06-23,Finland - Kolmonen,KPV Akatemia,Ylivieska,1x2,Home,5.000,won,4.0000,https://www.betaminic.com/shootingbets/results/
betaminic,2026-06-23,China - League Two,Xiamen Feilu,Hubei Istar,1x2,Home,1.670,lost,-1.0000,https://www.betaminic.com/shootingbets/results/
betaminic,2026-06-22,Peru - League Cup,Atletico Grau,Pirata FC,1x2,Home,1.670,won,0.6700,https://www.betaminic.com/shootingbets/results/
betaminic,2026-06-22,Kuwait - Premier League,Qadsia SC,Kazma,1x2,Away,6.250,won,5.2500,https://www.betaminic.com/shootingbets/results/
betaminic,2026-06-22,Uruguay - Reserve League,Montevideo Wanderers,Penarol,1x2,Away,2.700,lost,-1.0000,https://www.betaminic.com/shootingbets/results/
betaminic,2026-06-22,Norway - 3rd Division,Fana,Sogndal II,1x2,Home,2.900,won,1.9000,https://www.betaminic.com/shootingbets/results/
betaminic,2026-06-22,Mongolia - Premier League,Khovd Western,Khovd Club,1x2,Away,7.000,lost,-1.0000,https://www.betaminic.com/shootingbets/results/
betaminic,2026-06-22,USA - Women Premier Soccer League,SoCal Union,Rebels SC,1x2,Home,3.600,won,2.6000,https://www.betaminic.com/shootingbets/results/
betaminic,2026-06-22,USA - USL League 2,West Seattle Junction,Ballard,1x2,Away,1.570,won,0.5700,https://www.betaminic.com/shootingbets/results/
betaminic,2026-06-21,Peru - League Cup,Cienciano,Deportivo Garcilaso,1x2,Home,2.630,won,1.6300,https://www.betaminic.com/shootingbets/results/
betaminic,2026-06-21,Brazil - Serie D,Araguaina,Nacional AM,1x2,Away,2.800,won,1.8000,https://www.betaminic.com/shootingbets/results/
betaminic,2026-06-21,Peru - League Cup,Estudiantil CNI,Sporting Cristal,1x2,Home,3.200,lost,-1.0000,https://www.betaminic.com/shootingbets/results/
betaminic,2026-06-21,Peru - Liga 3,Juventus Huamachuco,Juventud Santo Domingo,1x2,Home,2.000,lost,-1.0000,https://www.betaminic.com/shootingbets/results/
betaminic,2026-06-21,Peru - League Cup,Santos FC,Ayacucho,1x2,Away,3.700,lost,-1.0000,https://www.betaminic.com/shootingbets/results/
betaminic,2026-06-21,Argentina - Torneo Federal A,Sportivo y Biblioteca Atenas,Costa Brava,1x2,Away,3.800,lost,-1.0000,https://www.betaminic.com/shootingbets/results/
betaminic,2026-06-21,Iceland - 1. Deild Women,KR Reykjavik,Haukar Hafnarfjordur,1x2,Home,1.950,lost,-1.0000,https://www.betaminic.com/shootingbets/results/
betaminic,2026-06-21,Brazil - Serie D,Maguary,Piaui,1x2,Home,1.800,won,0.8000,https://www.betaminic.com/shootingbets/results/
betaminic,2026-06-21,Argentina - Torneo Federal A,Defensores de Puerto Vilelas,Sol de America de Formosa,1x2,Home,2.700,won,1.7000,https://www.betaminic.com/shootingbets/results/
betaminic,2026-06-21,Argentina - Torneo Federal A,Defensores de Belgrano VR,Independiente Chivilcoy,1x2,Home,2.150,won,1.1500,https://www.betaminic.com/shootingbets/results/
betaminic,2026-06-21,Argentina - Torneo Promocional Amateur,Deportivo Metalurgico,Nautico Hacoaj,1x2,Draw,3.000,lost,-1.0000,https://www.betaminic.com/shootingbets/results/
betaminic,2026-06-21,Peru - League Cup,Union Minas,Sport Huancayo,1x2,Home,9.500,lost,-1.0000,https://www.betaminic.com/shootingbets/results/
betaminic,2026-06-21,Kuwait - Premier League,Al Shabab Kuwait,Al Jahra,1x2,Home,1.850,lost,-1.0000,https://www.betaminic.com/shootingbets/results/
betaminic,2026-06-21,Iceland - 1. Deild Women,Tindastoll,FHL,1x2,Home,12.000,won,11.0000,https://www.betaminic.com/shootingbets/results/
betaminic,2026-06-21,Canada - Northern Super League Women,Ottawa Rapid,AFC Toronto,1x2,Away,3.700,lost,-1.0000,https://www.betaminic.com/shootingbets/results/
betaminic,2026-06-21,Mozambique - Mocambola,Black Bulls Maputo,LD Sofala,1x2,Home,1.800,won,0.8000,https://www.betaminic.com/shootingbets/results/
betaminic,2026-06-21,Iran - Azadegan League,SaiPa,Ario Eslamshahr,1x2,Draw,2.800,lost,-1.0000,https://www.betaminic.com/shootingbets/results/
betaminic,2026-06-21,Iran - Azadegan League,Sanat Mes Kerman,Pars Jonoubi Jam,1x2,Draw,2.800,won,1.8000,https://www.betaminic.com/shootingbets/results/
betaminic,2026-06-21,Estonia - Meistriliiga,Flora Tallinn,Paide Linnameeskond,1x2,Draw,3.900,lost,-1.0000,https://www.betaminic.com/shootingbets/results/
betaminic,2026-06-21,Iceland - 1. Deild Women,Keflavik,HK Kopavogur,1x2,Away,2.750,won,1.7500,https://www.betaminic.com/shootingbets/results/
betaminic,2026-06-21,Sweden - 2nd Division,IF Karlstad II,Motala AIF,1x2,Away,2.550,won,1.5500,https://www.betaminic.com/shootingbets/results/
betaminic,2026-06-21,Morocco - Botola Pro,FUS Rabat,Olympique Dcheira,1x2,Home,1.950,lost,-1.0000,https://www.betaminic.com/shootingbets/results/
betaminic,2026-06-21,Morocco - Botola Pro,Maghreb Fes,RS Berkane,1x2,Home,2.630,lost,-1.0000,https://www.betaminic.com/shootingbets/results/
betaminic,2026-06-21,Iran - Azadegan League,Niroye Zamini Tehran,Fard,1x2,Draw,2.750,lost,-1.0000,https://www.betaminic.com/shootingbets/results/
betaminic,2026-06-21,Georgia - Liga 3,Margveti 2006,Dinamo Tbilisi II,1x2,Home,3.900,won,2.9000,https://www.betaminic.com/shootingbets/results/
betaminic,2026-06-21,Norway - 3rd Division,Stabaek II,Varhaug,1x2,Away,2.450,won,1.4500,https://www.betaminic.com/shootingbets/results/
betaminic,2026-06-21,Norway - U19 League,Kjelsas,Sprint-Jeloy,1x2,Home,1.570,won,0.5700,https://www.betaminic.com/shootingbets/results/
betaminic,2026-06-21,Sweden - 2nd Division,Karlslunds,FOC Farsta,1x2,Away,1.830,lost,-1.0000,https://www.betaminic.com/shootingbets/results/
betaminic,2026-06-21,Mongolia - Premier League,Khangarid Klub,Deren,1x2,Away,2.880,won,1.8800,https://www.betaminic.com/shootingbets/results/
betaminic,2026-06-21,Norway - 3rd Division,Tromso II,Skedsmo,1x2,Home,4.100,lost,-1.0000,https://www.betaminic.com/shootingbets/results/
betaminic,2026-06-21,Korea Republic - K4 League,Pyeongtaek Citizen,Jecheon Citizen,1x2,Away,2.100,won,1.1000,https://www.betaminic.com/shootingbets/results/
betaminic,2026-06-21,Myanmar - National League U20,Hantharwady United FC,Myawady,1x2,Away,2.900,lost,-1.0000,https://www.betaminic.com/shootingbets/results/
betaminic,2026-06-21,Korea Republic - K4 League,Geumsan Insam,Jincheon HR,1x2,Away,2.250,lost,-1.0000,https://www.betaminic.com/shootingbets/results/
betaminic,2026-06-21,Australia - Queensland Premier League 3,North Brisbane,Redcliffe Dolphins,1x2,Away,3.300,won,2.3000,https://www.betaminic.com/shootingbets/results/
betaminic,2026-06-21,Australia - Queensland Premier League 3,North Lakes United,Springfield United,1x2,Away,2.300,lost,-1.0000,https://www.betaminic.com/shootingbets/results/
betaminic,2026-06-21,Australia - NorZone Premier League,Casuarina,Darwin Hearts,1x2,Away,1.910,won,0.9100,https://www.betaminic.com/shootingbets/results/
betaminic,2026-06-21,Australia - Tasmania Super League Women,Kingborough Lions,Taroona,1x2,Away,4.100,lost,-1.0000,https://www.betaminic.com/shootingbets/results/
betaminic,2026-06-21,Australia - NPL Victoria U23,Heidelberg United,Preston Lions,1x2,Away,5.250,won,4.2500,https://www.betaminic.com/shootingbets/results/
betaminic,2026-06-21,Australia - NPL Northern NSW Women,Lake Macquarie City,Newcastle Olympic,1x2,Away,10.000,lost,-1.0000,https://www.betaminic.com/shootingbets/results/
betaminic,2026-06-21,Australia - NPL Capital Territory Women,Canberra Croatia,Canberra Olympic,1x2,Away,6.500,lost,-1.0000,https://www.betaminic.com/shootingbets/results/
betaminic,2026-06-21,Japan - Regional League,Shichigahama,Sendai University SC II,1x2,Home,5.500,won,4.5000,https://www.betaminic.com/shootingbets/results/
betaminic,2026-06-21,Australia - NPL Queensland U23,Queensland Lions,Rochedale Rovers,1x2,Away,10.000,lost,-1.0000,https://www.betaminic.com/shootingbets/results/
betaminic,2026-06-21,Fiji - FA Cup,Suva,Navua,1x2,Away,6.500,won,5.5000,https://www.betaminic.com/shootingbets/results/
betaminic,2026-06-21,Peru - League Cup,Carlos Mannucci,Alianza Lima,1x2,Away,4.750,lost,-1.0000,https://www.betaminic.com/shootingbets/results/
betaminic,2026-06-21,New Zealand - Southern League,Coastal Spirit,Dunedin City Royals,1x2,Away,3.600,lost,-1.0000,https://www.betaminic.com/shootingbets/results/
betaminic,2026-06-20,USA - USL Cup,Lexington SC,Indy Eleven,1x2,Home,1.830,lost,-1.0000,https://www.betaminic.com/shootingbets/results/
betaminic,2026-06-20,Brazil - Serie D,Velo Clube,Agua Santa,over_under_25,Over,2.430,lost,-1.0000,https://www.betaminic.com/shootingbets/results/
betaminic,2026-06-20,Argentina - Torneo Federal A,Santamarina Tandil,Club Villa Mitre,1x2,Away,2.400,won,1.4000,https://www.betaminic.com/shootingbets/results/
betaminic,2026-06-20,USA - Women Premier Soccer League,District Elite,Alexandria Reds,1x2,Home,6.000,lost,-1.0000,https://www.betaminic.com/shootingbets/results/
betaminic,2026-06-20,Peru - Liga 3,Cesar Vallejo II,Union Santo Domingo,1x2,Away,2.250,won,1.2500,https://www.betaminic.com/shootingbets/results/
betaminic,2026-06-20,USA - USL League 2,Philadelphia Lone Star,Delaware,1x2,Away,4.000,won,3.0000,https://www.betaminic.com/shootingbets/results/
betaminic,2026-06-20,Bolivia - Copa Simon Bolivar,Union Tarija,Universitario Tarija,over_under_25,Under,3.450,lost,-1.0000,https://www.betaminic.com/shootingbets/results/
betaminic,2026-06-20,Uruguay - Primera Division Amateur,Mar de Fondo,Bella Vista,1x2,Away,1.950,won,0.9500,https://www.betaminic.com/shootingbets/results/
betaminic,2026-06-20,Norway - 3rd Division,Lokomotiv Oslo,Frigg,1x2,Home,5.500,lost,-1.0000,https://www.betaminic.com/shootingbets/results/
betaminic,2026-06-20,Brazil - Carioca A2,Marica,Audax Rio,1x2,Away,10.000,lost,-1.0000,https://www.betaminic.com/shootingbets/results/
betaminic,2026-06-20,Argentina - Torneo Federal A,Juventud Unida Universitario,FADEP Mendoza,1x2,Draw,2.700,won,1.7000,https://www.betaminic.com/shootingbets/results/
betaminic,2026-06-20,Brazil - Paulista Serie B,Santacruzense,Sao Carlos,1x2,Away,2.880,lost,-1.0000,https://www.betaminic.com/shootingbets/results/
betaminic,2026-06-20,Brazil - Paulista Serie B,Guarulhos,SC Paulinense,1x2,Home,1.950,lost,-1.0000,https://www.betaminic.com/shootingbets/results/
betaminic,2026-06-20,Brazil - Paulista Serie B,Uniao Mogi,Itaquaquecetuba AC,1x2,Away,2.000,lost,-1.0000,https://www.betaminic.com/shootingbets/results/
betaminic,2026-06-20,Brazil - Paulista Serie B,Matonense,Mogi Mirim,1x2,Home,2.100,won,1.1000,https://www.betaminic.com/shootingbets/results/
betaminic,2026-06-20,Peru - League Cup,AD Cantolao,Universidad de San Martin,1x2,Away,2.100,lost,-1.0000,https://www.betaminic.com/shootingbets/results/
betaminic,2026-06-20,Club Friendlies,Glentoran,Caernarfon Town,1x2,Home,2.400,lost,-1.0000,https://www.betaminic.com/shootingbets/results/
betaminic,2026-06-20,Latvia - Cup,Ventspils,Leevon PPK,1x2,Home,3.600,lost,-1.0000,https://www.betaminic.com/shootingbets/results/
betaminic,2026-06-20,Norway - 1st Division Women,Fyllingsdalen,Klepp,1x2,Home,2.000,won,1.0000,https://www.betaminic.com/shootingbets/results/
betaminic,2026-06-20,Club Friendlies,Dynamo Kyiv,Slavia Prague,1x2,Away,4.500,lost,-1.0000,https://www.betaminic.com/shootingbets/results/
betaminic,2026-06-20,Macau - Primeira Divisao,Cheng Fung,Gorilla Of The Universe,1x2,Home,1.450,lost,-1.0000,https://www.betaminic.com/shootingbets/results/
betaminic,2026-06-20,Malawi - Super League,Mighty Mukuru Wanderers,Ekhaya,1x2,Home,1.500,lost,-1.0000,https://www.betaminic.com/shootingbets/results/
betaminic,2026-06-20,Norway - 3rd Division,Ullern,KFUM Oslo II,1x2,Away,2.350,won,1.3500,https://www.betaminic.com/shootingbets/results/
betaminic,2026-06-20,Norway - 3rd Division,Skjetten,Alta,1x2,Home,3.600,lost,-1.0000,https://www.betaminic.com/shootingbets/results/
betaminic,2026-06-20,Australia - NorZone Premier League,Garuda,Hellenic Athletic,1x2,Away,1.670,won,0.6700,https://www.betaminic.com/shootingbets/results/
betaminic,2026-06-20,Norway - 3rd Division,Lillestrom II,Ulfstind,1x2,Home,1.650,won,0.6500,https://www.betaminic.com/shootingbets/results/
betaminic,2026-06-20,Club Friendlies,Zilina,Opava,1x2,Away,5.000,lost,-1.0000,https://www.betaminic.com/shootingbets/results/
betaminic,2026-06-20,Australia - NPL New South Wales U20,Sydney Olympic,Rockdale Ilinden,1x2,Away,1.550,won,0.5500,https://www.betaminic.com/shootingbets/results/
betaminic,2026-06-20,Australia - Queensland Premier League 2,Taringa Rovers,Grange Thistle,1x2,Away,1.500,lost,-1.0000,https://www.betaminic.com/shootingbets/results/
betaminic,2026-06-20,Australia - New South Wales League 1,Hills United Brumbies,Prospect United,over_under_25,Under,2.380,won,1.3800,https://www.betaminic.com/shootingbets/results/
betaminic,2026-06-20,Australia - New South Wales League 2,Gladesville Ryde Magic,Nepean,1x2,Home,2.400,won,1.4000,https://www.betaminic.com/shootingbets/results/
betaminic,2026-06-20,Australia - NPL Capital Territory,Belconnen United,Queanbeyan City,1x2,Home,7.000,won,6.0000,https://www.betaminic.com/shootingbets/results/
betaminic,2026-06-20,Japan - Regional League,Chukyo University II,Ise-Shima,1x2,Away,2.500,won,1.5000,https://www.betaminic.com/shootingbets/results/
betaminic,2026-06-20,Australia - Northern NSW Reserves League,Lambton Jaffas,Adamstown Rosebud,1x2,Away,4.750,lost,-1.0000,https://www.betaminic.com/shootingbets/results/
betaminic,2026-06-20,USA - Women Premier Soccer League,La Roca,Black Diamond,1x2,Home,2.900,lost,-1.0000,https://www.betaminic.com/shootingbets/results/
betaminic,2026-06-20,Fiji - FA Cup,Nasinu,Nadroga,1x2,Away,3.100,won,2.1000,https://www.betaminic.com/shootingbets/results/
betaminic,2026-06-19,USA - USL League 2,Tobacco Road,Asheville City,1x2,Away,1.670,won,0.6700,https://www.betaminic.com/shootingbets/results/
betaminic,2026-06-19,USA - USL League 2,Loudoun United II,Bethesda,1x2,Away,2.100,lost,-1.0000,https://www.betaminic.com/shootingbets/results/
betaminic,2026-06-19,Iceland - 2. Deild Women,Alftanes,KT Reykjavik,1x2,Away,2.000,won,1.0000,https://www.betaminic.com/shootingbets/results/
betaminic,2026-06-19,Kuwait - Premier League,Al Arabi Kuwait,Qadsia SC,1x2,Away,3.000,lost,-1.0000,https://www.betaminic.com/shootingbets/results/
betaminic,2026-06-19,Club Friendlies,Rapid Vienna II,Oberwart,1x2,Away,4.000,lost,-1.0000,https://www.betaminic.com/shootingbets/results/
betaminic,2026-06-19,Norway - 3rd Division,Hinna,Brodd,1x2,Away,2.500,lost,-1.0000,https://www.betaminic.com/shootingbets/results/
betaminic,2026-06-19,China - FA Cup,Lanzhou Longyuan,Tianjin Jinmen Tiger,1x2,Home,3.280,lost,-1.0000,https://www.betaminic.com/shootingbets/results/
betaminic,2026-06-19,China - FA Cup,Shenzhen Juniors,Shenzhen Peng City,1x2,Away,1.830,won,0.8300,https://www.betaminic.com/shootingbets/results/
betaminic,2026-06-19,Australia - New South Wales League 2,Sydney University,Inner West Hawks,1x2,Home,2.150,lost,-1.0000,https://www.betaminic.com/shootingbets/results/
betaminic,2026-06-19,Australia - Victoria Premier League 2,Eastern Lions,Springvale White Eagles,1x2,Home,2.050,lost,-1.0000,https://www.betaminic.com/shootingbets/results/
betaminic,2026-06-19,Australia - NPL South Australia Women,Adelaide University,MetroStars,1x2,Away,9.000,lost,-1.0000,https://www.betaminic.com/shootingbets/results/
betaminic,2026-06-19,Fiji - FA Cup,Ba FC,Nadroga,1x2,Draw,6.500,lost,-1.0000,https://www.betaminic.com/shootingbets/results/
betaminic,2026-06-19,USA - USL League 2,Texoma,West Texas,1x2,Away,4.000,lost,-1.0000,https://www.betaminic.com/shootingbets/results/
betaminic,2026-06-18,Iceland - Cup Women,Grindavik/Njardvik,Stjarnan,over_under_25,Under,2.200,won,1.2000,https://www.betaminic.com/shootingbets/results/
betaminic,2026-06-18,Iceland - Cup Women,Throttur Reykjavik,Vikingur Reykjavik,1x2,Home,2.050,won,1.0500,https://www.betaminic.com/shootingbets/results/
betaminic,2026-06-18,Sweden - 2nd Division,Staffanstorp United,Linero,1x2,Home,2.800,lost,-1.0000,https://www.betaminic.com/shootingbets/results/
betaminic,2026-06-18,Club Friendlies,Austria Klagenfurt,Kapfenberger SV,1x2,Home,3.750,won,2.7500,https://www.betaminic.com/shootingbets/results/
betaminic,2026-06-18,Estonia - U19 League,Pohja Tallinn JK Volta,Paide Linnameeskond,1x2,Home,1.500,won,0.5000,https://www.betaminic.com/shootingbets/results/
betaminic,2026-06-18,Finland - Kolmonen,NIK,KPV Akatemia,1x2,Away,4.750,lost,-1.0000,https://www.betaminic.com/shootingbets/results/
betaminic,2026-06-18,Finland - Kolmonen,KoPa,LAUTP ll,1x2,Away,5.750,lost,-1.0000,https://www.betaminic.com/shootingbets/results/
betaminic,2026-06-18,Finland - Kolmonen,Ajax Sarkkiranta,KePS,1x2,Away,2.000,lost,-1.0000,https://www.betaminic.com/shootingbets/results/
betaminic,2026-06-18,Estonia - Esiliiga A,Nomme United II,Tallinna Kalev,1x2,Away,2.250,won,1.2500,https://www.betaminic.com/shootingbets/results/
betaminic,2026-06-18,USA - USL League 2,Weston,Miami City,1x2,Home,2.350,won,1.3500,https://www.betaminic.com/shootingbets/results/
betaminic,2026-06-17,USA - NPSL,Ambassadors FC Ohio,Cleveland,1x2,Away,4.200,won,3.2000,https://www.betaminic.com/shootingbets/results/
betaminic,2026-06-17,USA - Women Premier Soccer League,Vale SC,Albany Rush,1x2,Home,5.000,lost,-1.0000,https://www.betaminic.com/shootingbets/results/
betaminic,2026-06-17,Northern Ireland - Championship Women,Ballyclare Comrades,Craigavon City,1x2,Home,2.150,won,1.1500,https://www.betaminic.com/shootingbets/results/
betaminic,2026-06-17,Argentina - Torneo Promocional Amateur,Las Mandarinas,Everton de la Plata,1x2,Away,2.880,won,1.8800,https://www.betaminic.com/shootingbets/results/
betaminic,2026-06-17,Northern Ireland - Championship Women,Ballymoney United,Ballymena United,1x2,Home,2.300,won,1.3000,https://www.betaminic.com/shootingbets/results/
betaminic,2026-06-17,Brazil - Copa FGF,Gremio Atletico Farroupilha,Bage,1x2,Home,4.330,lost,-1.0000,https://www.betaminic.com/shootingbets/results/
betaminic,2026-06-17,Brazil - Mineiro 2,Coimbra,Democrata SL,1x2,Home,2.400,lost,-1.0000,https://www.betaminic.com/shootingbets/results/
betaminic,2026-06-17,Brazil - Rio Cup,Santa Cruz RJ,Perolas Negras,1x2,Home,5.500,lost,-1.0000,https://www.betaminic.com/shootingbets/results/
betaminic,2026-06-17,Brazil - Rio Cup,Duque de Caxias,Olaria,1x2,Away,2.050,won,1.0500,https://www.betaminic.com/shootingbets/results/
betaminic,2026-06-17,Sweden - 2nd Division,Enskede,Bollstanas,1x2,Home,1.910,won,0.9100,https://www.betaminic.com/shootingbets/results/
betaminic,2026-06-17,Sweden - Cup,Ragsveds,Enkopings,1x2,Home,6.000,lost,-1.0000,https://www.betaminic.com/shootingbets/results/
betaminic,2026-06-17,Finland - Kolmonen,EPS/Reservi,EIF II,1x2,Home,6.000,lost,-1.0000,https://www.betaminic.com/shootingbets/results/
betaminic,2026-06-17,Finland - Kolmonen,TiPS,RiPS,1x2,Home,5.500,lost,-1.0000,https://www.betaminic.com/shootingbets/results/
betaminic,2026-06-17,Norway - U19 Cup,Sarpsborg 08,KFUM Oslo,1x2,Home,2.100,won,1.1000,https://www.betaminic.com/shootingbets/results/
betaminic,2026-06-17,Gambia - GFA League,Samger,Bombada,1x2,Home,3.100,won,2.1000,https://www.betaminic.com/shootingbets/results/
betaminic,2026-06-17,Finland - Kolmonen,FCV/2,Komeetat,1x2,Away,2.250,won,1.2500,https://www.betaminic.com/shootingbets/results/
betaminic,2026-06-17,Finland - Kolmonen,TuPS,SibboV,1x2,Home,1.620,lost,-1.0000,https://www.betaminic.com/shootingbets/results/
betaminic,2026-06-17,Sweden - Elitettan Women,Hacken II,Gamla Upsala,1x2,Home,2.500,lost,-1.0000,https://www.betaminic.com/shootingbets/results/
betaminic,2026-06-17,Finland - Kolmonen,KJP Kouvola,MiPK,1x2,Away,2.900,won,1.9000,https://www.betaminic.com/shootingbets/results/
betaminic,2026-06-17,Finland - Kolmonen,Mikkelin Palloilijat II,Stps,1x2,Away,5.500,lost,-1.0000,https://www.betaminic.com/shootingbets/results/
betaminic,2026-06-17,Norway - Cup Women,Valerenga,AaFK Fortuna,1x2,Home,1.850,lost,-1.0000,https://www.betaminic.com/shootingbets/results/
betaminic,2026-06-17,Finland - Kolmonen,TiPS,LPS,1x2,Home,2.550,lost,-1.0000,https://www.betaminic.com/shootingbets/results/
betaminic,2026-06-17,Poland - 4th Liga,Polonia Chodziez,Iskierka Szczecin,1x2,Home,2.100,won,1.1000,https://www.betaminic.com/shootingbets/results/
betaminic,2026-06-17,Norway - U19 Cup,Sandefjord,Stromsgodset,1x2,Away,2.300,won,1.3000,https://www.betaminic.com/shootingbets/results/
betaminic,2026-06-17,Norway - U19 Cup,Lyn,Molde,1x2,Away,2.400,lost,-1.0000,https://www.betaminic.com/shootingbets/results/
betaminic,2026-06-17,Japan - Regional League,Nihon University,Ryutsu Keizai University,1x2,Home,2.050,won,1.0500,https://www.betaminic.com/shootingbets/results/
betaminic,2026-06-16,USA - USL League 2,Cleveland Force,Erie Sports Center,1x2,Away,12.000,lost,-1.0000,https://www.betaminic.com/shootingbets/results/
betaminic,2026-06-16,Uruguay - Reserve League,Penarol,La Luz,1x2,Away,3.600,lost,-1.0000,https://www.betaminic.com/shootingbets/results/
betaminic,2026-06-16,Iceland - U20 League Women,Haukar Hafnarfjordur,Vikingur Reykjavik,1x2,Away,2.800,won,1.8000,https://www.betaminic.com/shootingbets/results/
betaminic,2026-06-16,Finland - Kolmonen,PonPa,JS Hercules II,1x2,Away,3.250,won,2.2500,https://www.betaminic.com/shootingbets/results/
betaminic,2026-06-16,Finland - Kolmonen,Metso,FC Blackbird,1x2,Away,2.300,lost,-1.0000,https://www.betaminic.com/shootingbets/results/
betaminic,2026-06-16,Finland - Kolmonen,Haka Juniorit,NoPS,1x2,Away,3.750,won,2.7500,https://www.betaminic.com/shootingbets/results/
betaminic,2026-06-16,Finland - Kolmonen,MPS/Atletico Malmi,HPS ll,1x2,Away,5.000,lost,-1.0000,https://www.betaminic.com/shootingbets/results/
betaminic,2026-06-16,Norway - Cup Women,Lyn,Brann,over_under_25,Under,2.500,won,1.5000,https://www.betaminic.com/shootingbets/results/
betaminic,2026-06-16,Australia - Cup Qualifiers,Fremantle City,Olympic Kingsway,1x2,Away,1.900,lost,-1.0000,https://www.betaminic.com/shootingbets/results/
betaminic,2026-06-15,Argentina - Torneo Federal A,Sportivo Belgrano,Defensores de Belgrano VR,over_under_25,Over,2.600,lost,-1.0000,https://www.betaminic.com/shootingbets/results/
betaminic,2026-06-15,Argentina - Primera C Metropolitana,Sacachispas,Argentino de Rosario,1x2,Home,2.200,won,1.2000,https://www.betaminic.com/shootingbets/results/
betaminic,2026-06-15,Norway - 3rd Division,Kongsvinger II,Skjetten,1x2,Away,3.500,won,2.5000,https://www.betaminic.com/shootingbets/results/
betaminic,2026-06-15,Peru - League Cup,Deportivo Llacuabamba,UTC de Cajamarca,1x2,Away,3.900,lost,-1.0000,https://www.betaminic.com/shootingbets/results/
betaminic,2026-06-15,Norway - 3rd Division,Asane ll,Stord,1x2,Home,2.050,lost,-1.0000,https://www.betaminic.com/shootingbets/results/
betaminic,2026-06-15,Norway - 3rd Division,Vag,Stabaek II,1x2,Home,2.100,won,1.1000,https://www.betaminic.com/shootingbets/results/
betaminic,2026-06-15,Estonia - Esiliiga B,Parnu Vaprus II,Tallinna FCI Levadia III,1x2,Away,2.450,lost,-1.0000,https://www.betaminic.com/shootingbets/results/
betaminic,2026-06-15,Norway - 3rd Division,Fram Larvik,Lyn II,1x2,Home,2.000,lost,-1.0000,https://www.betaminic.com/shootingbets/results/
betaminic,2026-06-15,Iran - Azadegan League,Havadar,Sanat Mes Kerman,1x2,Draw,2.630,won,1.6300,https://www.betaminic.com/shootingbets/results/
betaminic,2026-06-15,Georgia - Liga 3,Orbi,Didube,1x2,Away,4.750,won,3.7500,https://www.betaminic.com/shootingbets/results/
betaminic,2026-06-15,China - U20 League,Hubei Istar,Ningbo Professional,1x2,Home,1.800,won,0.8000,https://www.betaminic.com/shootingbets/results/
betaminic,2026-06-15,USA - Women Premier Soccer League,Tucson,Desert Dreams,1x2,Home,1.800,won,0.8000,https://www.betaminic.com/shootingbets/results/
betaminic,2026-06-15,USA - NPSL,Pride,Michigan Rangers,1x2,Home,2.750,lost,-1.0000,https://www.betaminic.com/shootingbets/results/
betaminic,2026-06-14,USA - USL League 2,Bigfoot,FC Olympia,1x2,Away,2.750,lost,-1.0000,https://www.betaminic.com/shootingbets/results/
betaminic,2026-06-14,Peru - League Cup,Universidad Cesar Vallejo,Alianza Lima,1x2,Away,5.750,lost,-1.0000,https://www.betaminic.com/shootingbets/results/
betaminic,2026-06-14,Peru - Liga 3,Juventud Santo Domingo,Deportivo Lute,1x2,Home,3.000,lost,-1.0000,https://www.betaminic.com/shootingbets/results/
betaminic,2026-06-14,Peru - Liga 3,Pacífico,Centro Social Pariacoto,1x2,Home,1.670,won,0.6700,https://www.betaminic.com/shootingbets/results/
betaminic,2026-06-14,Argentina - Regional League,Club Atletico Minero Argentino,9 de Julio San Juan,over_under_25,Under,2.300,won,1.3000,https://www.betaminic.com/shootingbets/results/
betaminic,2026-06-14,Brazil - Copa FGF,Bage,Guarany de Bage,1x2,Home,2.250,lost,-1.0000,https://www.betaminic.com/shootingbets/results/
betaminic,2026-06-14,Argentina - Primera C Metropolitana,Juventud Unida San Miguel,Estrella del Sur,1x2,Away,2.500,lost,-1.0000,https://www.betaminic.com/shootingbets/results/
betaminic,2026-06-14,Argentina - Primera C Metropolitana,Central Ballester,Canuelas,1x2,Away,2.200,won,1.2000,https://www.betaminic.com/shootingbets/results/
betaminic,2026-06-14,Argentina - Primera C Metropolitana,Claypole,Deportivo Muniz,1x2,Away,3.600,lost,-1.0000,https://www.betaminic.com/shootingbets/results/
betaminic,2026-06-14,Argentina - Torneo Federal A,Boca Unidos,San Martin Formosa,1x2,Away,2.350,lost,-1.0000,https://www.betaminic.com/shootingbets/results/
betaminic,2026-06-14,Brazil - Brasiliense U20,Paranoa,Gremio Desportivo Valparaiso,1x2,Home,6.250,lost,-1.0000,https://www.betaminic.com/shootingbets/results/
betaminic,2026-06-14,Brazil - Serie D,Sousa,America RN,1x2,Away,2.300,won,1.3000,https://www.betaminic.com/shootingbets/results/
betaminic,2026-06-14,Argentina - Torneo Federal A,Club Villa Mitre,Germinal,1x2,Home,1.480,lost,-1.0000,https://www.betaminic.com/shootingbets/results/
betaminic,2026-06-14,Brazil - Paulista Serie B,Barcelona Capela,Manthiqueira,1x2,Home,9.000,lost,-1.0000,https://www.betaminic.com/shootingbets/results/
betaminic,2026-06-14,Brazil - Paulista Serie B,SC Paulinense,Osasco Audax,1x2,Away,1.730,lost,-1.0000,https://www.betaminic.com/shootingbets/results/
betaminic,2026-06-14,Brazil - Carioca A2,Audax Rio,Perolas Negras,1x2,Home,2.450,lost,-1.0000,https://www.betaminic.com/shootingbets/results/
betaminic,2026-06-14,Finland - Kakkonen Group C,Narpes Kraft,Huima/Urho,1x2,Away,2.300,won,1.3000,https://www.betaminic.com/shootingbets/results/
betaminic,2026-06-14,Latvia - 1st Liga,Riga II,Smiltene/Bjss,1x2,Away,4.330,lost,-1.0000,https://www.betaminic.com/shootingbets/results/
betaminic,2026-06-14,Norway - 3rd Division,KFUM Oslo II,Baerum,1x2,Away,1.730,won,0.7300,https://www.betaminic.com/shootingbets/results/
betaminic,2026-06-14,Uzbekistan - Pro League,Yaypan FK,Olimpik Mobiuz,1x2,Away,3.700,won,2.7000,https://www.betaminic.com/shootingbets/results/
betaminic,2026-06-14,Zimbabwe - PSL,Bulawayo Chiefs,Highlanders,1x2,Away,2.700,won,1.7000,https://www.betaminic.com/shootingbets/results/
betaminic,2026-06-14,Zimbabwe - PSL,Agama,CAPS United,1x2,Away,2.350,lost,-1.0000,https://www.betaminic.com/shootingbets/results/
betaminic,2026-06-14,Sweden - 2nd Division,Lucksta,Team TG,1x2,Away,3.250,won,2.2500,https://www.betaminic.com/shootingbets/results/
betaminic,2026-06-14,Kenya - Shield Cup,Tusker,Kenya Police,1x2,Draw,2.700,lost,-1.0000,https://www.betaminic.com/shootingbets/results/
betaminic,2026-06-14,Bhutan - Premier League,Transport United,Thimphu City,1x2,Away,2.100,won,1.1000,https://www.betaminic.com/shootingbets/results/
betaminic,2026-06-14,Norway - 3rd Division,Byasen,Melhus,1x2,Home,4.330,won,3.3300,https://www.betaminic.com/shootingbets/results/
betaminic,2026-06-14,Sweden - 2nd Division,Angby IF,Skiljebo,1x2,Home,2.880,won,1.8800,https://www.betaminic.com/shootingbets/results/
betaminic,2026-06-14,Sweden - 2nd Division,Vastra Frolunda,Boljan,1x2,Away,4.750,lost,-1.0000,https://www.betaminic.com/shootingbets/results/
betaminic,2026-06-14,Estonia - Esiliiga A,FC Flora Tallinn II,Tallinna Kalev,1x2,Away,3.000,lost,-1.0000,https://www.betaminic.com/shootingbets/results/
betaminic,2026-06-14,Macau - FA Cup,Gorilla Of The Universe,Chiba,1x2,Away,1.620,won,0.6200,https://www.betaminic.com/shootingbets/results/
betaminic,2026-06-14,Finland - Kolmonen,EPS/Reservi,MPS,1x2,Home,2.000,lost,-1.0000,https://www.betaminic.com/shootingbets/results/
betaminic,2026-06-14,Mongolia - Premier League,Deren,Central Stallions,1x2,Home,2.200,lost,-1.0000,https://www.betaminic.com/shootingbets/results/
betaminic,2026-06-14,Japan - Regional League,Gakunan F Mosuperio,Atletico Suzuka,1x2,Away,2.600,lost,-1.0000,https://www.betaminic.com/shootingbets/results/
betaminic,2026-06-14,Japan - Regional League,Lvnirosso NC,R Velho Takamatsu,1x2,Home,1.900,lost,-1.0000,https://www.betaminic.com/shootingbets/results/
betaminic,2026-06-14,Japan - Regional League,Llamas Kochi,KUFC Nankoku,1x2,Away,2.600,lost,-1.0000,https://www.betaminic.com/shootingbets/results/
betaminic,2026-06-14,Australia - NPL Northern NSW,Charlestown Azzurri,Lambton Jaffas,1x2,Away,2.050,won,1.0500,https://www.betaminic.com/shootingbets/results/
betaminic,2026-06-14,Japan - Regional League,Kawasoe Club,Nippon Steel Oita,1x2,Away,4.500,lost,-1.0000,https://www.betaminic.com/shootingbets/results/
betaminic,2026-06-14,Japan - Regional League,Brew Saga,National Institute of Fitness and Sports Kanoya,1x2,Away,4.200,lost,-1.0000,https://www.betaminic.com/shootingbets/results/
betaminic,2026-06-13,Peru - League Cup,Deportivo Binacional,Cienciano,1x2,Away,2.200,won,1.2000,https://www.betaminic.com/shootingbets/results/
betaminic,2026-06-13,New Zealand - Chatham Cup,Nomads United,Nelson Suburbs,1x2,Away,3.000,won,2.0000,https://www.betaminic.com/shootingbets/results/
betaminic,2026-06-13,USA - USL League 2,Chicago Dutch Lions,River Light,1x2,Away,2.050,lost,-1.0000,https://www.betaminic.com/shootingbets/results/
betaminic,2026-06-13,USA - Women Premier Soccer League,Sporting CT Middletown,Merrimack Valley Hawks,1x2,Home,2.250,won,1.2500,https://www.betaminic.com/shootingbets/results/
betaminic,2026-06-13,Peru - League Cup,Comerciantes,Sporting Cristal,1x2,Away,3.750,lost,-1.0000,https://www.betaminic.com/shootingbets/results/
betaminic,2026-06-13,USA - USL League 2,Miami AC,Fort Lauderdale United,1x2,Away,1.500,won,0.5000,https://www.betaminic.com/shootingbets/results/
betaminic,2026-06-13,Argentina - Torneo Federal A,Sportivo Las Parejas,Gimnasia Chivilcoy,1x2,Home,2.200,lost,-1.0000,https://www.betaminic.com/shootingbets/results/
betaminic,2026-06-13,Brazil - Serie D,Ferroviario,Fluminense PI,over_under_25,Over,2.200,lost,-1.0000,https://www.betaminic.com/shootingbets/results/
betaminic,2026-06-13,Brazil - Mineiro 2,Villa Nova,Coimbra,1x2,Away,2.880,lost,-1.0000,https://www.betaminic.com/shootingbets/results/
betaminic,2026-06-13,Argentina - Primera C Metropolitana,Leandro N. Alem,Victoriano Arenas,1x2,Away,2.800,lost,-1.0000,https://www.betaminic.com/shootingbets/results/
betaminic,2026-06-13,Argentina - Torneo Promocional Amateur,Nautico Hacoaj,Social Atletico Television,1x2,Draw,3.000,lost,-1.0000,https://www.betaminic.com/shootingbets/results/
betaminic,2026-06-13,Argentina - Torneo Promocional Amateur,Union Deportivo Provincial Lobos,Estrella de Berisso,1x2,Away,3.400,won,2.4000,https://www.betaminic.com/shootingbets/results/
betaminic,2026-06-13,Peru - Primera Division Women,Flamengo FBC,Killas,over_under_25,Under,2.630,lost,-1.0000,https://www.betaminic.com/shootingbets/results/
betaminic,2026-06-13,Peru - League Cup,Carlos Mannucci,Alianza Atletico,1x2,Away,4.750,won,3.7500,https://www.betaminic.com/shootingbets/results/
betaminic,2026-06-13,Brazil - Baiano U20,Jacuipense,Vitoria da Conquista,1x2,Home,2.000,won,1.0000,https://www.betaminic.com/shootingbets/results/
betaminic,2026-06-13,Uruguay - Primera Division Amateur,Deutscher,Rocha,1x2,Home,2.300,won,1.3000,https://www.betaminic.com/shootingbets/results/
betaminic,2026-06-13,Brazil - Paulista Serie B,Votoraty,Guarulhos,1x2,Home,6.000,won,5.0000,https://www.betaminic.com/shootingbets/results/
betaminic,2026-06-13,Brazil - Paulista Serie B,Mogi Mirim,Santacruzense,1x2,Home,3.250,won,2.2500,https://www.betaminic.com/shootingbets/results/
betaminic,2026-06-13,Norway - 3rd Division,NTNUI,Aalesund II,1x2,Home,2.100,lost,-1.0000,https://www.betaminic.com/shootingbets/results/
betaminic,2026-06-13,Georgia - Erovnuli Liga 2,Gori,Gareji,1x2,Home,2.800,lost,-1.0000,https://www.betaminic.com/shootingbets/results/
betaminic,2026-06-13,Morocco - Botola 2,Chabab Ben Guerir,Moghreb Tetouan,1x2,Draw,2.750,won,1.7500,https://www.betaminic.com/shootingbets/results/
betaminic,2026-06-13,Brazil - Catarinense U20,Figueirense,Criciuma,1x2,Away,2.150,won,1.1500,https://www.betaminic.com/shootingbets/results/
betaminic,2026-06-13,Club Friendlies Women,Galway United,Linfield,over_under_25,Under,2.500,lost,-1.0000,https://www.betaminic.com/shootingbets/results/
betaminic,2026-06-13,Peru - League Cup,Universidad de San Martin,Sport Boys,1x2,Away,2.450,lost,-1.0000,https://www.betaminic.com/shootingbets/results/
betaminic,2026-06-13,Switzerland - 2. Liga Interregional,Malcantone,Castello,1x2,Home,1.550,won,0.5500,https://www.betaminic.com/shootingbets/results/
betaminic,2026-06-13,Estonia - Esiliiga B,Tabasalu,Tallinna Kalev II,1x2,Away,2.450,lost,-1.0000,https://www.betaminic.com/shootingbets/results/
betaminic,2026-06-13,Switzerland - 2. Liga Interregional,Saviese,AS Italiana,1x2,Home,2.000,lost,-1.0000,https://www.betaminic.com/shootingbets/results/
betaminic,2026-06-13,Tanzania - Premier League,JKT Tanzania,Singida Black Stars,1x2,Away,3.000,won,2.0000,https://www.betaminic.com/shootingbets/results/
betaminic,2026-06-13,Latvia - 1st Liga,JDFS Alberts,Leevon PPK,1x2,Home,2.200,lost,-1.0000,https://www.betaminic.com/shootingbets/results/
betaminic,2026-06-13,Poland - 4th Liga,Izolator Boguchwala,Igloopol Debica,1x2,Home,2.400,won,1.4000,https://www.betaminic.com/shootingbets/results/
betaminic,2026-06-13,Poland - 4th Liga,LKS Goluchow,Nielba Wagrowiec,1x2,Home,2.800,lost,-1.0000,https://www.betaminic.com/shootingbets/results/
betaminic,2026-06-13,Poland - 4th Liga,Wislok Wisniowa,Blekitni Ropczyce,1x2,Home,1.910,won,0.9100,https://www.betaminic.com/shootingbets/results/
betaminic,2026-06-13,Poland - 4th Liga,Luban Maniowy,Okocimski Brzesko,1x2,Home,2.630,won,1.6300,https://www.betaminic.com/shootingbets/results/
betaminic,2026-06-13,Austria - Landesliga,FC Hard,SV Ludesch,1x2,Home,1.910,won,0.9100,https://www.betaminic.com/shootingbets/results/
betaminic,2026-06-13,Poland - 4th Liga,Piast Zmigrod,Stilon Gorzow Wielkopolski,1x2,Home,2.700,lost,-1.0000,https://www.betaminic.com/shootingbets/results/
betaminic,2026-06-13,Austria - Landesliga,Anthering,TSV Neumarkt am Wallersee,1x2,Home,3.000,lost,-1.0000,https://www.betaminic.com/shootingbets/results/
betaminic,2026-06-13,Poland - 4th Liga,MKS Ruch Zdzieszowice,Rakow Czestochowa II,1x2,Away,2.200,won,1.2000,https://www.betaminic.com/shootingbets/results/
betaminic,2026-06-13,Sweden - Division 1 Norra,Jarfalla,Arlanda,1x2,Home,4.000,lost,-1.0000,https://www.betaminic.com/shootingbets/results/
betaminic,2026-06-13,Austria - Landesliga,Slovan HAC,Vorwarts Brigittenau,1x2,Home,2.150,won,1.1500,https://www.betaminic.com/shootingbets/results/
betaminic,2026-06-13,Club Friendlies Women,Shamrock Rovers,Peamount United,over_under_25,Under,3.000,won,2.0000,https://www.betaminic.com/shootingbets/results/
betaminic,2026-06-13,Poland - 4th Liga,MKS Zjednoczeni Strykow,Polonia Piotrkow,1x2,Home,2.300,lost,-1.0000,https://www.betaminic.com/shootingbets/results/
betaminic,2026-06-13,Poland - 4th Liga,Motor Lublin II,Lada 1945 Bilgoraj,1x2,Away,2.380,won,1.3800,https://www.betaminic.com/shootingbets/results/
betaminic,2026-06-13,Norway - 3rd Division,Rosenborg II,Molde II,1x2,Home,1.910,won,0.9100,https://www.betaminic.com/shootingbets/results/
betaminic,2026-06-13,Argentina - Youth League U20,Deportivo Merlo,Colegiales,1x2,Away,2.150,won,1.1500,https://www.betaminic.com/shootingbets/results/
betaminic,2026-06-13,Poland - 4th Liga,Czarni Pruszcz Gdanski,Jaguar Gdansk,1x2,Home,2.750,lost,-1.0000,https://www.betaminic.com/shootingbets/results/
betaminic,2026-06-13,Poland - 4th Liga,Mustang Ostaszewo,LZS Piast Kolodziejowo,1x2,Away,8.500,lost,-1.0000,https://www.betaminic.com/shootingbets/results/
betaminic,2026-06-13,Uruguay - Primera Division Amateur,Salus,Canadian,1x2,Home,2.050,won,1.0500,https://www.betaminic.com/shootingbets/results/
betaminic,2026-06-13,Brazil - Mineiro U20,Minas Boca,Sao Joao del Rei EC,1x2,Home,3.100,lost,-1.0000,https://www.betaminic.com/shootingbets/results/
betaminic,2026-06-13,Denmark - 3rd Division,Lyseng,Odder IGF,1x2,Away,2.630,lost,-1.0000,https://www.betaminic.com/shootingbets/results/
betaminic,2026-06-13,Norway - 3rd Division,Oppsal,Sandefjord II,1x2,Home,2.050,won,1.0500,https://www.betaminic.com/shootingbets/results/
betaminic,2026-06-13,Vietnam - 2nd Division,Lam Dong,Hue FC,1x2,Home,2.250,lost,-1.0000,https://www.betaminic.com/shootingbets/results/
betaminic,2026-06-13,Finland - Kolmonen,Kumu,KoPa,1x2,Home,3.200,lost,-1.0000,https://www.betaminic.com/shootingbets/results/
betaminic,2026-06-13,China - U20 League,Tianjin Jinmen Tiger,Shenzhen Peng City,1x2,Home,2.600,lost,-1.0000,https://www.betaminic.com/shootingbets/results/
betaminic,2026-06-13,International - Maurice Revello Youth Tournament,Ivory Coast,DR Congo,1x2,Home,2.200,won,1.2000,https://www.betaminic.com/shootingbets/results/
betaminic,2026-06-13,Sweden - Division 1 Sodra,BK Olympic,Laholms,over_under_25,Under,2.600,lost,-1.0000,https://www.betaminic.com/shootingbets/results/
betaminic,2026-06-13,Norway - 3rd Division,Vindbjart,Haugesund II,1x2,Home,1.670,won,0.6700,https://www.betaminic.com/shootingbets/results/
betaminic,2026-06-13,Sweden - Elitettan Women,Elfsborg,IFK Goteborg,1x2,Away,3.200,lost,-1.0000,https://www.betaminic.com/shootingbets/results/
betaminic,2026-06-13,Sweden - Elitettan Women,Alingsas,Gamla Upsala,1x2,Home,2.100,lost,-1.0000,https://www.betaminic.com/shootingbets/results/
betaminic,2026-06-13,Faroe Islands - 1. Deild,B36 Torshavn II,Fuglafjordur,over_under_25,Under,3.000,lost,-1.0000,https://www.betaminic.com/shootingbets/results/
betaminic,2026-06-13,Bhutan - Premier League,RTC,Drukpa FC,1x2,Home,3.000,lost,-1.0000,https://www.betaminic.com/shootingbets/results/
betaminic,2026-06-13,Australia - Western Australia State League 1,Kingsley Westside,Inglewood United,1x2,Away,3.900,won,2.9000,https://www.betaminic.com/shootingbets/results/
betaminic,2026-06-13,Australia - Queensland Premier League Women,Moreton City Excelsior,Palm Beach,over_under_25,Under,2.680,won,1.6800,https://www.betaminic.com/shootingbets/results/
betaminic,2026-06-13,Australia - New South Wales League 2,Camden Tigers,Bankstown United,1x2,Away,2.050,lost,-1.0000,https://www.betaminic.com/shootingbets/results/
betaminic,2026-06-13,Australia - Victoria Premier League 1,Bulleen Lions,Melbourne Victory II,1x2,Home,2.350,lost,-1.0000,https://www.betaminic.com/shootingbets/results/
betaminic,2026-06-13,Australia - Queensland Premier League 2,Taringa Rovers,Mitchelton,1x2,Away,3.000,won,2.0000,https://www.betaminic.com/shootingbets/results/
betaminic,2026-06-13,Australia - NPL Northern NSW Women,Charlestown Azzurri,Broadmeadow Magic,1x2,Away,2.550,lost,-1.0000,https://www.betaminic.com/shootingbets/results/
betaminic,2026-06-13,Australia - Western Australia State League 1,Subiaco,Mandurah City,1x2,Home,3.600,lost,-1.0000,https://www.betaminic.com/shootingbets/results/
betaminic,2026-06-13,Australia - New South Wales League 2,South Coast Flame,Hawkesbury City,1x2,Home,2.200,lost,-1.0000,https://www.betaminic.com/shootingbets/results/
betaminic,2026-06-13,Australia - Western Australia State League 1,Quinns,Curtin University,1x2,Away,4.330,lost,-1.0000,https://www.betaminic.com/shootingbets/results/
betaminic,2026-06-13,Australia - South Australia State League 1,Adelaide Cobras,Cumberland United,over_under_25,Under,2.200,won,1.2000,https://www.betaminic.com/shootingbets/results/
betaminic,2026-06-13,Australia - NPL New South Wales Women,NWS Spirit,Western City Rangers,1x2,Away,3.750,lost,-1.0000,https://www.betaminic.com/shootingbets/results/
betaminic,2026-06-13,Australia - NPL Capital Territory,O'Connor Knights,Tuggeranong United,1x2,Home,2.750,won,1.7500,https://www.betaminic.com/shootingbets/results/
betaminic,2026-06-13,Australia - NPL Capital Territory,Queanbeyan City,Monaro Panthers,1x2,Away,1.900,lost,-1.0000,https://www.betaminic.com/shootingbets/results/
betaminic,2026-06-13,Japan - Regional League,KMG Holdings,Veroskronos Tsuno,1x2,Away,1.620,won,0.6200,https://www.betaminic.com/shootingbets/results/
betaminic,2026-06-13,Australia - NPL Capital Territory Youth U23,Queanbeyan City,Monaro Panthers,1x2,Home,3.250,lost,-1.0000,https://www.betaminic.com/shootingbets/results/
betaminic,2026-06-13,Japan - Regional League,Nexus Miyakonojo,Brew Saga,1x2,Away,3.100,lost,-1.0000,https://www.betaminic.com/shootingbets/results/
betaminic,2026-06-13,Japan - Regional League,CA Celeste,Kawasoe Club,1x2,Away,2.500,won,1.5000,https://www.betaminic.com/shootingbets/results/
betaminic,2026-06-13,Peru - League Cup,Pirata FC,Universitario de Deportes,1x2,Away,3.500,lost,-1.0000,https://www.betaminic.com/shootingbets/results/
betaminic,2026-06-12,USA - Women Premier Soccer League,The St. James FC,Alexandria Reds,1x2,Away,2.700,won,1.7000,https://www.betaminic.com/shootingbets/results/
betaminic,2026-06-12,Iceland - 4. Deild,KFR,Ulfarnir,1x2,Home,2.900,lost,-1.0000,https://www.betaminic.com/shootingbets/results/
betaminic,2026-06-12,Argentina - Torneo Promocional Amateur,Ezeiza,Las Mandarinas,1x2,Home,2.000,lost,-1.0000,https://www.betaminic.com/shootingbets/results/
betaminic,2026-06-12,Brazil - Paulista U20,Maua,Agua Santa,1x2,Away,2.000,lost,-1.0000,https://www.betaminic.com/shootingbets/results/
betaminic,2026-06-12,Austria - Landesliga,Schwechat,LAC-Inter,1x2,Home,2.700,lost,-1.0000,https://www.betaminic.com/shootingbets/results/
betaminic,2026-06-12,Sweden - 2nd Division,Osterlen,Nosaby,over_under_25,Under,2.600,lost,-1.0000,https://www.betaminic.com/shootingbets/results/
betaminic,2026-06-12,Norway - 3rd Division,Varhaug,Viking II,1x2,Away,2.800,won,1.8000,https://www.betaminic.com/shootingbets/results/
betaminic,2026-06-12,Austria - Landesliga,Union Mondsee,Union Perg,1x2,Home,2.800,won,1.8000,https://www.betaminic.com/shootingbets/results/
betaminic,2026-06-12,Finland - Kolmonen,Kontu,VJS II,1x2,Home,5.000,won,4.0000,https://www.betaminic.com/shootingbets/results/
betaminic,2026-06-12,Finland - Kolmonen,FC Blackbird,KeuPa,1x2,Home,1.800,won,0.8000,https://www.betaminic.com/shootingbets/results/
betaminic,2026-06-12,Finland - Kolmonen,Komeetat,Metso,1x2,Home,7.500,lost,-1.0000,https://www.betaminic.com/shootingbets/results/
betaminic,2026-06-12,Poland - 4th Liga,RKS Lech Rypin,Orleta Aleksandrow Kujawski,1x2,Away,3.700,lost,-1.0000,https://www.betaminic.com/shootingbets/results/
betaminic,2026-06-12,Poland - 4th Liga,Hetman Tykocin,Turosnianka Turosn Koscielna,1x2,Home,2.250,lost,-1.0000,https://www.betaminic.com/shootingbets/results/
betaminic,2026-06-12,Poland - 4th Liga,Stal Lancut,Ekoball Stal Sanok,1x2,Away,5.500,lost,-1.0000,https://www.betaminic.com/shootingbets/results/
betaminic,2026-06-12,Finland - Kolmonen,MiPK,Mikkelin Palloilijat II,1x2,Home,2.380,won,1.3800,https://www.betaminic.com/shootingbets/results/
betaminic,2026-06-12,Lithuania - 1 Lyga,Be1 Nfa,Tauras Taurage,over_under_25,Over,1.730,lost,-1.0000,https://www.betaminic.com/shootingbets/results/
betaminic,2026-06-12,Finland - Kolmonen,Lohjan Pallo,GrIFK II,1x2,Away,2.500,won,1.5000,https://www.betaminic.com/shootingbets/results/
betaminic,2026-06-12,Finland - Kolmonen,LeKi,TPV II,1x2,Home,4.500,won,3.5000,https://www.betaminic.com/shootingbets/results/
betaminic,2026-06-12,Brazil - Mineiro U20,Itabirito,Nacional de Muriae,1x2,Away,3.100,lost,-1.0000,https://www.betaminic.com/shootingbets/results/
betaminic,2026-06-12,Tanzania - Premier League,Fountain Gate,Azam,1x2,Away,1.650,won,0.6500,https://www.betaminic.com/shootingbets/results/
betaminic,2026-06-12,Australia - Victoria Premier League 2,Whittlesea United,Werribee City,1x2,Away,3.300,lost,-1.0000,https://www.betaminic.com/shootingbets/results/
betaminic,2026-06-12,Australia - Victoria Premier League 2,Springvale White Eagles,Altona City,1x2,Away,2.630,lost,-1.0000,https://www.betaminic.com/shootingbets/results/
betaminic,2026-06-12,Australia - New South Wales League 2,Nepean,Dunbar Rovers,1x2,Away,2.900,won,1.9000,https://www.betaminic.com/shootingbets/results/
betaminic,2026-06-12,New Zealand - Chatham Cup,Ferrymead Bays,Cashmere Technical,1x2,Home,9.000,lost,-1.0000,https://www.betaminic.com/shootingbets/results/
betaminic,2026-06-11,USA - NPSL,District Elite,Ristozi,1x2,Home,5.000,lost,-1.0000,https://www.betaminic.com/shootingbets/results/
betaminic,2026-06-11,Brazil - Acreano U20,Assermurb,Sao Francisco AC,1x2,Away,1.800,lost,-1.0000,https://www.betaminic.com/shootingbets/results/
betaminic,2026-06-11,Iceland - 4. Deild,Hamar Hverageroi,Arborg,1x2,Home,4.200,won,3.2000,https://www.betaminic.com/shootingbets/results/
betaminic,2026-06-11,Finland - Kolmonen,VPV,NIK,1x2,Home,2.000,lost,-1.0000,https://www.betaminic.com/shootingbets/results/
betaminic,2026-06-11,Norway - 3rd Division,Ulfstind,Floya,1x2,Home,4.750,won,3.7500,https://www.betaminic.com/shootingbets/results/
betaminic,2026-06-11,Finland - Kolmonen,Fish United,Haka Juniorit,1x2,Home,3.600,lost,-1.0000,https://www.betaminic.com/shootingbets/results/
betaminic,2026-06-11,Finland - Kolmonen,KuPS Akatemia II,Zulimanit,1x2,Away,10.000,won,9.0000,https://www.betaminic.com/shootingbets/results/
betaminic,2026-06-11,Finland - Kolmonen,SJK-Juniorit,Ylivieska,1x2,Home,1.570,lost,-1.0000,https://www.betaminic.com/shootingbets/results/
betaminic,2026-06-11,Finland - Kolmonen,Stps,IPS Edustus,1x2,Home,7.500,lost,-1.0000,https://www.betaminic.com/shootingbets/results/
betaminic,2026-06-11,Finland - Kolmonen,Tampereen Peli-Toverit,Ylojarvi United,1x2,Home,3.700,won,2.7000,https://www.betaminic.com/shootingbets/results/
betaminic,2026-06-11,Poland - 4th Liga,Karpaty Krosno,JKS 1909 Jaroslaw,1x2,Away,1.450,won,0.4500,https://www.betaminic.com/shootingbets/results/
betaminic,2026-06-11,USA - USL League 2,City SC,Stars FC,1x2,Home,3.500,won,2.5000,https://www.betaminic.com/shootingbets/results/
betaminic,2026-06-11,USA - USL League 2,McKinney Chupacabras,Lubbock Matadors,1x2,Away,2.750,lost,-1.0000,https://www.betaminic.com/shootingbets/results/
betaminic,2026-06-10,USA - USL League 2,Dayton Dutch Lions,Kings Hammer Columbus,1x2,Away,2.200,lost,-1.0000,https://www.betaminic.com/shootingbets/results/
betaminic,2026-06-10,USA - USL League 2,Chicago Dutch Lions,St. Croix,1x2,Home,2.050,lost,-1.0000,https://www.betaminic.com/shootingbets/results/
betaminic,2026-06-10,Paraguay - Cup,Club Silvio Pettirossi,River Plate Asuncion,over_under_25,Over,1.950,won,0.9500,https://www.betaminic.com/shootingbets/results/
betaminic,2026-06-10,Poland - 4th Liga,Lomianki,Legionovia Legionowo,1x2,Home,4.750,won,3.7500,https://www.betaminic.com/shootingbets/results/
betaminic,2026-06-10,Poland - 1st Liga Women,Stare Oborzyska,Bydgoszcz,1x2,Away,2.800,won,1.8000,https://www.betaminic.com/shootingbets/results/
betaminic,2026-06-10,Estonia - U19 League,Parnu Vaprus,Tartu Helios,1x2,Home,2.550,lost,-1.0000,https://www.betaminic.com/shootingbets/results/
betaminic,2026-06-10,Argentina - Reserve League,UAI Urquiza,Flandria,1x2,Away,2.500,lost,-1.0000,https://www.betaminic.com/shootingbets/results/
betaminic,2026-06-10,Australia - NPL Northern NSW Women,New Lambton,Broadmeadow Magic,1x2,Away,7.000,lost,-1.0000,https://www.betaminic.com/shootingbets/results/
betaminic,2026-06-10,Australia - NPL Capital Territory,Belconnen United,Canberra White Eagles,1x2,Away,5.500,won,4.5000,https://www.betaminic.com/shootingbets/results/
betaminic,2026-06-10,Australia - NPL Capital Territory Youth U23,O'Connor Knights,Cooma Tigers,1x2,Home,10.000,lost,-1.0000,https://www.betaminic.com/shootingbets/results/
betaminic,2026-06-10,Jamaica - Cup,Molynes United,Mount Pleasant,1x2,Away,4.500,lost,-1.0000,https://www.betaminic.com/shootingbets/results/
betaminic,2026-06-09,CONMEBOL - Nations League Women,Ecuador,Argentina,1x2,Away,2.800,won,1.8000,https://www.betaminic.com/shootingbets/results/
betaminic,2026-06-09,USA - USL Women League,Hudson Valley Crusaders,New England Mutiny,1x2,Away,4.000,lost,-1.0000,https://www.betaminic.com/shootingbets/results/
betaminic,2026-06-09,Uruguay - Reserve League,Cerro Largo,Montevideo City Torque,1x2,Away,2.250,won,1.2500,https://www.betaminic.com/shootingbets/results/
betaminic,2026-06-09,Mali - Premiere Division,Stade Malien,Binga,1x2,Home,2.200,won,1.2000,https://www.betaminic.com/shootingbets/results/
betaminic,2026-06-09,International - Friendlies U20 Women,England,Japan,1x2,Away,2.400,won,1.4000,https://www.betaminic.com/shootingbets/results/
betaminic,2026-06-09,Australia - Queensland Premier League 3,Ipswich Knights,Logan Roos,1x2,Home,2.250,won,1.2500,https://www.betaminic.com/shootingbets/results/
betaminic,2026-06-08,Brazil - Carioca C,Ceres,Tigres do Brasil,1x2,Home,2.500,lost,-1.0000,https://www.betaminic.com/shootingbets/results/
betaminic,2026-06-08,Iceland - U20 League Women,Haukar Hafnarfjordur,Valur / KH,1x2,Home,2.100,lost,-1.0000,https://www.betaminic.com/shootingbets/results/
betaminic,2026-06-08,Bolivia - Copa Simon Bolivar,Deportivo Shalon,Ingenieros,over_under_25,Under,2.380,lost,-1.0000,https://www.betaminic.com/shootingbets/results/
betaminic,2026-06-08,Argentina - Primera B Metropolitana,UAI Urquiza,Liniers,1x2,Draw,2.630,lost,-1.0000,https://www.betaminic.com/shootingbets/results/
betaminic,2026-06-08,Brazil - Copa FGF,Monsoon,Santa Cruz RS,1x2,Home,2.300,lost,-1.0000,https://www.betaminic.com/shootingbets/results/
betaminic,2026-06-08,Kazakhstan - League Women,Astana,Shakhtar Karagandy,1x2,Home,1.910,won,0.9100,https://www.betaminic.com/shootingbets/results/
betaminic,2026-06-08,Australia - Victoria Premier League 1,Melbourne Victory II,Brunswick Juventus FC,over_under_25,Under,2.750,lost,-1.0000,https://www.betaminic.com/shootingbets/results/
betaminic,2026-06-07,USA - USL League 2,Tacoma Stars,Bigfoot,1x2,Home,1.750,won,0.7500,https://www.betaminic.com/shootingbets/results/
betaminic,2026-06-07,USA - Women Premier Soccer League,STA,Brooklyn City,1x2,Home,2.880,lost,-1.0000,https://www.betaminic.com/shootingbets/results/
betaminic,2026-06-07,Dominica - Premier League,Harlem United,Portsmouth Bombers,1x2,Home,2.450,won,1.4500,https://www.betaminic.com/shootingbets/results/
betaminic,2026-06-07,Argentina - Torneo Federal A,Club Cipolletti,Huracan Las Heras,1x2,Home,2.100,won,1.1000,https://www.betaminic.com/shootingbets/results/
betaminic,2026-06-07,Argentina - Primera C Metropolitana,Deportivo Muniz,Central Ballester,1x2,Home,2.400,won,1.4000,https://www.betaminic.com/shootingbets/results/
betaminic,2026-06-07,Argentina - Torneo Federal A,Sportivo y Biblioteca Atenas,San Martin de Mendoza,1x2,Home,1.750,lost,-1.0000,https://www.betaminic.com/shootingbets/results/
betaminic,2026-06-07,Brazil - Copa FGF,Brasil de Farroupilha,Gramadense,1x2,Home,2.300,lost,-1.0000,https://www.betaminic.com/shootingbets/results/
betaminic,2026-06-07,Argentina - Torneo Federal A,Juventud Unida Universitario,Costa Brava,1x2,Away,4.100,lost,-1.0000,https://www.betaminic.com/shootingbets/results/
betaminic,2026-06-07,Poland - 4th Liga,Mieszko Gniezno,Gornik Konin,1x2,Away,7.000,won,6.0000,https://www.betaminic.com/shootingbets/results/
betaminic,2026-06-07,Brazil - Paulista Serie B,SC Paulinense,Flamengo de Guarulhos,1x2,Away,1.950,won,0.9500,https://www.betaminic.com/shootingbets/results/
betaminic,2026-06-07,USA - Women Premier Soccer League,Albion San Diego,Rebels SC,1x2,Away,1.730,lost,-1.0000,https://www.betaminic.com/shootingbets/results/
betaminic,2026-06-07,Brazil - Carioca C,CAAC Brasil,Itaborai Profute,1x2,Away,1.360,lost,-1.0000,https://www.betaminic.com/shootingbets/results/
betaminic,2026-06-07,Morocco - Botola 2,Wydad Temara,KAC Kenitra,1x2,Draw,2.750,won,1.7500,https://www.betaminic.com/shootingbets/results/
betaminic,2026-06-07,Bosnia and Herzegovina - 1st League,Igman Konjic,Stupcanica Olovo,1x2,Home,2.250,lost,-1.0000,https://www.betaminic.com/shootingbets/results/
betaminic,2026-06-07,Hungary - NB 3,Cigand SE,Nagykanizsai,1x2,Home,2.250,lost,-1.0000,https://www.betaminic.com/shootingbets/results/
betaminic,2026-06-07,Finland - U21 League,Valtti,Mikkelin Palloilijat,1x2,Home,2.000,won,1.0000,https://www.betaminic.com/shootingbets/results/
betaminic,2026-06-07,Finland - Kolmonen,VJS II,PPJ/Lauttasaari,1x2,Away,2.150,lost,-1.0000,https://www.betaminic.com/shootingbets/results/
betaminic,2026-06-07,Poland - 4th Liga,Hetman Wloszczowa,Arka Pawlow,1x2,Home,6.250,lost,-1.0000,https://www.betaminic.com/shootingbets/results/
betaminic,2026-06-07,Poland - 4th Liga,Orlicz Suchedniow,Klimontowianka Klimontow,1x2,Away,2.550,won,1.5500,https://www.betaminic.com/shootingbets/results/
betaminic,2026-06-07,Poland - 4th Liga,KS Pcimianka Pcim,Wieczysta Krakow II,1x2,Home,6.250,lost,-1.0000,https://www.betaminic.com/shootingbets/results/
betaminic,2026-06-07,Poland - 4th Liga,Olimpia Elblag II,Dobre Miasto,1x2,Home,4.500,lost,-1.0000,https://www.betaminic.com/shootingbets/results/
betaminic,2026-06-07,Finland - Kolmonen,PK-37,JIPPO II,1x2,Away,2.500,lost,-1.0000,https://www.betaminic.com/shootingbets/results/
betaminic,2026-06-07,Poland - 4th Liga,Nielba Wagrowiec,MGKS Huragan Pobiedziska,1x2,Home,2.380,won,1.3800,https://www.betaminic.com/shootingbets/results/
betaminic,2026-06-07,Austria - Landesliga,USK Anif,Bramberg,1x2,Home,2.200,won,1.2000,https://www.betaminic.com/shootingbets/results/
betaminic,2026-06-07,Brazil - Carioca C,Independente RJ,Brescia Clube,1x2,Home,5.250,won,4.2500,https://www.betaminic.com/shootingbets/results/
betaminic,2026-06-07,Brazil - Paulista Serie B,Matonense,Sao Carlos,1x2,Away,3.250,lost,-1.0000,https://www.betaminic.com/shootingbets/results/
betaminic,2026-06-07,Ireland - Leinster Senior League,Kilbarrack United,St. Mochtas,1x2,Away,5.500,lost,-1.0000,https://www.betaminic.com/shootingbets/results/
betaminic,2026-06-07,Sweden - 2nd Division,Helges,Kungsangens,1x2,Home,3.500,lost,-1.0000,https://www.betaminic.com/shootingbets/results/
betaminic,2026-06-07,Poland - 4th Liga,Piast Kobylnica,Obra 1912 Koscian,1x2,Away,3.400,lost,-1.0000,https://www.betaminic.com/shootingbets/results/
betaminic,2026-06-07,Thailand - League 3,Uttaradit FC,Nara United,1x2,Home,3.400,lost,-1.0000,https://www.betaminic.com/shootingbets/results/
betaminic,2026-06-07,Thailand - League 3,Muang Loei United,Satun FC,1x2,Home,3.400,lost,-1.0000,https://www.betaminic.com/shootingbets/results/
betaminic,2026-06-07,Japan - Regional League,Nankatsu,Tokyo 23,1x2,Home,2.150,lost,-1.0000,https://www.betaminic.com/shootingbets/results/
betaminic,2026-06-07,Australia - NPL New South Wales Women,Manly United,Macarthur Rams,over_under_25,Under,2.500,won,1.5000,https://www.betaminic.com/shootingbets/results/
betaminic,2026-06-07,Australia - NPL New South Wales Women,Sydney University,Apia Leichhardt,over_under_25,Under,2.600,lost,-1.0000,https://www.betaminic.com/shootingbets/results/
betaminic,2026-06-07,Korea Republic - K4 League,Pyeongchang United,Geumsan Insam,1x2,Away,2.700,lost,-1.0000,https://www.betaminic.com/shootingbets/results/
betaminic,2026-06-07,Japan - Regional League,ENEOS Mizushima,Variamore Aki,1x2,Away,2.100,won,1.1000,https://www.betaminic.com/shootingbets/results/
betaminic,2026-06-07,Japan - Regional League,Shibuya City,Toin University of Yokohama,1x2,Home,1.910,lost,-1.0000,https://www.betaminic.com/shootingbets/results/
betaminic,2026-06-07,Australia - NPL Victoria U23,South Melbourne,Altona Magic,1x2,Away,4.750,won,3.7500,https://www.betaminic.com/shootingbets/results/
betaminic,2026-06-07,New Zealand - Southern League,Coastal Spirit,Nelson Suburbs,1x2,Away,3.500,won,2.5000,https://www.betaminic.com/shootingbets/results/
betaminic,2026-06-07,USA - USL Cup,New Mexico United,Phoenix Rising,1x2,Home,2.050,won,1.0500,https://www.betaminic.com/shootingbets/results/
betaminic,2026-06-07,USA - USL Cup,Colorado Springs Switchbacks,El Paso Locomotive,1x2,Home,2.000,won,1.0000,https://www.betaminic.com/shootingbets/results/
betaminic,2026-06-07,Argentina - Regional League,Deportivo Lujan,CSD Fontana,1x2,Away,3.000,lost,-1.0000,https://www.betaminic.com/shootingbets/results/
betaminic,2026-06-06,USA - USL Cup,FC Naples,Sarasota Paradise,1x2,Home,2.000,lost,-1.0000,https://www.betaminic.com/shootingbets/results/
betaminic,2026-06-06,USA - USL Cup,Rhode Island,Westchester SC,1x2,Home,1.400,won,0.4000,https://www.betaminic.com/shootingbets/results/
betaminic,2026-06-06,USA - NPSL,Charlottetowne Hops,Greenville United,1x2,Home,2.100,lost,-1.0000,https://www.betaminic.com/shootingbets/results/
betaminic,2026-06-06,USA - USL League 2,Westchester Flames,New Jersey Copa,1x2,Away,2.380,won,1.3800,https://www.betaminic.com/shootingbets/results/
betaminic,2026-06-06,USA - USL League 2,Connecticut Rush,Seacoast United Phantoms,1x2,Away,3.500,won,2.5000,https://www.betaminic.com/shootingbets/results/
betaminic,2026-06-06,USA - USL Cup,Loudoun United,Richmond Kickers,1x2,Home,1.730,won,0.7300,https://www.betaminic.com/shootingbets/results/
betaminic,2026-06-06,Chile - Tercera Division A,Comunal Cabrero,Constitucion Unido,1x2,Home,2.400,won,1.4000,https://www.betaminic.com/shootingbets/results/
betaminic,2026-06-06,Paraguay - Division Intermedia,Club Fernando de La Mora,Guairena,1x2,Home,2.450,lost,-1.0000,https://www.betaminic.com/shootingbets/results/
betaminic,2026-06-06,Bolivia - Copa Simon Bolivar,Club Olympic,Libertad Quillacollo,over_under_25,Over,2.050,won,1.0500,https://www.betaminic.com/shootingbets/results/
betaminic,2026-06-06,Argentina - Torneo Federal A,Bartolome Mitre,Sarmiento de Resistencia,1x2,Home,1.620,won,0.6200,https://www.betaminic.com/shootingbets/results/
betaminic,2026-06-06,Argentina - Torneo Federal A,Defensores de Puerto Vilelas,Boca Unidos,1x2,Home,2.200,won,1.2000,https://www.betaminic.com/shootingbets/results/
betaminic,2026-06-06,Argentina - Primera B Metropolitana,Excursionistas,San Martin Burzaco,1x2,Home,1.910,won,0.9100,https://www.betaminic.com/shootingbets/results/
betaminic,2026-06-06,Argentina - Primera C Metropolitana,CA Atlas,Club Atletico Fenix,1x2,Home,2.100,lost,-1.0000,https://www.betaminic.com/shootingbets/results/
betaminic,2026-06-06,Brazil - Copa Espirito Santo,Vitoria ES,Rio Branco VN,1x2,Home,4.750,lost,-1.0000,https://www.betaminic.com/shootingbets/results/
betaminic,2026-06-06,Uruguay - Primera Division Amateur,Potencia,Parque de Plata,1x2,Home,2.550,won,1.5500,https://www.betaminic.com/shootingbets/results/
betaminic,2026-06-06,Brazil - Paulista Serie B,America SP,Tupa,1x2,Home,1.950,won,0.9500,https://www.betaminic.com/shootingbets/results/
betaminic,2026-06-06,Brazil - Cearense U20,Tirol,Floresta,1x2,Home,2.550,lost,-1.0000,https://www.betaminic.com/shootingbets/results/
betaminic,2026-06-06,Brazil - Baiano U20,Vitoria da Conquista,Jacuipense,1x2,Away,2.500,won,1.5000,https://www.betaminic.com/shootingbets/results/
betaminic,2026-06-06,Argentina - Primera C Metropolitana,JJ Urquiza,Puerto Nuevo,1x2,Away,3.600,won,2.6000,https://www.betaminic.com/shootingbets/results/
betaminic,2026-06-06,Argentina - Primera B Metropolitana,Arsenal de Sarandi,Club Sportivo Italiano,1x2,Home,2.050,lost,-1.0000,https://www.betaminic.com/shootingbets/results/
betaminic,2026-06-06,Chile - Tercera Division A,Rodelindo Roman,Chimbarongo,1x2,Home,2.150,lost,-1.0000,https://www.betaminic.com/shootingbets/results/
betaminic,2026-06-06,Poland - 4th Liga,Okocimski Brzesko,Watra Bialka Tatrzanska,1x2,Home,1.800,won,0.8000,https://www.betaminic.com/shootingbets/results/
betaminic,2026-06-06,Switzerland - 2. Liga Interregional,Stade Lausanne-Ouchy II,Collex-Bossy,1x2,Away,3.500,lost,-1.0000,https://www.betaminic.com/shootingbets/results/
betaminic,2026-06-06,Switzerland - 2. Liga Interregional,Castello,Emmenbrucke,1x2,Away,3.000,won,2.0000,https://www.betaminic.com/shootingbets/results/
betaminic,2026-06-06,Switzerland - 2. Liga Interregional,FC Seefeld ZH,FC Uzwil,1x2,Away,4.500,lost,-1.0000,https://www.betaminic.com/shootingbets/results/
betaminic,2026-06-06,Iceland - 2. Deild,Vikingur Olafsvik,Kari,1x2,Home,4.000,lost,-1.0000,https://www.betaminic.com/shootingbets/results/
betaminic,2026-06-06,Austria - Regionalliga Ost,Gloggnitz,Wiener Sport-Club,1x2,Home,1.830,lost,-1.0000,https://www.betaminic.com/shootingbets/results/
betaminic,2026-06-06,USA - USL League 2,Twin City Toucans,Houston,1x2,Away,2.880,won,1.8800,https://www.betaminic.com/shootingbets/results/
betaminic,2026-06-06,Poland - 4th Liga,Iskra Ksieginice,Luzyce Luban,1x2,Away,5.250,lost,-1.0000,https://www.betaminic.com/shootingbets/results/
betaminic,2026-06-06,Austria - Regionalliga Ost,Retz,Favoritner,1x2,Home,5.250,won,4.2500,https://www.betaminic.com/shootingbets/results/
betaminic,2026-06-06,Ireland - Munster Senior League,UCC,College Corinthians,1x2,Away,3.400,lost,-1.0000,https://www.betaminic.com/shootingbets/results/
betaminic,2026-06-06,Sweden - 2nd Division,Qviding FIF,Astorps,1x2,Away,2.550,lost,-1.0000,https://www.betaminic.com/shootingbets/results/
betaminic,2026-06-06,Poland - 4th Liga,Polonia Piotrkow,Kutno,1x2,Away,3.000,won,2.0000,https://www.betaminic.com/shootingbets/results/
betaminic,2026-06-06,Poland - 4th Liga,Limanovia Limanowa,Unia Tarnow,1x2,Away,3.100,won,2.1000,https://www.betaminic.com/shootingbets/results/
betaminic,2026-06-06,Finland - Kakkonen Group C,Huima/Urho,FF Jaro II,1x2,Home,2.350,won,1.3500,https://www.betaminic.com/shootingbets/results/
betaminic,2026-06-06,Poland - 4th Liga,Olimpia Zambrow,Warmia Grajewo,1x2,Home,2.000,lost,-1.0000,https://www.betaminic.com/shootingbets/results/
betaminic,2026-06-06,Sweden - 2nd Division,Rappe GOIF,IFK Trelleborg,1x2,Away,1.750,won,0.7500,https://www.betaminic.com/shootingbets/results/
betaminic,2026-06-06,Switzerland - U19 Elite,Servette,Thun,over_under_25,Under,3.550,lost,-1.0000,https://www.betaminic.com/shootingbets/results/
betaminic,2026-06-06,Norway - 3rd Division,Valerenga II,Nordstrand,1x2,Away,3.000,lost,-1.0000,https://www.betaminic.com/shootingbets/results/
betaminic,2026-06-06,China - League Two,Beijing Institute of Technology,Xi'an Chongde Ronghai,1x2,Away,1.670,won,0.6700,https://www.betaminic.com/shootingbets/results/
betaminic,2026-06-06,International - Friendlies Women,Singapore,Cambodia,1x2,Home,3.400,lost,-1.0000,https://www.betaminic.com/shootingbets/results/
betaminic,2026-06-06,Sweden - 2nd Division,Angby IF,Taby,1x2,Home,3.750,won,2.7500,https://www.betaminic.com/shootingbets/results/
betaminic,2026-06-06,Sweden - 2nd Division,Nykopings BIS,Fittja,1x2,Home,1.530,lost,-1.0000,https://www.betaminic.com/shootingbets/results/
betaminic,2026-06-06,Finland - Kolmonen,Lapuan Virkia,Sporting Kristina,1x2,Home,2.000,lost,-1.0000,https://www.betaminic.com/shootingbets/results/
betaminic,2026-06-06,Korea Republic - K4 League,Pyeongtaek Citizen,Haman,1x2,Home,2.250,lost,-1.0000,https://www.betaminic.com/shootingbets/results/
betaminic,2026-06-06,International - Friendlies Women,Hong Kong,Fiji,1x2,Away,5.250,lost,-1.0000,https://www.betaminic.com/shootingbets/results/
betaminic,2026-06-06,Norway - U19 League,Lillehammer,Nordstrand,1x2,Home,2.050,won,1.0500,https://www.betaminic.com/shootingbets/results/
betaminic,2026-06-06,Poland - 4th Liga,Hutnik Krakow II,Garbarnia Krakow,1x2,Home,2.100,lost,-1.0000,https://www.betaminic.com/shootingbets/results/
betaminic,2026-06-06,Switzerland - U19 Elite,FC Zurich,St. Gallen,over_under_25,Under,3.450,lost,-1.0000,https://www.betaminic.com/shootingbets/results/
betaminic,2026-06-06,International - Friendlies Women,Australia,Mexico,1x2,Away,4.330,won,3.3300,https://www.betaminic.com/shootingbets/results/
betaminic,2026-06-06,Australia - New South Wales League 2,Granville Rage,Inner West Hawks,1x2,Home,2.050,won,1.0500,https://www.betaminic.com/shootingbets/results/
betaminic,2026-06-06,Poland - 4th Liga,Spojnia Landek,Rozwoj Katowice,1x2,Away,7.000,lost,-1.0000,https://www.betaminic.com/shootingbets/results/
betaminic,2026-06-06,Denmark - Division 2 Women,Fredensborg BI,Ballerup-Skovlunde Fodbold,1x2,Away,1.900,won,0.9000,https://www.betaminic.com/shootingbets/results/
betaminic,2026-06-06,Australia - New South Wales League 2,Gladesville Ryde Magic,Camden Tigers,1x2,Home,2.000,won,1.0000,https://www.betaminic.com/shootingbets/results/
betaminic,2026-06-06,Australia - New South Wales League 1,Bankstown City Lions,Northern Tigers,1x2,Away,2.400,lost,-1.0000,https://www.betaminic.com/shootingbets/results/
betaminic,2026-06-06,Australia - New South Wales League 1,Dulwich Hill,Central Coast Mariners Academy,1x2,Away,2.000,lost,-1.0000,https://www.betaminic.com/shootingbets/results/
betaminic,2026-06-06,Australia - Western Australia State League 1,Inglewood United,Curtin University,1x2,Away,6.500,lost,-1.0000,https://www.betaminic.com/shootingbets/results/
betaminic,2026-06-06,Australia - New South Wales League 2,Bankstown United,Nepean,1x2,Home,2.200,lost,-1.0000,https://www.betaminic.com/shootingbets/results/
betaminic,2026-06-06,Australia - NPL New South Wales U20,St George Saints,Sutherland Sharks,1x2,Away,2.200,won,1.2000,https://www.betaminic.com/shootingbets/results/
betaminic,2026-06-06,Japan - Regional League,Cento Cuore Harima,Velago Ikoma,1x2,Home,2.200,lost,-1.0000,https://www.betaminic.com/shootingbets/results/
betaminic,2026-06-06,Japan - Nadeshiko Division 2 Women,Speranza Osaka Takatsuki,Bunnies Gunma White Star,1x2,Home,2.750,won,1.7500,https://www.betaminic.com/shootingbets/results/
betaminic,2026-06-06,New Zealand - Central League,Wellington Olympic,Miramar Rangers,1x2,Away,3.250,lost,-1.0000,https://www.betaminic.com/shootingbets/results/
betaminic,2026-06-06,New Zealand - Central League,Waterside Karori,Island Bay United,1x2,Home,5.500,won,4.5000,https://www.betaminic.com/shootingbets/results/
betaminic,2026-06-06,USA - Women Premier Soccer League,Beach Football Club,Miss Kick,1x2,Away,4.500,won,3.5000,https://www.betaminic.com/shootingbets/results/
betaminic,2026-06-06,Japan - Regional League,Laranja Kyoto,Moriyama Samurai 2000,1x2,Home,7.500,won,6.5000,https://www.betaminic.com/shootingbets/results/
betaminic,2026-06-06,New Zealand - Central League,Western Suburbs,Napier City Rovers,1x2,Away,2.150,lost,-1.0000,https://www.betaminic.com/shootingbets/results/
betaminic,2026-06-06,New Zealand - Southern League,Nomads United,Northern AFC,1x2,Home,2.000,won,1.0000,https://www.betaminic.com/shootingbets/results/
betaminic,2026-06-06,Ecuador - Serie B,Deportivo Santo Domingo,22 de Julio,1x2,Away,3.600,lost,-1.0000,https://www.betaminic.com/shootingbets/results/
betaminic,2026-06-05,Argentina - Primera B Metropolitana,Talleres de Remedios,Deportivo Merlo,1x2,Draw,2.630,lost,-1.0000,https://www.betaminic.com/shootingbets/results/
betaminic,2026-06-05,Iceland - 4. Deild,Ulfarnir,Alftanes,1x2,Home,3.900,lost,-1.0000,https://www.betaminic.com/shootingbets/results/
betaminic,2026-06-05,Ireland - Leinster Senior League,Tolka Rovers,Inchicore Athletic,1x2,Home,2.300,lost,-1.0000,https://www.betaminic.com/shootingbets/results/
betaminic,2026-06-05,Northern Ireland - Championship Women,Craigavon City,Mid Ulster,1x2,Away,2.900,lost,-1.0000,https://www.betaminic.com/shootingbets/results/
betaminic,2026-06-05,Brazil - Paulista U20,Mirassol,Corinthians,1x2,Away,2.550,won,1.5500,https://www.betaminic.com/shootingbets/results/
betaminic,2026-06-05,Brazil - Paulista U20,Ituano,Osasco Audax,1x2,Home,1.480,won,0.4800,https://www.betaminic.com/shootingbets/results/
betaminic,2026-06-05,Poland - 4th Liga,Oskar Przysucha,MKS Piaseczno,over_under_25,Under,3.250,lost,-1.0000,https://www.betaminic.com/shootingbets/results/
betaminic,2026-06-05,Austria - Landesliga,Lebring,Tillmitsch,1x2,Away,3.900,lost,-1.0000,https://www.betaminic.com/shootingbets/results/
betaminic,2026-06-05,Austria - Landesliga,Furstenfeld,UFC Fehring,1x2,Home,1.850,lost,-1.0000,https://www.betaminic.com/shootingbets/results/
betaminic,2026-06-05,Austria - Regionalliga Mitte,St. Anna am Aigen,Union Dietach,1x2,Home,2.750,lost,-1.0000,https://www.betaminic.com/shootingbets/results/
betaminic,2026-06-05,Finland - Kolmonen,ACF,PIF,1x2,Draw,7.000,lost,-1.0000,https://www.betaminic.com/shootingbets/results/
betaminic,2026-06-05,Poland - 4th Liga,Blonianka Blonie,Talent Warszawa,1x2,Away,8.500,won,7.5000,https://www.betaminic.com/shootingbets/results/
betaminic,2026-06-05,Austria - Regionalliga Mitte,Treibach,LASK Linz II,1x2,Home,2.600,won,1.6000,https://www.betaminic.com/shootingbets/results/
betaminic,2026-06-05,Finland - Kolmonen,Valtti,HPS ll,1x2,Away,3.000,lost,-1.0000,https://www.betaminic.com/shootingbets/results/
betaminic,2026-06-05,Gambia - GFA League,Greater Tomorrow,Samger,1x2,Away,3.500,lost,-1.0000,https://www.betaminic.com/shootingbets/results/
betaminic,2026-06-05,Austria - Landesliga,SAK Klagenfurt,TSU Matrei,1x2,Home,1.950,won,0.9500,https://www.betaminic.com/shootingbets/results/
betaminic,2026-06-05,Finland - Kolmonen,MK United,TuPS,1x2,Away,2.600,won,1.6000,https://www.betaminic.com/shootingbets/results/
betaminic,2026-06-05,International - Friendlies Women,New Zealand,Haiti,1x2,Home,2.630,lost,-1.0000,https://www.betaminic.com/shootingbets/results/
betaminic,2026-06-05,Finland - Kolmonen,MPS/Atletico Malmi,ToTe,1x2,Away,2.200,won,1.2000,https://www.betaminic.com/shootingbets/results/
betaminic,2026-06-05,Finland - Kolmonen,MPS,HooGee,1x2,Home,3.700,won,2.7000,https://www.betaminic.com/shootingbets/results/
betaminic,2026-06-05,Finland - Kolmonen,EIF II,SexyPoxyt,1x2,Away,3.400,lost,-1.0000,https://www.betaminic.com/shootingbets/results/
betaminic,2026-06-05,Finland - Kolmonen,VG-62,EuPa,1x2,Home,3.400,won,2.4000,https://www.betaminic.com/shootingbets/results/
betaminic,2026-06-05,Finland - Kolmonen,IPS Edustus,MiPK,1x2,Home,3.000,won,2.0000,https://www.betaminic.com/shootingbets/results/
betaminic,2026-06-05,International - Maurice Revello Youth Tournament,Colombia,China,1x2,Away,5.000,won,4.0000,https://www.betaminic.com/shootingbets/results/
betaminic,2026-06-05,Zimbabwe - PSL,Hunters FC,Bulawayo Chiefs,1x2,Home,2.300,won,1.3000,https://www.betaminic.com/shootingbets/results/
betaminic,2026-06-05,Denmark - Denmark Series,Naestved II,Hvidovre II,1x2,Away,3.250,lost,-1.0000,https://www.betaminic.com/shootingbets/results/
betaminic,2026-06-05,Australia - Queensland Premier League 3,North Pine,North Lakes United,1x2,Home,3.250,won,2.2500,https://www.betaminic.com/shootingbets/results/
betaminic,2026-06-05,Australia - New South Wales League 2,Fraser Park,Bonnyrigg White Eagles,1x2,Home,2.350,won,1.3500,https://www.betaminic.com/shootingbets/results/
betaminic,2026-06-05,Australia - Victoria Premier League 2,Eastern Lions,Nunawading City,1x2,Home,2.100,won,1.1000,https://www.betaminic.com/shootingbets/results/
betaminic,2026-06-05,Australia - NPL Victoria U23,Oakleigh Cannons,St Albans Saints,1x2,Away,6.250,lost,-1.0000,https://www.betaminic.com/shootingbets/results/
betaminic,2026-06-05,Thailand - University League,Nakhon Ratchasima College,Bangkok Thonburi University,1x2,Home,2.050,lost,-1.0000,https://www.betaminic.com/shootingbets/results/
betaminic,2026-06-04,Brazil - Copa Verde,Anapolis,Paysandu,1x2,Away,2.600,lost,-1.0000,https://www.betaminic.com/shootingbets/results/
betaminic,2026-06-04,Iceland - 4. Deild,Hafnir,Ellidi,1x2,Home,5.250,lost,-1.0000,https://www.betaminic.com/shootingbets/results/
betaminic,2026-06-04,Iceland - 4. Deild,Alafoss,KFR,1x2,Away,2.500,won,1.5000,https://www.betaminic.com/shootingbets/results/
betaminic,2026-06-04,Iceland - 4. Deild,Vaengir Jupiters,Hamar Hverageroi,1x2,Away,2.500,won,1.5000,https://www.betaminic.com/shootingbets/results/
betaminic,2026-06-04,Paraguay - Division Intermedia,Paraguari AC,Atletico Tembetary,over_under_25,Over,2.250,lost,-1.0000,https://www.betaminic.com/shootingbets/results/
betaminic,2026-06-04,Ireland - Munster Senior League,Carrigaline United,Cobh Wanderers,1x2,Away,4.100,lost,-1.0000,https://www.betaminic.com/shootingbets/results/
betaminic,2026-06-04,Iceland - 2. Deild Women,Augnablik,Dalvík/Reynir,1x2,Away,3.900,lost,-1.0000,https://www.betaminic.com/shootingbets/results/
betaminic,2026-06-04,Norway - U19 League,Ullensaker/Kisa,Baerum,1x2,Home,2.550,lost,-1.0000,https://www.betaminic.com/shootingbets/results/
betaminic,2026-06-04,Denmark - 3rd Division,Sundby,Holbaek B&I,1x2,Away,1.950,won,0.9500,https://www.betaminic.com/shootingbets/results/
betaminic,2026-06-04,Argentina - Reserve League,JJ Urquiza,Deportivo Muniz,over_under_25,Over,1.630,won,0.6300,https://www.betaminic.com/shootingbets/results/
betaminic,2026-06-04,Finland - Kolmonen,PPJ/Ruoholahti,Lohjan Pallo,1x2,Home,3.500,won,2.5000,https://www.betaminic.com/shootingbets/results/
betaminic,2026-06-04,Finland - Kolmonen,LAUTP,PeKa,1x2,Home,2.550,lost,-1.0000,https://www.betaminic.com/shootingbets/results/
betaminic,2026-06-04,Finland - Kolmonen,Santa Claus,Rollon Pojat,1x2,Home,9.000,lost,-1.0000,https://www.betaminic.com/shootingbets/results/
betaminic,2026-06-04,Finland - Kolmonen,LTU,JyTy,1x2,Away,3.800,won,2.8000,https://www.betaminic.com/shootingbets/results/
betaminic,2026-06-04,AFC - Asian Cup Qualifiers,Lebanon,Yemen,1x2,Away,4.100,won,3.1000,https://www.betaminic.com/shootingbets/results/
betaminic,2026-06-04,Poland - 4th Liga,Warta Srem,Warta Miedzychod,1x2,Home,1.600,won,0.6000,https://www.betaminic.com/shootingbets/results/
betaminic,2026-06-04,Austria - Landesliga,Stockerau SV,SC Wieselburg,1x2,Home,2.250,lost,-1.0000,https://www.betaminic.com/shootingbets/results/
betaminic,2026-06-04,Poland - 4th Liga,Swit Skolwin II,Dab Debno,1x2,Home,4.500,lost,-1.0000,https://www.betaminic.com/shootingbets/results/
betaminic,2026-06-04,Poland - 4th Liga,Obra 1912 Koscian,Mieszko Gniezno,1x2,Home,4.330,lost,-1.0000,https://www.betaminic.com/shootingbets/results/
betaminic,2026-06-04,Austria - Regionalliga West,Kitzbuhel,TSV St. Johann,1x2,Home,2.750,lost,-1.0000,https://www.betaminic.com/shootingbets/results/
betaminic,2026-06-04,Poland - 4th Liga,Astra Ustronie Morskie,Mechanik Bobolice,1x2,Home,1.700,won,0.7000,https://www.betaminic.com/shootingbets/results/
betaminic,2026-06-04,Vietnam - V League 2,Van Hien University,Khanh Hoa,1x2,Home,2.350,won,1.3500,https://www.betaminic.com/shootingbets/results/
betaminic,2026-06-04,Poland - 4th Liga,Gedania Gdansk,Czarni Pruszcz Gdanski,1x2,Away,5.500,lost,-1.0000,https://www.betaminic.com/shootingbets/results/
betaminic,2026-06-04,Thailand - University League,Bangkok University,Nakhon Sawan Rajabhat University,over_under_25,Under,2.750,lost,-1.0000,https://www.betaminic.com/shootingbets/results/
betaminic,2026-06-04,USA - Women Premier Soccer League,San Ramon,Lamorinda United,1x2,Away,1.850,lost,-1.0000,https://www.betaminic.com/shootingbets/results/
betaminic,2026-06-04,Argentina - Copa Santa Fe,Independiente FC Bigand,Los Andes,1x2,Away,5.000,won,4.0000,https://www.betaminic.com/shootingbets/results/
betaminic,2026-06-03,USA - USL League 2,Charlotte Eagles,Tobacco Road,1x2,Home,1.900,won,0.9000,https://www.betaminic.com/shootingbets/results/
betaminic,2026-06-03,USA - NPSL,Cleveland,Ambassadors FC Ohio,1x2,Home,3.500,won,2.5000,https://www.betaminic.com/shootingbets/results/
betaminic,2026-06-03,USA - USL League 2,New England FC,Connecticut Rush,1x2,Away,6.250,lost,-1.0000,https://www.betaminic.com/shootingbets/results/
betaminic,2026-06-03,Northern Ireland - Championship Women,Strabane Athletic,Ballymoney United,1x2,Home,1.910,lost,-1.0000,https://www.betaminic.com/shootingbets/results/
betaminic,2026-06-03,Northern Ireland - Championship Women,Greenisland,St. James Swifts,1x2,Home,5.000,won,4.0000,https://www.betaminic.com/shootingbets/results/
betaminic,2026-06-03,Ireland - Leinster Senior League,Finglas United,St. Mochtas,1x2,Away,2.400,won,1.4000,https://www.betaminic.com/shootingbets/results/
betaminic,2026-06-03,Switzerland - U19 Elite,FC Winterthur,FC Lausanne Sport,1x2,Home,2.550,won,1.5500,https://www.betaminic.com/shootingbets/results/
betaminic,2026-06-03,Austria - Regionalliga Mitte,Kalsdorf,Wallern / St Marienkirchen,1x2,Away,3.600,won,2.6000,https://www.betaminic.com/shootingbets/results/
betaminic,2026-06-03,Austria - Regionalliga Mitte,Atus Velden,Gleisdorf 09,1x2,Home,1.700,won,0.7000,https://www.betaminic.com/shootingbets/results/
betaminic,2026-06-03,Norway - 3rd Division,NTNUI,Kvik,1x2,Home,3.300,won,2.3000,https://www.betaminic.com/shootingbets/results/
betaminic,2026-06-03,Austria - Landesliga,Spittal an der Drau,KAC 1909,1x2,Home,2.450,won,1.4500,https://www.betaminic.com/shootingbets/results/
betaminic,2026-06-03,Finland - Kolmonen,KajHa,KaPa Kajaani,1x2,Away,4.330,lost,-1.0000,https://www.betaminic.com/shootingbets/results/
betaminic,2026-06-03,Finland - Kolmonen,Mikkelin Palloilijat II,LAUTP ll,1x2,Away,29.000,lost,-1.0000,https://www.betaminic.com/shootingbets/results/
betaminic,2026-06-03,Poland - 4th Liga,Garbarnia Krakow,Beskid Andrychow,1x2,Away,1.750,lost,-1.0000,https://www.betaminic.com/shootingbets/results/
betaminic,2026-06-03,International - Friendlies Women,Tanzania,Malawi,over_under_25,Over,2.050,lost,-1.0000,https://www.betaminic.com/shootingbets/results/
betaminic,2026-06-03,International - Friendlies Women,Myanmar,Uzbekistan,over_under_25,Over,1.900,lost,-1.0000,https://www.betaminic.com/shootingbets/results/
betaminic,2026-06-03,SAFF - Championship Women,Nepal,Bangladesh,1x2,Home,1.570,lost,-1.0000,https://www.betaminic.com/shootingbets/results/
betaminic,2026-06-03,Australia - NPL New South Wales U20,Sydney Olympic,UNSW,1x2,Home,4.500,lost,-1.0000,https://www.betaminic.com/shootingbets/results/
betaminic,2026-06-03,Australia - New South Wales League 2,Hawkesbury City,Gladesville Ryde Magic,1x2,Home,2.500,won,1.5000,https://www.betaminic.com/shootingbets/results/
betaminic,2026-06-03,Thailand - University League,Rajamangala University of Technology Thanyaburi,Nakhon Ratchasima College,1x2,Home,1.830,lost,-1.0000,https://www.betaminic.com/shootingbets/results/
betaminic,2026-06-03,Kosovo - U21 League,Prishtina,Malisheva,over_under_25,Under,2.750,lost,-1.0000,https://www.betaminic.com/shootingbets/results/
betaminic,2026-06-03,Panama - Liga de Futbol Nacional,Atletico Rio Abajo,AF Chilibre,over_under_25,Under,2.250,lost,-1.0000,https://www.betaminic.com/shootingbets/results/
betaminic,2026-06-03,USA - USL League 2,West Chester United,Reading United,1x2,Away,3.300,lost,-1.0000,https://www.betaminic.com/shootingbets/results/
betaminic,2026-06-02,Algeria - Ligue 1,USM Alger,Belouizdad,1x2,Home,5.000,lost,-1.0000,https://www.betaminic.com/shootingbets/results/
betaminic,2026-06-02,Ireland - Leinster Senior League,Tolka Rovers,Malahide United,1x2,Home,5.000,lost,-1.0000,https://www.betaminic.com/shootingbets/results/
betaminic,2026-06-02,Paraguay - Cup,Club Atletico Colegiales,General Diaz,1x2,Away,3.250,lost,-1.0000,https://www.betaminic.com/shootingbets/results/
betaminic,2026-06-02,Ireland - Munster Senior League,College Corinthians,Ringmahon Rangers,1x2,Away,3.300,won,2.3000,https://www.betaminic.com/shootingbets/results/
betaminic,2026-06-02,Brazil - Amazonense U20,Fast Clube,Manauara,1x2,Away,3.000,lost,-1.0000,https://www.betaminic.com/shootingbets/results/
betaminic,2026-06-02,Israel - U19 Cup,Bnei Yehuda,Hapoel Beer Sheva,over_under_25,Under,2.300,lost,-1.0000,https://www.betaminic.com/shootingbets/results/
betaminic,2026-06-02,Iraq - Stars League,Erbil,Amanat Baghdad,1x2,Home,1.570,won,0.5700,https://www.betaminic.com/shootingbets/results/
betaminic,2026-06-02,Argentina - Reserve League,Deportivo Paraguayo,Juventud Unida San Miguel,1x2,Away,2.500,lost,-1.0000,https://www.betaminic.com/shootingbets/results/
betaminic,2026-06-02,International - Maurice Revello Youth Tournament,China,DR Congo,1x2,Away,2.150,won,1.1500,https://www.betaminic.com/shootingbets/results/
betaminic,2026-06-02,Vietnam - 2nd Division,PVF Vietnam,Da Nang II,1x2,Home,3.250,lost,-1.0000,https://www.betaminic.com/shootingbets/results/
betaminic,2026-06-01,Brazil - Brasileiro Women A3,Planalto EC,Rolim de Moura,1x2,Away,9.500,lost,-1.0000,https://www.betaminic.com/shootingbets/results/
betaminic,2026-06-01,Argentina - Primera C Metropolitana,Club Atletico Fenix,Canuelas,1x2,Away,2.380,won,1.3800,https://www.betaminic.com/shootingbets/results/
betaminic,2026-06-01,Argentina - Primera C Metropolitana,Sportivo Barracas,CA Atlas,1x2,Away,3.900,lost,-1.0000,https://www.betaminic.com/shootingbets/results/
betaminic,2026-06-01,Norway - 3rd Division,Lyn II,Gjoevik-Lyn,1x2,Away,2.050,lost,-1.0000,https://www.betaminic.com/shootingbets/results/
betaminic,2026-06-01,Brazil - Gaucho U20,Sao Jose RS,Ypiranga RS,1x2,Home,2.400,won,1.4000,https://www.betaminic.com/shootingbets/results/
betaminic,2026-06-01,Brazil - Carioca C,EC Tigres do Brasil,Unisouza Futebol Clube,1x2,Away,3.250,lost,-1.0000,https://www.betaminic.com/shootingbets/results/
betaminic,2026-06-01,International - Maurice Revello Youth Tournament,Venezuela,Canada,1x2,Away,6.000,won,5.0000,https://www.betaminic.com/shootingbets/results/
betaminic,2026-06-01,Poland - 4th Liga,Luzyce Luban,Gornik Zlotoryja,1x2,Away,2.900,lost,-1.0000,https://www.betaminic.com/shootingbets/results/
betaminic,2026-06-01,Iraq - Stars League,Diyala,Duhok,over_under_25,Over,1.900,lost,-1.0000,https://www.betaminic.com/shootingbets/results/
betaminic,2026-06-01,International - Maurice Revello Youth Tournament,Japan,Ivory Coast Youth,1x2,Home,3.750,lost,-1.0000,https://www.betaminic.com/shootingbets/results/
betaminic,2026-06-01,Kenya - Super League,Kisumu All Stars,Migori Youth,1x2,Away,2.400,won,1.4000,https://www.betaminic.com/shootingbets/results/
betaminic,2026-05-31,USA - USL League 2,Westchester Flames,Staten Island ASC,1x2,Away,2.400,won,1.4000,https://www.betaminic.com/shootingbets/results/
betaminic,2026-05-31,Dominica - Premier League,Bath Estate,Sagicor South East,over_under_25,Under,2.850,lost,-1.0000,https://www.betaminic.com/shootingbets/results/
betaminic,2026-05-31,USA - USL League 2,Marin Legends,Academica,1x2,Away,2.800,lost,-1.0000,https://www.betaminic.com/shootingbets/results/
betaminic,2026-05-31,USA - USL League 2,Chicago Dutch Lions,Edgewater Castle,1x2,Away,3.000,lost,-1.0000,https://www.betaminic.com/shootingbets/results/
betaminic,2026-05-31,Curacao - 1st Division,Scherpenheuvel,Inter Willemstad,1x2,Home,2.500,lost,-1.0000,https://www.betaminic.com/shootingbets/results/
betaminic,2026-05-31,USA - Women Premier Soccer League,Milwaukee Bavarian,Green Bay Glory,1x2,Home,1.550,won,0.5500,https://www.betaminic.com/shootingbets/results/
betaminic,2026-05-31,Peru - Liga 3,Alianza Lima II,Universitario de Deportes II,1x2,Home,3.000,lost,-1.0000,https://www.betaminic.com/shootingbets/results/
betaminic,2026-05-31,Aruba - Divison di Honor,SV Brazil Junior,River Plate Aruba,1x2,Home,2.150,lost,-1.0000,https://www.betaminic.com/shootingbets/results/
betaminic,2026-05-31,Brazil - Catarinense 2,Caravaggio,Hercilio Luz,1x2,Away,2.600,lost,-1.0000,https://www.betaminic.com/shootingbets/results/
betaminic,2026-05-31,Brazil - Serie D,Decisao,Sergipe,1x2,Away,1.850,lost,-1.0000,https://www.betaminic.com/shootingbets/results/
betaminic,2026-05-31,Uruguay - Primera Division Amateur,Deportivo LSM,Platense,1x2,Home,2.300,won,1.3000,https://www.betaminic.com/shootingbets/results/
betaminic,2026-05-31,Argentina - Primera C Metropolitana,Leandro N. Alem,JJ Urquiza,1x2,Away,3.300,lost,-1.0000,https://www.betaminic.com/shootingbets/results/
betaminic,2026-05-31,Mali - Premiere Division,Onze Createurs,Mali Coura,1x2,Away,3.800,lost,-1.0000,https://www.betaminic.com/shootingbets/results/
betaminic,2026-05-31,Brazil - Paulista U20,Sao Caetano,Botafogo SP,1x2,Away,2.200,lost,-1.0000,https://www.betaminic.com/shootingbets/results/
betaminic,2026-05-31,Brazil - Brasileiro Women A2,Doce Mel,AE 3B da Amazonia,1x2,Away,1.750,lost,-1.0000,https://www.betaminic.com/shootingbets/results/
betaminic,2026-05-31,Argentina - Torneo Federal A,Circulo Deportivo,Club Villa Mitre,1x2,Away,2.700,lost,-1.0000,https://www.betaminic.com/shootingbets/results/
betaminic,2026-05-31,Brazil - Paulista Serie B,Paulinia Futebol Universitario,Osasco Audax,1x2,Away,3.100,won,2.1000,https://www.betaminic.com/shootingbets/results/
betaminic,2026-05-31,Ghana - FA Cup,Dreams,Nations,1x2,Away,6.000,lost,-1.0000,https://www.betaminic.com/shootingbets/results/
betaminic,2026-05-31,Albania - Superliga,Vllaznia Shkoder,AF Elbasani,1x2,Home,2.250,lost,-1.0000,https://www.betaminic.com/shootingbets/results/
betaminic,2026-05-31,Paraguay - Women League,Sportivo Luqueno,Sportivo San Lorenzo,1x2,Home,6.500,lost,-1.0000,https://www.betaminic.com/shootingbets/results/
betaminic,2026-05-31,International - Maurice Revello Youth Tournament,DR Congo,Tunisia,1x2,Home,4.750,lost,-1.0000,https://www.betaminic.com/shootingbets/results/
betaminic,2026-05-31,Peru - Liga 2,AD Cantolao,Universidad de San Martin,1x2,Away,2.600,won,1.6000,https://www.betaminic.com/shootingbets/results/
betaminic,2026-05-31,Argentina - Primera C Metropolitana,Juventud Unida San Miguel,Victoriano Arenas,1x2,Away,2.700,lost,-1.0000,https://www.betaminic.com/shootingbets/results/
betaminic,2026-05-31,Hungary - NB 3,Gyirmot,Monori SE,1x2,Home,1.620,lost,-1.0000,https://www.betaminic.com/shootingbets/results/
betaminic,2026-05-31,Bosnia and Herzegovina - 1st League,Slavija Sarajevo,Laktasi,1x2,Home,2.380,lost,-1.0000,https://www.betaminic.com/shootingbets/results/
betaminic,2026-05-31,Iceland - 2. Deild,UMF Selfoss,Vikingur Olafsvik,1x2,Away,4.750,lost,-1.0000,https://www.betaminic.com/shootingbets/results/
betaminic,2026-05-31,Spain - Primera Division Women,Athletic Bilbao,Alhama,1x2,Draw,5.000,lost,-1.0000,https://www.betaminic.com/shootingbets/results/
betaminic,2026-05-31,Finland - Kakkonen Group C,Narpes Kraft,TP-47,1x2,Away,3.400,won,2.4000,https://www.betaminic.com/shootingbets/results/
betaminic,2026-05-31,Estonia - Esiliiga A,Tallinna Kalev,Levadia Tallinn II,1x2,Away,3.000,won,2.0000,https://www.betaminic.com/shootingbets/results/
betaminic,2026-05-31,Iceland - 4. Deild,Ellidi,Ulfarnir,1x2,Home,1.910,lost,-1.0000,https://www.betaminic.com/shootingbets/results/
betaminic,2026-05-31,Spain - Primera Division Women,Espanyol,Sevilla,1x2,Away,2.550,lost,-1.0000,https://www.betaminic.com/shootingbets/results/
betaminic,2026-05-31,Poland - 4th Liga,Powisle Dzierzgon,Gedania Gdansk,1x2,Home,6.000,lost,-1.0000,https://www.betaminic.com/shootingbets/results/
betaminic,2026-05-31,Norway - 3rd Division,Raelingen FK,Orn Horten,1x2,Away,1.830,lost,-1.0000,https://www.betaminic.com/shootingbets/results/
betaminic,2026-05-31,Brazil - Catarinense U20,Avai,Figueirense,1x2,Home,2.000,won,1.0000,https://www.betaminic.com/shootingbets/results/
betaminic,2026-05-31,International - Maurice Revello Youth Tournament,China,Saudi Arabia,1x2,Home,3.100,won,2.1000,https://www.betaminic.com/shootingbets/results/
betaminic,2026-05-31,Brazil - Paulista Serie B,Santacruzense,Matonense,1x2,Home,2.200,lost,-1.0000,https://www.betaminic.com/shootingbets/results/
betaminic,2026-05-31,Brazil - Paulista Serie B,Uniao Mogi,Manthiqueira,1x2,Home,2.200,won,1.2000,https://www.betaminic.com/shootingbets/results/
betaminic,2026-05-31,Denmark - Division 1 Women,Naestved,B 93,1x2,Away,3.300,lost,-1.0000,https://www.betaminic.com/shootingbets/results/
betaminic,2026-05-31,Croatia - 1. HNL Women,Medimurje Cakovec,Dinamo Zagreb,1x2,Away,1.500,lost,-1.0000,https://www.betaminic.com/shootingbets/results/
betaminic,2026-05-31,Norway - 3rd Division,Stabaek II,Mandalskameratene,1x2,Away,2.450,lost,-1.0000,https://www.betaminic.com/shootingbets/results/
betaminic,2026-05-31,Norway - 3rd Division,Viking II,Brodd,1x2,Home,2.050,won,1.0500,https://www.betaminic.com/shootingbets/results/
betaminic,2026-05-31,Vietnam - V League,Nam Dinh,Song Lam Nghe An,1x2,Home,1.440,won,0.4400,https://www.betaminic.com/shootingbets/results/
betaminic,2026-05-31,Sweden - 2nd Division,Torslanda,Jonsereds,1x2,Home,2.200,lost,-1.0000,https://www.betaminic.com/shootingbets/results/
betaminic,2026-05-31,Finland - Kolmonen,EPS/Reservi,NuPS,1x2,Away,2.450,lost,-1.0000,https://www.betaminic.com/shootingbets/results/
betaminic,2026-05-31,Denmark - Division 2 Women,Odense Q II,Ballerup-Skovlunde Fodbold,1x2,Home,3.500,won,2.5000,https://www.betaminic.com/shootingbets/results/
betaminic,2026-05-31,Ireland - Leinster Senior League,Lucan United,St. Francis,1x2,Home,2.300,lost,-1.0000,https://www.betaminic.com/shootingbets/results/
betaminic,2026-05-31,Denmark - Division 2 Women,B73 Slagelse,Svogerslev,1x2,Away,2.880,lost,-1.0000,https://www.betaminic.com/shootingbets/results/
betaminic,2026-05-31,Korea Republic - K4 League,Haman,Jinju Citizen,over_under_25,Under,2.100,lost,-1.0000,https://www.betaminic.com/shootingbets/results/
betaminic,2026-05-31,Austria - Landesliga,SV Burmoos,Salzburger AK 1914,1x2,Home,2.100,lost,-1.0000,https://www.betaminic.com/shootingbets/results/
betaminic,2026-05-31,Australia - Queensland Premier League 3,Moggill,Yeronga Eagles,1x2,Away,2.500,lost,-1.0000,https://www.betaminic.com/shootingbets/results/
betaminic,2026-05-31,Australia - Queensland Premier League 2,Taringa Rovers,Southside Eagles,1x2,Away,3.600,won,2.6000,https://www.betaminic.com/shootingbets/results/
betaminic,2026-05-31,Australia - Queensland Premier League 3,Ipswich Knights,North Pine,1x2,Away,2.700,won,1.7000,https://www.betaminic.com/shootingbets/results/
betaminic,2026-05-31,Australia - Queensland Premier League 3,Redcliffe Dolphins,Springfield United,1x2,Home,7.500,lost,-1.0000,https://www.betaminic.com/shootingbets/results/
betaminic,2026-05-31,Japan - Regional League,Baleine Shimonoseki,SRC Hiroshima,over_under_25,Under,2.250,lost,-1.0000,https://www.betaminic.com/shootingbets/results/
betaminic,2026-05-31,Australia - NPL Tasmania,Clarence Zebras,South East United,1x2,Home,1.440,won,0.4400,https://www.betaminic.com/shootingbets/results/
betaminic,2026-05-31,Japan - Regional League,ENEOS Mizushima,Yonago Genki SC,1x2,Home,3.100,lost,-1.0000,https://www.betaminic.com/shootingbets/results/
betaminic,2026-05-31,Japan - Regional League,MSP Yashima FC,Llamas Kochi,1x2,Home,3.200,lost,-1.0000,https://www.betaminic.com/shootingbets/results/
betaminic,2026-05-31,USA - USL League 2,Tucson,Southern California Eagles,1x2,Draw,6.500,lost,-1.0000,https://www.betaminic.com/shootingbets/results/
betaminic,2026-05-31,USA - USL League 2,Texoma,Denton Diablos,1x2,Home,2.400,won,1.4000,https://www.betaminic.com/shootingbets/results/
betaminic,2026-05-31,USA - USL League 2,Montgomery,East Atlanta,1x2,Home,2.250,lost,-1.0000,https://www.betaminic.com/shootingbets/results/
betaminic,2026-05-30,Brazil - Serie D,Sao Raimundo EC,GAS,1x2,Home,1.500,won,0.5000,https://www.betaminic.com/shootingbets/results/
betaminic,2026-05-30,Brazil - Serie D,Galvez,Porto Velho,1x2,Home,10.000,lost,-1.0000,https://www.betaminic.com/shootingbets/results/
betaminic,2026-05-30,USA - USL League 2,Lakeland United,Brevard Fire,1x2,Home,1.620,won,0.6200,https://www.betaminic.com/shootingbets/results/
betaminic,2026-05-30,USA - USL League 2,Morris Elite,Manhattan,1x2,Away,2.750,won,1.7500,https://www.betaminic.com/shootingbets/results/
betaminic,2026-05-30,USA - USL League 2,AC Connecticut,Boston City,1x2,Away,8.500,lost,-1.0000,https://www.betaminic.com/shootingbets/results/
betaminic,2026-05-30,Argentina - Torneo Federal A,Sportivo Las Parejas,Atletico Escobar,1x2,Home,1.730,won,0.7300,https://www.betaminic.com/shootingbets/results/
betaminic,2026-05-30,USA - USL Women League,Morris Elite,Cedar Stars Academy,1x2,Home,1.910,won,0.9100,https://www.betaminic.com/shootingbets/results/
betaminic,2026-05-30,Brazil - Mineiro 2,Democrata SL,Aymores,1x2,Draw,2.880,lost,-1.0000,https://www.betaminic.com/shootingbets/results/
betaminic,2026-05-30,Argentina - Primera C Metropolitana,Argentino de Rosario,Estrella del Sur,1x2,Away,2.900,lost,-1.0000,https://www.betaminic.com/shootingbets/results/
betaminic,2026-05-30,Argentina - Primera B Metropolitana,Real Pilar,UAI Urquiza,1x2,Home,2.000,won,1.0000,https://www.betaminic.com/shootingbets/results/
betaminic,2026-05-30,Canada - Northern Super League Women,Montreal Roses,Vancouver Rise,1x2,Home,2.000,lost,-1.0000,https://www.betaminic.com/shootingbets/results/
betaminic,2026-05-30,Brazil - Paulista Serie B,Votoraty,SC Paulinense,1x2,Home,2.100,lost,-1.0000,https://www.betaminic.com/shootingbets/results/
betaminic,2026-05-30,Brazil - Baiano U20,Jequie,Conquista,1x2,Home,5.500,lost,-1.0000,https://www.betaminic.com/shootingbets/results/
betaminic,2026-05-30,Argentina - Primera C Metropolitana,Club El Porvenir,Deportivo Muniz,1x2,Away,5.000,lost,-1.0000,https://www.betaminic.com/shootingbets/results/
betaminic,2026-05-30,Finland - Kolmonen,Gnistan Ogeli,SibboV,1x2,Home,3.000,lost,-1.0000,https://www.betaminic.com/shootingbets/results/
betaminic,2026-05-30,Spain - Regional Leagues,CD Ferriolense,UD Arenal,1x2,Home,2.050,lost,-1.0000,https://www.betaminic.com/shootingbets/results/
betaminic,2026-05-30,Iceland - 1. Deild Women,UMF Selfoss,Volsungur,1x2,Away,3.000,lost,-1.0000,https://www.betaminic.com/shootingbets/results/
betaminic,2026-05-30,Poland - 4th Liga,Victoria Sulejowek,Wilga Garwolin,1x2,Away,6.500,lost,-1.0000,https://www.betaminic.com/shootingbets/results/
betaminic,2026-05-30,Croatia - 3. NL,Zagora,GOSK Kastela,1x2,Home,1.420,won,0.4200,https://www.betaminic.com/shootingbets/results/
betaminic,2026-05-30,Croatia - 3. NL,Dinamo Predavac,Polet,1x2,Away,6.250,lost,-1.0000,https://www.betaminic.com/shootingbets/results/
betaminic,2026-05-30,Poland - 3rd Liga,Bron Radom,Warta Sieradz,1x2,Home,3.600,lost,-1.0000,https://www.betaminic.com/shootingbets/results/
betaminic,2026-05-30,Poland - 3rd Liga,Polonia Sroda Slaska,Pogon Nowe Skalmierzyce,1x2,Home,1.850,won,0.8500,https://www.betaminic.com/shootingbets/results/
betaminic,2026-05-30,Poland - 3rd Liga,Wisla Plock II,GKS Belchatow,1x2,Home,2.250,won,1.2500,https://www.betaminic.com/shootingbets/results/
betaminic,2026-05-30,Poland - 3rd Liga,Naprzod Jedrzejow,Stal Krasnik,1x2,Home,2.450,lost,-1.0000,https://www.betaminic.com/shootingbets/results/
betaminic,2026-05-30,Poland - 3rd Liga,Wda Swiecie,Notec Czarnkow,1x2,Home,3.300,lost,-1.0000,https://www.betaminic.com/shootingbets/results/
betaminic,2026-05-30,Poland - 3rd Liga,Lipno Steszew,Unia Swarzedz,1x2,Away,2.630,lost,-1.0000,https://www.betaminic.com/shootingbets/results/
betaminic,2026-05-30,Czech Republic - 4. Liga,Ostrov,Chomutov,1x2,Away,2.350,lost,-1.0000,https://www.betaminic.com/shootingbets/results/
betaminic,2026-05-30,Poland - 3rd Liga,Korona Kielce II,Wislanie Skawina,1x2,Home,2.200,won,1.2000,https://www.betaminic.com/shootingbets/results/
betaminic,2026-05-30,Netherlands - U21 Divisie,Maastricht,Spartaan'20,1x2,Away,8.500,won,7.5000,https://www.betaminic.com/shootingbets/results/
betaminic,2026-05-30,Switzerland - Promotion League,Lausanne Sport II,Schaffhausen,1x2,Away,2.050,lost,-1.0000,https://www.betaminic.com/shootingbets/results/
betaminic,2026-05-30,Austria - Landesliga,Deutschkreutz,SV Eberau,1x2,Home,2.500,lost,-1.0000,https://www.betaminic.com/shootingbets/results/
betaminic,2026-05-30,Austria - Landesliga,Lumitech Jennersdorf,ASKO Klingenbach,1x2,Home,3.800,lost,-1.0000,https://www.betaminic.com/shootingbets/results/
betaminic,2026-05-30,Austria - Landesliga,1980 Wien,LAC-Inter,1x2,Away,2.350,won,1.3500,https://www.betaminic.com/shootingbets/results/
betaminic,2026-05-30,Croatia - Prva NL,Hrvace,Dubrava Zagreb,1x2,Home,1.910,lost,-1.0000,https://www.betaminic.com/shootingbets/results/
betaminic,2026-05-30,Switzerland - 1. Liga Classic,Meyrin,Chenois,1x2,Home,4.200,lost,-1.0000,https://www.betaminic.com/shootingbets/results/
betaminic,2026-05-30,Sweden - Elitettan Women,Elfsborg,Enskede,1x2,Away,6.500,lost,-1.0000,https://www.betaminic.com/shootingbets/results/
betaminic,2026-05-30,Iceland - 1. Deild Women,Keflavik,IA Akranes,1x2,Home,2.380,won,1.3800,https://www.betaminic.com/shootingbets/results/
betaminic,2026-05-30,Croatia - 2. NL,Trnje,Dugo Selo,1x2,Home,4.330,lost,-1.0000,https://www.betaminic.com/shootingbets/results/
betaminic,2026-05-30,Norway - 3rd Division,Vag,Staal Joerpeland,1x2,Home,2.000,lost,-1.0000,https://www.betaminic.com/shootingbets/results/
betaminic,2026-05-30,Poland - 4th Liga,Pisa Barczewo,Rominta Goldap,1x2,Away,2.600,won,1.6000,https://www.betaminic.com/shootingbets/results/
betaminic,2026-05-30,Netherlands - U21 Divisie,HVV Hollandia,AFC 34,over_under_25,Under,3.100,lost,-1.0000,https://www.betaminic.com/shootingbets/results/
betaminic,2026-05-30,Austria - Regionalliga West,Seekirchen,Dornbirn,1x2,Away,3.250,lost,-1.0000,https://www.betaminic.com/shootingbets/results/
betaminic,2026-05-30,Sweden - Damallsvenskan,Djurgardens,Eskilstuna United,1x2,Away,4.330,lost,-1.0000,https://www.betaminic.com/shootingbets/results/
betaminic,2026-05-30,Norway - 3rd Division,Spjelkavik,Byasen,1x2,Home,2.700,won,1.7000,https://www.betaminic.com/shootingbets/results/
betaminic,2026-05-30,Paraguay - Division Intermedia,Resistencia,Club Fernando de La Mora,1x2,Away,3.400,lost,-1.0000,https://www.betaminic.com/shootingbets/results/
betaminic,2026-05-30,Poland - 4th Liga,KOS Victoria 1922 Czestochowa,LKS Drama Zbroslawice,1x2,Away,2.050,won,1.0500,https://www.betaminic.com/shootingbets/results/
betaminic,2026-05-30,Poland - 2nd Liga,Chojniczanka Chojnice,Rekord Bielsko Biala,1x2,Home,1.900,won,0.9000,https://www.betaminic.com/shootingbets/results/
betaminic,2026-05-30,Lithuania - 1 Lyga,Transinvest II,Kauno Zalgiris II,1x2,Away,2.350,won,1.3500,https://www.betaminic.com/shootingbets/results/
betaminic,2026-05-30,Georgia - Erovnuli Liga 2,Kolkheti 1913 Poti,Sioni Bolnisi,1x2,Home,2.750,lost,-1.0000,https://www.betaminic.com/shootingbets/results/
betaminic,2026-05-30,Georgia - Erovnuli Liga 2,Gareji,Samtredia,1x2,Away,4.750,lost,-1.0000,https://www.betaminic.com/shootingbets/results/
betaminic,2026-05-30,Norway - 3rd Division,Nardo,Rosenborg II,1x2,Home,2.100,lost,-1.0000,https://www.betaminic.com/shootingbets/results/
betaminic,2026-05-30,Brazil - Baiano U20,Feirense,Juazeirense,1x2,Home,3.700,lost,-1.0000,https://www.betaminic.com/shootingbets/results/
betaminic,2026-05-30,Denmark - 2nd Division,Helsingor,Brabrand,1x2,Away,3.000,lost,-1.0000,https://www.betaminic.com/shootingbets/results/
betaminic,2026-05-30,Macau - Primeira Divisao,Benfica Macau,Cheng Fung,1x2,Home,1.830,lost,-1.0000,https://www.betaminic.com/shootingbets/results/
betaminic,2026-05-30,Norway - 3rd Division,Heming,Union Carl Berner,1x2,Away,3.100,lost,-1.0000,https://www.betaminic.com/shootingbets/results/
betaminic,2026-05-30,Lithuania - 1 Lyga,Tauras Taurage,Hegelmann II,1x2,Home,1.550,won,0.5500,https://www.betaminic.com/shootingbets/results/
betaminic,2026-05-30,Norway - 3rd Division,Nordstrand,KFUM Oslo II,1x2,Home,1.950,lost,-1.0000,https://www.betaminic.com/shootingbets/results/
betaminic,2026-05-30,Sweden - Elitettan Women,IFK Goteborg,Hacken II,1x2,Home,1.300,won,0.3000,https://www.betaminic.com/shootingbets/results/
betaminic,2026-05-30,Norway - 3rd Division,Lillestrom II,Alta,1x2,Home,2.100,lost,-1.0000,https://www.betaminic.com/shootingbets/results/
betaminic,2026-05-30,Sweden - 2nd Division,Forward,Ragsveds,1x2,Away,3.200,lost,-1.0000,https://www.betaminic.com/shootingbets/results/
betaminic,2026-05-30,Finland - Kolmonen,ToTe,VJS II,1x2,Home,2.250,lost,-1.0000,https://www.betaminic.com/shootingbets/results/
betaminic,2026-05-30,Netherlands - U21 Divisie,Excelsior Maassluis,FC Eindhoven,1x2,Away,3.500,won,2.5000,https://www.betaminic.com/shootingbets/results/
betaminic,2026-05-30,Georgia - Erovnuli Liga,Meshakhte Tkibuli,Dinamo Tbilisi,1x2,Away,1.850,won,0.8500,https://www.betaminic.com/shootingbets/results/
betaminic,2026-05-30,Netherlands - U21 Divisie,SC Telstar,IJsselmeervogels,over_under_25,Under,3.450,lost,-1.0000,https://www.betaminic.com/shootingbets/results/
betaminic,2026-05-30,Estonia - Meistriliiga Women,Saku Sporting,Flora Tallinn,over_under_25,Under,3.400,lost,-1.0000,https://www.betaminic.com/shootingbets/results/
betaminic,2026-05-30,Poland - Ekstraliga Women,Lech Poznan,Rekord Bielsko-Biala,1x2,Away,2.200,lost,-1.0000,https://www.betaminic.com/shootingbets/results/
betaminic,2026-05-30,Australia - NPL New South Wales U20,Manly United,Blacktown City,1x2,Home,2.100,lost,-1.0000,https://www.betaminic.com/shootingbets/results/
betaminic,2026-05-30,Australia - New South Wales League 2,Camden Tigers,Central Coast United,1x2,Home,3.700,lost,-1.0000,https://www.betaminic.com/shootingbets/results/
betaminic,2026-05-30,Australia - New South Wales League 1,Bulls Academy,Newcastle Jets II,1x2,Away,2.700,lost,-1.0000,https://www.betaminic.com/shootingbets/results/
betaminic,2026-05-30,Hungary - U19 League,Puskas Akademia,Illes,1x2,Away,3.750,lost,-1.0000,https://www.betaminic.com/shootingbets/results/
betaminic,2026-05-30,Australia - Queensland Premier League 3,North Brisbane,University of Queensland,1x2,Away,1.530,lost,-1.0000,https://www.betaminic.com/shootingbets/results/
betaminic,2026-05-30,Australia - Western Australia State League 1,Murdoch University Melville,Kingsley Westside,1x2,Home,2.880,won,1.8800,https://www.betaminic.com/shootingbets/results/
betaminic,2026-05-30,Australia - Western Australia State League 1,Inglewood United,Cockburn City,1x2,Home,1.910,won,0.9100,https://www.betaminic.com/shootingbets/results/
betaminic,2026-05-30,Australia - Western Australia State League 1,Curtin University,Joondalup City,1x2,Home,4.330,lost,-1.0000,https://www.betaminic.com/shootingbets/results/
betaminic,2026-05-30,Australia - Western Australia State League 1,Subiaco,UWA Nedlands,1x2,Home,5.000,lost,-1.0000,https://www.betaminic.com/shootingbets/results/
betaminic,2026-05-30,Australia - New South Wales League 2,Bankstown United,Fraser Park,1x2,Home,3.600,lost,-1.0000,https://www.betaminic.com/shootingbets/results/
betaminic,2026-05-30,Australia - Western Australia State League 1,Mandurah City,Floreat Athena,1x2,Away,1.900,lost,-1.0000,https://www.betaminic.com/shootingbets/results/
betaminic,2026-05-30,Australia - Tasmania Super League Women,Launceston United,Kingborough Lions United,1x2,Away,4.750,won,3.7500,https://www.betaminic.com/shootingbets/results/
betaminic,2026-05-30,Australia - NPL New South Wales U20,St George Saints,St George City,1x2,Away,2.880,won,1.8800,https://www.betaminic.com/shootingbets/results/
betaminic,2026-05-30,Australia - New South Wales League 1,Hakoah Sydney City,Bankstown City Lions,1x2,Home,2.700,lost,-1.0000,https://www.betaminic.com/shootingbets/results/
betaminic,2026-05-30,Australia - Northern NSW Reserves League,Adamstown Rosebud,Newcastle Olympic,1x2,Away,2.000,lost,-1.0000,https://www.betaminic.com/shootingbets/results/
betaminic,2026-05-30,Australia - NPL Capital Territory,Canberra Juventus,Tuggeranong United,1x2,Home,2.450,won,1.4500,https://www.betaminic.com/shootingbets/results/
betaminic,2026-05-30,Australia - Victoria Premier League 2,Moreland City,Eastern Lions,1x2,Home,3.100,lost,-1.0000,https://www.betaminic.com/shootingbets/results/
betaminic,2026-05-30,Australia - NPL Capital Territory Youth U23,Canberra Juventus,Tuggeranong United,1x2,Home,2.600,won,1.6000,https://www.betaminic.com/shootingbets/results/
betaminic,2026-05-30,New Zealand - Chatham Cup,Wellington Olympic,Miramar Rangers,1x2,Home,1.830,lost,-1.0000,https://www.betaminic.com/shootingbets/results/
betaminic,2026-05-30,New Zealand - Chatham Cup,Northern AFC,Wanaka,1x2,Away,8.000,lost,-1.0000,https://www.betaminic.com/shootingbets/results/
betaminic,2026-05-30,Uruguay - Primera Division Amateur,Parque de Plata,Club Atletico Basanez,1x2,Away,3.750,won,2.7500,https://www.betaminic.com/shootingbets/results/
betaminic,2026-05-30,USA - Women Premier Soccer League,Minnesota Bliss,Mankato Soccer Club,1x2,Home,2.200,won,1.2000,https://www.betaminic.com/shootingbets/results/
betaminic,2026-05-29,Dominica - Premier League,Middleham United,Harlem United,1x2,Home,2.500,won,1.5000,https://www.betaminic.com/shootingbets/results/
betaminic,2026-05-29,Mexico - Liga TDP,Delfines de Coatzacoalcos,Saltillo Soccer,1x2,Home,2.100,won,1.1000,https://www.betaminic.com/shootingbets/results/
betaminic,2026-05-29,Northern Ireland - Premiership Women,Lisburn,Crusaders Strikers,over_under_25,Under,2.500,lost,-1.0000,https://www.betaminic.com/shootingbets/results/
betaminic,2026-05-29,France - Feminine Division 1,Lyon,Paris FC,1x2,Home,1.420,won,0.4200,https://www.betaminic.com/shootingbets/results/
betaminic,2026-05-29,Ireland - Leinster Senior League,St. Mochtas,Killester Donnycarney,1x2,Away,3.900,lost,-1.0000,https://www.betaminic.com/shootingbets/results/
betaminic,2026-05-29,Sweden - Elitettan Women,Gamla Upsala,Orebro SK,1x2,Away,2.050,lost,-1.0000,https://www.betaminic.com/shootingbets/results/
betaminic,2026-05-29,Brazil - Paulista U20,Osasco Audax,Capivariano,1x2,Away,2.450,lost,-1.0000,https://www.betaminic.com/shootingbets/results/
betaminic,2026-05-29,Brazil - Paulista U20,Velo Clube,Bandeirante,1x2,Home,2.000,lost,-1.0000,https://www.betaminic.com/shootingbets/results/
betaminic,2026-05-29,Switzerland - 2. Liga Interregional,Rotkreuz,Ibach,1x2,Away,6.500,lost,-1.0000,https://www.betaminic.com/shootingbets/results/
betaminic,2026-05-29,Austria - Regionalliga Ost,Wiener Sport-Club,Leobendorf,1x2,Home,2.250,won,1.2500,https://www.betaminic.com/shootingbets/results/
betaminic,2026-05-29,Austria - Landesliga,Siegendorf,Horitschon-Unterpetersdorf,1x2,Home,2.000,lost,-1.0000,https://www.betaminic.com/shootingbets/results/
betaminic,2026-05-29,Austria - Regionalliga Ost,Favoritner,Gloggnitz,1x2,Home,3.200,won,2.2000,https://www.betaminic.com/shootingbets/results/
betaminic,2026-05-29,Austria - Regionalliga Ost,Parndorf,Marchfeld Donauauen,1x2,Away,3.500,lost,-1.0000,https://www.betaminic.com/shootingbets/results/
betaminic,2026-05-29,Austria - Landesliga,UFC Fehring,Lebring,1x2,Home,3.200,lost,-1.0000,https://www.betaminic.com/shootingbets/results/
betaminic,2026-05-29,Austria - Landesliga,Austria Lustenau II,Brauerei Egg,1x2,Away,2.550,won,1.5500,https://www.betaminic.com/shootingbets/results/
betaminic,2026-05-29,Norway - 3rd Division,Hinna,Varhaug,1x2,Away,2.400,won,1.4000,https://www.betaminic.com/shootingbets/results/
betaminic,2026-05-29,Finland - Kolmonen,FC Lahti 69,TuPS,1x2,Away,2.250,lost,-1.0000,https://www.betaminic.com/shootingbets/results/
betaminic,2026-05-29,Finland - Kolmonen,JIPPO II,NiemU,1x2,Away,3.200,won,2.2000,https://www.betaminic.com/shootingbets/results/
betaminic,2026-05-29,Poland - 4th Liga,Obra 1912 Koscian,Kania Gostyn,1x2,Away,2.630,lost,-1.0000,https://www.betaminic.com/shootingbets/results/
betaminic,2026-05-29,Austria - Landesliga,Gerasdorf Stammersdorf,Dinamo Helfort,1x2,Away,1.800,won,0.8000,https://www.betaminic.com/shootingbets/results/
betaminic,2026-05-29,Finland - Kolmonen,MPS/Atletico Malmi,PPJ/Lauttasaari,1x2,Away,3.200,won,2.2000,https://www.betaminic.com/shootingbets/results/
betaminic,2026-05-29,Finland - Kakkonen Group B,EPS,EBK,1x2,Home,1.750,lost,-1.0000,https://www.betaminic.com/shootingbets/results/
betaminic,2026-05-29,Finland - Kolmonen,KoPa,LAUTP,1x2,Home,8.000,won,7.0000,https://www.betaminic.com/shootingbets/results/
betaminic,2026-05-29,Egypt - Premier League,ZED,Kahraba Ismailia,1x2,Away,2.200,lost,-1.0000,https://www.betaminic.com/shootingbets/results/
betaminic,2026-05-29,Bhutan - Premier League,Tensung,Ugyen Academy,1x2,Home,2.350,lost,-1.0000,https://www.betaminic.com/shootingbets/results/
betaminic,2026-05-29,Denmark - Future Cup U21,Brondby,FC Copenhagen,1x2,Away,3.800,won,2.8000,https://www.betaminic.com/shootingbets/results/
betaminic,2026-05-29,New Zealand - Northern League,Western Springs,Bay Olympic,1x2,Away,7.000,lost,-1.0000,https://www.betaminic.com/shootingbets/results/
betaminic,2026-05-29,New Zealand - Chatham Cup,Christchurch United,Nomads United,1x2,Home,1.910,lost,-1.0000,https://www.betaminic.com/shootingbets/results/
betaminic,2026-05-29,USA - USL League 2,Tacoma Stars,Oly Town,over_under_25,Under,2.630,lost,-1.0000,https://www.betaminic.com/shootingbets/results/
betaminic,2026-05-28,Iceland - U19 League,Breidablik/Augn/Smari,FH / IH,1x2,Away,9.000,lost,-1.0000,https://www.betaminic.com/shootingbets/results/
betaminic,2026-05-28,Brazil - Cup Women,Clube Atletico Piauiense,Santos,1x2,Home,4.500,won,3.5000,https://www.betaminic.com/shootingbets/results/
betaminic,2026-05-28,Brazil - Cup Women,Atletico Mineiro,Vitoria,1x2,Home,1.360,won,0.3600,https://www.betaminic.com/shootingbets/results/
betaminic,2026-05-28,Scotland - Premier League Women 2,East Fife,Falkirk FC,1x2,Away,3.300,won,2.3000,https://www.betaminic.com/shootingbets/results/
betaminic,2026-05-28,Finland - Kolmonen,Ylojarvi United,Haka Juniorit,1x2,Home,2.250,won,1.2500,https://www.betaminic.com/shootingbets/results/
betaminic,2026-05-28,Finland - Kolmonen,PPJ/Ruoholahti,MPS,1x2,Away,3.600,lost,-1.0000,https://www.betaminic.com/shootingbets/results/
betaminic,2026-05-28,Finland - Kolmonen,Fish United,TPV II,1x2,Home,6.250,lost,-1.0000,https://www.betaminic.com/shootingbets/results/
betaminic,2026-05-28,Finland - Kolmonen,Atlantis/Akatemia,RiPS,1x2,Home,2.000,lost,-1.0000,https://www.betaminic.com/shootingbets/results/
betaminic,2026-05-28,Hungary - NB 1 Women,Puskas Akademia,Ferencvaros,1x2,Away,1.800,won,0.8000,https://www.betaminic.com/shootingbets/results/
betaminic,2026-05-28,Finland - Kolmonen,Ylivieska,Lapuan Virkia,1x2,Away,3.600,won,2.6000,https://www.betaminic.com/shootingbets/results/
betaminic,2026-05-28,Poland - 4th Liga,Supraslanka Suprasl,Krypnianka Krypno,1x2,Away,3.500,lost,-1.0000,https://www.betaminic.com/shootingbets/results/
betaminic,2026-05-28,Finland - Kolmonen,MiPK,HaPK,1x2,Away,4.100,won,3.1000,https://www.betaminic.com/shootingbets/results/
betaminic,2026-05-28,Iraq - Stars League,Al Minaa,Al-Talaba,1x2,Away,3.000,lost,-1.0000,https://www.betaminic.com/shootingbets/results/
betaminic,2026-05-28,Georgia - Liga 3,Kolkheti Khobi,Lokomotivi Tbilisi,1x2,Away,2.700,won,1.7000,https://www.betaminic.com/shootingbets/results/
betaminic,2026-05-28,Kazakhstan - Premier League,Okzhetpes,Aktobe,1x2,Home,2.450,lost,-1.0000,https://www.betaminic.com/shootingbets/results/
betaminic,2026-05-28,Kosovo - U21 League,Ballkani,Dukagjini,over_under_25,Under,2.500,lost,-1.0000,https://www.betaminic.com/shootingbets/results/
betaminic,2026-05-28,Vietnam - 2nd Division,Phu Dong Ninh Binh,Hue FC,1x2,Home,4.500,lost,-1.0000,https://www.betaminic.com/shootingbets/results/
betaminic,2026-05-28,USA - USL League 2,Stars FC,AMSG,1x2,Home,5.000,won,4.0000,https://www.betaminic.com/shootingbets/results/
betaminic,2026-05-28,Puerto Rico - National League,PR Surf,Ponce,1x2,Away,2.600,lost,-1.0000,https://www.betaminic.com/shootingbets/results/
betaminic,2026-05-27,Brazil - Catarinense 2,Fluminense de Joinville,Juventus SC,1x2,Away,4.330,won,3.3300,https://www.betaminic.com/shootingbets/results/
betaminic,2026-05-27,Brazil - Copa FGF,Brasil de Pelotas,Bage,1x2,Home,1.910,won,0.9100,https://www.betaminic.com/shootingbets/results/
betaminic,2026-05-27,Brazil - Catarinense 2,Hercilio Luz,Tubarao,1x2,Home,1.950,won,0.9500,https://www.betaminic.com/shootingbets/results/
betaminic,2026-05-27,USA - USL League 2,Black Rock,Vermont Green,1x2,Away,1.620,won,0.6200,https://www.betaminic.com/shootingbets/results/
betaminic,2026-05-27,Brazil - Cup Women,AE 3B da Amazonia,Acao,1x2,Home,2.050,won,1.0500,https://www.betaminic.com/shootingbets/results/
betaminic,2026-05-27,Argentina - Primera B Metropolitana,Club Sportivo Italiano,San Martin Burzaco,1x2,Away,3.500,won,2.5000,https://www.betaminic.com/shootingbets/results/
betaminic,2026-05-27,Ireland - Munster Senior League,Cobh Wanderers,UCC,1x2,Away,3.400,won,2.4000,https://www.betaminic.com/shootingbets/results/
betaminic,2026-05-27,Iraq - Stars League,Al Zawraa,Al Naft,over_under_25,Over,1.950,lost,-1.0000,https://www.betaminic.com/shootingbets/results/
betaminic,2026-05-27,Finland - Kolmonen,LePa,EIF II,1x2,Home,3.400,won,2.4000,https://www.betaminic.com/shootingbets/results/
betaminic,2026-05-27,Austria - Regionalliga West,Hohenems,Lauterach,over_under_25,Under,3.300,lost,-1.0000,https://www.betaminic.com/shootingbets/results/
betaminic,2026-05-27,Czech Republic - 2. Liga Women,Sparta Prague II,Hradec Kralove,1x2,Home,3.300,won,2.3000,https://www.betaminic.com/shootingbets/results/
betaminic,2026-05-27,Finland - Kolmonen,LBK,Sporting Kristina,1x2,Home,3.000,lost,-1.0000,https://www.betaminic.com/shootingbets/results/
betaminic,2026-05-27,Poland - 4th Liga,Hutnik Krakow II,Watra Bialka Tatrzanska,1x2,Home,1.800,won,0.8000,https://www.betaminic.com/shootingbets/results/
betaminic,2026-05-27,Finland - Kakkonen Group C,VPS II,Vaajakoski,1x2,Away,6.250,lost,-1.0000,https://www.betaminic.com/shootingbets/results/
betaminic,2026-05-27,Iraq - Stars League,Al-Karma,Diyala,1x2,Home,1.700,won,0.7000,https://www.betaminic.com/shootingbets/results/
betaminic,2026-05-27,Uzbekistan - Cup,Yaypan FK,Surkhon Termez,1x2,Away,2.200,won,1.2000,https://www.betaminic.com/shootingbets/results/
betaminic,2026-05-27,Cameroon - Elite One,Gazelle FA de Garoua,Stade Renard,1x2,Away,9.000,lost,-1.0000,https://www.betaminic.com/shootingbets/results/
betaminic,2026-05-27,Kenya - Super League,Mombasa United,3K FC,1x2,Away,2.880,lost,-1.0000,https://www.betaminic.com/shootingbets/results/
betaminic,2026-05-26,Dominica - Premier League,Mighty Avengers,Middleham United,over_under_25,Under,2.350,lost,-1.0000,https://www.betaminic.com/shootingbets/results/
betaminic,2026-05-26,Honduras - Reserve League,CD Olimpia,Lobos UPNFM,over_under_25,Under,2.630,lost,-1.0000,https://www.betaminic.com/shootingbets/results/
betaminic,2026-05-26,Argentina - Primera B Metropolitana,Dock Sud,Real Pilar,1x2,Away,2.400,lost,-1.0000,https://www.betaminic.com/shootingbets/results/
betaminic,2026-05-26,Brazil - Goiano U20,Inhumas,Aparecidense,1x2,Home,2.100,lost,-1.0000,https://www.betaminic.com/shootingbets/results/
betaminic,2026-05-26,Sierra Leone - Premier League,Bullom Stars,SLIFA,1x2,Away,3.000,lost,-1.0000,https://www.betaminic.com/shootingbets/results/
betaminic,2026-05-26,Norway - 3rd Division,Brodd,Odd BK II,1x2,Away,4.500,lost,-1.0000,https://www.betaminic.com/shootingbets/results/
betaminic,2026-05-26,China - League Two,Hangzhou Linping Wuyue,Hubei Istar,1x2,Home,2.880,won,1.8800,https://www.betaminic.com/shootingbets/results/
betaminic,2026-05-26,Australia - Queensland Premier League Women,Logan Lightning,Palm Beach,1x2,Home,3.500,won,2.5000,https://www.betaminic.com/shootingbets/results/
betaminic,2026-05-26,Australia - Cup Qualifiers,Caboolture,AC Carina,1x2,Away,4.750,lost,-1.0000,https://www.betaminic.com/shootingbets/results/
betaminic,2026-05-26,Kazakhstan - League Women,FK Zhenys,Kyzyl-Zhar,1x2,Away,5.250,lost,-1.0000,https://www.betaminic.com/shootingbets/results/
betaminic,2026-05-25,USA - USL League 2,Oly Town,West Seattle Junction,1x2,Away,2.000,lost,-1.0000,https://www.betaminic.com/shootingbets/results/
betaminic,2026-05-25,Chile - Segunda Division,Provincial Ovalle,Brujas de Salamanca,1x2,Home,2.600,lost,-1.0000,https://www.betaminic.com/shootingbets/results/
betaminic,2026-05-25,Argentina - Torneo Federal A,Defensores de Puerto Vilelas,San Martin Formosa,1x2,Home,3.000,lost,-1.0000,https://www.betaminic.com/shootingbets/results/
betaminic,2026-05-25,Paraguay - Reserve League,Sportivo Luqueno,Olimpia Asuncion,1x2,Home,5.250,lost,-1.0000,https://www.betaminic.com/shootingbets/results/
betaminic,2026-05-25,Argentina - Primera C Metropolitana,Deportivo Muniz,Club Atletico Fenix,1x2,Home,2.400,won,1.4000,https://www.betaminic.com/shootingbets/results/
betaminic,2026-05-25,Argentina - Torneo Federal A,Club Villa Mitre,Kimberley Mar del Plata,1x2,Home,2.050,lost,-1.0000,https://www.betaminic.com/shootingbets/results/
betaminic,2026-05-25,Gambia - GFA League,Samger,Steve Biko,1x2,Draw,2.750,won,1.7500,https://www.betaminic.com/shootingbets/results/
betaminic,2026-05-25,Gambia - GFA League,BST Galaxy,Real de Banjul,1x2,Away,2.630,won,1.6300,https://www.betaminic.com/shootingbets/results/
betaminic,2026-05-25,Israel - Ligat Leumit,Hapoel Afula,Kafr Qasim,1x2,Draw,2.630,lost,-1.0000,https://www.betaminic.com/shootingbets/results/
betaminic,2026-05-25,Israel - Ligat Leumit,Hapoel Raanana,Ironi Modiin,1x2,Away,2.200,lost,-1.0000,https://www.betaminic.com/shootingbets/results/
betaminic,2026-05-25,Iceland - U19 League,HK/Ymir,Thor/THK/Volsungur,1x2,Away,2.400,lost,-1.0000,https://www.betaminic.com/shootingbets/results/
betaminic,2026-05-25,Estonia - Esiliiga B,Phoenix Johvi,Parnu Vaprus II,1x2,Home,2.250,won,1.2500,https://www.betaminic.com/shootingbets/results/
betaminic,2026-05-25,Bosnia and Herzegovina - U19 League,Borac Banja Luka,Velez Mostar,over_under_25,Under,2.100,lost,-1.0000,https://www.betaminic.com/shootingbets/results/
betaminic,2026-05-25,Norway - 3rd Division,Strindheim,Nardo,1x2,Away,3.500,lost,-1.0000,https://www.betaminic.com/shootingbets/results/
betaminic,2026-05-25,Denmark - Denmark Series,Esbjerg fB II,Hobro 2,1x2,Home,3.400,lost,-1.0000,https://www.betaminic.com/shootingbets/results/
betaminic,2026-05-24,Barbados - Premier League,Paradise,Brittons Hill,1x2,Away,3.600,won,2.6000,https://www.betaminic.com/shootingbets/results/
betaminic,2026-05-24,Brazil - Serie D,Monte Roraima,Sao Raimundo EC,1x2,Home,2.350,lost,-1.0000,https://www.betaminic.com/shootingbets/results/
betaminic,2026-05-24,Dominica - Premier League,Sagicor South East,Harlem United,over_under_25,Under,3.250,won,2.2500,https://www.betaminic.com/shootingbets/results/
betaminic,2026-05-24,Brazil - Serie D,Manauara,Manaus,1x2,Home,1.850,lost,-1.0000,https://www.betaminic.com/shootingbets/results/
betaminic,2026-05-24,USA - USL League 2,Marin Legends,Davis Legacy,1x2,Away,2.600,won,1.6000,https://www.betaminic.com/shootingbets/results/
betaminic,2026-05-24,Algeria - Ligue 1,Belouizdad,Ben Aknoun,1x2,Draw,3.600,lost,-1.0000,https://www.betaminic.com/shootingbets/results/
betaminic,2026-05-24,Brazil - Brasileiro Women A2,Paysandu,UD Alagoana,1x2,Away,4.000,lost,-1.0000,https://www.betaminic.com/shootingbets/results/
betaminic,2026-05-24,Argentina - Primera C Metropolitana,CA Atlas,Club Lujan,1x2,Home,3.400,lost,-1.0000,https://www.betaminic.com/shootingbets/results/
betaminic,2026-05-24,Montenegro - Prva Liga,Sutjeska Niksic,Jedinstvo,1x2,Home,2.050,lost,-1.0000,https://www.betaminic.com/shootingbets/results/
betaminic,2026-05-24,Argentina - Torneo Federal A,Germinal,Sol de Mayo,1x2,Away,7.500,lost,-1.0000,https://www.betaminic.com/shootingbets/results/
betaminic,2026-05-24,Brazil - Gaucho U20,Ypiranga RS,Caxias Do Sul,1x2,Home,1.850,won,0.8500,https://www.betaminic.com/shootingbets/results/
betaminic,2026-05-24,Georgia - Erovnuli Liga 2,Sioni Bolnisi,Gareji,1x2,Home,2.250,lost,-1.0000,https://www.betaminic.com/shootingbets/results/
betaminic,2026-05-24,Finland - Kolmonen,Gilla FC,EPS/Reservi,1x2,Home,2.450,won,1.4500,https://www.betaminic.com/shootingbets/results/
betaminic,2026-05-24,Sierra Leone - Premier League,East End Lions,Wusum Stars,1x2,Home,1.830,won,0.8300,https://www.betaminic.com/shootingbets/results/
betaminic,2026-05-24,Mali - Premiere Division,Afrique Football Elite,Binga,1x2,Away,1.910,won,0.9100,https://www.betaminic.com/shootingbets/results/
betaminic,2026-05-24,Mali - Premiere Division,Mali Coura,Stade Malien,1x2,Away,1.800,lost,-1.0000,https://www.betaminic.com/shootingbets/results/
betaminic,2026-05-24,Poland - 3rd Liga,Mlawianka Mlawa,Lechia Tomaszow Mazowiecki,1x2,Home,2.100,won,1.1000,https://www.betaminic.com/shootingbets/results/
betaminic,2026-05-24,Serbia - Prva Liga,Tekstilac Odzaci,Borac 1926 Cacak,1x2,Away,3.200,won,2.2000,https://www.betaminic.com/shootingbets/results/
betaminic,2026-05-24,Iceland - 3. Deild,Fjallabyggd,Vidir Gardur,1x2,Home,5.500,lost,-1.0000,https://www.betaminic.com/shootingbets/results/
betaminic,2026-05-24,Latvia - 1st Liga,JDFS Alberts,Skanstes,1x2,Home,1.700,won,0.7000,https://www.betaminic.com/shootingbets/results/
betaminic,2026-05-24,Hungary - NB 3,Papai Perutz,Haladas,1x2,Away,1.530,lost,-1.0000,https://www.betaminic.com/shootingbets/results/
betaminic,2026-05-24,Hungary - NB 3,Majosi SE,Erdi VSE,over_under_25,Under,2.380,lost,-1.0000,https://www.betaminic.com/shootingbets/results/
betaminic,2026-05-24,Hungary - NB 3,Godollo,Kisvarda 2,over_under_25,Over,1.750,lost,-1.0000,https://www.betaminic.com/shootingbets/results/
betaminic,2026-05-24,Hungary - NB 3,Senyo,Fuzesabony,1x2,Away,2.800,lost,-1.0000,https://www.betaminic.com/shootingbets/results/
betaminic,2026-05-24,Hungary - NB 3,Tiszafuredi VSE,Ozd-Sajovolgye,1x2,Home,1.620,won,0.6200,https://www.betaminic.com/shootingbets/results/
betaminic,2026-05-24,Poland - 4th Liga,Stal Gorzyce,Sokol Nisko,1x2,Home,5.000,lost,-1.0000,https://www.betaminic.com/shootingbets/results/
betaminic,2026-05-24,Czech Republic - 1. Liga Women,Praha,Viktoria Plzen,1x2,Home,4.000,lost,-1.0000,https://www.betaminic.com/shootingbets/results/
betaminic,2026-05-24,Kosovo - Superliga,Ballkani,Prishtina,1x2,Away,2.900,won,1.9000,https://www.betaminic.com/shootingbets/results/
betaminic,2026-05-24,Italy - Serie D,Barletta,Vado,1x2,Home,2.300,won,1.3000,https://www.betaminic.com/shootingbets/results/
betaminic,2026-05-24,Italy - Serie D,Desenzano,Scafatese,1x2,Home,2.630,lost,-1.0000,https://www.betaminic.com/shootingbets/results/
betaminic,2026-05-24,Italy - Eccellenza,Avola 1949,ACD Angelo Cristofaro Oppido,1x2,Home,2.300,won,1.3000,https://www.betaminic.com/shootingbets/results/
betaminic,2026-05-24,Paraguay - Women League,Deportivo Recoleta,Club Sportivo Ameliano,1x2,Away,5.250,lost,-1.0000,https://www.betaminic.com/shootingbets/results/
betaminic,2026-05-24,Sweden - 2nd Division,Oskarshamns AIK,Karlskrona,1x2,Home,2.350,lost,-1.0000,https://www.betaminic.com/shootingbets/results/
betaminic,2026-05-24,France - Feminine Division 2,Nice,Metz,1x2,Away,2.380,lost,-1.0000,https://www.betaminic.com/shootingbets/results/
betaminic,2026-05-24,Brazil - Paulista Serie B,Riopretano,Santa Fe SP,1x2,Home,2.350,won,1.3500,https://www.betaminic.com/shootingbets/results/
betaminic,2026-05-24,Brazil - Paulista Serie B,Osasco Audax,Guarulhos,1x2,Home,2.200,lost,-1.0000,https://www.betaminic.com/shootingbets/results/
betaminic,2026-05-24,Uruguay - Primera Division Amateur,Los Halcones,Mar de Fondo,1x2,Away,1.800,won,0.8000,https://www.betaminic.com/shootingbets/results/
betaminic,2026-05-24,Czech Republic - 2. Liga Women,Artis Brno,Slovan Liberec II,1x2,Away,4.750,lost,-1.0000,https://www.betaminic.com/shootingbets/results/
betaminic,2026-05-24,Estonia - Esiliiga A,Maardu Linnameeskond,Tartu JK Welco,1x2,Home,5.500,lost,-1.0000,https://www.betaminic.com/shootingbets/results/
betaminic,2026-05-24,Lithuania - 1 Lyga,Kauno Zalgiris II,FA Siauliai II,1x2,Away,3.900,lost,-1.0000,https://www.betaminic.com/shootingbets/results/
betaminic,2026-05-24,Kenya - Super League,Kisumu All Stars,MOFA,1x2,Away,2.250,lost,-1.0000,https://www.betaminic.com/shootingbets/results/
betaminic,2026-05-24,Switzerland - 2. Liga Interregional,FC Vernier,Terre Sainte,1x2,Away,2.900,lost,-1.0000,https://www.betaminic.com/shootingbets/results/
betaminic,2026-05-24,Denmark - Division 2 Women,BK Fremad Valby,Odense Q II,1x2,Home,2.800,won,1.8000,https://www.betaminic.com/shootingbets/results/
betaminic,2026-05-24,Ireland - Leinster Senior League,Ballymun United,St. Francis,1x2,Home,3.000,lost,-1.0000,https://www.betaminic.com/shootingbets/results/
betaminic,2026-05-24,Poland - Ekstraliga Women,Pogon Tczew,Stomilanki Olsztyn,1x2,Away,2.400,lost,-1.0000,https://www.betaminic.com/shootingbets/results/
betaminic,2026-05-24,Japan - Regional League,Kariya,Gakunan F Mosuperio,1x2,Home,3.000,won,2.0000,https://www.betaminic.com/shootingbets/results/
betaminic,2026-05-24,Thailand - League 3,Muang Loei United,Uttaradit FC,1x2,Home,2.750,lost,-1.0000,https://www.betaminic.com/shootingbets/results/
betaminic,2026-05-24,Japan - Regional League,Fujieda City Hall SC,Atletico Suzuka,1x2,Away,1.800,lost,-1.0000,https://www.betaminic.com/shootingbets/results/
betaminic,2026-05-24,Australia - Queensland Premier League 3,Springfield United,Logan Roos,1x2,Home,2.050,won,1.0500,https://www.betaminic.com/shootingbets/results/
betaminic,2026-05-24,Korea Republic - K4 League,Pyeongtaek Citizen,Pyeongchang United,over_under_25,Under,1.950,won,0.9500,https://www.betaminic.com/shootingbets/results/
betaminic,2026-05-24,Japan - Regional League,SRC Hiroshima,Variamore Aki,1x2,Home,1.730,won,0.7300,https://www.betaminic.com/shootingbets/results/
betaminic,2026-05-24,Korea Republic - K4 League,Geoje Citizen,Gijang United,1x2,Home,3.000,lost,-1.0000,https://www.betaminic.com/shootingbets/results/
betaminic,2026-05-24,Australia - NPL Capital Territory Women,West Canberra Wanderers,Tuggeranong United,1x2,Home,2.750,won,1.7500,https://www.betaminic.com/shootingbets/results/
betaminic,2026-05-24,Australia - NPL New South Wales U20,Wollongong Wolves,St George Saints,1x2,Home,2.000,won,1.0000,https://www.betaminic.com/shootingbets/results/
betaminic,2026-05-24,USA - USL League 2,Bigfoot,West Seattle Junction,1x2,Away,3.200,lost,-1.0000,https://www.betaminic.com/shootingbets/results/
betaminic,2026-05-24,USA - USL League 2,Denton Diablos,West Texas,1x2,Away,4.200,lost,-1.0000,https://www.betaminic.com/shootingbets/results/
betaminic,2026-05-24,New Zealand - Southern League,Nelson Suburbs,Ferrymead Bays,1x2,Home,3.500,lost,-1.0000,https://www.betaminic.com/shootingbets/results/
betaminic,2026-05-23,USA - USL League 2,Ann Arbor,Lansing City Football,1x2,Away,7.500,lost,-1.0000,https://www.betaminic.com/shootingbets/results/
betaminic,2026-05-23,USA - USL League 2,Morris Elite,Hudson Valley Hammers,1x2,Away,1.800,lost,-1.0000,https://www.betaminic.com/shootingbets/results/
betaminic,2026-05-23,CONCACAF - Champions Cup Women,NJ/NY Gotham FC,Pachuca,1x2,Home,2.050,lost,-1.0000,https://www.betaminic.com/shootingbets/results/
betaminic,2026-05-23,Venezuela - Segunda Division,Maritimos de la Guaira,Bolivar,1x2,Home,1.800,won,0.8000,https://www.betaminic.com/shootingbets/results/
betaminic,2026-05-23,Paraguay - Women League,Club Guarani,Cerro Porteno,1x2,Home,5.500,won,4.5000,https://www.betaminic.com/shootingbets/results/
betaminic,2026-05-23,Brazil - Copa FGF,Santa Cruz RS,Brasil de Farroupilha,1x2,Away,5.750,lost,-1.0000,https://www.betaminic.com/shootingbets/results/
betaminic,2026-05-23,Canada - Northern Super League Women,Ottawa Rapid FC,Montreal Roses,1x2,Away,3.500,won,2.5000,https://www.betaminic.com/shootingbets/results/
betaminic,2026-05-23,Spain - Primera Federacion,Unionistas de Salamanca,Racing Club Ferrol,over_under_25,Over,2.100,won,1.1000,https://www.betaminic.com/shootingbets/results/
betaminic,2026-05-23,Spain - Primera Federacion,Lugo,Arenteiro,over_under_25,Over,2.100,lost,-1.0000,https://www.betaminic.com/shootingbets/results/
betaminic,2026-05-23,Spain - Primera Federacion,Antequera,Juventud Torremolinos,1x2,Away,2.200,lost,-1.0000,https://www.betaminic.com/shootingbets/results/
betaminic,2026-05-23,Spain - Primera Federacion,Atletico Sanluqueno,Villarreal B,1x2,Home,7.500,lost,-1.0000,https://www.betaminic.com/shootingbets/results/
betaminic,2026-05-23,Spain - Primera Federacion,Osasuna II,Merida,over_under_25,Over,2.150,won,1.1500,https://www.betaminic.com/shootingbets/results/
betaminic,2026-05-23,Poland - 3rd Liga,Zabkovia Zabki,GKS Wikielec,1x2,Home,2.600,lost,-1.0000,https://www.betaminic.com/shootingbets/results/
betaminic,2026-05-23,North Macedonia - 1st League,Vardar,Shkendija,1x2,Home,1.730,won,0.7300,https://www.betaminic.com/shootingbets/results/
betaminic,2026-05-23,Spain - Tercera Division,Compostela,Racing Club Villalbes,1x2,Home,1.730,won,0.7300,https://www.betaminic.com/shootingbets/results/
betaminic,2026-05-23,South Africa - Super League Women,Tshwane University Of Technology,City Lads,1x2,Away,5.500,lost,-1.0000,https://www.betaminic.com/shootingbets/results/
betaminic,2026-05-23,Austria - Regionalliga West,Dornbirn,SCR Altach II,1x2,Home,1.570,won,0.5700,https://www.betaminic.com/shootingbets/results/
betaminic,2026-05-23,Croatia - 2. NL,Bjelovar,Solin,1x2,Home,2.000,lost,-1.0000,https://www.betaminic.com/shootingbets/results/
betaminic,2026-05-23,Croatia - 3. NL,Zadar,Neretvanac Opuzen,1x2,Home,1.620,won,0.6200,https://www.betaminic.com/shootingbets/results/
betaminic,2026-05-23,Poland - 3rd Liga,GKS Belchatow,Jagiellonia Bialystok II,1x2,Home,2.600,lost,-1.0000,https://www.betaminic.com/shootingbets/results/
betaminic,2026-05-23,Poland - 3rd Liga,Star Starachowice,Podlasie Biala Podlaska,1x2,Away,4.500,lost,-1.0000,https://www.betaminic.com/shootingbets/results/
betaminic,2026-05-23,Morocco - Botola 2,KAC Kenitra,Moghreb Tetouan,1x2,Home,2.500,lost,-1.0000,https://www.betaminic.com/shootingbets/results/
betaminic,2026-05-23,Latvia - 1st Liga,Riga Mariners,Metta / Lu,1x2,Away,1.800,lost,-1.0000,https://www.betaminic.com/shootingbets/results/
betaminic,2026-05-23,Switzerland - 1. Liga Classic,Hongg,St. Gallen II,1x2,Home,2.800,lost,-1.0000,https://www.betaminic.com/shootingbets/results/
betaminic,2026-05-23,Switzerland - Promotion League,FC Lugano II,Lausanne Sport II,1x2,Away,2.630,lost,-1.0000,https://www.betaminic.com/shootingbets/results/
betaminic,2026-05-23,Luxembourg - National Division,Progres Niederkorn,F91 Dudelange,1x2,Away,1.850,won,0.8500,https://www.betaminic.com/shootingbets/results/
betaminic,2026-05-23,Switzerland - Promotion League,FC Zurich II,FC Luzern II,1x2,Home,2.050,lost,-1.0000,https://www.betaminic.com/shootingbets/results/
betaminic,2026-05-23,Sweden - 2nd Division,Orebro Syrianska,Fittja,1x2,Home,2.100,won,1.1000,https://www.betaminic.com/shootingbets/results/
betaminic,2026-05-23,Austria - Regionalliga West,Lustenau 1907,Schwaz,1x2,Home,3.000,lost,-1.0000,https://www.betaminic.com/shootingbets/results/
betaminic,2026-05-23,Netherlands - Tweede Divisie,IJsselmeervogels,ACV Assen,1x2,Away,2.300,won,1.3000,https://www.betaminic.com/shootingbets/results/
betaminic,2026-05-23,Netherlands - Derde Divisie,Hoogeveen,Genemuiden,1x2,Home,3.800,won,2.8000,https://www.betaminic.com/shootingbets/results/
betaminic,2026-05-23,South Africa - PSL,Magesi,Richards Bay,1x2,Home,2.150,won,1.1500,https://www.betaminic.com/shootingbets/results/
betaminic,2026-05-23,Kenya - Super League,Nairobi City Stars,MCF,1x2,Home,2.200,lost,-1.0000,https://www.betaminic.com/shootingbets/results/
betaminic,2026-05-23,Israel - U19 Elite Division,Bnei Yehuda,FC Ashdod,1x2,Home,3.500,lost,-1.0000,https://www.betaminic.com/shootingbets/results/
betaminic,2026-05-23,Philippines - PFL,Dynamic Herb Cebu,Davao Aguilas,1x2,Away,5.250,won,4.2500,https://www.betaminic.com/shootingbets/results/
betaminic,2026-05-23,Poland - 4th Liga,Iskra Ksieginice,Gornik Zlotoryja,1x2,Away,3.250,lost,-1.0000,https://www.betaminic.com/shootingbets/results/
betaminic,2026-05-23,Czech Republic - FNL,Banik Ostrava II,Sparta Prague II,1x2,Home,2.150,won,1.1500,https://www.betaminic.com/shootingbets/results/
betaminic,2026-05-23,Sweden - Elitettan Women,Trelleborgs,Husqvarna,1x2,Home,1.800,won,0.8000,https://www.betaminic.com/shootingbets/results/
betaminic,2026-05-23,Czech Republic - FNL,SK Prostejov,Taborsko,1x2,Home,2.800,won,1.8000,https://www.betaminic.com/shootingbets/results/
betaminic,2026-05-23,Kenya - Super League,Gucha Stars,Luanda Villa,1x2,Home,2.500,won,1.5000,https://www.betaminic.com/shootingbets/results/
betaminic,2026-05-23,Poland - 4th Liga,Mazur Karczew,MKS Piaseczno,1x2,Away,3.400,lost,-1.0000,https://www.betaminic.com/shootingbets/results/
betaminic,2026-05-23,Paraguay - Reserve League,2 de Mayo,Sportivo San Lorenzo,1x2,Away,8.000,won,7.0000,https://www.betaminic.com/shootingbets/results/
betaminic,2026-05-23,Norway - 3rd Division,Ready Fotball,Baerum,1x2,Away,2.500,lost,-1.0000,https://www.betaminic.com/shootingbets/results/
betaminic,2026-05-23,Austria - Regionalliga West,Pinzgau Saalfelden,TSV St. Johann,1x2,Home,3.700,lost,-1.0000,https://www.betaminic.com/shootingbets/results/
betaminic,2026-05-23,Macau - FA Cup,Universidade de Macau,Hang Sai,1x2,Home,8.000,lost,-1.0000,https://www.betaminic.com/shootingbets/results/
betaminic,2026-05-23,Norway - 3rd Division,Rosenborg II,Volda,1x2,Home,2.150,lost,-1.0000,https://www.betaminic.com/shootingbets/results/
betaminic,2026-05-23,Norway - 3rd Division,Skedsmo,Alta,1x2,Away,2.300,lost,-1.0000,https://www.betaminic.com/shootingbets/results/
betaminic,2026-05-23,Malawi - Super League,Kamuzu Barracks,Ekhaya,1x2,Home,2.300,lost,-1.0000,https://www.betaminic.com/shootingbets/results/
betaminic,2026-05-23,Poland - U19 League,Escola Varsovia,Wisla Krakow,1x2,Home,2.050,won,1.0500,https://www.betaminic.com/shootingbets/results/
betaminic,2026-05-23,Philippines - PFL,One Taguig,Kaya FC Iloilo,1x2,Away,6.500,won,5.5000,https://www.betaminic.com/shootingbets/results/
betaminic,2026-05-23,Poland - Ekstraliga Women,UKS SMS Lodz,GKS Katowice,over_under_25,Over,1.730,won,0.7300,https://www.betaminic.com/shootingbets/results/
betaminic,2026-05-23,Poland - 3rd Liga,Wisla Krakow II,Pogon Sokol Lubaczow,1x2,Home,2.200,won,1.2000,https://www.betaminic.com/shootingbets/results/
betaminic,2026-05-23,Poland - 1st Liga Women,Resovia Rzeszow,Polonia Sroda Wlkp,1x2,Home,5.000,lost,-1.0000,https://www.betaminic.com/shootingbets/results/
betaminic,2026-05-23,Finland - Kolmonen,SibboV,TiPS,1x2,Away,7.500,lost,-1.0000,https://www.betaminic.com/shootingbets/results/
betaminic,2026-05-23,Poland - 4th Liga,Mamry Gizycko,Dobre Miasto,1x2,Away,3.400,won,2.4000,https://www.betaminic.com/shootingbets/results/
betaminic,2026-05-23,Poland - U19 League,Odra Opole,Slask Wroclaw,1x2,Home,5.000,lost,-1.0000,https://www.betaminic.com/shootingbets/results/
betaminic,2026-05-23,Indonesia - Super League,Borneo Samarinda,Malut United,1x2,Home,1.380,won,0.3800,https://www.betaminic.com/shootingbets/results/
betaminic,2026-05-23,Poland - 4th Liga,Gedania Gdansk,Bytovia Bytow,over_under_25,Under,3.450,lost,-1.0000,https://www.betaminic.com/shootingbets/results/
betaminic,2026-05-23,Australia - Victoria Premier League 1,Bulleen Lions,Manningham United Blues,1x2,Home,2.000,lost,-1.0000,https://www.betaminic.com/shootingbets/results/
betaminic,2026-05-23,Australia - Queensland Premier League 2,Taringa Rovers,Souths United,1x2,Home,2.150,lost,-1.0000,https://www.betaminic.com/shootingbets/results/
betaminic,2026-05-23,Australia - Queensland Premier League 2,Mitchelton,Moreton City Excelsior II,1x2,Away,1.900,won,0.9000,https://www.betaminic.com/shootingbets/results/
betaminic,2026-05-23,Israel - U19 Elite Division,Maccabi Haifa,Maccabi Tel Aviv,1x2,Away,2.500,won,1.5000,https://www.betaminic.com/shootingbets/results/
betaminic,2026-05-23,Hungary - U19 League,Puskas Akademia,Ujpest FC,1x2,Home,1.830,lost,-1.0000,https://www.betaminic.com/shootingbets/results/
betaminic,2026-05-23,Australia - New South Wales League 1,Inter Lions,Bulls Academy,1x2,Home,3.600,won,2.6000,https://www.betaminic.com/shootingbets/results/
betaminic,2026-05-23,Australia - NPL New South Wales U20,St George City,Manly United,1x2,Away,2.900,won,1.9000,https://www.betaminic.com/shootingbets/results/
betaminic,2026-05-23,Australia - New South Wales League 2,Central Coast United,Bonnyrigg White Eagles,1x2,Home,3.250,lost,-1.0000,https://www.betaminic.com/shootingbets/results/
betaminic,2026-05-23,Australia - New South Wales League 2,Inner West Hawks,Bankstown United,1x2,Away,2.750,lost,-1.0000,https://www.betaminic.com/shootingbets/results/
betaminic,2026-05-23,Australia - Western Australia State League 1,Quinns,Mandurah City,1x2,Away,2.550,won,1.5500,https://www.betaminic.com/shootingbets/results/
betaminic,2026-05-23,Australia - Western Australia State League 1,Joondalup City,Inglewood United,1x2,Away,4.000,won,3.0000,https://www.betaminic.com/shootingbets/results/
betaminic,2026-05-23,Australia - Western Australia State League 1,Gwelup Croatia,Kingsley Westside,1x2,Away,2.450,lost,-1.0000,https://www.betaminic.com/shootingbets/results/
betaminic,2026-05-23,Australia - Western Australia State League 1,UWA Nedlands,Murdoch University Melville,1x2,Home,1.730,won,0.7300,https://www.betaminic.com/shootingbets/results/
betaminic,2026-05-23,Korea Republic - K4 League,Seosan,Haman,1x2,Home,2.400,lost,-1.0000,https://www.betaminic.com/shootingbets/results/
betaminic,2026-05-23,New Zealand - Northern League,Western Springs,Fencibles United,1x2,Away,3.900,won,2.9000,https://www.betaminic.com/shootingbets/results/
betaminic,2026-05-23,Japan - Nadeshiko Division 2 Women,FC Fujizakura Yamanashi,JFA Academy Fukushima,1x2,Home,2.630,won,1.6300,https://www.betaminic.com/shootingbets/results/
betaminic,2026-05-23,New Zealand - Southern League,Northern AFC,Selwyn United,1x2,Away,6.500,lost,-1.0000,https://www.betaminic.com/shootingbets/results/
betaminic,2026-05-22,Peru - Liga 2,Deportivo Binacional,Sport Huancayo II,1x2,Away,2.800,won,1.8000,https://www.betaminic.com/shootingbets/results/
betaminic,2026-05-22,Ecuador - Cup,9 de Octubre,Manta,1x2,Home,2.050,lost,-1.0000,https://www.betaminic.com/shootingbets/results/
betaminic,2026-05-22,Portugal - Campeonato de Portugal Prio,Rebordosa,Leca,1x2,Away,2.200,lost,-1.0000,https://www.betaminic.com/shootingbets/results/
betaminic,2026-05-22,Argentina - Primera C Metropolitana,Yupanqui,Claypole,1x2,Away,2.550,lost,-1.0000,https://www.betaminic.com/shootingbets/results/
betaminic,2026-05-22,Switzerland - 2. Liga Interregional,Stade Lausanne-Ouchy II,Pully Football,over_under_25,Under,2.750,lost,-1.0000,https://www.betaminic.com/shootingbets/results/
betaminic,2026-05-22,Poland - 2nd Liga,Unia Skierniewice,Chojniczanka Chojnice,1x2,Away,3.000,won,2.0000,https://www.betaminic.com/shootingbets/results/
betaminic,2026-05-22,Slovenia - Prva Liga,Radomlje,Mura,1x2,Home,2.880,won,1.8800,https://www.betaminic.com/shootingbets/results/
betaminic,2026-05-22,Netherlands - Eredivisie Women,FC Twente,PSV,1x2,Home,1.800,lost,-1.0000,https://www.betaminic.com/shootingbets/results/
betaminic,2026-05-22,Brazil - Mineiro U20,Coimbra,Nacional de Muriae,1x2,Home,1.750,lost,-1.0000,https://www.betaminic.com/shootingbets/results/
betaminic,2026-05-22,Sweden - 2nd Division,Vanersborgs IF,Husqvarna,1x2,Away,1.600,won,0.6000,https://www.betaminic.com/shootingbets/results/
betaminic,2026-05-22,Lithuania - 1 Lyga,Vilnius Zalgiris II,BFA Vilnius,1x2,Away,3.000,won,2.0000,https://www.betaminic.com/shootingbets/results/
betaminic,2026-05-22,Austria - Landesliga,SK Austria Klagenfurt II,Wolfsberg,1x2,Home,3.300,won,2.3000,https://www.betaminic.com/shootingbets/results/
betaminic,2026-05-22,Austria - Regionalliga Mitte,St. Anna am Aigen,SV Lafnitz,1x2,Home,5.500,won,4.5000,https://www.betaminic.com/shootingbets/results/
betaminic,2026-05-22,Denmark - 3rd Division,Odder IGF,Vejgaard,1x2,Home,2.000,won,1.0000,https://www.betaminic.com/shootingbets/results/
betaminic,2026-05-22,Sweden - Elitettan Women,Orebro SK,KIF Orebro,1x2,Away,1.800,won,0.8000,https://www.betaminic.com/shootingbets/results/
betaminic,2026-05-22,Slovakia - 3. Liga,Spartak Myjava,Trencin II,1x2,Home,1.600,won,0.6000,https://www.betaminic.com/shootingbets/results/
betaminic,2026-05-22,Norway - 3rd Division,Orkla,Melhus,1x2,Home,4.500,lost,-1.0000,https://www.betaminic.com/shootingbets/results/
betaminic,2026-05-22,Norway - 3rd Division,Byasen,Kvik,1x2,Home,1.910,lost,-1.0000,https://www.betaminic.com/shootingbets/results/
betaminic,2026-05-22,Senegal - Ligue 1,Dakar Sacre Coeur,Teungueth,1x2,Away,2.700,lost,-1.0000,https://www.betaminic.com/shootingbets/results/
betaminic,2026-05-22,Croatia - 3. NL,Precko,GSNK Mladost Petrinja,1x2,Home,2.100,lost,-1.0000,https://www.betaminic.com/shootingbets/results/
betaminic,2026-05-22,Finland - Kolmonen,TiPS,MPS/Atletico Malmi,1x2,Home,2.700,lost,-1.0000,https://www.betaminic.com/shootingbets/results/
betaminic,2026-05-22,Spain - Primera Federacion,Marbella,Teruel,over_under_25,Over,2.380,won,1.3800,https://www.betaminic.com/shootingbets/results/
betaminic,2026-05-22,Poland - 3rd Liga,Flota Swinoujscie,Cartusia Kartuzy,1x2,Home,2.100,lost,-1.0000,https://www.betaminic.com/shootingbets/results/
betaminic,2026-05-22,Lithuania - 1 Lyga,Ekranas,Transinvest II,1x2,Home,2.000,won,1.0000,https://www.betaminic.com/shootingbets/results/
betaminic,2026-05-22,Bosnia and Herzegovina - Premier Liga,Radnik Bijeljina,Borac Banja Luka,1x2,Home,3.000,lost,-1.0000,https://www.betaminic.com/shootingbets/results/
betaminic,2026-05-22,Poland - 4th Liga,MKS Trzebinia,GKS GlinGorlice,1x2,Home,5.250,won,4.2500,https://www.betaminic.com/shootingbets/results/
betaminic,2026-05-22,Poland - 4th Liga,LKS Promien Monki,LUKS Czarni Czarna Bialostocka,1x2,Home,3.750,lost,-1.0000,https://www.betaminic.com/shootingbets/results/
betaminic,2026-05-22,Poland - 4th Liga,KS Mszczonowianka Mszczonow,Wilga Garwolin,1x2,Away,2.900,lost,-1.0000,https://www.betaminic.com/shootingbets/results/
betaminic,2026-05-22,Finland - Kolmonen,LPS,HPS ll,1x2,Away,3.900,won,2.9000,https://www.betaminic.com/shootingbets/results/
betaminic,2026-05-22,Finland - Kolmonen,NuPS,Lohjan Pallo,1x2,Home,2.200,lost,-1.0000,https://www.betaminic.com/shootingbets/results/
betaminic,2026-05-22,Norway - 3rd Division,Kongsvinger II,Tromso II,1x2,Away,5.500,lost,-1.0000,https://www.betaminic.com/shootingbets/results/
betaminic,2026-05-22,Kazakhstan - Premier League,Kaspyi Aktau,Irtysh Pavlodar,1x2,Away,3.200,lost,-1.0000,https://www.betaminic.com/shootingbets/results/
betaminic,2026-05-22,Hungary - NB 3,ETO Akademia,Sopron,1x2,Home,2.250,won,1.2500,https://www.betaminic.com/shootingbets/results/
betaminic,2026-05-22,Vietnam - V League 2,Xuan Thien Phu Tho,Dong Thap,1x2,Home,1.800,lost,-1.0000,https://www.betaminic.com/shootingbets/results/
betaminic,2026-05-22,Vietnam - V League 2,Ho Chi Minh City FC,Dong Nai,1x2,Home,8.000,lost,-1.0000,https://www.betaminic.com/shootingbets/results/
betaminic,2026-05-22,Vietnam - 2nd Division,Phu Dong Ninh Binh,Da Nang II,1x2,Home,2.800,won,1.8000,https://www.betaminic.com/shootingbets/results/
betaminic,2026-05-22,Australia - NPL South Australia Women,Salisbury Inter,Adelaide Comets,1x2,Away,3.250,lost,-1.0000,https://www.betaminic.com/shootingbets/results/
betaminic,2026-05-22,China - League Two,Dalian Yingbo II,Taian Tiankuang,1x2,Away,2.400,won,1.4000,https://www.betaminic.com/shootingbets/results/
betaminic,2026-05-22,Panama - Liga Prom,UDELAS,Arabe Unido II,1x2,Away,2.350,won,1.3500,https://www.betaminic.com/shootingbets/results/
betaminic,2026-05-22,Curacao - 1st Division,Inter Willemstad,Jong Holland,1x2,Away,2.600,lost,-1.0000,https://www.betaminic.com/shootingbets/results/
betaminic,2026-05-21,Colombia - Cup,Jaguares de Cordoba,Independiente Yumbo,1x2,Home,1.740,won,0.7400,https://www.betaminic.com/shootingbets/results/
betaminic,2026-05-21,Brazil - Acreano U20,Galvez,Sao Francisco AC,1x2,Away,2.600,won,1.6000,https://www.betaminic.com/shootingbets/results/
betaminic,2026-05-21,Iceland - 4. Deild,Hafnir,IH Hafnarfjordur,1x2,Away,4.500,won,3.5000,https://www.betaminic.com/shootingbets/results/
betaminic,2026-05-21,Bosnia and Herzegovina - Premier Liga,Velez Mostar,Sarajevo,1x2,Home,2.350,lost,-1.0000,https://www.betaminic.com/shootingbets/results/
betaminic,2026-05-21,Spain - U19 League,Las Palmas,Barcelona,1x2,Away,2.900,won,1.9000,https://www.betaminic.com/shootingbets/results/
betaminic,2026-05-21,Norway - U19 League,Ullensaker/Kisa,Skeid,1x2,Away,2.200,lost,-1.0000,https://www.betaminic.com/shootingbets/results/
betaminic,2026-05-21,Norway - U19 League,Sarpsborg 08,Sprint-Jeloy,1x2,Home,7.000,lost,-1.0000,https://www.betaminic.com/shootingbets/results/
betaminic,2026-05-21,Argentina - Liga Pro Reserves,Instituto,Godoy Cruz,1x2,Home,2.350,won,1.3500,https://www.betaminic.com/shootingbets/results/
betaminic,2026-05-21,Finland - Kolmonen,HooGee,GrIFK II,1x2,Away,2.750,lost,-1.0000,https://www.betaminic.com/shootingbets/results/
betaminic,2026-05-21,Austria - Regionalliga Mitte,Treibach,Gleisdorf 09,1x2,Home,3.400,lost,-1.0000,https://www.betaminic.com/shootingbets/results/
betaminic,2026-05-21,Austria - Landesliga,Ilzer SV,Union Gnas,1x2,Home,1.800,lost,-1.0000,https://www.betaminic.com/shootingbets/results/
betaminic,2026-05-21,Finland - Kolmonen,PPJ/Lauttasaari,Valtti,1x2,Home,2.200,won,1.2000,https://www.betaminic.com/shootingbets/results/
betaminic,2026-05-21,Argentina - Reserve League,Club Atletico Fenix,Deportivo Muniz,1x2,Home,2.500,lost,-1.0000,https://www.betaminic.com/shootingbets/results/
betaminic,2026-05-21,Denmark - Denmark Series,Tarup-Paarup,Vorup FB,1x2,Home,5.500,won,4.5000,https://www.betaminic.com/shootingbets/results/
betaminic,2026-05-21,Finland - Kolmonen,KuPS Akatemia II,PK-37,1x2,Away,5.500,lost,-1.0000,https://www.betaminic.com/shootingbets/results/
betaminic,2026-05-21,Greece - Super League,Atromitos,Panserraikos,1x2,Home,1.670,won,0.6700,https://www.betaminic.com/shootingbets/results/
betaminic,2026-05-21,Norway - U19 League,Odd BK,KFUM Oslo,1x2,Away,4.500,lost,-1.0000,https://www.betaminic.com/shootingbets/results/
betaminic,2026-05-21,Finland - Kolmonen,EIF II,EsPa,1x2,Away,2.900,lost,-1.0000,https://www.betaminic.com/shootingbets/results/
betaminic,2026-05-21,Finland - Kolmonen,Atlantis/PM,Toolon Taisto,1x2,Away,3.100,lost,-1.0000,https://www.betaminic.com/shootingbets/results/
betaminic,2026-05-21,Finland - Kolmonen,Ajax Sarkkiranta,HauPa,1x2,Home,5.250,lost,-1.0000,https://www.betaminic.com/shootingbets/results/
betaminic,2026-05-21,Tunisia - Cup,Progres Sakiet Eddaier,JS El Omrane,1x2,Home,3.500,lost,-1.0000,https://www.betaminic.com/shootingbets/results/
betaminic,2026-05-21,Georgia - Liga 3,Lokomotivi Tbilisi,Margveti 2006,1x2,Home,2.000,won,1.0000,https://www.betaminic.com/shootingbets/results/
betaminic,2026-05-21,Azerbaijan - Division 1,MOIK Baku,Difai Agsu,1x2,Away,3.400,lost,-1.0000,https://www.betaminic.com/shootingbets/results/
betaminic,2026-05-21,China - U20 League,Qingdao Red Lions,Shanghai Port,1x2,Home,3.700,lost,-1.0000,https://www.betaminic.com/shootingbets/results/
betaminic,2026-05-21,China - U20 League,Shaanxi Union,Qingdao West Coast,1x2,Away,2.880,lost,-1.0000,https://www.betaminic.com/shootingbets/results/
betaminic,2026-05-21,China - U20 League,Guangdong GZ-Power,Beijing Guoan,1x2,Home,2.250,won,1.2500,https://www.betaminic.com/shootingbets/results/
betaminic,2026-05-21,Aruba - Divison di Honor,Estrella,Caiquetio,over_under_25,Under,2.150,lost,-1.0000,https://www.betaminic.com/shootingbets/results/
betaminic,2026-05-21,Brazil - Copa Do Nordeste,Fortaleza,Sport Recife,over_under_25,Over,2.300,won,1.3000,https://www.betaminic.com/shootingbets/results/
betaminic,2026-05-20,Brazil - Copa Sul-Sudeste,Gremio Novorizontino,Chapecoense,1x2,Away,2.550,won,1.5500,https://www.betaminic.com/shootingbets/results/
betaminic,2026-05-20,USA - USL League 2,New Jersey Copa,Long Island Rough Riders,1x2,Away,1.620,won,0.6200,https://www.betaminic.com/shootingbets/results/
betaminic,2026-05-20,Paraguay - Division Intermedia,Club Sol de America,3 De Noviembre,over_under_25,Over,2.380,lost,-1.0000,https://www.betaminic.com/shootingbets/results/
betaminic,2026-05-20,Iceland - 1. Deild Women,HK Kopavogur,Haukar Hafnarfjordur,1x2,Away,3.800,won,2.8000,https://www.betaminic.com/shootingbets/results/
betaminic,2026-05-20,Brazil - Goiano U20,Aparecidense,Inhumas,1x2,Home,3.000,won,2.0000,https://www.betaminic.com/shootingbets/results/
betaminic,2026-05-20,Ireland - Leinster Senior League,Bangor GG,Ballymun United,1x2,Home,1.800,won,0.8000,https://www.betaminic.com/shootingbets/results/
betaminic,2026-05-20,Switzerland - U19 Elite,FC Lausanne Sport,St. Gallen,over_under_25,Under,3.500,lost,-1.0000,https://www.betaminic.com/shootingbets/results/
betaminic,2026-05-20,Georgia - Erovnuli Liga 2,Aragvi Dusheti,Kolkheti 1913 Poti,1x2,Away,2.900,lost,-1.0000,https://www.betaminic.com/shootingbets/results/
betaminic,2026-05-20,Poland - 4th Liga,Stal Lancut,Karpaty Krosno,1x2,Away,4.000,won,3.0000,https://www.betaminic.com/shootingbets/results/
betaminic,2026-05-20,Norway - Cup Women,Roa IL,Stabaek,1x2,Home,3.200,lost,-1.0000,https://www.betaminic.com/shootingbets/results/
betaminic,2026-05-20,Lithuania - Cup,Transinvest,Hegelmann,1x2,Away,6.000,lost,-1.0000,https://www.betaminic.com/shootingbets/results/
betaminic,2026-05-20,Finland - Kolmonen,Peimari United,EuPa,1x2,Home,2.750,lost,-1.0000,https://www.betaminic.com/shootingbets/results/
betaminic,2026-05-20,Lithuania - A Lyga Women,Kauno Rajono FA,TransInvest,1x2,Home,4.750,lost,-1.0000,https://www.betaminic.com/shootingbets/results/
betaminic,2026-05-20,Poland - 4th Liga,KOS Victoria 1922 Czestochowa,Rozwoj Katowice,1x2,Away,7.000,won,6.0000,https://www.betaminic.com/shootingbets/results/
betaminic,2026-05-20,Czech Republic - 3. Liga,Fotbal Trinec,Slovacko II,1x2,Home,1.330,lost,-1.0000,https://www.betaminic.com/shootingbets/results/
betaminic,2026-05-20,Poland - 4th Liga,LKS Lodz III,Ceramika Opoczno,1x2,Home,2.050,won,1.0500,https://www.betaminic.com/shootingbets/results/
betaminic,2026-05-20,Lithuania - Cup,Dziugas,Banga Gargzdai,over_under_25,Over,2.150,lost,-1.0000,https://www.betaminic.com/shootingbets/results/
betaminic,2026-05-20,Iraq - Stars League,Al Minaa,Al Mosul,1x2,Home,2.050,won,1.0500,https://www.betaminic.com/shootingbets/results/
betaminic,2026-05-20,Uzbekistan - Cup,AGMK,Aral Samali,1x2,Home,1.620,won,0.6200,https://www.betaminic.com/shootingbets/results/
betaminic,2026-05-20,Philippines - PFL,One Taguig,Dynamic Herb Cebu,1x2,Away,5.750,lost,-1.0000,https://www.betaminic.com/shootingbets/results/
betaminic,2026-05-20,Bhutan - Premier League,Transport United,Thimphu FC,1x2,Home,3.100,won,2.1000,https://www.betaminic.com/shootingbets/results/
betaminic,2026-05-20,Cambodia - Cup,Svay Rieng,Boeung Ket,1x2,Draw,3.800,won,2.8000,https://www.betaminic.com/shootingbets/results/
betaminic,2026-05-20,Romania - Cup Women,Olimpia Cluj,Csikszereda Miercurea Ciuc,1x2,Away,2.000,lost,-1.0000,https://www.betaminic.com/shootingbets/results/
betaminic,2026-05-20,Australia - Cup Qualifiers,Monaro Panthers,Cooma Tigers,1x2,Home,2.100,lost,-1.0000,https://www.betaminic.com/shootingbets/results/
betaminic,2026-05-20,Barbados - Premier League,Ellerton,Paradise,1x2,Home,3.400,won,2.4000,https://www.betaminic.com/shootingbets/results/
betaminic,2026-05-19,Ecuador - Cup,LDU Portoviejo,Libertad FC,1x2,Draw,3.200,won,2.2000,https://www.betaminic.com/shootingbets/results/
betaminic,2026-05-19,Barbados - Premier League,Bagatelle,Pride of Gall Hill,1x2,Away,2.880,won,1.8800,https://www.betaminic.com/shootingbets/results/
betaminic,2026-05-19,Paraguay - Division Intermedia,Independiente FBC,Deportivo Santani,over_under_25,Over,2.500,lost,-1.0000,https://www.betaminic.com/shootingbets/results/
betaminic,2026-05-19,Algeria - Ligue 1,USM Alger,Olympique Akbou,1x2,Away,3.500,lost,-1.0000,https://www.betaminic.com/shootingbets/results/
betaminic,2026-05-19,Ireland - Leinster Senior League,St. Mochtas,Tolka Rovers,1x2,Away,3.500,lost,-1.0000,https://www.betaminic.com/shootingbets/results/
betaminic,2026-05-19,Ireland - Leinster Senior League,Wayside Celtic,Kilbarrack United,1x2,Home,3.900,lost,-1.0000,https://www.betaminic.com/shootingbets/results/
betaminic,2026-05-19,Israel - Premier League,Maccabi Haifa,Hapoel Tel Aviv,1x2,Home,2.250,won,1.2500,https://www.betaminic.com/shootingbets/results/
betaminic,2026-05-19,Norway - 3rd Division,Sarpsborg 08 II,Lyn II,1x2,Home,1.910,won,0.9100,https://www.betaminic.com/shootingbets/results/
betaminic,2026-05-19,Israel - Ligat Leumit,Hapoel Nof Hagalil,Ironi Modiin,1x2,Home,2.880,lost,-1.0000,https://www.betaminic.com/shootingbets/results/
betaminic,2026-05-19,Norway - Cup Women,LSK,Honefoss,over_under_25,Under,2.300,won,1.3000,https://www.betaminic.com/shootingbets/results/
betaminic,2026-05-19,Croatia - 3. NL,Lokomotiva Rijeka,NK Pazinka,1x2,Home,2.150,lost,-1.0000,https://www.betaminic.com/shootingbets/results/
betaminic,2026-05-19,Finland - U21 League,JaPS,HJK Helsinki,1x2,Away,3.000,won,2.0000,https://www.betaminic.com/shootingbets/results/
betaminic,2026-05-19,Argentina - Reserve League,Deportivo Paraguayo,Leandro N. Alem,1x2,Away,2.900,lost,-1.0000,https://www.betaminic.com/shootingbets/results/
betaminic,2026-05-19,Israel - U19 Elite Division,Maccabi Herzliya,Hapoel Ironi Kiryat Shmona,1x2,Away,3.100,won,2.1000,https://www.betaminic.com/shootingbets/results/
betaminic,2026-05-19,Australia - Cup Qualifiers,Fulham United,West Torrens Birkalla,1x2,Home,5.500,lost,-1.0000,https://www.betaminic.com/shootingbets/results/
betaminic,2026-05-19,China - U20 League,Shanghai Port,Beijing Guoan,1x2,Home,2.700,won,1.7000,https://www.betaminic.com/shootingbets/results/
betaminic,2026-05-19,Colombia - Primera B,Internacional de Palmira,Tigres,1x2,Home,1.640,lost,-1.0000,https://www.betaminic.com/shootingbets/results/
betaminic,2026-05-18,Brazil - Serie D,Uberlandia,Betim,over_under_25,Over,2.150,lost,-1.0000,https://www.betaminic.com/shootingbets/results/
betaminic,2026-05-18,Colombia - U19 Championship,Deportivo Pasto,Independiente Yumbo,over_under_25,Under,2.100,lost,-1.0000,https://www.betaminic.com/shootingbets/results/
betaminic,2026-05-18,Ireland - Leinster Senior Cup,Finglas United,Bray Wanderers,over_under_25,Under,2.100,lost,-1.0000,https://www.betaminic.com/shootingbets/results/
betaminic,2026-05-18,Romania - Liga 1,Unirea Slobozia,UTA Arad,1x2,Home,2.100,lost,-1.0000,https://www.betaminic.com/shootingbets/results/
betaminic,2026-05-18,Sweden - Division 1 Sodra,Angelholms,Kristianstad,over_under_25,Over,1.900,lost,-1.0000,https://www.betaminic.com/shootingbets/results/
betaminic,2026-05-18,Bulgaria - First League,Beroe,Septemvri Sofia,over_under_25,Over,2.150,lost,-1.0000,https://www.betaminic.com/shootingbets/results/
betaminic,2026-05-18,Paraguay - Reserve League,Sportivo San Lorenzo,Sportivo Luqueno,1x2,Home,4.200,lost,-1.0000,https://www.betaminic.com/shootingbets/results/
betaminic,2026-05-17,USA - MLS Next Pro League,FC Cincinnati II,Chattanooga,over_under_25,Under,2.250,lost,-1.0000,https://www.betaminic.com/shootingbets/results/
betaminic,2026-05-17,El Salvador - Reserve League U20,Cacahuatique,Isidro Metapan,1x2,Away,3.750,won,2.7500,https://www.betaminic.com/shootingbets/results/
betaminic,2026-05-17,Uruguay - Primera Division Amateur,Deportivo Italiano,Bella Vista,1x2,Home,2.700,lost,-1.0000,https://www.betaminic.com/shootingbets/results/
betaminic,2026-05-17,Argentina - Torneo Federal A,Juventud Antoniana,Boca Unidos,over_under_25,Over,1.800,lost,-1.0000,https://www.betaminic.com/shootingbets/results/
betaminic,2026-05-17,Venezuela - Segunda Division,Club Atletico Deportivo Avila,Dynamo Puerto,1x2,Away,2.750,lost,-1.0000,https://www.betaminic.com/shootingbets/results/
betaminic,2026-05-17,Dominican Republic - Liga Mayor,Salcedo FC,Cibao,1x2,Draw,3.100,lost,-1.0000,https://www.betaminic.com/shootingbets/results/
betaminic,2026-05-17,Brazil - Copa Espirito Santo,Vilavelhense,Porto Vitoria,1x2,Away,2.250,won,1.2500,https://www.betaminic.com/shootingbets/results/
betaminic,2026-05-17,Argentina - Torneo Federal A,Circulo Deportivo,Kimberley Mar del Plata,1x2,Home,3.400,lost,-1.0000,https://www.betaminic.com/shootingbets/results/
betaminic,2026-05-17,Brazil - Catarinense 2,Metropolitano,Tubarao,over_under_25,Over,2.430,lost,-1.0000,https://www.betaminic.com/shootingbets/results/
betaminic,2026-05-17,Brazil - Brasileiro Women A3,Real Heips,Coritiba,1x2,Away,2.000,won,1.0000,https://www.betaminic.com/shootingbets/results/
betaminic,2026-05-17,Brazil - Paulista Serie B,SC Paulinense,Guarulhos,1x2,Home,2.800,lost,-1.0000,https://www.betaminic.com/shootingbets/results/
betaminic,2026-05-17,Poland - 4th Liga,Wiara Lecha Poznan,Obra 1912 Koscian,1x2,Home,2.250,lost,-1.0000,https://www.betaminic.com/shootingbets/results/
betaminic,2026-05-17,Estonia - Esiliiga B,Tabasalu,Tallinna FCI Levadia III,1x2,Away,2.250,won,1.2500,https://www.betaminic.com/shootingbets/results/
betaminic,2026-05-17,Croatia - 1. HNL Women,HNK Gorica,Osijek,1x2,Away,2.150,won,1.1500,https://www.betaminic.com/shootingbets/results/
betaminic,2026-05-17,Czech Republic - First Liga,Viktoria Plzen,Jablonec,1x2,Home,1.450,won,0.4500,https://www.betaminic.com/shootingbets/results/
betaminic,2026-05-17,Serbia - Super Liga,Novi Pazar,Zeleznicar Pancevo,1x2,Home,2.450,lost,-1.0000,https://www.betaminic.com/shootingbets/results/
betaminic,2026-05-17,Spain - Primera RFEF Group 1,Racing Club Ferrol,Osasuna II,1x2,Away,2.550,lost,-1.0000,https://www.betaminic.com/shootingbets/results/
betaminic,2026-05-17,Hungary - NB 3,Komaromi VSE,ETO Akademia,1x2,Home,1.700,won,0.7000,https://www.betaminic.com/shootingbets/results/
betaminic,2026-05-17,Hungary - NB 3,Mosonmagyarovari TE,Tatabanya,over_under_25,Under,2.080,won,1.0800,https://www.betaminic.com/shootingbets/results/
betaminic,2026-05-17,Bosnia and Herzegovina - U19 League,NK Celik,Zeljeznicar,1x2,Away,2.400,won,1.4000,https://www.betaminic.com/shootingbets/results/
betaminic,2026-05-17,Luxembourg - Promotion D Honneur,Bettembourg,Etzella Ettelbruck,over_under_25,Under,2.630,lost,-1.0000,https://www.betaminic.com/shootingbets/results/
betaminic,2026-05-17,Italy - Serie D,Vigasio,Obermais,1x2,Home,1.910,lost,-1.0000,https://www.betaminic.com/shootingbets/results/
betaminic,2026-05-17,Estonia - Esiliiga B,Parnu Vaprus II,Narva Trans II,1x2,Home,2.800,won,1.8000,https://www.betaminic.com/shootingbets/results/
betaminic,2026-05-17,France - Feminine Division 2,Le Mans,Guingamp,over_under_25,Over,1.800,won,0.8000,https://www.betaminic.com/shootingbets/results/
betaminic,2026-05-17,France - Feminine Division 2,Grenoble Foot 38,Toulouse,over_under_25,Over,1.950,won,0.9500,https://www.betaminic.com/shootingbets/results/
betaminic,2026-05-17,Poland - 3rd Liga,Elana Torun,Unia Swarzedz,1x2,Home,5.750,lost,-1.0000,https://www.betaminic.com/shootingbets/results/
betaminic,2026-05-17,Cambodia - Premier League,Svay Rieng,Phnom Penh Crown,1x2,Away,2.600,won,1.6000,https://www.betaminic.com/shootingbets/results/
betaminic,2026-05-17,Poland - 4th Liga,Concordia Elblag,Mamry Gizycko,1x2,Away,3.300,lost,-1.0000,https://www.betaminic.com/shootingbets/results/
betaminic,2026-05-17,Ireland - Leinster Senior League,Usher Celtic,St. Francis,1x2,Home,3.200,lost,-1.0000,https://www.betaminic.com/shootingbets/results/
betaminic,2026-05-17,Poland - U19 League,Slask Wroclaw,Stal Rzeszow,1x2,Home,1.900,lost,-1.0000,https://www.betaminic.com/shootingbets/results/
betaminic,2026-05-17,Hungary - NB 3,Paksi II,Majosi SE,over_under_25,Under,2.080,lost,-1.0000,https://www.betaminic.com/shootingbets/results/
betaminic,2026-05-17,Hungary - NB 3,Ujpest II,Papai Perutz,over_under_25,Under,2.500,lost,-1.0000,https://www.betaminic.com/shootingbets/results/
betaminic,2026-05-17,Vietnam - 2nd Division,Hue,TTHL and TD TDTT Ha Tinh,1x2,Home,1.850,won,0.8500,https://www.betaminic.com/shootingbets/results/
betaminic,2026-05-17,Australia - New South Wales League 2,South Coast Flame,Mounties Wanderers,1x2,Home,3.750,lost,-1.0000,https://www.betaminic.com/shootingbets/results/
betaminic,2026-05-17,Australia - New South Wales League 1,Central Coast Mariners Academy,Hills United Brumbies,1x2,Home,2.250,won,1.2500,https://www.betaminic.com/shootingbets/results/
betaminic,2026-05-17,Australia - NPL New South Wales Women,Bulls Academy,Manly United,over_under_25,Under,2.380,lost,-1.0000,https://www.betaminic.com/shootingbets/results/
betaminic,2026-05-17,Japan - JFL Cup,Tokyo Musashino United,Vonds Ichihara,1x2,Away,2.750,lost,-1.0000,https://www.betaminic.com/shootingbets/results/
betaminic,2026-05-17,Australia - NPL Northern NSW,Broadmeadow Magic,Edgeworth,over_under_25,Under,2.380,lost,-1.0000,https://www.betaminic.com/shootingbets/results/
betaminic,2026-05-16,Uruguay - Primera Division Amateur,Club Atletico Basanez,Canadian,1x2,Home,2.600,won,1.6000,https://www.betaminic.com/shootingbets/results/
betaminic,2026-05-16,USA - USL Cup,One Knoxville,San Antonio,1x2,Away,2.450,won,1.4500,https://www.betaminic.com/shootingbets/results/
betaminic,2026-05-16,USA - USL League 2,New England FC,AC Connecticut,1x2,Home,1.950,won,0.9500,https://www.betaminic.com/shootingbets/results/
betaminic,2026-05-16,Brazil - Brasileiro Women,Gremio,Mixto,1x2,Home,1.400,won,0.4000,https://www.betaminic.com/shootingbets/results/
betaminic,2026-05-16,Bolivia - Primera Division,Universitario de Vinto,Club Bolivar,over_under_25,Under,2.750,lost,-1.0000,https://www.betaminic.com/shootingbets/results/
betaminic,2026-05-16,Andorra - Premier Division,FC Rangers,FC Santa Coloma,1x2,Away,2.500,lost,-1.0000,https://www.betaminic.com/shootingbets/results/
betaminic,2026-05-16,Argentina - Primera C Metropolitana,Yupanqui,Estrella del Sur,1x2,Away,2.700,lost,-1.0000,https://www.betaminic.com/shootingbets/results/
betaminic,2026-05-16,Brazil - Brasileiro Women A2,Sport Recife,Itabirito,1x2,Home,2.800,lost,-1.0000,https://www.betaminic.com/shootingbets/results/
betaminic,2026-05-16,Brazil - Paulista Serie B,Flamengo de Guarulhos,Osasco Audax,1x2,Home,2.000,won,1.0000,https://www.betaminic.com/shootingbets/results/
betaminic,2026-05-16,Georgia - Erovnuli Liga 2,Sioni Bolnisi,Odishi 1919 Zugdidi,1x2,Home,1.830,won,0.8300,https://www.betaminic.com/shootingbets/results/
betaminic,2026-05-16,Paraguay - Women League,Sportivo Luqueno,Rubio Nu,1x2,Away,3.200,lost,-1.0000,https://www.betaminic.com/shootingbets/results/
betaminic,2026-05-16,Ireland - National League Women,Wexford Youths,Peamount United,1x2,Away,2.500,lost,-1.0000,https://www.betaminic.com/shootingbets/results/
betaminic,2026-05-16,France - National 2,Dinan-Lehon,Angouleme Charente,over_under_25,Over,2.000,won,1.0000,https://www.betaminic.com/shootingbets/results/
betaminic,2026-05-16,Germany - Regionalliga North,Hamburger II,Blau-Weiss Lohne,1x2,Away,4.750,lost,-1.0000,https://www.betaminic.com/shootingbets/results/
betaminic,2026-05-16,France - National 2,Les Herbiers,Voltigeurs de Chateaubriant,1x2,Home,1.830,won,0.8300,https://www.betaminic.com/shootingbets/results/
betaminic,2026-05-16,France - National 2,Montlouis,Saint-Malo,over_under_25,Over,2.150,won,1.1500,https://www.betaminic.com/shootingbets/results/
betaminic,2026-05-16,Germany - Regionalliga North,Altona 93,Kickers Emden,1x2,Home,5.000,lost,-1.0000,https://www.betaminic.com/shootingbets/results/
betaminic,2026-05-16,Estonia - Esiliiga A,Levadia Tallinn II,Maardu Linnameeskond,1x2,Away,3.100,won,2.1000,https://www.betaminic.com/shootingbets/results/
betaminic,2026-05-16,France - National 2,Beauvais,Biesheim ASC,over_under_25,Over,2.150,won,1.1500,https://www.betaminic.com/shootingbets/results/
betaminic,2026-05-16,Estonia - Esiliiga A,Nomme United II,Elva,1x2,Away,2.700,lost,-1.0000,https://www.betaminic.com/shootingbets/results/
betaminic,2026-05-16,Algeria - Ligue 2,USM EL Harrach,US Chaouia,1x2,Home,2.500,lost,-1.0000,https://www.betaminic.com/shootingbets/results/
betaminic,2026-05-16,France - National 3,Havre Caucriauville Sportif,Versailles II,1x2,Home,2.200,lost,-1.0000,https://www.betaminic.com/shootingbets/results/
betaminic,2026-05-16,France - National 3,Caen II,Bastia II,1x2,Home,3.000,lost,-1.0000,https://www.betaminic.com/shootingbets/results/
betaminic,2026-05-16,France - National 3,Ivry,Belfort,1x2,Home,2.200,won,1.2000,https://www.betaminic.com/shootingbets/results/
betaminic,2026-05-16,France - National 3,Seyssinet,Etoile Sportive Fosseenne,1x2,Home,4.200,lost,-1.0000,https://www.betaminic.com/shootingbets/results/
betaminic,2026-05-16,Croatia - 2. NL,Uljanik,Uskok,1x2,Home,2.250,won,1.2500,https://www.betaminic.com/shootingbets/results/
betaminic,2026-05-16,Austria - Landesliga,Deutschkreutz,Horitschon-Unterpetersdorf,1x2,Home,2.250,won,1.2500,https://www.betaminic.com/shootingbets/results/
betaminic,2026-05-16,Georgia - Erovnuli Liga 2,Kolkheti 1913 Poti,Gareji,1x2,Home,3.000,lost,-1.0000,https://www.betaminic.com/shootingbets/results/
betaminic,2026-05-16,Bosnia and Herzegovina - 1st League,Tuzla City,NK Celik Zenika,1x2,Away,1.910,won,0.9100,https://www.betaminic.com/shootingbets/results/
betaminic,2026-05-16,Poland - 4th Liga,ROW 1964 Rybnik,Rakow Czestochowa II,1x2,Home,2.200,won,1.2000,https://www.betaminic.com/shootingbets/results/
betaminic,2026-05-16,Bosnia and Herzegovina - 1st League,Romanija Pale,Zvijezda 09,1x2,Away,3.250,won,2.2500,https://www.betaminic.com/shootingbets/results/
betaminic,2026-05-16,Israel - U19 Elite Division,Maccabi Petah Tikva,Maccabi Netanya,1x2,Home,2.500,won,1.5000,https://www.betaminic.com/shootingbets/results/
betaminic,2026-05-16,Spain - Regional Leagues,AEC Manlleu,UE Valls,1x2,Home,2.250,won,1.2500,https://www.betaminic.com/shootingbets/results/
betaminic,2026-05-16,Sweden - Elitettan Women,IFK Goteborg,Orebro SK,1x2,Away,6.000,lost,-1.0000,https://www.betaminic.com/shootingbets/results/
betaminic,2026-05-16,Austria - Landesliga,LAC-Inter,Gerasdorf Stammersdorf,1x2,Home,1.910,won,0.9100,https://www.betaminic.com/shootingbets/results/
betaminic,2026-05-16,Finland - Kakkonen Group A,HPS,Atlantis,1x2,Home,2.880,won,1.8800,https://www.betaminic.com/shootingbets/results/
betaminic,2026-05-16,Turkey - 3rd League Group 2,Corluspor 1947,Yesilyurt Belediyespor,1x2,Home,2.000,won,1.0000,https://www.betaminic.com/shootingbets/results/
betaminic,2026-05-16,Austria - Bundesliga 2 Women,GAK 1902,SV Kraig,1x2,Home,1.900,won,0.9000,https://www.betaminic.com/shootingbets/results/
betaminic,2026-05-16,Sweden - 2nd Division,Onsala,Hestrafors,1x2,Away,3.400,lost,-1.0000,https://www.betaminic.com/shootingbets/results/
betaminic,2026-05-16,Netherlands - Derde Divisie,Gemert,SteDoCo,1x2,Home,1.850,won,0.8500,https://www.betaminic.com/shootingbets/results/
betaminic,2026-05-16,Netherlands - Derde Divisie,TOGB,Groene Ster,1x2,Home,2.400,won,1.4000,https://www.betaminic.com/shootingbets/results/
betaminic,2026-05-16,Netherlands - Derde Divisie,ADO '20,VV Scherpenzeel,1x2,Away,4.000,lost,-1.0000,https://www.betaminic.com/shootingbets/results/
betaminic,2026-05-16,Austria - Landesliga,Simmeringer,1980 Wien,1x2,Home,5.000,won,4.0000,https://www.betaminic.com/shootingbets/results/
betaminic,2026-05-16,Faroe Islands - 1. Deild,NSI Runavik II,HB Torshavn II,1x2,Away,5.500,won,4.5000,https://www.betaminic.com/shootingbets/results/
betaminic,2026-05-16,Austria - Regionalliga West,Bischofshofen,Lauterach,1x2,Home,1.400,won,0.4000,https://www.betaminic.com/shootingbets/results/
betaminic,2026-05-16,Philippines - PFL,One Taguig,Stallion Laguna,1x2,Away,4.750,lost,-1.0000,https://www.betaminic.com/shootingbets/results/
betaminic,2026-05-16,Sweden - Elitettan Women,Gamla Upsala,Linkopings,1x2,Away,1.270,won,0.2700,https://www.betaminic.com/shootingbets/results/
betaminic,2026-05-16,Zimbabwe - PSL,Bulawayo Chiefs,Hardrock FC,1x2,Away,2.750,won,1.7500,https://www.betaminic.com/shootingbets/results/
betaminic,2026-05-16,Uzbekistan - Cup,Metallurg Bekabad,Aral Samali,1x2,Home,2.250,won,1.2500,https://www.betaminic.com/shootingbets/results/
betaminic,2026-05-16,Italy - Primavera 3 U19,Mantova,Pro Patria,1x2,Home,2.150,lost,-1.0000,https://www.betaminic.com/shootingbets/results/
betaminic,2026-05-16,Malawi - Super League,Ekhaya,Moyale Barracks,1x2,Home,1.900,won,0.9000,https://www.betaminic.com/shootingbets/results/
betaminic,2026-05-16,Germany - Regionalliga Bavaria,Viktoria Aschaffenburg,Bayern Munich II,1x2,Away,2.400,won,1.4000,https://www.betaminic.com/shootingbets/results/
betaminic,2026-05-16,Poland - 4th Liga,Orlicz Suchedniow,Neptun Konskie,1x2,Home,5.000,lost,-1.0000,https://www.betaminic.com/shootingbets/results/
betaminic,2026-05-16,Norway - 3rd Division,Baerum,Asker,1x2,Home,4.500,lost,-1.0000,https://www.betaminic.com/shootingbets/results/
betaminic,2026-05-16,Poland - 3rd Liga,Victoria Wrzesnia,Kluczevia Stargard,1x2,Away,3.000,lost,-1.0000,https://www.betaminic.com/shootingbets/results/
betaminic,2026-05-16,Poland - 4th Liga,MGKS Huragan Pobiedziska,Polonia Leszno,1x2,Away,2.700,lost,-1.0000,https://www.betaminic.com/shootingbets/results/
betaminic,2026-05-16,Norway - 3rd Division,Ullern,Frigg,1x2,Away,2.250,won,1.2500,https://www.betaminic.com/shootingbets/results/
betaminic,2026-05-16,Spain - Tercera Division,Tamaraceite,Mensajero,1x2,Away,3.400,lost,-1.0000,https://www.betaminic.com/shootingbets/results/
betaminic,2026-05-16,Norway - 3rd Division,Heming,Ready Fotball,1x2,Home,2.100,lost,-1.0000,https://www.betaminic.com/shootingbets/results/
betaminic,2026-05-16,Vietnam - V League 2,Ho Chi Minh City II,Xuan Thien Phu Tho,1x2,Away,1.620,won,0.6200,https://www.betaminic.com/shootingbets/results/
betaminic,2026-05-16,Germany - Regionalliga Bavaria,Aubstadt,SpVgg Bayreuth,1x2,Away,3.800,lost,-1.0000,https://www.betaminic.com/shootingbets/results/
betaminic,2026-05-16,Poland - Cup Women,Czarni Sosnowiec,GKS Katowice,1x2,Home,1.830,lost,-1.0000,https://www.betaminic.com/shootingbets/results/
betaminic,2026-05-16,Poland - 3rd Liga,Goczalkowice Zdroj,Gornik Zabrze II,1x2,Away,2.400,lost,-1.0000,https://www.betaminic.com/shootingbets/results/
betaminic,2026-05-16,Poland - 3rd Liga,Sparta Katowice,Skra Czestochowa,1x2,Away,2.900,lost,-1.0000,https://www.betaminic.com/shootingbets/results/
betaminic,2026-05-16,Australia - Queensland Premier League 3,University of Queensland,Springfield United,1x2,Home,2.250,lost,-1.0000,https://www.betaminic.com/shootingbets/results/
betaminic,2026-05-16,Australia - New South Wales League 2,Bonnyrigg White Eagles,Sydney University,over_under_25,Under,2.380,lost,-1.0000,https://www.betaminic.com/shootingbets/results/
betaminic,2026-05-16,Australia - New South Wales League 2,Dunbar Rovers,Fraser Park,1x2,Home,2.600,won,1.6000,https://www.betaminic.com/shootingbets/results/
betaminic,2026-05-16,Poland - 4th Liga,Jaguar Gdansk,Gedania Gdansk,1x2,Home,3.800,lost,-1.0000,https://www.betaminic.com/shootingbets/results/
betaminic,2026-05-16,Poland - U19 League,Resovia Rzeszow,Miedz Legnica,1x2,Home,3.300,lost,-1.0000,https://www.betaminic.com/shootingbets/results/
betaminic,2026-05-16,Poland - 4th Liga,Ursus Warszawa,Victoria Sulejowek,1x2,Home,5.000,won,4.0000,https://www.betaminic.com/shootingbets/results/
betaminic,2026-05-16,Romania - Liga 2,CS Dinamo Bucharest,1599 Selimbar,1x2,Away,2.630,lost,-1.0000,https://www.betaminic.com/shootingbets/results/
betaminic,2026-05-16,Australia - Queensland Premier League 2,Souths United,SWQ Thunder,1x2,Away,2.750,won,1.7500,https://www.betaminic.com/shootingbets/results/
betaminic,2026-05-16,China - FA Cup,Lanzhou Longyuan,Meizhou Hakka,1x2,Home,3.400,won,2.4000,https://www.betaminic.com/shootingbets/results/
betaminic,2026-05-16,China - FA Cup,Xi'an Chongde Ronghai,Changchun Yatai,1x2,Away,1.800,lost,-1.0000,https://www.betaminic.com/shootingbets/results/
betaminic,2026-05-16,Chinese Taipei - Mulan Football League Women,Hualien,AC Taipei,1x2,Away,3.800,lost,-1.0000,https://www.betaminic.com/shootingbets/results/
betaminic,2026-05-16,Australia - New South Wales League 1,Dulwich Hill,Rydalmere Lions,1x2,Home,3.250,won,2.2500,https://www.betaminic.com/shootingbets/results/
betaminic,2026-05-16,Australia - New South Wales League 2,Bankstown United,Hawkesbury City,1x2,Home,1.830,lost,-1.0000,https://www.betaminic.com/shootingbets/results/
betaminic,2026-05-16,Australia - New South Wales League 1,Hakoah Sydney City,Inter Lions,1x2,Away,3.500,won,2.5000,https://www.betaminic.com/shootingbets/results/
betaminic,2026-05-16,Australia - NPL Victoria U23,Hume City,Avondale,1x2,Away,2.550,lost,-1.0000,https://www.betaminic.com/shootingbets/results/
betaminic,2026-05-16,Japan - Regional League,Velago Ikoma,Ococisa Kyoto AC,1x2,Away,5.750,won,4.7500,https://www.betaminic.com/shootingbets/results/
betaminic,2026-05-16,Australia - South Australia State League 1,South Adelaide,Salisbury United,1x2,Away,1.900,lost,-1.0000,https://www.betaminic.com/shootingbets/results/
betaminic,2026-05-16,Australia - NPL Victoria Women,Keilor Park,Boroondara-Carey Eagles,1x2,Away,1.800,won,0.8000,https://www.betaminic.com/shootingbets/results/
betaminic,2026-05-16,Korea Republic - K4 League,Namyangju,Geumsan Insam,1x2,Away,2.800,lost,-1.0000,https://www.betaminic.com/shootingbets/results/
betaminic,2026-05-16,Japan - JFL Cup,Verspah Oita,Veertien Mie,1x2,Away,3.800,won,2.8000,https://www.betaminic.com/shootingbets/results/
betaminic,2026-05-16,Japan - Nadeshiko Division 2 Women,Seisa Osa Rhea Shonan,Diosa Izumo FC,1x2,Away,2.050,won,1.0500,https://www.betaminic.com/shootingbets/results/
betaminic,2026-05-16,New Zealand - Central League,Wellington Phoenix II,Island Bay United,1x2,Home,1.800,won,0.8000,https://www.betaminic.com/shootingbets/results/
betaminic,2026-05-16,New Zealand - Northern League,Tauranga City,Western Springs,1x2,Home,5.000,won,4.0000,https://www.betaminic.com/shootingbets/results/
betaminic,2026-05-16,Australia - NPL Victoria U23,Dandenong Thunder,St Albans Saints,1x2,Away,2.550,won,1.5500,https://www.betaminic.com/shootingbets/results/
betaminic,2026-05-16,New Zealand - Southern League,Christchurch United,Nelson Suburbs,1x2,Away,4.750,won,3.7500,https://www.betaminic.com/shootingbets/results/
betaminic,2026-05-15,Honduras - Liga Nacional,Genesis,Olancho,1x2,Home,2.630,lost,-1.0000,https://www.betaminic.com/shootingbets/results/
betaminic,2026-05-15,Iceland - 3. Deild,Augnablik,KA Asvellir,1x2,Away,5.000,won,4.0000,https://www.betaminic.com/shootingbets/results/
betaminic,2026-05-15,Brazil - Catarinense U20,Carlos Renaux,Figueirense,1x2,Home,6.250,lost,-1.0000,https://www.betaminic.com/shootingbets/results/
betaminic,2026-05-15,Iceland - Cup Women,Thor/KA,Stjarnan,1x2,Home,3.400,lost,-1.0000,https://www.betaminic.com/shootingbets/results/
betaminic,2026-05-15,Brazil - Paulista Serie B,Votoraty,Paulinia Futebol Universitario,1x2,Home,5.500,won,4.5000,https://www.betaminic.com/shootingbets/results/
betaminic,2026-05-15,Austria - Regionalliga Mitte,Weiz,SV Ried II,1x2,Home,1.670,won,0.6700,https://www.betaminic.com/shootingbets/results/
betaminic,2026-05-15,Norway - 3rd Division Group 1,KFUM Oslo II,Valerenga II,1x2,Away,3.400,lost,-1.0000,https://www.betaminic.com/shootingbets/results/
betaminic,2026-05-15,Finland - Kolmonen,PPJ/Lauttasaari,Toolon Taisto,1x2,Away,5.250,lost,-1.0000,https://www.betaminic.com/shootingbets/results/
betaminic,2026-05-15,Sweden - 2nd Div. Sodra Svealand,Forward,Orebro Syrianska,1x2,Away,3.300,lost,-1.0000,https://www.betaminic.com/shootingbets/results/
betaminic,2026-05-15,Norway - 3rd Division Group 3,Djerv 1919,Vard Haugesund,1x2,Home,2.150,lost,-1.0000,https://www.betaminic.com/shootingbets/results/
betaminic,2026-05-15,Norway - 1st Division Women,Start,Kolbotn,1x2,Away,8.000,lost,-1.0000,https://www.betaminic.com/shootingbets/results/
betaminic,2026-05-15,Finland - Kolmonen,Lohjan Pallo,EIF II,1x2,Home,3.400,lost,-1.0000,https://www.betaminic.com/shootingbets/results/
betaminic,2026-05-15,Slovakia - 2. Liga,Puchov,Povazska Bystrica,1x2,Away,3.100,won,2.1000,https://www.betaminic.com/shootingbets/results/
betaminic,2026-05-15,Uzbekistan - Cup,Gazalkent FK,Lochin,1x2,Away,2.600,lost,-1.0000,https://www.betaminic.com/shootingbets/results/
betaminic,2026-05-15,Vietnam - V League 2,PVF-CAND II,Ho Chi Minh City FC,1x2,Home,2.450,lost,-1.0000,https://www.betaminic.com/shootingbets/results/
betaminic,2026-05-15,Australia - NPL Northern NSW Women,Broadmeadow Magic,Newcastle Olympic,1x2,Away,2.000,won,1.0000,https://www.betaminic.com/shootingbets/results/
betaminic,2026-05-15,Australia - New South Wales League 2,Central Coast United,Inner West Hawks,1x2,Home,2.880,won,1.8800,https://www.betaminic.com/shootingbets/results/
betaminic,2026-05-15,Australia - NPL Northern NSW,Broadmeadow Magic,Newcastle Olympic,1x2,Home,2.500,won,1.5000,https://www.betaminic.com/shootingbets/results/
betaminic,2026-05-15,Malaysia - Super League,Penang,DPMM,1x2,Home,1.800,won,0.8000,https://www.betaminic.com/shootingbets/results/
betaminic,2026-05-15,Malaysia - Liga A1,Bunga Raya,Malaysia University,1x2,Home,2.550,lost,-1.0000,https://www.betaminic.com/shootingbets/results/
betaminic,2026-05-15,China - FA Cup,Shenzhen 2028,Shaanxi Union,1x2,Home,9.000,lost,-1.0000,https://www.betaminic.com/shootingbets/results/
betaminic,2026-05-14,Ecuador - Serie B,Vinotinto,Cuenca Juniors,1x2,Home,2.150,won,1.1500,https://www.betaminic.com/shootingbets/results/
betaminic,2026-05-14,Paraguay - Division Intermedia,3 De Noviembre,Deportivo Capiata,1x2,Home,2.700,lost,-1.0000,https://www.betaminic.com/shootingbets/results/
betaminic,2026-05-14,Paraguay - Reserve League,Sportivo Trinidense,Deportivo Recoleta,1x2,Home,4.500,lost,-1.0000,https://www.betaminic.com/shootingbets/results/
betaminic,2026-05-14,Brazil - Cup Women,Juventude de Estancia,Vitoria,1x2,Home,5.250,lost,-1.0000,https://www.betaminic.com/shootingbets/results/
betaminic,2026-05-14,Finland - Kolmonen,HPS ll,VJS II,1x2,Home,4.500,lost,-1.0000,https://www.betaminic.com/shootingbets/results/
betaminic,2026-05-14,Finland - Kolmonen,Tampereen Peli-Toverit,Haka Juniorit,1x2,Home,1.910,lost,-1.0000,https://www.betaminic.com/shootingbets/results/
betaminic,2026-05-14,Finland - Kolmonen,KaaPo,VG-62,1x2,Home,2.150,won,1.1500,https://www.betaminic.com/shootingbets/results/
betaminic,2026-05-14,Cameroon - Elite One,Fortuna Mfou,Coton Sport,1x2,Home,4.500,lost,-1.0000,https://www.betaminic.com/shootingbets/results/
betaminic,2026-05-14,Iraq - Stars League,Naft Maysan,Al-Karma,1x2,Home,5.250,lost,-1.0000,https://www.betaminic.com/shootingbets/results/
betaminic,2026-05-14,Cameroon - Elite One,Stade Renard,Aigle Royal de la Menoua,over_under_25,Over,1.850,won,0.8500,https://www.betaminic.com/shootingbets/results/
betaminic,2026-05-14,Finland - Kolmonen,KJP Kouvola,LAUTP,1x2,Home,3.250,lost,-1.0000,https://www.betaminic.com/shootingbets/results/
betaminic,2026-05-14,Faroe Islands - Cup,HB Torshavn,Vikingur Gota,1x2,Away,2.800,lost,-1.0000,https://www.betaminic.com/shootingbets/results/
betaminic,2026-05-14,Azerbaijan - Division 1,Simal,Difai Agsu,1x2,Home,2.600,lost,-1.0000,https://www.betaminic.com/shootingbets/results/
betaminic,2026-05-14,Cameroon - Elite One,Fauve Azur Elite,Gazelle FA de Garoua,1x2,Home,3.100,won,2.1000,https://www.betaminic.com/shootingbets/results/
betaminic,2026-05-14,Malaysia - President Cup U20,Touchtronics,Negeri Sembilan,over_under_25,Under,2.350,won,1.3500,https://www.betaminic.com/shootingbets/results/
betaminic,2026-05-14,Norway - 3rd Division Group 2,Nardo FK,Byasen,1x2,Home,2.050,lost,-1.0000,https://www.betaminic.com/shootingbets/results/
betaminic,2026-05-14,Norway - 3rd Division Group 4,Stabaek II,Brodd,1x2,Home,2.000,lost,-1.0000,https://www.betaminic.com/shootingbets/results/
betaminic,2026-05-14,Norway - U19 League,Skedsmo,Lillehammer,1x2,Home,2.150,won,1.1500,https://www.betaminic.com/shootingbets/results/
betaminic,2026-05-14,Norway - U19 League,Skeid,Asker,1x2,Home,2.150,won,1.1500,https://www.betaminic.com/shootingbets/results/
betaminic,2026-05-14,Sweden - 2nd Div. Vastra Gotaland,Vastra Frolunda,Kongahalla,1x2,Home,1.910,won,0.9100,https://www.betaminic.com/shootingbets/results/
betaminic,2026-05-14,Tanzania - Premier League,Mtibwa Sugar,KMC,over_under_25,Over,2.500,won,1.5000,https://www.betaminic.com/shootingbets/results/
betaminic,2026-05-14,Austria - Landesliga,SV Lochau,Wolfurt,1x2,Home,2.550,won,1.5500,https://www.betaminic.com/shootingbets/results/
betaminic,2026-05-14,Finland - Kolmonen,SJK-Juniorit,Kiisto,1x2,Home,5.750,lost,-1.0000,https://www.betaminic.com/shootingbets/results/
betaminic,2026-05-14,USA - Major League Soccer,Seattle Sounders,San Jose Earthquakes,1x2,Home,1.910,won,0.9100,https://www.betaminic.com/shootingbets/results/
betaminic,2026-05-14,El Salvador - Reserve League U20,Isidro Metapan,Cacahuatique,1x2,Home,2.100,lost,-1.0000,https://www.betaminic.com/shootingbets/results/
betaminic,2026-05-14,Puerto Rico - National League,Metropolitan,Ponce,1x2,Away,3.800,lost,-1.0000,https://www.betaminic.com/shootingbets/results/
betaminic,2026-05-13,USA - USL Cup,Sarasota Paradise,Sporting Club Jacksonville,1x2,Home,3.500,lost,-1.0000,https://www.betaminic.com/shootingbets/results/
betaminic,2026-05-13,Brazil - Cup Women,Planalto EC,Paysandu,1x2,Away,3.000,lost,-1.0000,https://www.betaminic.com/shootingbets/results/
betaminic,2026-05-13,Paraguay - Reserve League,Sportivo San Lorenzo,2 de Mayo,1x2,Home,5.000,lost,-1.0000,https://www.betaminic.com/shootingbets/results/
betaminic,2026-05-13,Iceland - Cup,Afturelding,UMF Njardvik,1x2,Away,3.400,lost,-1.0000,https://www.betaminic.com/shootingbets/results/
betaminic,2026-05-13,Northern Ireland - Championship Women,Bangor,Mid Ulster,over_under_25,Under,4.000,lost,-1.0000,https://www.betaminic.com/shootingbets/results/
betaminic,2026-05-13,Brazil - Cup Women,Penarol,Doce Mel,1x2,Home,3.000,lost,-1.0000,https://www.betaminic.com/shootingbets/results/
betaminic,2026-05-13,Ireland - Leinster Senior League,Kilbarrack United,Finglas United,1x2,Home,1.750,lost,-1.0000,https://www.betaminic.com/shootingbets/results/
betaminic,2026-05-13,Northern Ireland - Championship Women,Ballymoney United,Ballyclare Comrades,1x2,Away,4.200,won,3.2000,https://www.betaminic.com/shootingbets/results/
betaminic,2026-05-13,Slovenia - Cup,Brinje Grosuplje,Aluminij,1x2,Home,3.750,lost,-1.0000,https://www.betaminic.com/shootingbets/results/
betaminic,2026-05-13,Brazil - Cup Women,Sampaio Correa,Real Heips,1x2,Home,3.200,lost,-1.0000,https://www.betaminic.com/shootingbets/results/
betaminic,2026-05-13,Brazil - Cup Women,Sao Jose EC SP,Prosperidade,1x2,Away,3.000,lost,-1.0000,https://www.betaminic.com/shootingbets/results/
betaminic,2026-05-13,Brazil - Cup Women,Taubate,AE 3B da Amazonia,1x2,Away,2.550,won,1.5500,https://www.betaminic.com/shootingbets/results/
betaminic,2026-05-13,Brazil - Cup Women,Coritiba,Rio Negro RR,1x2,Home,1.830,won,0.8300,https://www.betaminic.com/shootingbets/results/
betaminic,2026-05-13,Switzerland - 2. Liga Interregional,Terre Sainte,Stade Lausanne-Ouchy II,1x2,Away,3.000,won,2.0000,https://www.betaminic.com/shootingbets/results/
betaminic,2026-05-13,Switzerland - 2. Liga Interregional,SV Lyss,SC Dudingen,1x2,Away,2.150,won,1.1500,https://www.betaminic.com/shootingbets/results/
betaminic,2026-05-13,Brazil - Copa FGF,Gramadense,Santa Cruz RS,1x2,Away,3.300,won,2.3000,https://www.betaminic.com/shootingbets/results/
betaminic,2026-05-13,Turkey - Cup,Genclerbirligi,Trabzonspor,1x2,Away,1.700,won,0.7000,https://www.betaminic.com/shootingbets/results/
betaminic,2026-05-13,Iceland - Cup,Throttur Reykjavik,Breidablik,1x2,Home,4.500,lost,-1.0000,https://www.betaminic.com/shootingbets/results/
betaminic,2026-05-13,Austria - Landesliga,Donau Klagenfurt,VST Volkermarkt,over_under_25,Under,2.500,lost,-1.0000,https://www.betaminic.com/shootingbets/results/
betaminic,2026-05-13,Austria - Landesliga,Spittal an der Drau,SAK Klagenfurt,1x2,Home,2.700,lost,-1.0000,https://www.betaminic.com/shootingbets/results/
betaminic,2026-05-13,Finland - Cup,KuPS Akatemia,Honka,1x2,Away,2.100,won,1.1000,https://www.betaminic.com/shootingbets/results/
betaminic,2026-05-13,Italy - Serie D,Folgore Caratese,Treviso,1x2,Home,2.100,won,1.1000,https://www.betaminic.com/shootingbets/results/
betaminic,2026-05-13,Bahrain - 2nd Division,Busaiteen,Al Hala,1x2,Away,2.100,lost,-1.0000,https://www.betaminic.com/shootingbets/results/
betaminic,2026-05-13,Rwanda - Cup,APR,Etincelles,over_under_25,Over,2.150,won,1.1500,https://www.betaminic.com/shootingbets/results/
betaminic,2026-05-13,Estonia - Cup Women,Saku Sporting,Viimsi JK,1x2,Away,4.000,lost,-1.0000,https://www.betaminic.com/shootingbets/results/
betaminic,2026-05-13,Estonia - Esiliiga A,Flora Tallinn II,Nomme United II,1x2,Away,3.250,lost,-1.0000,https://www.betaminic.com/shootingbets/results/
betaminic,2026-05-13,Poland - 3rd Liga Group 1,Mlawianka Mlawa,Jagiellonia Bialystok II,1x2,Home,1.800,lost,-1.0000,https://www.betaminic.com/shootingbets/results/
betaminic,2026-05-13,Poland - 3rd Liga Group 4,Sokol Kolbuszowa Dolna,Czarni Polaniec,1x2,Away,2.450,lost,-1.0000,https://www.betaminic.com/shootingbets/results/
betaminic,2026-05-13,Saudi Arabia - Division 1,Al-Tai,Jeddah Club,1x2,Home,1.530,lost,-1.0000,https://www.betaminic.com/shootingbets/results/
betaminic,2026-05-13,Slovakia - Liga I Women,Zilina,Ruzomberok,1x2,Home,3.000,lost,-1.0000,https://www.betaminic.com/shootingbets/results/
betaminic,2026-05-13,Ghana - Division 1,Tamale City,Debibi United,1x2,Home,2.550,lost,-1.0000,https://www.betaminic.com/shootingbets/results/
betaminic,2026-05-13,Poland - 3rd Liga Group 4,Korona Kielce II,Wisloka Debica,1x2,Away,3.000,lost,-1.0000,https://www.betaminic.com/shootingbets/results/
betaminic,2026-05-13,Poland - 3rd Liga Group 1,Legia Warsaw II,GKS Wikielec,1x2,Away,6.500,lost,-1.0000,https://www.betaminic.com/shootingbets/results/
betaminic,2026-05-13,Poland - 3rd Liga Group 1,GKS Belchatow,Widzew Lodz II,1x2,Home,2.400,lost,-1.0000,https://www.betaminic.com/shootingbets/results/
betaminic,2026-05-13,Italy - Serie D,Grosseto,Ostia Mare Lidocalcio,1x2,Home,2.500,lost,-1.0000,https://www.betaminic.com/shootingbets/results/
betaminic,2026-05-13,Romania - Cup Women,Csikszereda Miercurea Ciuc,Olimpia Cluj,1x2,Home,1.830,lost,-1.0000,https://www.betaminic.com/shootingbets/results/
betaminic,2026-05-13,Poland - 3rd Liga Group 3,Gornik Zabrze II,Miedz Legnica II,1x2,Away,3.300,won,2.3000,https://www.betaminic.com/shootingbets/results/
betaminic,2026-05-13,Israel - U19 Elite Division,Hapoel Raanana,Hapoel Haifa,1x2,Away,3.100,lost,-1.0000,https://www.betaminic.com/shootingbets/results/
betaminic,2026-05-13,Australia - NPL Capital Territory,Canberra Olympic,O'Connor Knights,1x2,Away,4.000,lost,-1.0000,https://www.betaminic.com/shootingbets/results/
betaminic,2026-05-13,OFC - Pro League,Tahiti United,Vanuatu United,1x2,Away,3.200,lost,-1.0000,https://www.betaminic.com/shootingbets/results/
betaminic,2026-05-13,Honduras - Liga Nacional,CD Olimpia,Real Espana,1x2,Draw,3.700,lost,-1.0000,https://www.betaminic.com/shootingbets/results/
betaminic,2026-05-13,China - U20 League,Qingdao Hainiu,Wenzhou Yincai,1x2,Away,3.300,lost,-1.0000,https://www.betaminic.com/shootingbets/results/
betaminic,2026-05-12,Barbados - Premier League,St Andrew Lions,Ellerton,over_under_25,Under,3.750,lost,-1.0000,https://www.betaminic.com/shootingbets/results/
betaminic,2026-05-12,Dominica - Premier League,Belfast Estate Mahaut,Middleham United,over_under_25,Under,3.400,lost,-1.0000,https://www.betaminic.com/shootingbets/results/
betaminic,2026-05-12,Ireland - Leinster Senior League,Inchicore Athletic,Killester Donnycarney,1x2,Home,2.200,lost,-1.0000,https://www.betaminic.com/shootingbets/results/
betaminic,2026-05-12,Ireland - Munster Senior Cup,Cork City,Rockmount,1x2,Home,1.800,lost,-1.0000,https://www.betaminic.com/shootingbets/results/
betaminic,2026-05-12,Jordan - Cup,Al Hussein SC,Al Wehdat,1x2,Draw,3.200,lost,-1.0000,https://www.betaminic.com/shootingbets/results/
betaminic,2026-05-12,Jordan - Cup,Al Faisaly SC,Al Ramtha SC,1x2,Home,1.600,lost,-1.0000,https://www.betaminic.com/shootingbets/results/
betaminic,2026-05-12,Poland - 3rd Liga Group 3,Zaglebie Lubin II,Carina Gubin,1x2,Home,1.800,lost,-1.0000,https://www.betaminic.com/shootingbets/results/
betaminic,2026-05-12,UAE - Reserve League U23,Al Ittihad Kalba,Al Nasr,1x2,Away,3.750,lost,-1.0000,https://www.betaminic.com/shootingbets/results/
betaminic,2026-05-12,Tanzania - Premier League,TRA United,JKT Tanzania,1x2,Home,2.600,lost,-1.0000,https://www.betaminic.com/shootingbets/results/
betaminic,2026-05-12,Argentina - Reserve League,Deportivo Muniz,Puerto Nuevo,over_under_25,Over,2.250,won,1.2500,https://www.betaminic.com/shootingbets/results/
betaminic,2026-05-12,Zambia - Super League,Napsa Stars,Zanaco,1x2,Home,2.550,won,1.5500,https://www.betaminic.com/shootingbets/results/
betaminic,2026-05-12,Tanzania - Premier League,Singida Black Stars,Namungo,1x2,Home,1.600,won,0.6000,https://www.betaminic.com/shootingbets/results/
betaminic,2026-05-12,India - League Women,Sreebhumi,Gokulam Kerala,1x2,Home,4.750,lost,-1.0000,https://www.betaminic.com/shootingbets/results/
betaminic,2026-05-12,Chile - Primera B,Curico Unido,San Marcos de Arica,over_under_25,Over,2.300,won,1.3000,https://www.betaminic.com/shootingbets/results/
betaminic,2026-05-11,Colombia - Cup,Atletico Cali,Patriotas,1x2,Away,2.460,lost,-1.0000,https://www.betaminic.com/shootingbets/results/
betaminic,2026-05-11,Switzerland - Challenge League,Stade Nyonnais,Stade Lausanne Ouchy,1x2,Home,3.760,lost,-1.0000,https://www.betaminic.com/shootingbets/results/
betaminic,2026-05-11,Bulgaria - Second League,Fratria Varna,Dunav Ruse,1x2,Home,2.450,lost,-1.0000,https://www.betaminic.com/shootingbets/results/
betaminic,2026-05-11,Iraq - Stars League,Al Mosul,Al-Talaba,1x2,Home,3.200,lost,-1.0000,https://www.betaminic.com/shootingbets/results/
betaminic,2026-05-11,Iraq - Stars League,Zakho,Diyala,1x2,Home,1.830,lost,-1.0000,https://www.betaminic.com/shootingbets/results/
betaminic,2026-05-11,Norway - 3rd Division Group 3,Vard Haugesund,Brann II,1x2,Away,4.200,lost,-1.0000,https://www.betaminic.com/shootingbets/results/
betaminic,2026-05-11,Norway - 3rd Division Group 2,Rosenborg II,Kvik,1x2,Home,1.730,lost,-1.0000,https://www.betaminic.com/shootingbets/results/
betaminic,2026-05-11,Bahrain - Premier League,Al-Ahli Manama,Al Hidd,over_under_25,Over,2.200,lost,-1.0000,https://www.betaminic.com/shootingbets/results/
betaminic,2026-05-11,Serbia - Prva Liga,Dinamo Jug,Tekstilac Odzaci,1x2,Away,4.100,lost,-1.0000,https://www.betaminic.com/shootingbets/results/
betaminic,2026-05-11,Iraq - Stars League,Al Kahrabaa,Newroz,1x2,Home,2.600,won,1.6000,https://www.betaminic.com/shootingbets/results/
betaminic,2026-05-10,Peru - Liga 2,C.D Estudiantil CNI,Sport Huancayo II,1x2,Home,2.200,won,1.2000,https://www.betaminic.com/shootingbets/results/
betaminic,2026-05-10,Barbados - Premier League,UWI Blackbirds,Bagatelle,1x2,Home,2.350,won,1.3500,https://www.betaminic.com/shootingbets/results/
betaminic,2026-05-10,Venezuela - Segunda Division,Academia Puerto Cabello II,Atletico El Vigia,1x2,Home,2.150,won,1.1500,https://www.betaminic.com/shootingbets/results/
betaminic,2026-05-10,Argentina - Torneo Federal A,Tucuman Central,Juventud Antoniana,1x2,Home,5.750,won,4.7500,https://www.betaminic.com/shootingbets/results/
betaminic,2026-05-10,Argentina - Primera C Metropolitana,Sportivo Barracas,Deportivo Muniz,1x2,Away,4.330,lost,-1.0000,https://www.betaminic.com/shootingbets/results/
betaminic,2026-05-10,Argentina - Torneo Federal A,Club Cipolletti,Juventud Unida Universitario,1x2,Home,2.000,lost,-1.0000,https://www.betaminic.com/shootingbets/results/
betaminic,2026-05-10,Argentina - Torneo Federal A,Olimpo Bahia Blanca,Germinal,1x2,Home,1.700,won,0.7000,https://www.betaminic.com/shootingbets/results/
betaminic,2026-05-10,Brazil - Gaucho U20,Juventude,Real SC,1x2,Home,1.850,won,0.8500,https://www.betaminic.com/shootingbets/results/
betaminic,2026-05-10,Brazil - Paulista Serie B,Paulinia Futebol Universitario,Flamengo de Guarulhos,1x2,Away,2.630,lost,-1.0000,https://www.betaminic.com/shootingbets/results/
betaminic,2026-05-10,Brazil - Paulista Serie B,Guarulhos,Votoraty,1x2,Away,4.000,lost,-1.0000,https://www.betaminic.com/shootingbets/results/
betaminic,2026-05-10,Georgia - Erovnuli Liga 2,Aragvi Dusheti,Gareji,1x2,Home,3.200,lost,-1.0000,https://www.betaminic.com/shootingbets/results/
betaminic,2026-05-10,Hungary - NB 2,Bekescsaba,Kozarmisleny,1x2,Home,1.950,lost,-1.0000,https://www.betaminic.com/shootingbets/results/
betaminic,2026-05-10,Spain - Tercera Division,Diocesano,SP Villafranca,1x2,Away,2.630,lost,-1.0000,https://www.betaminic.com/shootingbets/results/
betaminic,2026-05-10,Spain - Tercera Division,Racing Club Villalbes,Lugo II,1x2,Away,3.900,lost,-1.0000,https://www.betaminic.com/shootingbets/results/
betaminic,2026-05-10,Bosnia and Herzegovina - Premier Liga,Zeljeznicar Sarajevo,Sloga Doboj,1x2,Home,2.100,won,1.1000,https://www.betaminic.com/shootingbets/results/
betaminic,2026-05-10,Cyprus - 1st Division,Apollon Limassol,APOEL Nicosia,1x2,Home,2.210,won,1.2100,https://www.betaminic.com/shootingbets/results/
betaminic,2026-05-10,Hungary - NB 2,Ajka,Szeged-Csanad Grosics,1x2,Away,2.600,won,1.6000,https://www.betaminic.com/shootingbets/results/
betaminic,2026-05-10,Hungary - NB 2,Szentlorinc,Fehervar,1x2,Home,3.100,won,2.1000,https://www.betaminic.com/shootingbets/results/
betaminic,2026-05-10,Hungary - NB 3,Siofok,Erdi VSE,1x2,Home,2.300,lost,-1.0000,https://www.betaminic.com/shootingbets/results/
betaminic,2026-05-10,Poland - 4th Liga,KS Pcimianka Pcim,Dalin Myslenice,1x2,Home,3.500,won,2.5000,https://www.betaminic.com/shootingbets/results/
betaminic,2026-05-10,Hungary - NB 3,Papai Perutz,Budaorsi,1x2,Away,2.250,won,1.2500,https://www.betaminic.com/shootingbets/results/
betaminic,2026-05-10,Czech Republic - 1. Liga Women,Praha,Lokomotiva Brno Horni Herspice,1x2,Home,5.500,lost,-1.0000,https://www.betaminic.com/shootingbets/results/
betaminic,2026-05-10,Cameroon - Elite One,Aigle Royal de Moungo,Colombe,1x2,Away,1.910,won,0.9100,https://www.betaminic.com/shootingbets/results/
betaminic,2026-05-10,Poland - 4th Liga,Olimpia Elblag II,Pisa Barczewo,1x2,Home,3.500,lost,-1.0000,https://www.betaminic.com/shootingbets/results/
betaminic,2026-05-10,Panama - Liga Prom,Aguilas UP,Universidad Latina,1x2,Home,1.670,lost,-1.0000,https://www.betaminic.com/shootingbets/results/
betaminic,2026-05-10,Italy - Serie D,Imolese,Sasso Marconi,1x2,Home,2.100,lost,-1.0000,https://www.betaminic.com/shootingbets/results/
betaminic,2026-05-10,Italy - Serie D,Reggina,Athletic Club Palermo,1x2,Home,1.950,won,0.9500,https://www.betaminic.com/shootingbets/results/
betaminic,2026-05-10,Italy - Serie D,Follonica Gavorrano,Camaiore,1x2,Home,2.400,won,1.4000,https://www.betaminic.com/shootingbets/results/
betaminic,2026-05-10,Italy - Serie D,Prato,Siena,1x2,Home,2.100,lost,-1.0000,https://www.betaminic.com/shootingbets/results/
betaminic,2026-05-10,Italy - Serie D,Casatese,Leon Monza e Brianza,1x2,Draw,3.200,lost,-1.0000,https://www.betaminic.com/shootingbets/results/
betaminic,2026-05-10,Brazil - Mineiro U20,Atletico Mineiro,America Mineiro,1x2,Home,1.950,won,0.9500,https://www.betaminic.com/shootingbets/results/
betaminic,2026-05-10,South Africa - 1st Division,Gomora United,Kruger United,1x2,Away,3.500,won,2.5000,https://www.betaminic.com/shootingbets/results/
betaminic,2026-05-10,South Africa - 1st Division,Cape Town City,Baroka,1x2,Home,1.400,won,0.4000,https://www.betaminic.com/shootingbets/results/
betaminic,2026-05-10,South Africa - 1st Division,The Bees,Leicesterford City,1x2,Home,2.100,won,1.1000,https://www.betaminic.com/shootingbets/results/
betaminic,2026-05-10,Norway - 3rd Division Group 4,Brodd,Vag,1x2,Away,3.300,lost,-1.0000,https://www.betaminic.com/shootingbets/results/
betaminic,2026-05-10,Switzerland - 1. Liga Classic,FC Coffrane,Echallens,1x2,Away,3.300,lost,-1.0000,https://www.betaminic.com/shootingbets/results/
betaminic,2026-05-10,Switzerland - 2. Liga Interregional,SC Cham II,Castello,1x2,Away,3.300,lost,-1.0000,https://www.betaminic.com/shootingbets/results/
betaminic,2026-05-10,Netherlands - Derde Divisie,Gemert,VVSB Noordwijkerhout,1x2,Away,2.880,won,1.8800,https://www.betaminic.com/shootingbets/results/
betaminic,2026-05-10,Denmark - Division 2 Women,Odense Q II,Fredensborg BI,1x2,Away,5.000,lost,-1.0000,https://www.betaminic.com/shootingbets/results/
betaminic,2026-05-10,Sweden - 2nd Div. Sodra Gotaland,Staffanstorp United,Karlshamn,1x2,Home,1.900,lost,-1.0000,https://www.betaminic.com/shootingbets/results/
betaminic,2026-05-10,Japan - Regional League,Kariya,Chukyo University,1x2,Away,2.750,lost,-1.0000,https://www.betaminic.com/shootingbets/results/
betaminic,2026-05-10,Poland - 3rd Liga Group 1,Jagiellonia Bialystok II,Lomza,1x2,Home,3.800,lost,-1.0000,https://www.betaminic.com/shootingbets/results/
betaminic,2026-05-10,Spain - Tercera Division,Sevilla C,Atletico Central,1x2,Home,2.630,lost,-1.0000,https://www.betaminic.com/shootingbets/results/
betaminic,2026-05-10,Norway - 3rd Division Group 1,Union Carl Berner,Baerum,1x2,Home,4.100,won,3.1000,https://www.betaminic.com/shootingbets/results/
betaminic,2026-05-10,Kenya - Super League,Kisumu All Stars,Kabati Youth FC,1x2,Away,5.000,lost,-1.0000,https://www.betaminic.com/shootingbets/results/
betaminic,2026-05-10,Hungary - NB 3,Diosgyori VTK II,Debreceni VSC II,1x2,Away,2.150,won,1.1500,https://www.betaminic.com/shootingbets/results/
betaminic,2026-05-10,Hungary - NB 3,Budapest Honved II,Tiszafoldvar,1x2,Home,1.330,won,0.3300,https://www.betaminic.com/shootingbets/results/
betaminic,2026-05-10,Hungary - NB 3,Szekszardi,Ferencvaros II,1x2,Home,5.000,lost,-1.0000,https://www.betaminic.com/shootingbets/results/
betaminic,2026-05-10,Croatia - 3. NL,HASK Zagreb,Kurilovec,1x2,Away,7.000,lost,-1.0000,https://www.betaminic.com/shootingbets/results/
betaminic,2026-05-10,Australia - NPL New South Wales Women,Sydney University,Bulls Academy,1x2,Away,2.050,won,1.0500,https://www.betaminic.com/shootingbets/results/
betaminic,2026-05-10,Australia - Queensland Premier League Women,Grange Thistle,The Gap,1x2,Away,2.250,won,1.2500,https://www.betaminic.com/shootingbets/results/
betaminic,2026-05-10,OFC - Pro League,Solomon Kings,Vanuatu United,1x2,Away,3.750,won,2.7500,https://www.betaminic.com/shootingbets/results/
betaminic,2026-05-10,Australia - Northern NSW Reserves League,Newcastle Olympic,Lambton Jaffas,1x2,Home,3.000,lost,-1.0000,https://www.betaminic.com/shootingbets/results/
betaminic,2026-05-09,Argentina - Torneo Federal A,Defensores de Puerto Vilelas,Bartolome Mitre,1x2,Home,3.500,lost,-1.0000,https://www.betaminic.com/shootingbets/results/
betaminic,2026-05-09,Brazil - Cearense 2,Guarani de Juazeiro,Barbalha,1x2,Away,3.500,lost,-1.0000,https://www.betaminic.com/shootingbets/results/
betaminic,2026-05-09,Argentina - Primera C Metropolitana,Argentino de Rosario,Victoriano Arenas,1x2,Away,4.200,lost,-1.0000,https://www.betaminic.com/shootingbets/results/
betaminic,2026-05-09,Brazil - Gaucho U20,Sport Club Ivoti,Sao Luiz,1x2,Away,2.800,lost,-1.0000,https://www.betaminic.com/shootingbets/results/
betaminic,2026-05-09,Ecuador - Primera Women,LDU Quito,Independiente del Valle,1x2,Away,2.250,won,1.2500,https://www.betaminic.com/shootingbets/results/
betaminic,2026-05-09,Spain - Regional Leagues,CD Promesas EDF,Varea II,1x2,Home,2.050,lost,-1.0000,https://www.betaminic.com/shootingbets/results/
betaminic,2026-05-09,Bosnia and Herzegovina - Premier Liga,Radnik Bijeljina,Zrinjski Mostar,1x2,Home,2.100,lost,-1.0000,https://www.betaminic.com/shootingbets/results/
betaminic,2026-05-09,Spain - Regional Leagues,Atletico Rafal,Portol FC,1x2,Home,3.100,lost,-1.0000,https://www.betaminic.com/shootingbets/results/
betaminic,2026-05-09,Italy - Serie D,Biellese,Varese,1x2,Away,4.000,won,3.0000,https://www.betaminic.com/shootingbets/results/
betaminic,2026-05-09,Iceland - 3. Deild,Ymir Kopavogur,Augnablik,1x2,Home,4.000,lost,-1.0000,https://www.betaminic.com/shootingbets/results/
betaminic,2026-05-09,France - National 2,Stade Poitevin,Saint-Colomban Locmine,1x2,Home,2.800,lost,-1.0000,https://www.betaminic.com/shootingbets/results/
betaminic,2026-05-09,Ecuador - Serie B,El Nacional,22 de Julio,1x2,Home,2.800,lost,-1.0000,https://www.betaminic.com/shootingbets/results/
betaminic,2026-05-09,France - National 3,Angers II,La Chataigneraie AS,1x2,Home,2.700,lost,-1.0000,https://www.betaminic.com/shootingbets/results/
betaminic,2026-05-09,France - National 3,Aubervilliers,Havre Caucriauville Sportif,1x2,Home,1.800,lost,-1.0000,https://www.betaminic.com/shootingbets/results/
betaminic,2026-05-09,France - National 3,Tarbes Pyrenees,Onet le Chateau Football,1x2,Home,2.000,won,1.0000,https://www.betaminic.com/shootingbets/results/
betaminic,2026-05-09,Netherlands - Derde Divisie,Groene Ster,Kloetinge,1x2,Away,2.000,won,1.0000,https://www.betaminic.com/shootingbets/results/
betaminic,2026-05-09,Croatia - 3. NL,Primorac Biograd,Neretvanac Opuzen,1x2,Home,1.700,lost,-1.0000,https://www.betaminic.com/shootingbets/results/
betaminic,2026-05-09,Slovakia - 3. Liga,Malacky,Trencin II,1x2,Home,2.900,won,1.9000,https://www.betaminic.com/shootingbets/results/
betaminic,2026-05-09,Algeria - Ligue 2,US Biskra,US Chaouia,1x2,Home,1.910,lost,-1.0000,https://www.betaminic.com/shootingbets/results/
betaminic,2026-05-09,Ireland - U20 League,UCD,Shelbourne,1x2,Home,3.000,lost,-1.0000,https://www.betaminic.com/shootingbets/results/
betaminic,2026-05-09,Slovakia - 3. Liga,Tatran Oravske Vesele,MFK Bytca,1x2,Away,3.620,lost,-1.0000,https://www.betaminic.com/shootingbets/results/
betaminic,2026-05-09,Spain - Regional Leagues,Betis CF,La Baneza FC,1x2,Home,1.950,lost,-1.0000,https://www.betaminic.com/shootingbets/results/
betaminic,2026-05-09,Bosnia and Herzegovina - 1st League,Zvijezda 09,Sutjeska Foca,1x2,Home,1.700,won,0.7000,https://www.betaminic.com/shootingbets/results/
betaminic,2026-05-09,Poland - 4th Liga,KS Metal Tarnow,Garbarnia Krakow,1x2,Away,2.400,lost,-1.0000,https://www.betaminic.com/shootingbets/results/
betaminic,2026-05-09,Scotland - League Two,Brora Rangers,Edinburgh City,1x2,Home,2.450,lost,-1.0000,https://www.betaminic.com/shootingbets/results/
betaminic,2026-05-09,Poland - 4th Liga,Astra Ustronie Morskie,Ina Insko,1x2,Home,1.910,lost,-1.0000,https://www.betaminic.com/shootingbets/results/
betaminic,2026-05-09,Poland - 4th Liga,Wierzyca Pelplin,Arka Gdynia II,1x2,Away,2.450,lost,-1.0000,https://www.betaminic.com/shootingbets/results/
betaminic,2026-05-09,Ukraine - Persha Liga,Nyva Ternopil,FSK Mariupol,1x2,Away,2.450,won,1.4500,https://www.betaminic.com/shootingbets/results/
betaminic,2026-05-09,Poland - 4th Liga,Obra 1912 Koscian,Nielba Wagrowiec,1x2,Home,2.630,lost,-1.0000,https://www.betaminic.com/shootingbets/results/
betaminic,2026-05-09,Uzbekistan - Cup,Olimpik Mobiuz,Mash'al Mubarek,1x2,Home,3.000,won,2.0000,https://www.betaminic.com/shootingbets/results/
betaminic,2026-05-09,Austria - Regionalliga West,Wals-Grunau,Kuchl,1x2,Home,2.300,lost,-1.0000,https://www.betaminic.com/shootingbets/results/
betaminic,2026-05-09,Netherlands - Derde Divisie,VV Zwaluwen,TOGB,1x2,Home,2.200,lost,-1.0000,https://www.betaminic.com/shootingbets/results/
betaminic,2026-05-09,Netherlands - U21 Divisie,Roda JC,Maastricht,1x2,Home,2.150,won,1.1500,https://www.betaminic.com/shootingbets/results/
betaminic,2026-05-09,Finland - Kakkonen Group A,PPJ,HIFK,1x2,Home,5.000,lost,-1.0000,https://www.betaminic.com/shootingbets/results/
betaminic,2026-05-09,Lithuania - 1 Lyga,Atmosfera Mazeikiai,Babrungas Plunge,1x2,Away,2.500,lost,-1.0000,https://www.betaminic.com/shootingbets/results/
betaminic,2026-05-09,Sweden - Damallsvenskan,Brommapojkarna,Eskilstuna United,1x2,Home,2.100,lost,-1.0000,https://www.betaminic.com/shootingbets/results/
betaminic,2026-05-09,Netherlands - U21 Divisie,Fortuna Sittard,ADO Den Haag,1x2,Away,2.400,won,1.4000,https://www.betaminic.com/shootingbets/results/
betaminic,2026-05-09,Kenya - Super League,Darajani Gogo,Equity Bank,1x2,Home,3.800,lost,-1.0000,https://www.betaminic.com/shootingbets/results/
betaminic,2026-05-09,Turkey - Super Lig U19,Alanyaspor,Kayserispor,1x2,Away,2.380,lost,-1.0000,https://www.betaminic.com/shootingbets/results/
betaminic,2026-05-09,Sweden - 2nd Div. Norra Gotaland,Skara,Husqvarna,1x2,Away,1.910,lost,-1.0000,https://www.betaminic.com/shootingbets/results/
betaminic,2026-05-09,Sweden - 2nd Div. Sodra Gotaland,Oskarshamns AIK,Torns,1x2,Home,1.600,won,0.6000,https://www.betaminic.com/shootingbets/results/
betaminic,2026-05-09,Norway - 3rd Division Group 6,Drobak Frogn,Lillehammer,1x2,Away,1.800,lost,-1.0000,https://www.betaminic.com/shootingbets/results/
betaminic,2026-05-09,Switzerland - U19 Elite,Young Boys,Basel,1x2,Home,3.100,lost,-1.0000,https://www.betaminic.com/shootingbets/results/
betaminic,2026-05-09,Vietnam - V League 2,Xuan Thien Phu Tho,Van Hien University,1x2,Home,2.050,won,1.0500,https://www.betaminic.com/shootingbets/results/
betaminic,2026-05-09,Sweden - 2nd Div. Norra Svealand,Enskede,Sunnersta,1x2,Home,2.150,lost,-1.0000,https://www.betaminic.com/shootingbets/results/
betaminic,2026-05-09,Mongolia - Premier League,Khangarid Klub,Deren,1x2,Away,2.250,lost,-1.0000,https://www.betaminic.com/shootingbets/results/
betaminic,2026-05-09,Israel - U19 Elite Division,Hapoel Haifa,FC Ashdod,1x2,Home,3.000,lost,-1.0000,https://www.betaminic.com/shootingbets/results/
betaminic,2026-05-09,Norway - 3rd Division Group 5,Stromsgodset II,Alta,1x2,Away,2.150,lost,-1.0000,https://www.betaminic.com/shootingbets/results/
betaminic,2026-05-09,Poland - 3rd Liga Group 2,Cartusia Kartuzy,Lech Poznan II,1x2,Away,2.250,lost,-1.0000,https://www.betaminic.com/shootingbets/results/
betaminic,2026-05-09,Estonia - Esiliiga A,Maardu Linnameeskond,Nomme United II,1x2,Home,3.100,won,2.1000,https://www.betaminic.com/shootingbets/results/
betaminic,2026-05-09,Australia - New South Wales League 2,Camden Tigers,Granville Rage,1x2,Home,2.750,lost,-1.0000,https://www.betaminic.com/shootingbets/results/
betaminic,2026-05-09,Bosnia and Herzegovina - U19 League,Velez Mostar,NK Celik,1x2,Home,2.380,lost,-1.0000,https://www.betaminic.com/shootingbets/results/
betaminic,2026-05-09,Czech Republic - 2. Liga Women,Prague Raptors,Sparta Prague II,1x2,Away,4.500,lost,-1.0000,https://www.betaminic.com/shootingbets/results/
betaminic,2026-05-09,Slovakia - Liga I Women,Spartak Trnava,Trencin,1x2,Home,1.950,lost,-1.0000,https://www.betaminic.com/shootingbets/results/
betaminic,2026-05-09,Australia - New South Wales League 1,Newcastle Jets II,Hakoah Sydney City,1x2,Home,2.000,lost,-1.0000,https://www.betaminic.com/shootingbets/results/
betaminic,2026-05-09,Australia - New South Wales League 2,Parramatta,Fraser Park,1x2,Home,2.450,lost,-1.0000,https://www.betaminic.com/shootingbets/results/
betaminic,2026-05-09,Australia - New South Wales League 1,Canterbury Bankstown,Bulls Academy,1x2,Home,2.630,lost,-1.0000,https://www.betaminic.com/shootingbets/results/
betaminic,2026-05-09,Japan - J2/J3 League,Renofa Yamaguchi,Tegevajaro Miyazaki,1x2,Home,3.100,lost,-1.0000,https://www.betaminic.com/shootingbets/results/
betaminic,2026-05-09,Australia - Northern NSW Reserves League,Adamstown Rosebud,Belmont Swansea United,1x2,Home,3.300,lost,-1.0000,https://www.betaminic.com/shootingbets/results/
betaminic,2026-05-09,Australia - Northern NSW Reserves League,Edgeworth,Maitland,1x2,Away,2.900,lost,-1.0000,https://www.betaminic.com/shootingbets/results/
betaminic,2026-05-09,New Zealand - Central League,Wellington Olympic,Wellington Phoenix II,1x2,Away,6.500,lost,-1.0000,https://www.betaminic.com/shootingbets/results/
betaminic,2026-05-08,Argentina - Primera C Metropolitana,General Lamadrid,CA Atlas,1x2,Away,5.000,lost,-1.0000,https://www.betaminic.com/shootingbets/results/
betaminic,2026-05-08,Poland - 4th Liga,Limanovia Limanowa,Orzel Ryczow,1x2,Home,5.250,won,4.2500,https://www.betaminic.com/shootingbets/results/
betaminic,2026-05-08,Northern Ireland - Championship Women,Mid Ulster,Strabane Athletic,1x2,Home,3.200,lost,-1.0000,https://www.betaminic.com/shootingbets/results/
betaminic,2026-05-08,Brazil - Cearense U20,Horizonte,Quixada,1x2,Home,2.900,lost,-1.0000,https://www.betaminic.com/shootingbets/results/
betaminic,2026-05-08,Belgium - Reserve Pro League U21,Francs Borains,Olympic Charleroi,1x2,Home,1.750,lost,-1.0000,https://www.betaminic.com/shootingbets/results/
betaminic,2026-05-08,Sweden - 2nd Div. Vastra Gotaland,Dalstorps,Landvetter IS,1x2,Home,2.800,won,1.8000,https://www.betaminic.com/shootingbets/results/
betaminic,2026-05-08,Sweden - Elitettan Women,Linkopings,KIF Orebro,1x2,Away,3.200,lost,-1.0000,https://www.betaminic.com/shootingbets/results/
betaminic,2026-05-08,Austria - Regionalliga Mitte,Treibach,Weiz,1x2,Away,3.600,won,2.6000,https://www.betaminic.com/shootingbets/results/
betaminic,2026-05-08,Austria - Regionalliga Mitte,Atus Velden,Union Gurten,1x2,Away,2.200,lost,-1.0000,https://www.betaminic.com/shootingbets/results/
betaminic,2026-05-08,Sweden - 2nd Div. Vastra Gotaland,Galtabäcks BK,Torslanda,1x2,Home,2.800,lost,-1.0000,https://www.betaminic.com/shootingbets/results/
betaminic,2026-05-08,Sweden - 2nd Div. Vastra Gotaland,Lindome GIF,Hestrafors,1x2,Away,3.800,won,2.8000,https://www.betaminic.com/shootingbets/results/
betaminic,2026-05-08,Sweden - 2nd Div. Norra Gotaland,Herrestads,Stenungsunds,1x2,Away,4.200,lost,-1.0000,https://www.betaminic.com/shootingbets/results/
betaminic,2026-05-08,Finland - Kakkonen Group C,VPS II,JBK,1x2,Home,2.700,won,1.7000,https://www.betaminic.com/shootingbets/results/
betaminic,2026-05-08,Slovakia - 2. Liga,Zvolen,Zilina II,1x2,Away,3.340,lost,-1.0000,https://www.betaminic.com/shootingbets/results/
betaminic,2026-05-08,Algeria - Ligue 1,USM Khenchela,MC El Bayadh,1x2,Home,1.450,won,0.4500,https://www.betaminic.com/shootingbets/results/
betaminic,2026-05-08,Jordan - Pro League,Al Wehdat,Al-Ahli Amman,1x2,Home,1.530,won,0.5300,https://www.betaminic.com/shootingbets/results/
betaminic,2026-05-08,Hungary - NB 1 Women,Viktoria Szombathely,Budapest Honved,1x2,Home,8.500,lost,-1.0000,https://www.betaminic.com/shootingbets/results/
betaminic,2026-05-08,Macau - Primeira Divisao,Hang Sai,Cheng Fung,1x2,Home,4.500,lost,-1.0000,https://www.betaminic.com/shootingbets/results/
betaminic,2026-05-08,Australia - NorZone Premier League,Casuarina,Port Darwin,1x2,Away,1.420,won,0.4200,https://www.betaminic.com/shootingbets/results/
betaminic,2026-05-08,Vietnam - V League 2,Ho Chi Minh City II,Quy Nhon United,1x2,Home,4.750,lost,-1.0000,https://www.betaminic.com/shootingbets/results/
betaminic,2026-05-08,Australia - New South Wales League 1,Prospect United,Bankstown City Lions,1x2,Home,3.500,lost,-1.0000,https://www.betaminic.com/shootingbets/results/
betaminic,2026-05-08,Australia - South Australia State League 1,Cumberland United,The Cove,1x2,Home,2.000,lost,-1.0000,https://www.betaminic.com/shootingbets/results/
betaminic,2026-05-08,Israel - U19 Elite Division,Maccabi Haifa,Hapoel Petah Tikva,1x2,Home,1.800,won,0.8000,https://www.betaminic.com/shootingbets/results/
betaminic,2026-05-08,USA - USL League 2,San Juan,Davis Legacy,1x2,Away,6.000,lost,-1.0000,https://www.betaminic.com/shootingbets/results/
betaminic,2026-05-08,Brazil - Paulista Women,Corinthians,Sao Paulo,1x2,Home,1.830,lost,-1.0000,https://www.betaminic.com/shootingbets/results/
betaminic,2026-05-07,Colombia - Cup,Llaneros,Atletico Cali,1x2,Home,2.360,won,1.3600,https://www.betaminic.com/shootingbets/results/
betaminic,2026-05-07,Mexico - Liga TDP,Tecos II,Irapuato II,1x2,Away,3.000,won,2.0000,https://www.betaminic.com/shootingbets/results/
betaminic,2026-05-07,El Salvador - Reserve League U20,Cacahuatique,CD FAS,1x2,Away,2.550,lost,-1.0000,https://www.betaminic.com/shootingbets/results/
betaminic,2026-05-07,Iceland - 4. Deild,Ulfarnir,Hafnir,1x2,Away,5.750,won,4.7500,https://www.betaminic.com/shootingbets/results/
betaminic,2026-05-07,Iceland - 4. Deild,KFR,Ellidi,1x2,Home,3.200,lost,-1.0000,https://www.betaminic.com/shootingbets/results/
betaminic,2026-05-07,Iceland - 4. Deild,Vaengir Jupiters,Arborg,1x2,Away,2.750,won,1.7500,https://www.betaminic.com/shootingbets/results/
betaminic,2026-05-07,Norway - U19 League,Lillehammer,KFUM Oslo,1x2,Away,2.100,won,1.1000,https://www.betaminic.com/shootingbets/results/
betaminic,2026-05-07,Brazil - Cup Women,Perolas Negras,Liga Sanjoanense,1x2,Away,6.250,lost,-1.0000,https://www.betaminic.com/shootingbets/results/
betaminic,2026-05-07,Finland - Kolmonen,PPJ/Ruoholahti,GrIFK II,1x2,Home,2.550,lost,-1.0000,https://www.betaminic.com/shootingbets/results/
betaminic,2026-05-07,Romania - Liga 2,Steaua Bucharest,Sepsi,1x2,Home,7.500,lost,-1.0000,https://www.betaminic.com/shootingbets/results/
betaminic,2026-05-07,Finland - Kolmonen,EIF II,NuPS,1x2,Away,7.000,won,6.0000,https://www.betaminic.com/shootingbets/results/
betaminic,2026-05-07,Finland - Kolmonen,LBK,VPV,1x2,Away,2.500,won,1.5000,https://www.betaminic.com/shootingbets/results/
betaminic,2026-05-07,Finland - Kolmonen,Toolon Taisto,LPS,1x2,Home,2.800,lost,-1.0000,https://www.betaminic.com/shootingbets/results/
betaminic,2026-05-07,Serbia - Prva Liga,Dubocica,FK FAP,1x2,Away,3.800,lost,-1.0000,https://www.betaminic.com/shootingbets/results/
betaminic,2026-05-07,Ethiopia - Higher League,Yeka Kifle Ketema,Dese Ketema,1x2,Away,2.630,won,1.6300,https://www.betaminic.com/shootingbets/results/
betaminic,2026-05-07,Honduras - Liga Nacional,CD Olimpia,Marathon,1x2,Draw,3.500,lost,-1.0000,https://www.betaminic.com/shootingbets/results/
betaminic,2026-05-07,Panama - Liga Prom,UDELAS,Academia Mario Mendez,1x2,Away,2.400,lost,-1.0000,https://www.betaminic.com/shootingbets/results/
betaminic,2026-05-07,Brazil - Copa Sul-Sudeste,Volta Redonda,Gremio Novorizontino,1x2,Home,2.500,lost,-1.0000,https://www.betaminic.com/shootingbets/results/
betaminic,2026-05-07,Brazil - Copa Sul-Sudeste,America Mineiro,Cianorte,1x2,Home,2.250,won,1.2500,https://www.betaminic.com/shootingbets/results/
