source,kickoff_date,home_team,away_team,league,market,selection,final_score,won,published_odds,pinnacle_close_odds,pnl_published,pnl_pinnacle,dropped_reason
oddsintel,2026-05-04,Unirea Slobozia,AFC Hermannstadt,Liga I,1x2,home,2-2,False,3.35,3.18,-1,-1,
oddsintel,2026-05-04,Finn Harps,Bray Wanderers,First Division,1x2,home,2-1,True,3.25,2.87,2.25,1.87,
oddsintel,2026-05-04,Ruh Lviv,Zorya Luhansk,Premier League,1x2,home,1-2,False,4.5,3.73,-1,-1,
oddsintel,2026-05-04,Cremonese,Lazio,Serie A,1x2,home,1-2,False,3.15,3.21,-1,-1,
oddsintel,2026-05-06,Tochigi City,Yokohama FC,J2 League,1x2,home,2-2,False,3.4,3.19,-1,-1,
oddsintel,2026-05-06,Spartak Varna,Dobrudzha,First League,1x2,home,1-1,False,3.3,3.4,-1,-1,
oddsintel,2026-05-08,Carabobo FC,River Plate,CONMEBOL Sudamericana,1x2,home,1-2,False,4.4,4.18,-1,-1,
oddsintel,2026-05-08,Carabobo FC,River Plate,CONMEBOL Sudamericana,1x2,home,1-2,False,4.4,4.18,-1,-1,
oddsintel,2026-05-08,Independiente Medellin,Flamengo,CONMEBOL Libertadores,1x2,home,0-0,False,4.7,4.43,-1,-1,
oddsintel,2026-05-08,Toluca (W),América W,Liga MX Femenil,1x2,home,1-7,False,4.16,3.97,-1,-1,
oddsintel,2026-05-08,Toluca (W),América W,Liga MX Femenil,1x2,home,1-7,False,4.16,3.97,-1,-1,
oddsintel,2026-05-08,Prospect United,Bankstown City Lions,New South Wales NPL 2,1x2,home,0-1,False,3.6,2.81,-1,-1,
oddsintel,2026-05-08,Prospect United,Bankstown City Lions,New South Wales NPL 2,1x2,home,0-1,False,3.6,2.81,-1,-1,
oddsintel,2026-05-08,Eastern United,Fulham United,South Australia State League 1,1x2,home,0-0,False,5.0,4.37,-1,-1,
oddsintel,2026-05-08,Brunswick Juventus FC,Northcote City,Victoria NPL 2,1x2,home,1-0,True,3.05,2.49,2.05,1.4900000000000002,
oddsintel,2026-05-08,Brunswick Juventus FC,Northcote City,Victoria NPL 2,1x2,home,1-0,True,3.05,2.49,2.05,1.4900000000000002,
oddsintel,2026-05-08,West Torrens Birkalla,Playford City Patriots,South Australia NPL,1x2,home,3-3,False,2.83,2.83,-1,-1,
oddsintel,2026-05-08,Imisli FK,Zira,Premyer Liqa,1x2,home,0-0,False,4.2,4.03,-1,-1,
oddsintel,2026-05-08,Imisli FK,Zira,Premyer Liqa,1x2,home,0-0,False,4.2,4.03,-1,-1,
oddsintel,2026-05-08,Austria Salzburg,Austria Lustenau,2. Liga,1x2,home,2-2,False,3.85,3.8,-1,-1,
oddsintel,2026-05-08,1. FC Kaiserslautern,Arminia Bielefeld,2. Bundesliga,1x2,home,2-0,True,3.32,3.98,2.32,2.98,
oddsintel,2026-05-08,1. FC Kaiserslautern,Arminia Bielefeld,2. Bundesliga,1x2,home,2-0,True,3.32,3.98,2.32,2.98,
oddsintel,2026-05-08,Cadiz,Deportivo La Coruña,Segunda División,1x2,home,0-1,False,4.02,4.1,-1,-1,
oddsintel,2026-05-08,Cadiz,Deportivo La Coruña,Segunda División,1x2,home,0-1,False,4.02,4.1,-1,-1,
oddsintel,2026-05-08,Reggiana,Sampdoria,Serie B,1x2,home,1-0,True,3.65,3.58,2.65,2.58,
oddsintel,2026-05-08,Reggiana,Sampdoria,Serie B,1x2,home,1-0,True,3.65,3.58,2.65,2.58,
oddsintel,2026-05-08,Catanzaro,Bari,Serie B,1x2,home,2-3,False,2.83,2.99,-1,-1,
oddsintel,2026-05-08,Drogheda United,Derry City,Premier Division,1x2,home,1-0,True,3.4,3.17,2.4,2.17,
oddsintel,2026-05-08,Drogheda United,Derry City,Premier Division,1x2,home,1-0,True,3.4,3.17,2.4,2.17,
oddsintel,2026-05-08,Galway United,Shamrock Rovers,Premier Division,1x2,home,1-3,False,3.92,3.6,-1,-1,
oddsintel,2026-05-08,Galway United,Shamrock Rovers,Premier Division,1x2,home,1-3,False,3.92,3.6,-1,-1,
oddsintel,2026-05-08,Hull City,Millwall,Championship,1x2,home,0-0,False,3.15,3.05,-1,-1,
oddsintel,2026-05-08,Hull City,Millwall,Championship,1x2,home,0-0,False,3.15,3.05,-1,-1,
oddsintel,2026-05-08,Wanderers,Liverpool Montevideo,Primera División - Apertura,1x2,home,1-0,True,3.45,3.58,2.45,2.58,
oddsintel,2026-05-08,Wanderers,Liverpool Montevideo,Primera División - Apertura,1x2,home,1-0,True,3.45,3.58,2.45,2.58,
oddsintel,2026-05-09,Clermont Foot,Guingamp,Ligue 2,1x2,home,1-0,True,3.15,2.72,2.15,1.7200000000000002,
oddsintel,2026-05-09,Nancy,Dunkerque,Ligue 2,1x2,home,3-2,True,2.9,2.64,1.9,1.6400000000000001,
oddsintel,2026-05-09,Reims,Pau,Ligue 2,over_under_25,under,5-3,False,2.7,2.78,-1,-1,
oddsintel,2026-05-09,RAAL La Louvière,Cercle Brugge,Jupiler Pro League,1x2,home,4-1,True,3.22,2.86,2.22,1.8599999999999999,
oddsintel,2026-05-09,Liverpool,Chelsea,Premier League,over_under_25,under,1-1,True,3.0,2.48,2.0,1.48,
oddsintel,2026-05-09,Stal Mielec,Puszcza Niepołomice,I Liga,over_under_25,over,1-1,False,1.87,1.87,-1,-1,
oddsintel,2026-05-09,Lecce,Juventus,Serie A,over_under_25,under,0-1,True,2.23,1.88,1.23,0.8799999999999999,
oddsintel,2026-05-09,Larisa,Asteras Tripolis,Super League 1,1x2,home,1-1,False,2.69,2.73,-1,-1,
oddsintel,2026-05-09,Clermont Foot,Guingamp,Ligue 2,1x2,home,1-0,True,3.15,2.72,2.15,1.7200000000000002,
oddsintel,2026-05-13,Turku PS,HJS Akatemia,Suomen Cup,over_under_25,under,3-0,False,3.8,2.66,-1,-1,
oddsintel,2026-05-13,Throttur Reykjavik,Breidablik,Cup,1x2,home,1-2,False,4.4,3.42,-1,-1,
oddsintel,2026-05-13,Alaves,Barcelona,La Liga,over_under_25,under,1-0,True,2.65,2.3,1.65,1.2999999999999998,
oddsintel,2026-05-13,FK Crvena Zvezda,Vojvodina,Cup,over_under_25,under,2-2,False,2.62,2.52,-1,-1,
oddsintel,2026-05-13,Almere City FC,Willem II,Eerste Divisie,over_under_25,under,0-1,True,2.27,2.16,1.27,1.1600000000000001,
oddsintel,2026-05-15,Dijon,Orleans,National 1,over_under_25,under,3-2,False,2.3,2.31,-1,-1,
oddsintel,2026-05-15,Rizespor,Beşiktaş,Süper Lig,1x2,home,2-2,False,3.5,3.21,-1,-1,
oddsintel,2026-05-16,Chelsea W,Manchester United (W),FA WSL,over_under_25,under,1-0,True,2.2,2.34,1.2000000000000002,1.3399999999999999,
oddsintel,2026-05-16,SSV Ulm 1846,Rot-Weiß Essen,3. Liga,over_under_25,under,2-3,False,3.0,2.82,-1,-1,
oddsintel,2026-05-16,Chelsea,Manchester City,FA Cup,over_under_25,under,0-1,True,2.11,2.22,1.1099999999999999,1.2200000000000002,
oddsintel,2026-05-16,Juve Stabia,Monza,Serie B,1x2,home,2-2,False,4.05,2.98,-1,-1,
oddsintel,2026-05-16,Zulte-Waregem W,Westerlo (W),Super League Women,over_under_25,over,4-2,True,1.7,1.58,0.7,0.5800000000000001,
oddsintel,2026-05-17,Inter,Hellas Verona,Serie A,over_under_25,under,1-1,True,2.62,2.39,1.62,1.3900000000000001,
oddsintel,2026-05-17,Dundee,Aberdeen,Premiership,over_under_25,over,3-2,True,1.8,1.73,0.8,0.73,
oddsintel,2026-05-17,Hannover 96,1. FC Nürnberg,2. Bundesliga,over_under_25,under,3-3,False,2.83,2.56,-1,-1,
oddsintel,2026-05-17,Nice,Metz,Ligue 1,over_under_25,over,0-0,False,1.57,1.54,-1,-1,
oddsintel,2026-05-17,Panserraikos,Panetolikos,Super League 1,1x2,home,1-1,False,2.77,2.76,-1,-1,
oddsintel,2026-05-17,AEK Athens FC,Olympiakos Piraeus,Super League 1,1x2,home,1-1,False,3.38,2.94,-1,-1,
oddsintel,2026-05-17,KR Reykjavík,Fram Reykjavík,Úrvalsdeild,over_under_25,under,2-2,False,4.33,4.36,-1,-1,
oddsintel,2026-05-17,Baroka FC,Upington City,1st Division,1x2,home,0-0,False,3.75,2.79,-1,-1,
oddsintel,2026-05-18,Montana,Spartak Varna,First League,over_under_25,under,0-2,True,2.2,1.93,1.2000000000000002,0.9299999999999999,
oddsintel,2026-05-18,Waterford,Drogheda United,Premier Division,over_under_25,under,2-1,False,1.96,2.0,-1,-1,
oddsintel,2026-05-19,Rouen,Laval,Ligue 2,over_under_25,over,1-1,False,2.2,2.34,-1,-1,
oddsintel,2026-05-21,Al-Ittihad FC,Al-Qadisiyah FC,Pro League,over_under_25,under,1-5,False,2.7,2.65,-1,-1,
oddsintel,2026-05-22,Kingston City,Werribee City,Victoria Premier League 2,over_under_25,under,0-2,True,2.62,2.44,1.62,1.44,
oddsintel,2026-05-22,Twente W,PSV/Eindhoven W,Eredivisie Women,over_under_25,over,1-2,True,1.86,1.54,0.8600000000000001,0.54,
oddsintel,2026-05-22,Zagłębie Lubin II,Miedź Legnica II,III Liga - Group 3,over_under_25,under,1-3,False,2.75,2.7,-1,-1,
oddsintel,2026-05-22,Shamrock Rovers,Sligo Rovers,Premier Division,over_under_25,under,1-2,False,2.12,2.22,-1,-1,
oddsintel,2026-05-22,Genk (W),Zulte-Waregem W,Super League Women,1x2,home,1-2,False,3.0,2.19,-1,-1,
oddsintel,2026-05-22,Galway United,Bohemians,Premier Division,1x2,home,2-4,False,3.91,3.78,-1,-1,
oddsintel,2026-05-22,VPS,HJK Helsinki,Veikkausliiga,1x2,home,2-1,True,3.89,3.63,2.89,2.63,
oddsintel,2026-05-23,Falkenbergs FF,IFK Varnamo,Superettan,over_under_25,over,3-1,True,1.83,1.81,0.8300000000000001,0.81,
oddsintel,2026-05-23,Joondalup City,Inglewood United,Western Australia State League 1,over_under_25,under,0-1,True,2.5,2.36,1.5,1.3599999999999999,
oddsintel,2026-05-23,Gyeongnam FC,Suwon City FC,K League 2,1x2,home,3-2,True,3.75,3.31,2.75,2.31,
oddsintel,2026-05-23,Gyeongnam FC,Suwon City FC,K League 2,1x2,home,3-2,True,3.75,3.31,2.75,2.31,
oddsintel,2026-05-23,Standard Liege,Charleroi,Jupiler Pro League,over_under_25,under,0-2,True,1.94,1.74,0.94,0.74,
oddsintel,2026-05-23,Mallorca,Oviedo,La Liga,over_under_25,under,3-0,False,1.97,1.96,-1,-1,
oddsintel,2026-05-23,Portuguesa FC,Deportivo La Guaira,Primera División,over_under_25,over,0-2,False,2.41,2.41,-1,-1,
oddsintel,2026-05-23,FK Partizan,Radnik Surdulica,Super Liga,over_under_25,over,5-0,True,1.87,1.61,0.8700000000000001,0.6100000000000001,
oddsintel,2026-05-23,Hull City,Middlesbrough,Championship,over_under_25,under,1-0,True,1.76,1.7,0.76,0.7,
oddsintel,2026-05-23,Venezia U19,Padova U19,Campionato Primavera - 2,over_under_25,under,0-1,True,2.38,2.07,1.38,1.0699999999999998,
oddsintel,2026-05-23,Kleinmünchen / BW Linz W,Rheindorf Altach W,Frauenliga,over_under_25,under,1-0,True,2.5,2.19,1.5,1.19,
oddsintel,2026-05-23,Valencia,Barcelona,La Liga,1x2,home,3-1,True,3.65,3.43,2.65,2.43,
oddsintel,2026-05-24,Torino,Juventus,Serie A,over_under_25,under,2-2,False,2.1,2.06,-1,-1,
oddsintel,2026-05-24,FC Andorra,AD Ceuta FC,Segunda División,over_under_25,under,0-2,True,2.62,2.67,1.62,1.67,
oddsintel,2026-05-24,Laval,Rouen,Ligue 2,over_under_25,over,1-0,False,2.35,2.35,-1,-1,
oddsintel,2026-05-25,Paju Citizen,Gimpo Citizen,K League 2,over_under_25,over,0-1,False,2.35,2.19,-1,-1,
oddsintel,2026-05-25,Parma U20,Cesena U20,Campionato Primavera - 1,over_under_25,under,0-0,True,2.2,2.2,1.2000000000000002,1.2000000000000002,
oddsintel,2026-05-25,Lokomotiv Plovdiv,Botev Plovdiv,First League,1x2,home,2-1,True,3.35,2.63,2.35,1.63,
oddsintel,2026-05-26,Racing Club Res.,Tigre Res.,Reserve League,over_under_25,under,2-1,False,1.85,1.76,-1,-1,
oddsintel,2026-05-27,Independiente Riva. Res.,Central Córdoba SdE Res.,Reserve League,over_under_25,under,2-1,False,1.8,1.85,-1,-1,
oddsintel,2026-05-27,Catania,Ascoli,Serie C - Promotion - Play-offs,1x2,home,2-1,True,2.75,2.39,1.75,1.3900000000000001,
oddsintel,2026-05-27,Catania,Ascoli,Serie C - Promotion - Play-offs,1x2,home,2-1,True,2.75,2.39,1.75,1.3900000000000001,
oddsintel,2026-05-27,Union Brescia,Salernitana,Serie C - Promotion - Play-offs,1x2,home,2-0,True,2.71,2.22,1.71,1.2200000000000002,
oddsintel,2026-05-27,Union Brescia,Salernitana,Serie C - Promotion - Play-offs,1x2,home,2-0,True,2.71,2.22,1.71,1.2200000000000002,
oddsintel,2026-05-27,Sporting JAX,San Antonio,USL Championship,1x2,home,4-4,False,3.58,3.58,-1,-1,
oddsintel,2026-05-27,Sporting JAX,San Antonio,USL Championship,1x2,home,4-4,False,3.58,3.58,-1,-1,
oddsintel,2026-05-29,FAP,Grafičar,Prva Liga,1x2,home,3-1,True,2.6,,1.6,,no_pinnacle_close
oddsintel,2026-05-29,ES Hammam-Sousse,Progrès Sakiet Eddaïer,Ligue 2,1x2,home,2-3,False,2.62,2.66,-1,-1,
oddsintel,2026-05-29,Frýdek-Místek,Hodonín,3. liga - MSFL,1x2,home,1-1,False,2.75,2.74,-1,-1,
oddsintel,2026-05-29,Hranice,Karviná II,3. liga - MSFL,1x2,home,0-0,False,2.35,2.02,-1,-1,
oddsintel,2026-05-29,Hranice,Karviná II,3. liga - MSFL,1x2,home,0-0,False,2.35,2.02,-1,-1,
oddsintel,2026-05-29,Drogheda United,Waterford,Premier Division,over_under_25,under,3-3,False,2.04,1.88,-1,-1,
oddsintel,2026-05-29,Al Jazira Al Hamra,Al Fujairah SC,Division 1,1x2,home,3-1,True,2.95,2.04,1.9500000000000002,1.04,
oddsintel,2026-05-29,Al Jazira Al Hamra,Al Fujairah SC,Division 1,1x2,home,3-1,True,2.95,2.04,1.9500000000000002,1.04,
oddsintel,2026-05-29,West Torrens Birkalla,Adelaide Comets,South Australia NPL,over_under_25,under,4-1,False,2.62,2.58,-1,-1,
oddsintel,2026-05-29,Tartu Kalev,Levadia U19,Esiliiga B,1x2,home,2-0,True,2.0,1.57,1.0,0.5700000000000001,
oddsintel,2026-05-29,Ilves II,HJS Akatemia,Kakkonen - Lohko B,1x2,home,0-0,False,2.4,2.02,-1,-1,
oddsintel,2026-05-29,Ilves II,HJS Akatemia,Kakkonen - Lohko B,1x2,home,0-0,False,2.4,2.02,-1,-1,
oddsintel,2026-05-29,Rudes,Sesvete,First NL,over_under_25,over,3-1,True,2.39,2.19,1.3900000000000001,1.19,
oddsintel,2026-05-29,Kluczbork,Ślęza Wrocław,III Liga - Group 3,over_under_25,under,6-0,False,2.65,2.5,-1,-1,
oddsintel,2026-05-29,One Knoxville,Greenville Triumph,USL League One,1x2,home,2-0,True,2.08,1.92,1.08,0.9199999999999999,
oddsintel,2026-05-29,SOL DE America,Deportivo Santani,Division Intermedia,1x2,home,0-0,False,2.27,1.98,-1,-1,
oddsintel,2026-05-30,WDA Swiecie,Noteć Czarnków,III Liga - Group 2,1x2,home,1-3,False,2.51,2.49,-1,-1,
oddsintel,2026-05-30,Central Ballester,Deportivo Español,Primera C,1x2,home,0-0,False,3.05,3.02,-1,-1,
oddsintel,2026-05-30,Central Ballester,Deportivo Español,Primera C,1x2,home,0-0,False,3.05,3.02,-1,-1,
oddsintel,2026-05-30,Comunicaciones,Deportivo Armenio,Primera B Metropolitana,1x2,home,0-1,False,2.15,2.05,-1,-1,
oddsintel,2026-05-30,All Boys,Los Andes,Primera Nacional,over_under_25,over,0-0,False,3.77,3.78,-1,-1,
oddsintel,2026-05-30,Defensores De Belgrano,San Telmo,Primera Nacional,over_under_25,over,1-0,False,2.7,2.54,-1,-1,
oddsintel,2026-05-30,Vitória ES,Real Noroeste,Serie D,over_under_25,over,1-1,False,2.3,2.25,-1,-1,
oddsintel,2026-05-30,Canberra Juventus,Tuggeranong United,Capital Territory NPL,1x2,home,5-0,True,2.45,2.08,1.4500000000000002,1.08,
oddsintel,2026-05-30,Atlético Tembetary,Benjamín Aceval,Division Intermedia,1x2,home,4-3,True,2.65,2.54,1.65,1.54,
oddsintel,2026-05-30,Forward,Rågsved,Division 2 - Södra Svealand,1x2,home,4-3,True,2.75,2.11,1.75,1.1099999999999999,
oddsintel,2026-05-30,Falkenbergs FF,Oddevold,Superettan,1x2,home,2-1,True,2.45,2.52,1.4500000000000002,1.52,
oddsintel,2026-05-30,UNSW,Wollongong Wolves,New South Wales NPL,1x2,home,1-0,True,2.55,2.31,1.5499999999999998,1.31,
oddsintel,2026-05-30,Adelaide United II,Playford City Patriots,South Australia NPL,1x2,home,0-0,False,2.55,2.18,-1,-1,
oddsintel,2026-05-30,Glenorchy Knights,Launceston City,Tasmania NPL,1x2,home,1-2,False,2.55,2.16,-1,-1,
oddsintel,2026-05-30,Hurstville FC,Rydalmere Lions,New South Wales NPL 2,1x2,home,1-0,True,2.5,2.2,1.5,1.2000000000000002,
oddsintel,2026-05-30,Armadale,Perth Glory II,Western Australia NPL,1x2,home,3-2,True,2.38,2.15,1.38,1.15,
oddsintel,2026-05-30,Murdoch Melville,Kingsley Westside,Western Australia State League 1,1x2,home,3-1,True,2.92,2.24,1.92,1.2400000000000002,
oddsintel,2026-05-30,Murdoch Melville,Kingsley Westside,Western Australia State League 1,1x2,home,3-1,True,2.92,2.24,1.92,1.2400000000000002,
oddsintel,2026-05-30,Murdoch Melville,Kingsley Westside,Western Australia State League 1,1x2,home,3-1,True,2.92,2.24,1.92,1.2400000000000002,
oddsintel,2026-05-30,Loko Vltavín,Dukla Praha II,3. liga - CFL A,over_under_25,under,2-2,False,2.15,2.15,-1,-1,
oddsintel,2026-05-30,Gimhae City,Gimpo Citizen,K League 2,over_under_25,over,1-2,True,2.1,2.06,1.1,1.06,
oddsintel,2026-05-30,Qingdao Youth Island,Shanghai Shenhua,Super League,over_under_25,under,2-2,False,2.2,2.09,-1,-1,
oddsintel,2026-05-30,Goczałkowice Zdrój,Zagłębie Lubin II,III Liga - Group 3,1x2,home,3-2,True,2.4,2.27,1.4,1.27,
oddsintel,2026-05-30,Trollhättan,Atvidabergs FF,Ettan - Södra,1x2,home,3-3,False,2.33,2.17,-1,-1,
oddsintel,2026-05-30,Tvååker,Kristianstad,Ettan - Södra,1x2,home,1-2,False,2.1,2.22,-1,-1,
oddsintel,2026-05-30,AD Ceuta FC,Albacete,Segunda División,1x2,home,1-0,True,2.4,2.69,1.4,1.69,
oddsintel,2026-05-30,AD Ceuta FC,Albacete,Segunda División,1x2,home,1-0,True,2.4,2.69,1.4,1.69,
oddsintel,2026-05-30,Real Sociedad II,Cultural Leonesa,Segunda División,1x2,home,1-1,False,2.34,2.25,-1,-1,
oddsintel,2026-05-30,Lipno Stęszew,Unia Swarzędz,III Liga - Group 2,1x2,home,4-3,True,2.7,2.7,1.7000000000000002,1.7000000000000002,
oddsintel,2026-05-30,Porto BA,Tombense,Serie D,over_under_25,over,1-3,True,2.35,2.23,1.35,1.23,
oddsintel,2026-05-30,Claypole,Central Cordoba,Primera C,1x2,home,2-2,False,2.95,2.65,-1,-1,
oddsintel,2026-05-30,El Porvenir,Deportivo Muñiz,Primera C,1x2,home,2-1,True,1.93,2.09,0.9299999999999999,1.0899999999999999,
oddsintel,2026-05-30,Argentino Rosario,Estrella Del Sur,Primera C,1x2,home,1-1,False,2.5,2.33,-1,-1,
oddsintel,2026-05-30,Puerto Nuevo,Mercedes,Primera C,1x2,home,1-1,False,2.9,3.21,-1,-1,
oddsintel,2026-05-30,Treze,Lagarto,Serie D,over_under_25,under,1-2,False,1.8,1.71,-1,-1,
oddsintel,2026-06-02,Deportivo Merlo,Deportivo Laferrere,Primera B Metropolitana,1x2,home,2-1,True,2.4,,1.4,,no_pinnacle_close
oddsintel,2026-05-30,Defensores de Cambaceres,Centro Español,Primera C,1x2,home,1-1,False,2.55,2.74,-1,-1,
oddsintel,2026-05-30,Pittsburgh Riverhounds,Miami FC,USL Championship,over_under_25,under,2-0,True,1.95,2.03,0.95,1.0299999999999998,
oddsintel,2026-05-30,Chattanooga Red Wolves,Charlotte Independence,USL League One,1x2,home,2-3,False,2.33,2.29,-1,-1,
oddsintel,2026-05-30,New York City II,Columbus Crew II,MLS Next Pro,1x2,home,2-3,False,2.43,2.22,-1,-1,
oddsintel,2026-05-30,Sarasota Paradise,NY Cosmos,USL League One,1x2,home,2-1,True,1.74,1.68,0.74,0.6799999999999999,
oddsintel,2026-05-30,Spjelkavik,Byåsen,3. Division - Girone 2,1x2,home,4-0,True,2.72,2.27,1.7200000000000002,1.27,
oddsintel,2026-05-30,BFA,Jonava,1 Lyga,1x2,home,1-0,True,2.4,2.44,1.4,1.44,
oddsintel,2026-05-30,Real Sociedad II,Cultural Leonesa,Segunda División,1x2,home,1-1,False,2.34,2.25,-1,-1,
oddsintel,2026-05-30,Sampaio Corrêa RJ,Velo Clube,Serie D,over_under_25,over,1-0,False,2.5,2.49,-1,-1,
oddsintel,2026-05-30,Suwon City FC,Seongnam FC,K League 2,1x2,home,0-0,False,2.25,2.25,-1,-1,
oddsintel,2026-05-30,Marconi Stallions,Rockdale City Suns,New South Wales NPL,over_under_25,under,1-1,True,2.5,2.3,1.5,1.2999999999999998,
oddsintel,2026-05-30,Breitenrain,Young Boys II,1. Liga Promotion,1x2,home,3-0,True,2.32,1.94,1.3199999999999998,0.94,
oddsintel,2026-05-30,Jiskra Domažlice,Viktoria Plzeň II,3. liga - CFL A,1x2,home,5-2,True,1.95,1.95,0.95,0.95,
oddsintel,2026-05-30,Gnistan,SJK,Veikkausliiga,over_under_25,over,3-2,True,1.74,1.7,0.74,0.7,
oddsintel,2026-05-30,Gremio,Corinthians,Serie A,over_under_25,over,1-3,True,2.5,2.53,1.5,1.5299999999999998,
oddsintel,2026-05-30,Resistencia,Fernando De La Mora,Division Intermedia,1x2,home,3-1,True,2.27,1.95,1.27,0.95,
oddsintel,2026-05-30,Resistencia,Fernando De La Mora,Division Intermedia,over_under_25,over,3-1,True,2.35,2.14,1.35,1.1400000000000001,
oddsintel,2026-05-30,Floresta,Confiança,Serie C,1x2,home,1-0,True,2.87,2.54,1.87,1.54,
oddsintel,2026-05-30,Resistencia,Fernando De La Mora,Division Intermedia,1x2,home,3-1,True,2.8,1.95,1.7999999999999998,0.95,
oddsintel,2026-05-30,Cartusia Kartuzy,Zawisza Bydgoszcz,III Liga - Group 2,1x2,home,0-2,False,4.8,3.15,-1,-1,
oddsintel,2026-05-30,Naprzód,Stal Kraśnik,III Liga - Group 4,1x2,home,0-3,False,2.55,2.09,-1,-1,
oddsintel,2026-05-30,Naprzód,Stal Kraśnik,III Liga - Group 4,1x2,home,0-3,False,2.55,2.09,-1,-1,
oddsintel,2026-05-30,Kimberley Mar del Plata,Germinal de Rawson,Torneo Federal A,over_under_25,under,1-0,True,1.53,1.38,0.53,0.3799999999999999,
oddsintel,2026-05-30,Wiener Viktoria,Oberwart,Regionalliga - Ost,1x2,home,2-2,False,3.1,2.37,-1,-1,
oddsintel,2026-05-30,Wiener Viktoria,Oberwart,Regionalliga - Ost,1x2,home,2-2,False,3.1,2.37,-1,-1,
oddsintel,2026-05-30,Lujan,Leones de Rosario,Primera C,over_under_25,over,2-0,False,2.79,2.79,-1,-1,
oddsintel,2026-05-30,Granada CF,Sporting Gijon,Segunda División,1x2,home,1-2,False,2.57,2.47,-1,-1,
oddsintel,2026-05-30,Granada CF,Sporting Gijon,Segunda División,1x2,home,1-2,False,2.57,2.47,-1,-1,
oddsintel,2026-05-30,Ceilândia,Goiatuba EC,Serie D,1x2,home,1-1,False,2.67,2.49,-1,-1,
oddsintel,2026-05-31,Polanka nad Odrou,Unie Hlubina,3. liga - MSFL,1x2,home,2-4,False,3.1,,-1,,no_pinnacle_close
oddsintel,2026-05-31,Polanka nad Odrou,Unie Hlubina,3. liga - MSFL,1x2,home,2-4,False,3.1,,-1,,no_pinnacle_close
oddsintel,2026-05-31,IAPE,Sampaio Correa,Serie D,over_under_25,over,1-3,True,2.5,2.65,1.5,1.65,
oddsintel,2026-05-31,Poblense,Águilas,Segunda División RFEF - Play-offs,over_under_25,under,1-1,True,1.62,1.62,0.6200000000000001,0.6200000000000001,
oddsintel,2026-05-31,Eibar W,Edf Logrono W,Primera División Femenina,1x2,home,2-1,True,2.55,2.05,1.5499999999999998,1.0499999999999998,
oddsintel,2026-05-31,Sol de Mayo,Santamarina,Torneo Federal A,1x2,home,3-2,True,2.05,2.08,1.0499999999999998,1.08,
oddsintel,2026-05-31,Caudal,Covadonga,Tercera División RFEF - Group 2,over_under_25,under,2-1,False,1.7,1.63,-1,-1,
oddsintel,2026-05-31,Tuna Luso,Trem,Serie D,over_under_25,over,1-0,False,1.79,1.71,-1,-1,
oddsintel,2026-05-31,Atlético Baleares,Real Jaén,Segunda División RFEF - Play-offs,1x2,home,1-2,False,2.3,2.0,-1,-1,
oddsintel,2026-05-31,Atlético Baleares,Real Jaén,Segunda División RFEF - Play-offs,1x2,home,1-2,False,2.3,2.0,-1,-1,
oddsintel,2026-05-31,Leganes,Mirandes,Segunda División,1x2,home,1-0,True,2.13,2.19,1.13,1.19,
oddsintel,2026-05-31,Germany,Finland,Friendlies,over_under_25,under,4-0,False,3.6,3.86,-1,-1,
oddsintel,2026-05-31,San Martín Mendoza,Cipolletti,Torneo Federal A,1x2,home,1-0,True,2.38,1.53,1.38,0.53,
oddsintel,2026-05-31,Sao Jose,Independiente FSJ,Serie D,over_under_25,over,1-0,False,3.0,2.68,-1,-1,
oddsintel,2026-05-31,Westchester Flames,Staten Island Athletic,USL League Two,1x2,home,1-3,False,2.36,2.37,-1,-1,
oddsintel,2026-05-31,Sao Jose,Independiente FSJ,Serie D,1x2,home,1-0,True,2.35,1.8,1.35,0.8,
oddsintel,2026-05-31,Korsnäs,Viggbyholms IK,Division 2 - Norra Svealand,over_under_25,under,0-1,True,2.7,2.46,1.7000000000000002,1.46,
oddsintel,2026-05-31,Tacoma Stars,Bangers,USL League Two,over_under_25,over,3-4,True,1.5,1.44,0.5,0.43999999999999995,
oddsintel,2026-05-31,El Nacional,LDU Portoviejo,Liga Pro Serie B,1x2,home,0-1,False,3.15,2.34,-1,-1,
oddsintel,2026-05-31,Gent,Genk,Jupiler Pro League,1x2,home,1-1,False,3.05,2.1,-1,-1,
oddsintel,2026-05-31,Gent,Genk,Jupiler Pro League,1x2,home,1-1,False,3.05,2.1,-1,-1,
oddsintel,2026-05-31,Vllaznia Shkodër,AF Elbasani,Superliga,1x2,home,1-2,False,2.7,2.34,-1,-1,
oddsintel,2026-06-01,Uniclinic Atletico Clube,Piauí,Serie D,over_under_25,under,0-1,True,1.62,1.61,0.6200000000000001,0.6100000000000001,
oddsintel,2026-06-01,Leones del Norte,Macará,Liga Pro,1x2,home,1-1,False,3.25,2.95,-1,-1,
oddsintel,2026-06-02,Assyriska FF,Enköping,Ettan - Norra,1x2,home,4-2,True,2.5,,1.5,,no_pinnacle_close
oddsintel,2026-06-03,Olympic,Lund,Ettan - Södra,1x2,home,1-3,False,2.52,2.58,-1,-1,
oddsintel,2026-06-03,ADO '20,Ijsselmeervogels,Tweede Divisie,1x2,home,0-7,False,3.2,2.9,-1,-1,
oddsintel,2026-06-03,Neusiedl,Wiener Viktoria,Regionalliga - Ost,1x2,home,2-5,False,3.15,2.57,-1,-1,
oddsintel,2026-06-03,Neusiedl,Wiener Viktoria,Regionalliga - Ost,1x2,home,2-5,False,3.15,2.57,-1,-1,
oddsintel,2026-06-04,Sölvesborg,Torns,Division 2 - Södra Götaland,over_under_25,under,1-3,False,3.0,2.45,-1,-1,
oddsintel,2026-06-05,Seongnam FC,Gimhae City,K League 2,over_under_25,over,1-1,False,2.18,2.08,-1,-1,
oddsintel,2026-06-05,FBK Karlstad,IF Karlstad,Ettan - Norra,1x2,home,2-3,False,2.9,3.14,-1,-1,
oddsintel,2026-06-05,FBK Karlstad,IF Karlstad,Ettan - Norra,1x2,home,2-3,False,2.9,3.14,-1,-1,
oddsintel,2026-06-05,HK Kopavogur,Afturelding,1. Deild,1x2,home,2-1,True,2.85,3.05,1.85,2.05,
oddsintel,2026-06-05,HK Kopavogur,Afturelding,1. Deild,1x2,home,2-1,True,2.85,3.05,1.85,2.05,
oddsintel,2026-06-05,Sydney FC U23,NWS Spirit,New South Wales NPL,1x2,home,1-0,True,2.88,2.76,1.88,1.7599999999999998,
oddsintel,2026-06-05,St. Anna,Wohnbau Dietach,Regionalliga - Mitte,1x2,home,1-3,False,2.82,2.35,-1,-1,
oddsintel,2026-06-05,Germany W,Norway W,World Cup - Women - Qualification Europe,over_under_25,under,2-0,True,2.5,2.77,1.5,1.77,
oddsintel,2026-06-05,Talleres Remedios,Deportivo Merlo,Primera B Metropolitana,1x2,home,2-0,True,2.46,2.48,1.46,1.48,
oddsintel,2026-06-05,St. Anna,Wohnbau Dietach,Regionalliga - Mitte,over_under_25,under,1-3,False,2.62,2.29,-1,-1,
oddsintel,2026-06-05,FBK Karlstad,IF Karlstad,Ettan - Norra,1x2,home,2-3,False,3.2,3.14,-1,-1,
oddsintel,2026-06-06,Gyeongnam FC,Yongin City,K League 2,over_under_25,over,2-2,True,2.03,2.05,1.0299999999999998,1.0499999999999998,
oddsintel,2026-06-06,Unie Hlubina,Uničov,3. liga - MSFL,1x2,home,1-2,False,2.85,,-1,,no_pinnacle_close
oddsintel,2026-06-06,Deportivo Español,Claypole,Primera C,1x2,home,1-0,True,2.35,2.41,1.35,1.4100000000000001,
oddsintel,2026-06-06,Estrella Del Sur,Sacachispas,Primera C,1x2,home,0-0,False,2.67,2.53,-1,-1,
oddsintel,2026-06-06,Yupanqui,Central Cordoba,Primera C,1x2,home,2-1,True,2.88,2.77,1.88,1.77,
oddsintel,2026-06-06,Albirex Niigata,Consadole Sapporo,J2 League,1x2,home,0-0,False,2.7,2.51,-1,-1,
oddsintel,2026-06-06,Bankstown City Lions,Northern Tigers,New South Wales NPL 2,1x2,home,1-1,False,2.88,2.28,-1,-1,
oddsintel,2026-06-06,Inter Lions,Hurstville FC,New South Wales NPL 2,1x2,home,2-1,True,3.34,2.63,2.34,1.63,
oddsintel,2026-06-06,Inter Lions,Hurstville FC,New South Wales NPL 2,1x2,home,2-1,True,3.34,2.63,2.34,1.63,
oddsintel,2026-06-06,Karviná II,Zbrojovka Brno II,3. liga - MSFL,1x2,home,2-0,True,2.75,,1.75,,no_pinnacle_close
oddsintel,2026-06-06,MyPa,PPJ,Kakkonen - Lohko A,1x2,home,1-3,False,3.25,2.73,-1,-1,
oddsintel,2026-06-06,MyPa,PPJ,Kakkonen - Lohko A,1x2,home,1-3,False,3.25,2.73,-1,-1,
oddsintel,2026-06-06,Brown DE Adrogue,Comunicaciones,Primera B Metropolitana,1x2,home,1-2,False,3.05,2.68,-1,-1,
oddsintel,2026-06-06,Brown DE Adrogue,Comunicaciones,Primera B Metropolitana,1x2,home,1-2,False,3.05,2.68,-1,-1,
oddsintel,2026-06-06,Deportivo Armenio,Defensores Unidos,Primera B Metropolitana,1x2,home,3-0,True,2.5,2.23,1.5,1.23,
oddsintel,2026-06-06,Flandria,Argentino Quilmes,Primera B Metropolitana,1x2,home,0-1,False,2.88,2.51,-1,-1,
oddsintel,2026-06-06,Flandria,Argentino Quilmes,Primera B Metropolitana,1x2,home,0-1,False,2.88,2.51,-1,-1,
oddsintel,2026-06-06,Argentino Rosario,Lugano,Primera C,1x2,home,2-1,True,2.33,2.06,1.33,1.06,
oddsintel,2026-06-06,Fernando De La Mora,Guairena FC,Division Intermedia,1x2,home,1-3,False,2.77,2.2,-1,-1,
oddsintel,2026-06-06,Lorain County Leviathan,Pittsburgh Riverhounds 2,USL League Two,1x2,home,3-2,True,2.42,,1.42,,no_pinnacle_close
oddsintel,2026-06-06,Westchester Flames,New Jersey Copa,USL League Two,1x2,home,2-4,False,2.7,2.78,-1,-1,
oddsintel,2026-06-06,Angby,Täby,Division 2 - Norra Svealand,1x2,home,1-0,True,3.2,2.42,2.2,1.42,
oddsintel,2026-06-06,Excursionistas,San Martín Burzaco,Primera B Metropolitana,over_under_25,over,2-0,False,3.0,2.18,-1,-1,
oddsintel,2026-06-06,Huima / Urho,Jaro 2,Kakkonen - Lohko C,1x2,home,7-1,True,2.72,2.38,1.7200000000000002,1.38,
oddsintel,2026-06-06,Vikingur Olafsiik,Kári,2. Deild,1x2,home,3-3,False,3.0,2.74,-1,-1,
oddsintel,2026-06-06,Atlético Madrid II,Ponferradina,Primera División RFEF - Play Offs,1x2,home,0-1,False,2.31,2.21,-1,-1,
oddsintel,2026-06-06,San Miguel,Defensores De Belgrano,Primera Nacional,1x2,home,0-0,False,2.6,2.52,-1,-1,
oddsintel,2026-06-06,Boston Bolts,AC Connecticut,USL League Two,1x2,home,3-2,True,1.93,1.56,0.9299999999999999,0.56,
oddsintel,2026-06-06,Westchester Flames,New Jersey Copa,USL League Two,1x2,home,2-4,False,2.85,2.78,-1,-1,
oddsintel,2026-06-06,JJ Urquiza,Puerto Nuevo,Primera C,1x2,home,0-1,False,2.35,,-1,,no_pinnacle_close
oddsintel,2026-06-06,Appalachian,Hickory,USL League Two,1x2,home,2-1,True,2.35,,1.35,,no_pinnacle_close
oddsintel,2026-06-06,East Atlanta,Apotheos,USL League Two,1x2,home,2-4,False,2.45,,-1,,no_pinnacle_close
oddsintel,2026-06-06,Swarm FC,Birmingham Legion II,USL League Two,1x2,home,3-1,True,2.45,,1.4500000000000002,,no_pinnacle_close
oddsintel,2026-06-07,Gold Coast United,WDSC Wolves,Queensland NPL,1x2,home,1-2,False,3.3,2.78,-1,-1,
oddsintel,2026-06-07,Gold Coast United,WDSC Wolves,Queensland NPL,1x2,home,1-2,False,3.3,2.78,-1,-1,
oddsintel,2026-06-07,St George Willawong,Redlands United,Queensland Premier League,over_under_25,under,0-3,False,3.0,2.8,-1,-1,
oddsintel,2026-06-07,Helges,Kungsängen,Division 2 - Norra Svealand,over_under_25,under,1-4,False,2.75,2.38,-1,-1,
oddsintel,2026-06-07,São Luiz,Joinville,Serie D,1x2,home,3-1,True,2.6,2.36,1.6,1.3599999999999999,
oddsintel,2026-06-07,Nova Iguaçu,XV de Piracicaba,Serie D,1x2,home,1-0,True,2.62,2.38,1.62,1.38,
oddsintel,2026-06-07,All Boys,Racing Cordoba,Primera Nacional,over_under_25,over,1-1,False,3.5,3.51,-1,-1,
oddsintel,2026-06-07,Deportivo Muñiz,Central Ballester,Primera C,1x2,home,4-0,True,2.43,2.36,1.4300000000000002,1.3599999999999999,
oddsintel,2026-06-07,General Lamadrid,Lujan,Primera C,1x2,home,0-1,False,2.42,2.33,-1,-1,
oddsintel,2026-06-07,Celta de Vigo II,Europa Fc,Primera División RFEF - Play Offs,over_under_25,over,3-2,True,2.3,2.22,1.2999999999999998,1.2200000000000002,
oddsintel,2026-06-07,Guarani de Palhoça,Tubarao,Catarinense - 2,1x2,home,2-2,False,3.55,4.09,-1,-1,
oddsintel,2026-06-07,Santamarina,Kimberley Mar del Plata,Torneo Federal A,1x2,home,1-0,True,2.73,2.64,1.73,1.6400000000000001,
oddsintel,2026-06-07,Club Atlético Güemes,Deportivo Maipu,Primera Nacional,1x2,home,1-0,True,2.63,2.27,1.63,1.27,
oddsintel,2026-06-08,Provincial Ovalle,Trasandino,Segunda División,1x2,home,1-1,False,2.65,2.25,-1,-1,
oddsintel,2026-06-08,UAI Urquiza,Liniers,Primera B Metropolitana,1x2,home,2-1,True,2.7,2.79,1.7000000000000002,1.79,
oddsintel,2026-06-08,Angelholms FF,Olympic,Ettan - Södra,1x2,home,1-1,False,2.304,2.11,-1,-1,
oddsintel,2026-06-08,Järfälla,Stocksund,Ettan - Norra,1x2,home,1-6,False,1.782,1.73,-1,-1,
oddsintel,2026-06-08,Järfälla,Stocksund,Ettan - Norra,1x2,home,1-6,False,1.782,1.73,-1,-1,
oddsintel,2026-06-08,Gimnasia La Plata Res.,Godoy Cruz Res.,Reserve League,1x2,home,0-2,False,1.73,1.58,-1,-1,
oddsintel,2026-06-08,Gimnasia La Plata Res.,Godoy Cruz Res.,Reserve League,1x2,home,0-2,False,1.73,1.58,-1,-1,
oddsintel,2026-06-08,Wydad AC,Olympique Safi,Botola Pro,1x2,home,1-0,True,1.57,1.53,0.5700000000000001,0.53,
oddsintel,2026-06-08,Kiffen,PuiU Helsinki,Kakkonen - Lohko A,1x2,home,2-0,True,1.67,1.72,0.6699999999999999,0.72,
oddsintel,2026-06-08,Täfteå,Umeå FC Akademi,Division 2 - Norrland,1x2,home,3-0,True,1.44,1.28,0.43999999999999995,0.28,
oddsintel,2026-06-08,Berazategui,Juventud Unida,Primera C,1x2,home,2-1,True,1.75,1.54,0.75,0.54,
oddsintel,2026-06-08,Liverpool Montevideo,Cerro Largo,Primera División - Apertura,1x2,home,0-0,False,1.93,1.93,-1,-1,
oddsintel,2026-06-08,3 de Noviembre,General Caballero,Division Intermedia,1x2,home,2-3,False,4.75,3.21,-1,-1,
oddsintel,2026-06-08,Uni Souza,Barcelona RJ,Carioca C,1x2,home,2-0,True,1.53,,0.53,,no_pinnacle_close
oddsintel,2026-06-08,Berazategui,Juventud Unida,Primera C,1x2,home,2-1,True,1.75,1.54,0.75,0.54,
oddsintel,2026-06-08,Renaissance Berkane,Ittihad Tanger,Botola Pro,1x2,home,1-0,True,1.7,1.59,0.7,0.5900000000000001,
oddsintel,2026-06-08,Atletico Nacional,Junior,Primera A,1x2,home,1-0,True,1.53,1.47,0.53,0.47,
oddsintel,2026-06-09,Indonesia,Mozambique,Friendlies,1x2,home,1-0,True,1.47,1.46,0.47,0.45999999999999996,
oddsintel,2026-06-09,Mes Kerman,Naft Gachsaran,Azadegan League,1x2,home,0-0,False,1.75,1.94,-1,-1,
oddsintel,2026-06-09,Slovenia W,Germany W,World Cup - Women - Qualification Europe,over_under_25,under,0-2,True,3.0,2.71,2.0,1.71,
oddsintel,2026-06-09,Osters IF,IFK Varnamo,Superettan,1x2,home,3-0,True,2.032,2.03,1.032,1.0299999999999998,
oddsintel,2026-06-09,Osters IF,IFK Varnamo,Superettan,over_under_25,over,3-0,True,1.631,1.61,0.631,0.6100000000000001,
oddsintel,2026-06-09,Osters IF,IFK Varnamo,Superettan,over_under_25,over,3-0,True,1.631,1.61,0.631,0.6100000000000001,
oddsintel,2026-06-09,Osters IF,IFK Varnamo,Superettan,over_under_25,over,3-0,True,2.6,1.61,1.6,0.6100000000000001,
oddsintel,2026-06-09,Almeria,Castellón,Segunda División,1x2,home,3-2,True,2.41,2.41,1.4100000000000001,1.4100000000000001,
oddsintel,2026-06-09,Evergreen,Charlottesville Blues,USL League Two,1x2,home,0-1,False,1.91,1.98,-1,-1,
oddsintel,2026-06-09,Evergreen,Charlottesville Blues,USL League Two,1x2,home,0-1,False,1.91,1.98,-1,-1,
oddsintel,2026-06-09,Nassaji Mazandaran,Shenavarsazi Qeshm,Azadegan League,1x2,home,2-0,True,1.38,1.24,0.3799999999999999,0.24,
oddsintel,2026-06-09,Angola,Central African Republic,Friendlies,1x2,home,3-0,True,1.65,1.47,0.6499999999999999,0.47,
oddsintel,2026-06-09,Angola,Central African Republic,Friendlies,1x2,home,3-0,True,1.65,1.47,0.6499999999999999,0.47,
oddsintel,2026-06-09,Serbia W,Denmark W,World Cup - Women - Qualification Europe,over_under_25,under,1-4,False,2.3,2.04,-1,-1,
oddsintel,2026-06-09,9 de Octubre,Cuniburo,Liga Pro Serie B,1x2,home,2-1,True,2.7,1.94,1.7000000000000002,0.94,
oddsintel,2026-06-09,9 de Octubre,Cuniburo,Liga Pro Serie B,1x2,home,2-1,True,2.7,1.94,1.7000000000000002,0.94,
oddsintel,2026-06-09,Norway W,Austria W,World Cup - Women - Qualification Europe,1x2,home,2-1,True,1.53,1.43,0.53,0.42999999999999994,
oddsintel,2026-06-10,Orebro SK,GIF Sundsvall,Superettan,over_under_25,over,0-1,False,1.99,1.99,-1,-1,
oddsintel,2026-06-10,Ind. Juniors,Deportivo Cuenca Juniors,Liga Pro Serie B,1x2,home,4-0,True,1.88,1.94,0.8799999999999999,0.94,
oddsintel,2026-06-10,Varbergs BoIS FC,Norrby IF,Superettan,over_under_25,over,2-0,False,1.83,1.71,-1,-1,
oddsintel,2026-06-10,Varbergs BoIS FC,Norrby IF,Superettan,1x2,home,2-0,True,1.7,1.61,0.7,0.6100000000000001,
oddsintel,2026-06-10,Varbergs BoIS FC,Norrby IF,Superettan,over_under_25,over,2-0,False,1.83,1.71,-1,-1,
oddsintel,2026-06-10,Vélez Sársfield Res.,Tigre Res.,Reserve League,1x2,home,2-0,True,1.49,1.34,0.49,0.3400000000000001,
oddsintel,2026-06-10,Malaga,Las Palmas,Segunda División,1x2,home,1-1,False,2.19,2.08,-1,-1,
oddsintel,2026-06-10,Tampa Bay Rowdies,Charleston Battery,USL Championship,1x2,home,2-2,False,1.82,1.65,-1,-1,
oddsintel,2026-06-10,Ceara,Avai,Serie B,1x2,home,2-1,True,1.8,1.87,0.8,0.8700000000000001,
oddsintel,2026-06-10,Northern Indiana,Toledo Villa,USL League Two,1x2,home,3-1,True,1.4,,0.3999999999999999,,no_pinnacle_close
oddsintel,2026-06-10,SC United Bantams,Tobacco Road,USL League Two,1x2,home,3-3,False,1.42,1.41,-1,-1,
oddsintel,2026-06-10,Charlotte Independence,Union Omaha,USL League One,over_under_25,under,2-0,True,2.5,2.54,1.5,1.54,
oddsintel,2026-06-10,Afturelding,Stjarnan,Cup,1x2,home,3-1,True,3.8,3.18,2.8,2.18,
oddsintel,2026-06-10,Chicago Dutch Lions,St. Croix,USL League Two,1x2,home,1-4,False,2.05,,-1,,no_pinnacle_close
oddsintel,2026-06-10,Chicago Dutch Lions,St. Croix,USL League Two,1x2,home,1-4,False,2.05,,-1,,no_pinnacle_close
oddsintel,2026-06-10,Dayton Dutch Lions,Kings Hammer Columbus,USL League Two,1x2,home,1-0,True,2.65,,1.65,,no_pinnacle_close
oddsintel,2026-06-10,KuPS,VPS,Suomen Cup,1x2,home,0-0,False,1.85,1.75,-1,-1,
oddsintel,2026-06-10,Westchester SC,Fort Wayne,USL League One,1x2,home,1-1,False,3.0,2.29,-1,-1,
oddsintel,2026-06-10,Westchester SC,Fort Wayne,USL League One,1x2,home,1-1,False,3.0,2.29,-1,-1,
oddsintel,2026-06-10,Westchester SC,Fort Wayne,USL League One,1x2,home,1-1,False,3.0,2.29,-1,-1,
oddsintel,2026-06-10,Forge,HFX Wanderers FC,Canadian Premier League,1x2,home,1-0,True,1.55,1.42,0.55,0.41999999999999993,
oddsintel,2026-06-10,Haukar,Kormákur / Hvöt,2. Deild,1x2,home,2-2,False,1.58,1.49,-1,-1,
oddsintel,2026-06-10,Ceara,Avai,Serie B,1x2,home,2-1,True,1.82,1.87,0.8200000000000001,0.8700000000000001,
oddsintel,2026-06-10,Westchester SC,Fort Wayne,USL League One,1x2,home,1-1,False,3.0,2.29,-1,-1,
oddsintel,2026-06-10,Forge,HFX Wanderers FC,Canadian Premier League,1x2,home,1-0,True,1.55,1.42,0.55,0.41999999999999993,
oddsintel,2026-06-10,Detroit City,El Paso Locomotive,USL Championship,1x2,home,1-1,False,2.0,1.86,-1,-1,
oddsintel,2026-06-10,North Carolina II,Wake,USL League Two,1x2,home,3-1,True,1.3,,0.30000000000000004,,no_pinnacle_close
oddsintel,2026-06-11,Oeste U20,Santo André U20,Paulista - U20,1x2,home,4-3,True,1.73,,0.73,,no_pinnacle_close
oddsintel,2026-06-11,Motala,Kumla,Division 2 - Norra Götaland,1x2,home,0-0,False,1.72,1.59,-1,-1,
oddsintel,2026-06-11,Cruzeiro U20,Fortaleza U20,Brasileiro U20 A,1x2,home,3-2,True,1.56,1.48,0.56,0.48,
oddsintel,2026-06-11,Gottne,Friska Viljor,Division 2 - Norrland,1x2,home,1-1,False,1.91,1.78,-1,-1,
oddsintel,2026-06-12,San Martín Burzaco,Villa Dalmine,Primera B Metropolitana,1x2,home,0-2,False,3.2,2.73,-1,-1,
oddsintel,2026-06-12,San Martín Burzaco,Villa Dalmine,Primera B Metropolitana,1x2,home,0-2,False,3.2,2.73,-1,-1,
oddsintel,2026-06-12,GrIFK,HJS Akatemia,Kakkonen - Lohko B,1x2,home,2-2,False,3.55,2.76,-1,-1,
oddsintel,2026-06-12,GrIFK,HJS Akatemia,Kakkonen - Lohko B,1x2,home,2-2,False,3.55,2.76,-1,-1,
oddsintel,2026-06-12,Campbelltown City,West Torrens Birkalla,South Australia NPL,over_under_25,under,1-2,False,2.95,2.8,-1,-1,
oddsintel,2026-06-12,Jonava,Atmosfera,1 Lyga,1x2,home,1-1,False,3.0,3.09,-1,-1,
oddsintel,2026-06-12,Jonava,Atmosfera,1 Lyga,1x2,home,1-1,False,3.0,3.09,-1,-1,
oddsintel,2026-06-12,Brunswick City,Eltham Redbacks FC,Victoria NPL 2,over_under_25,under,3-1,False,2.95,2.82,-1,-1,
oddsintel,2026-06-12,Pho Hien,Bắc Ninh,V.League 1,over_under_25,over,1-1,False,2.16,2.06,-1,-1,
oddsintel,2026-06-12,HPS,Kiffen,Kakkonen - Lohko A,1x2,home,1-2,False,2.92,2.92,-1,-1,
oddsintel,2026-06-12,Dinamo Batumi,Dila,Erovnuli Liga,1x2,home,3-2,True,3.7,2.66,2.7,1.6600000000000001,
oddsintel,2026-06-13,Northern Tigers,Inter Lions,New South Wales NPL 2,over_under_25,under,1-0,True,2.75,2.31,1.75,1.31,
oddsintel,2026-06-13,FF Jaro,HJK Helsinki,Veikkausliiga,over_under_25,over,2-5,True,1.81,1.64,0.81,0.6399999999999999,
oddsintel,2026-06-13,Stocksund,Sollentuna,Ettan - Norra,1x2,home,3-3,False,2.88,2.82,-1,-1,
oddsintel,2026-06-13,Völsungur,Njardvik,1. Deild,over_under_25,under,2-1,False,2.75,2.58,-1,-1,
oddsintel,2026-06-13,Sportivo Italiano,Excursionistas,Primera B Metropolitana,1x2,home,0-1,False,2.95,2.94,-1,-1,
oddsintel,2026-06-13,Chicago Dutch Lions,River Light,USL League Two,1x2,home,2-2,False,2.7,3.1,-1,-1,
oddsintel,2026-06-13,Portland Hearts of Pine,Chattanooga Red Wolves,USL League One,1x2,home,1-2,False,2.77,2.75,-1,-1,
oddsintel,2026-06-13,Charlotte Independence,Naples,USL League One,over_under_25,under,4-3,False,2.25,1.96,-1,-1,
oddsintel,2026-06-13,Atlanta United II,Chattanooga,MLS Next Pro,over_under_25,under,4-4,False,2.5,2.3,-1,-1,
oddsintel,2026-06-13,Lorain County Leviathan,Akron City,USL League Two,1x2,home,4-1,True,2.5,2.41,1.5,1.4100000000000001,
oddsintel,2026-06-13,Mariehamn,Gnistan,Veikkausliiga,over_under_25,over,0-3,True,2.01,1.89,1.0099999999999998,0.8899999999999999,
oddsintel,2026-06-13,Pittsburgh Riverhounds,Indy Eleven,USL Championship,over_under_25,under,1-0,True,2.02,1.97,1.02,0.97,
oddsintel,2026-06-13,Adelaide United II,Adelaide City,South Australia NPL,1x2,home,0-0,False,3.25,3.36,-1,-1,
oddsintel,2026-06-13,El Porvenir,Atletico Atlas,Primera C,1x2,home,0-1,False,2.6,2.39,-1,-1,
oddsintel,2026-06-13,Kitzbühel,Seekirchen,Regionalliga - West,over_under_25,under,4-1,False,3.34,2.75,-1,-1,
oddsintel,2026-06-13,Carlos A. Mannucci,Alianza Atletico,Copa De La Liga,1x2,home,0-1,False,3.6,1.48,-1,-1,
oddsintel,2026-06-13,Dock Sud,Talleres Remedios,Primera B Metropolitana,1x2,home,1-1,False,3.25,2.63,-1,-1,
oddsintel,2026-06-13,Dock Sud,Talleres Remedios,Primera B Metropolitana,1x2,home,1-1,False,3.25,2.63,-1,-1,
oddsintel,2026-06-13,Sarasota Paradise,Union Omaha,USL League One,1x2,home,2-0,True,3.1,2.63,2.1,1.63,
oddsintel,2026-06-13,Sarasota Paradise,Union Omaha,USL League One,1x2,home,2-0,True,3.1,2.63,2.1,1.63,
oddsintel,2026-06-13,Sarasota Paradise,Union Omaha,USL League One,1x2,home,2-0,True,3.1,2.63,2.1,1.63,
oddsintel,2026-06-14,Australia,Türkiye,World Cup,over_under_25,over,2-0,False,2.07,2.13,-1,-1,
oddsintel,2026-06-14,Hubei Chufeng Heli,Shenzhen 2028,League Two,1x2,home,1-2,False,2.75,2.75,-1,-1,
oddsintel,2026-06-14,Atletico Mitre,Los Andes,Primera Nacional,over_under_25,over,0-3,True,3.5,3.51,2.5,2.51,
oddsintel,2026-06-14,Westchester SC,Greenville Triumph,USL League One,1x2,home,4-0,True,3.1,2.63,2.1,1.63,
oddsintel,2026-06-14,Westchester SC,Greenville Triumph,USL League One,1x2,home,4-0,True,3.1,2.63,2.1,1.63,
oddsintel,2026-06-14,Westchester SC,Greenville Triumph,USL League One,1x2,home,4-0,True,3.1,2.63,2.1,1.63,
oddsintel,2026-06-14,Enköping,Vasalund,Ettan - Norra,1x2,home,1-1,False,2.75,2.76,-1,-1,
oddsintel,2026-06-14,Liniers,Real Pilar,Primera B Metropolitana,1x2,home,0-1,False,2.88,3.03,-1,-1,
oddsintel,2026-06-14,Juventud Unida,Estrella Del Sur,Primera C,1x2,home,2-0,True,2.95,3.36,1.9500000000000002,2.36,
oddsintel,2026-06-14,Puerto Nuevo,Centro Español,Primera C,1x2,home,0-2,False,3.2,3.64,-1,-1,
oddsintel,2026-06-14,Puerto Nuevo,Centro Español,Primera C,1x2,home,0-2,False,3.2,3.64,-1,-1,
oddsintel,2026-06-14,Boca Unidos,San Martin Formosa,Torneo Federal A,1x2,home,3-1,True,2.75,3.1,1.75,2.1,
oddsintel,2026-06-14,Sol de Mayo,Olimpo Bahia Blanca,Torneo Federal A,1x2,home,1-1,False,3.1,3.16,-1,-1,
oddsintel,2026-06-14,Sol de Mayo,Olimpo Bahia Blanca,Torneo Federal A,1x2,home,1-1,False,3.1,3.16,-1,-1,
oddsintel,2026-06-14,Chabab Mohammédia,Widad Témara,Botola 2,over_under_25,under,1-1,True,1.5,1.34,0.5,0.3400000000000001,
oddsintel,2026-06-14,Jacuipense,ASA,Serie D,1x2,home,1-1,False,2.87,2.68,-1,-1,
oddsintel,2026-06-14,Independência,Guaporé,Serie D,1x2,home,2-2,False,2.72,2.95,-1,-1,
oddsintel,2026-06-14,AO Itabaiana,Ituano,Serie C,1x2,home,2-2,False,3.35,2.57,-1,-1,
oddsintel,2026-06-15,Nõmme Kalju II,Nõmme United II,Esiliiga A,1x2,home,4-1,True,2.63,1.94,1.63,0.94,
oddsintel,2026-06-15,Havadar,Mes Kerman,Azadegan League,over_under_25,under,1-1,True,1.33,1.26,0.33000000000000007,0.26,
oddsintel,2026-06-16,IFK Varnamo,Helsingborg,Superettan,over_under_25,over,0-1,False,1.67,1.65,-1,-1,
oddsintel,2026-06-16,IFK Varnamo,Helsingborg,Superettan,over_under_25,over,0-1,False,1.67,1.65,-1,-1,
oddsintel,2026-06-17,Instituto Res.,Unión Santa Fe Res.,Reserve League,over_under_25,under,0-2,True,1.81,1.65,0.81,0.6499999999999999,
oddsintel,2026-06-17,Riga,Rīgas FS,Virsliga,over_under_25,over,2-1,True,1.88,1.73,0.8799999999999999,0.73,
oddsintel,2026-06-18,Skövde AIK,Hässleholms IF,Ettan - Södra,1x2,home,2-2,False,3.25,2.88,-1,-1,
oddsintel,2026-06-18,Skövde AIK,Hässleholms IF,Ettan - Södra,1x2,home,2-2,False,3.25,2.88,-1,-1,
oddsintel,2026-06-18,Austria Klagenfurt,SV Kapfenberg,Friendlies Clubs,1x2,home,1-0,True,3.8,3.03,2.8,2.03,
oddsintel,2026-06-19,Njardvik,Leiknir R.,1. Deild,over_under_25,under,1-0,True,2.6,2.77,1.6,1.77,
oddsintel,2026-06-19,Dalian Yingbo B,Nantong Haimen Codion,League Two,over_under_25,over,2-1,True,2.8,2.6,1.7999999999999998,1.6,
oddsintel,2026-06-19,Tigre Res.,San Lorenzo Res.,Reserve League,1x2,home,2-2,False,3.95,3.7,-1,-1,
oddsintel,2026-06-19,Rizhao Yuqi,Tianjin Teda,FA Cup,1x2,home,1-1,False,3.9,3.04,-1,-1,
oddsintel,2026-06-20,Wuhan Three Towns II,Shenzhen 2028,League Two,1x2,home,1-1,False,3.3,3.43,-1,-1,
oddsintel,2026-06-20,Wuhan Three Towns II,Shenzhen 2028,League Two,1x2,home,1-1,False,3.3,3.43,-1,-1,
oddsintel,2026-06-20,Celta de Vigo II,Ponferradina,Primera División RFEF - Play Offs,over_under_25,over,4-1,True,2.75,2.49,1.75,1.4900000000000002,
oddsintel,2026-06-20,San Telmo,Racing Cordoba,Primera Nacional,over_under_25,over,2-0,False,3.4,3.12,-1,-1,
oddsintel,2026-06-20,Ceilândia,Luverdense,Serie D,1x2,home,1-2,False,3.2,2.52,-1,-1,
oddsintel,2026-06-20,Ceilândia,Luverdense,Serie D,1x2,home,1-2,False,3.2,2.52,-1,-1,
oddsintel,2026-06-20,Santamarina,Villa Mitre,Torneo Federal A,1x2,home,0-2,False,3.25,3.95,-1,-1,
oddsintel,2026-06-20,Santamarina,Villa Mitre,Torneo Federal A,1x2,home,0-2,False,3.25,3.95,-1,-1,
oddsintel,2026-06-20,Skjetten,Alta,3. Division - Girone 5,1x2,home,1-1,False,3.6,2.75,-1,-1,
oddsintel,2026-06-20,Independiente FSJ,Cianorte,Serie D,1x2,home,0-1,False,2.92,2.93,-1,-1,
oddsintel,2026-06-20,JFK Ventspils,Leevon / PPK,Cup,1x2,home,1-3,False,3.85,2.97,-1,-1,
oddsintel,2026-06-20,UAI Urquiza,San Martín Burzaco,Primera B Metropolitana,1x2,home,0-0,False,3.0,2.96,-1,-1,
oddsintel,2026-06-20,San Telmo,Racing Cordoba,Primera Nacional,1x2,home,2-0,True,3.19,3.19,2.19,2.19,
oddsintel,2026-06-20,San Telmo,Racing Cordoba,Primera Nacional,1x2,home,2-0,True,3.19,3.19,2.19,2.19,
oddsintel,2026-06-20,SC United Bantams,Charlotte Eagles,USL League Two,over_under_25,under,0-0,True,3.0,2.54,2.0,1.54,
oddsintel,2026-06-21,Piteå,AFC Eskilstuna,Ettan - Norra,1x2,home,2-2,False,3.3,3.01,-1,-1,
oddsintel,2026-06-21,Piteå,AFC Eskilstuna,Ettan - Norra,1x2,home,2-2,False,3.3,3.01,-1,-1,
oddsintel,2026-06-21,Helsingborg,GIF Sundsvall,Superettan,over_under_25,over,5-2,True,1.98,1.93,0.98,0.9299999999999999,
oddsintel,2026-06-21,Helsingborg,GIF Sundsvall,Superettan,over_under_25,over,5-2,True,1.98,1.93,0.98,0.9299999999999999,
oddsintel,2026-06-21,Norrby IF,United Nordic,Superettan,over_under_25,over,0-0,False,1.68,1.68,-1,-1,
oddsintel,2026-06-21,Norrby IF,United Nordic,Superettan,over_under_25,over,0-0,False,1.68,1.68,-1,-1,
oddsintel,2026-06-21,JK Tabasalu,Tartu Kalev,Esiliiga B,1x2,home,3-1,True,3.3,2.66,2.3,1.6600000000000001,
oddsintel,2026-06-21,JK Tabasalu,Tartu Kalev,Esiliiga B,1x2,home,3-1,True,3.3,2.66,2.3,1.6600000000000001,
oddsintel,2026-06-21,Central SC,Ferroviario,Serie D,1x2,home,1-1,False,2.75,2.15,-1,-1,
oddsintel,2026-06-21,Lagarto,CSA,Serie D,1x2,home,1-1,False,3.2,3.92,-1,-1,
oddsintel,2026-06-21,Colchagua,Provincial Osorno,Segunda División,over_under_25,under,0-0,True,1.78,1.63,0.78,0.6299999999999999,
oddsintel,2026-06-21,Provincial Ovalle,Real San Joaquín,Segunda División,over_under_25,under,1-6,False,1.7,1.6,-1,-1,
oddsintel,2026-06-21,Ivinhema,Democrata GV,Serie D,1x2,home,3-1,True,2.92,2.87,1.92,1.87,
oddsintel,2026-06-21,Tromsø II,Skedsmo,3. Division - Girone 5,1x2,home,2-3,False,4.2,3.22,-1,-1,
oddsintel,2026-06-21,Parnahyba,Águia de Marabá,Serie D,1x2,home,2-1,True,2.9,2.89,1.9,1.8900000000000001,
oddsintel,2026-06-21,Lagarto,CSA,Serie D,1x2,home,1-1,False,3.25,3.92,-1,-1,
oddsintel,2026-06-21,New York City II,Chattanooga,MLS Next Pro,1x2,home,1-1,False,3.6,3.2,-1,-1,
oddsintel,2026-06-21,New York City II,Chattanooga,MLS Next Pro,1x2,home,1-1,False,3.6,3.2,-1,-1,
oddsintel,2026-06-21,New York City II,Chattanooga,MLS Next Pro,1x2,home,1-1,False,3.6,3.2,-1,-1,
oddsintel,2026-06-21,Columbus Crew II,Atlanta United II,MLS Next Pro,over_under_25,under,3-2,False,2.75,2.71,-1,-1,
oddsintel,2026-06-21,Cascavel,Marcílio Dias,Serie D,1x2,home,2-2,False,2.72,2.48,-1,-1,
oddsintel,2026-06-21,Sao Jose,Santa Catarina,Serie D,1x2,home,1-1,False,2.7,2.36,-1,-1,
oddsintel,2026-06-21,Sanat Naft,Shahrdari Noshahr,Azadegan League,over_under_25,under,1-1,True,1.53,1.39,0.53,0.3899999999999999,
oddsintel,2026-06-21,Central Norte,Godoy Cruz,Primera Nacional,1x2,home,1-0,True,3.47,3.24,2.47,2.24,
oddsintel,2026-06-21,Central Norte,Godoy Cruz,Primera Nacional,1x2,home,1-0,True,3.47,3.24,2.47,2.24,
oddsintel,2026-06-22,Tallinna Kalev II,Narva U21,Esiliiga B,1x2,home,2-3,False,3.3,2.92,-1,-1,
oddsintel,2026-06-22,Maardu,Viimsi,Esiliiga A,1x2,home,1-0,True,4.6,3.29,3.5999999999999996,2.29,
oddsintel,2026-06-22,Tallinna Kalev II,Narva U21,Esiliiga B,1x2,home,2-3,False,3.82,2.92,-1,-1,
oddsintel,2026-06-23,Nantong Haimen Codion,Shanghai Port II,League Two,over_under_25,over,2-2,True,2.38,2.2,1.38,1.2000000000000002,
oddsintel,2026-06-24,BIT,Shandong Taishan II,League Two,over_under_25,over,1-3,True,2.5,1.95,1.5,0.95,
oddsintel,2026-06-24,Chengdu Rongcheng II,Guangzhou Dandelion,League Two,1x2,home,0-0,False,3.81,3.42,-1,-1,
oddsintel,2026-06-24,Morris Elite,New Jersey Copa,USL League Two,1x2,home,2-0,True,3.68,2.94,2.68,1.94,
oddsintel,2026-06-25,Breidablik,Vikingur Reykjavík,Úrvalsdeild,1x2,home,1-4,False,5.05,4.91,-1,-1,
oddsintel,2026-06-26,ÅIFK,Honka,Kakkonen - Lohko B,1x2,home,0-1,False,4.33,4.18,-1,-1,
oddsintel,2026-06-26,Garliava,Minija,1 Lyga,1x2,home,0-1,False,4.75,4.51,-1,-1,
oddsintel,2026-06-26,Dundalk,Waterford,Premier Division,over_under_25,under,2-3,False,2.64,2.64,-1,-1,
oddsintel,2026-06-26,Borac Banja Luka,IMT Novi Beograd,Friendlies Clubs,1x2,home,1-1,False,4.0,1.67,-1,-1,
oddsintel,2026-06-26,ÅIFK,Honka,Kakkonen - Lohko B,1x2,home,0-1,False,4.55,4.18,-1,-1,
oddsintel,2026-06-30,Independiente F.b.c.,Benjamín Aceval,Division Intermedia,over_under_25,under,1-2,False,1.8,1.65,-1,-1,
oddsintel,2026-07-01,Austria Lustenau,BSC Young Boys,Friendlies Clubs,1x2,away,0-0,False,2.07,1.62,-1,-1,
oddsintel,2026-07-01,Sigma Olomouc,Skalica,Friendlies Clubs,1x2,home,0-0,False,1.6,1.29,-1,-1,
oddsintel,2026-07-01,Project 51O,San Francisco City,USL League Two,1x2,away,4-2,False,2.85,1.95,-1,-1,
oddsintel,2026-07-02,Cumbayá,22 de Julio,Liga Pro Serie B,1x2,home,4-0,True,2.22,1.43,1.2200000000000002,0.42999999999999994,
oddsintel,2026-07-02,Cumbayá,22 de Julio,Liga Pro Serie B,1x2,home,4-0,True,2.22,1.43,1.2200000000000002,0.42999999999999994,
oddsintel,2026-07-03,IR Reykjavik,Afturelding,1. Deild,1x2,away,0-1,True,1.93,1.76,0.9299999999999999,0.76,
oddsintel,2026-07-03,IR Reykjavik,Afturelding,1. Deild,1x2,away,0-1,True,1.93,1.76,0.9299999999999999,0.76,
oddsintel,2026-07-03,Deutschlandsberger SC,SV Kapfenberg,Friendlies Clubs,1x2,away,2-7,True,2.02,1.84,1.02,0.8400000000000001,
oddsintel,2026-07-03,Spartak Moskva U19,Akademiya Konoplev U20,Youth Championship,1x2,home,1-6,False,1.35,,-1,,no_pinnacle_close
oddsintel,2026-07-03,Grotta,HK Kopavogur,1. Deild,1x2,away,2-1,False,2.03,1.76,-1,-1,
oddsintel,2026-07-03,Grotta,HK Kopavogur,1. Deild,1x2,away,2-1,False,2.03,1.76,-1,-1,
oddsintel,2026-07-04,Midlakes United,Bangers,USL League Two,1x2,away,2-0,False,1.65,1.53,-1,-1,
oddsintel,2026-07-04,Adelaide Cobras,Fulham United,South Australia State League 1,1x2,away,0-3,True,3.85,1.66,2.85,0.6599999999999999,
oddsintel,2026-07-04,Adelaide Cobras,Fulham United,South Australia State League 1,over_under_25,under,0-3,False,2.72,2.58,-1,-1,
oddsintel,2026-07-04,Adelaide Cobras,Fulham United,South Australia State League 1,1x2,away,0-3,True,3.85,1.66,2.85,0.6599999999999999,
oddsintel,2026-07-04,Shangyu Pterosaur,Hubei Chufeng Heli,League Two,1x2,away,4-4,False,3.25,2.04,-1,-1,
oddsintel,2026-07-04,FC Tallinn,Nõmme United II,Esiliiga A,1x2,away,4-3,False,2.12,1.57,-1,-1,
oddsintel,2026-07-04,FC Tallinn,Nõmme United II,Esiliiga A,1x2,away,4-3,False,2.12,1.57,-1,-1,
oddsintel,2026-07-04,Chengdu Rongcheng II,Wuhan Three Towns II,League Two,over_under_25,over,0-1,False,2.62,2.48,-1,-1,
oddsintel,2026-07-04,Kairat Almaty,Okzhetpes,Premier League,1x2,home,5-0,True,1.42,,0.41999999999999993,,no_pinnacle_close
oddsintel,2026-07-04,KuPS Akatemia,Tampere United,Ykkönen,1x2,away,2-3,True,1.68,1.55,0.6799999999999999,0.55,
oddsintel,2026-07-04,Neman,Arsenal,Premier League,1x2,home,0-1,False,2.4,1.62,-1,-1,
oddsintel,2026-07-04,Neman,Arsenal,Premier League,1x2,home,0-1,False,2.4,1.62,-1,-1,
oddsintel,2026-07-04,Haverfordwest County AFC,Hamilton Academical,Friendlies Clubs,over_under_25,under,0-4,False,2.35,1.97,-1,-1,
oddsintel,2026-07-04,SCR Altach,1. FC Heidenheim,Friendlies Clubs,over_under_25,under,1-2,False,2.35,2.15,-1,-1,
oddsintel,2026-07-04,VPS,Mariehamn,Veikkausliiga,1x2,home,4-0,True,1.33,1.28,0.33000000000000007,0.28,
oddsintel,2026-07-04,Nafta,Budapest Honved,Friendlies Clubs,1x2,away,0-3,True,2.6,1.74,1.6,0.74,
oddsintel,2026-07-05,TPV,JJK,Ykkönen,1x2,away,1-0,False,1.66,1.61,-1,-1,
oddsintel,2026-07-07,Podbeskidzie,Baník Ostrava II,Friendlies Clubs,1x2,home,2-1,True,3.45,2.14,2.45,1.1400000000000001,
oddsintel,2026-07-07,Airdrie United,Falkirk,Friendlies Clubs,over_under_25,under,1-2,False,2.75,2.39,-1,-1,
oddsintel,2026-07-07,Cove Rangers,Inverness CT,Friendlies Clubs,1x2,home,1-4,False,3.64,2.54,-1,-1,
oddsintel,2026-07-08,Eltersdorf,SpVgg Greuther Fürth,Friendlies Clubs,1x2,away,0-3,True,1.62,1.12,0.6200000000000001,0.1200000000000001,
oddsintel,2026-07-10,Ludogorets,Septemvri Sofia,Friendlies Clubs,over_under_25,under,1-0,True,2.35,2.24,1.35,1.2400000000000002,
oddsintel,2026-07-10,Dundalk,Drogheda United,Premier Division,over_under_25,under,1-2,False,2.38,2.2,-1,-1,
oddsintel,2026-07-10,Radomiak Radom,Dynamo Kyiv,Friendlies Clubs,1x2,home,2-4,False,3.1,1.72,-1,-1,
oddsintel,2026-07-10,Wiener Viktoria,SK Vorwarts Steyr,Friendlies Clubs,over_under_25,under,1-1,True,3.34,2.71,2.34,1.71,
oddsintel,2026-07-10,União São João U20,Aguai U20,Paulista - U20,over_under_25,under,1-2,False,1.95,1.79,-1,-1,
oddsintel,2026-07-11,Mladá Boleslav,Táborsko,Friendlies Clubs,1x2,home,3-0,True,1.99,1.52,0.99,0.52,
oddsintel,2026-07-11,Gloucester City,Newport County,Friendlies Clubs,over_under_25,under,2-1,False,2.75,2.56,-1,-1,
oddsintel,2026-07-11,FK Neftekhimik,Veles,First League,over_under_25,under,0-1,True,1.69,1.62,0.69,0.6200000000000001,
oddsintel,2026-07-12,Nizhny Novgorod,Rotor Volgograd,First League,over_under_25,over,4-2,True,2.26,2.28,1.2599999999999998,1.2799999999999998,
oddsintel,2026-07-14,SV Wehen,Fagiano Okayama,Friendlies Clubs,1x2,home,2-0,True,3.48,2.74,2.48,1.7400000000000002,
oddsintel,2026-07-17,Levski Sofia,Dunav Ruse,First League,over_under_25,under,2-1,False,2.5,2.58,-1,-1,
oddsintel,2026-07-17,Ústí nad Labem,Dukla Praha,Friendlies Clubs,1x2,home,2-2,False,3.3,2.74,-1,-1,
oddsintel,2026-07-18,Los Angeles Galaxy,Los Angeles FC,Major League Soccer,1x2,home,0-3,False,3.1,3.1,-1,-1,
oddsintel,2026-07-18,Hume City,Oakleigh Cannons,Victoria NPL,1x2,home,0-1,False,3.27,2.9,-1,-1,
oddsintel,2026-07-18,Canterbury Bankstown,Blacktown Spartans,New South Wales NPL 2,1x2,home,1-2,False,3.2,2.98,-1,-1,
oddsintel,2026-07-18,SJK,KuPS,Veikkausliiga,1x2,home,0-2,False,3.25,2.49,-1,-1,
oddsintel,2026-07-18,Nõmme Kalju II,FCI Levadia II,Esiliiga A,1x2,home,0-2,False,3.0,3.3,-1,-1,
oddsintel,2026-07-18,Nõmme Kalju II,FCI Levadia II,Esiliiga A,1x2,home,0-2,False,3.0,3.3,-1,-1,
oddsintel,2026-07-18,Suwon City FC,Seoul E-Land FC,K League 2,1x2,home,2-2,False,2.93,2.95,-1,-1,
oddsintel,2026-07-18,NAC Breda,Excelsior,Friendlies Clubs,1x2,home,1-3,False,3.26,2.48,-1,-1,
oddsintel,2026-07-18,Burton Albion,Leicester,Friendlies Clubs,1x2,home,0-3,False,3.64,2.82,-1,-1,
oddsintel,2026-07-18,Southend,West Ham,Friendlies Clubs,over_under_25,under,1-1,True,2.62,2.73,1.62,1.73,
oddsintel,2026-07-18,Dianella White Eagle,Olympic Kingsway,Western Australia NPL,1x2,home,0-3,False,3.2,3.0,-1,-1,
oddsintel,2026-07-18,Falkirk,Genk,Friendlies Clubs,over_under_25,under,1-0,True,2.5,2.25,1.5,1.25,
oddsintel,2026-07-18,Uruguay Montevideo,CA River Plate,Segunda División,1x2,home,1-1,False,3.3,2.84,-1,-1,
oddsintel,2026-07-18,Uruguay Montevideo,CA River Plate,Segunda División,1x2,home,1-1,False,3.3,2.84,-1,-1,
oddsintel,2026-07-18,Leevon / PPK,Riga Mariners,1. Liga,1x2,home,2-1,True,3.74,2.83,2.74,1.83,
oddsintel,2026-07-18,FC Ingolstadt 04,Palermo,Friendlies Clubs,1x2,home,1-0,True,4.45,2.84,3.45,1.8399999999999999,
oddsintel,2026-07-18,SJK,KuPS,Veikkausliiga,1x2,home,0-2,False,3.25,2.49,-1,-1,
oddsintel,2026-07-19,Kuressaare,Kalju Nomme,Meistriliiga,over_under_25,under,0-0,True,2.37,2.26,1.37,1.2599999999999998,
oddsintel,2026-07-19,Rochdale,Al-Rayyan SC,Friendlies Clubs,1x2,home,3-3,False,3.65,2.99,-1,-1,
oddsintel,2026-07-20,Norrby IF,GIF Sundsvall,Superettan,over_under_25,over,3-1,True,1.9,1.93,0.8999999999999999,0.9299999999999999,
oddsintel,2026-07-20,Norrby IF,GIF Sundsvall,Superettan,over_under_25,over,3-1,True,1.91,1.93,0.9099999999999999,0.9299999999999999,
oddsintel,2026-07-21,Preston Lions,Newcastle Jets,Australia Cup,1x2,home,3-2,True,4.4,3.77,3.4000000000000004,2.77,
oddsintel,2026-07-21,Forest Green,Bristol Rovers,Friendlies Clubs,1x2,home,2-2,False,3.8,2.69,-1,-1,
oddsintel,2026-07-22,Belgrano Córdoba Res.,Ferro 2,Reserve League,over_under_25,under,1-1,True,2.0,1.87,1.0,0.8700000000000001,
oddsintel,2026-07-22,Southend,Northampton,Friendlies Clubs,over_under_25,under,1-3,False,2.35,2.1,-1,-1,
oddsintel,2026-07-22,Stevenage,West Ham,Friendlies Clubs,over_under_25,under,0-5,False,2.4,2.0,-1,-1,
oddsintel,2026-07-24,SV Horn,Floridsdorfer AC,Cup,over_under_25,under,1-1,True,2.35,2.13,1.35,1.13,
oddsintel,2026-07-28,Darlington 1883,Rotherham,Friendlies Clubs,1x2,home,0-2,False,4.33,3.48,-1,-1,
oddsintel,2026-07-28,Marine,Warrington Town,Friendlies Clubs,over_under_25,under,2-1,False,2.35,2.18,-1,-1,
oddsintel,2026-07-29,Ulsan Citizen,Ulsan Hyundai FC,FA Cup,over_under_25,under,1-0,True,2.7,2.28,1.7000000000000002,1.2799999999999998,
oddsintel,2026-07-29,Plopeni,Baicoi,Cupa României,1x2,away,1-2,True,3.0,1.73,2.0,0.73,
oddsintel,2026-07-29,Bristol City,Newcastle,Friendlies Clubs,1x2,home,4-1,True,4.4,3.44,3.4000000000000004,2.44,
oddsintel,2026-07-31,Nantes,Al Wakrah,Friendlies Clubs,over_under_25,under,5-1,False,2.75,2.5,-1,-1,
oddsintel,2026-07-31,Scunthorpe,Chesterfield,Friendlies Clubs,1x2,home,1-1,False,4.0,2.75,-1,-1,
oddsintel,2026-07-31,Ebbsfleet United,Gillingham,Friendlies Clubs,1x2,home,1-2,False,4.5,3.19,-1,-1,
oddsintel,2026-07-31,Lechia Gdansk,Warta Poznań,I Liga,1x2,home,0-3,False,2.93,2.41,-1,-1,
oddsintel,2026-07-31,Böljan,Västra Frölunda,Division 2 - Västra Götaland,1x2,home,2-1,True,3.8,2.88,2.8,1.88,
oddsintel,2026-07-31,Mansfield Town,Derby,Friendlies Clubs,1x2,home,1-3,False,3.16,2.35,-1,-1,
oddsintel,2026-08-01,Adelaide Cobras,Adelaide Olympic,South Australia State League 1,1x2,home,0-2,False,3.64,3.59,-1,-1,
oddsintel,2026-08-01,Přepeře,Velke Hamry,Cup,1x2,home,3-0,True,3.6,2.45,2.6,1.4500000000000002,
oddsintel,2026-08-01,De Graafschap,Excelsior,Friendlies Clubs,1x2,home,1-5,False,3.65,2.95,-1,-1,
forebet,2026-05-25,San Luis,Magallanes,Primera B,1x2,home,2-1,True,1.91,2.06,0.9099999999999999,1.06,
forebet,2026-05-25,U.N.A.M. - Pumas,Cruz Azul,Liga MX,1x2,draw,1-2,False,3.3,3.66,-1,-1,
forebet,2026-05-25,San Luis,Magallanes,Primera B,over_under_25,under,2-1,False,1.77,2.01,-1,-1,
forebet,2026-05-25,U.N.A.M. - Pumas,Cruz Azul,Liga MX,over_under_25,over,1-2,True,1.77,2.08,0.77,1.08,
forebet,2026-05-26,Aucas,Manta FC,Liga Pro,1x2,home,3-1,True,1.42,1.37,0.41999999999999993,0.3700000000000001,
forebet,2026-05-26,Deportes Copiapo,Unión Española,Primera B,1x2,away,3-1,False,2.6,2.96,-1,-1,
forebet,2026-05-26,Corinthians W,Mixto W,Brasileiro Women,1x2,home,4-1,True,1.05,,0.050000000000000044,,no_pinnacle_close
forebet,2026-05-26,Chernihiv,Metal Kharkiv,Persha Liga,1x2,draw,1-2,False,2.88,,-1,,no_pinnacle_close
forebet,2026-05-26,Pamba Jiji,Tanzania Prisons,Ligi kuu Bara,1x2,home,2-3,False,1.5,1.59,-1,-1,
forebet,2026-05-26,Italy U17,France U17,UEFA U17 Championship - Qualification,1x2,away,1-0,False,2.21,,-1,,no_pinnacle_close
forebet,2026-05-26,Singida Black Stars,Mbeya City,Ligi kuu Bara,1x2,home,4-1,True,1.25,1.2,0.25,0.19999999999999996,
forebet,2026-05-26,Astana II,Khan Tengri,1. Division,1x2,away,2-1,False,2.25,,-1,,no_pinnacle_close
forebet,2026-05-26,Ararat,BKMA,Premier League,1x2,home,1-1,False,2.0,2.32,-1,-1,
forebet,2026-05-26,Alashkert,Shirak,Premier League,1x2,home,2-0,True,1.33,1.27,0.33000000000000007,0.27,
forebet,2026-05-26,Aucas,Manta FC,Liga Pro,over_under_25,under,3-1,False,2.02,1.79,-1,-1,
forebet,2026-05-26,Deportes Copiapo,Unión Española,Primera B,over_under_25,over,3-1,True,1.8,1.93,0.8,0.9299999999999999,
forebet,2026-05-26,Chernihiv,Metal Kharkiv,Persha Liga,over_under_25,under,1-2,False,2.2,,-1,,no_pinnacle_close
forebet,2026-05-26,Pamba Jiji,Tanzania Prisons,Ligi kuu Bara,over_under_25,under,2-3,False,2.27,1.48,-1,-1,
forebet,2026-05-26,Singida Black Stars,Mbeya City,Ligi kuu Bara,over_under_25,over,4-1,True,1.93,1.74,0.9299999999999999,0.74,
forebet,2026-05-26,Ararat,BKMA,Premier League,over_under_25,under,1-1,True,1.8,2.0,0.8,1.0,
forebet,2026-05-26,Alashkert,Shirak,Premier League,over_under_25,under,2-0,True,1.8,2.18,0.8,1.1800000000000002,
forebet,2026-05-27,Flamengo,Cusco,CONMEBOL Libertadores,1x2,home,3-0,True,1.11,1.09,0.1100000000000001,0.09000000000000008,
forebet,2026-05-27,Club Nacional,Coquimbo Unido,CONMEBOL Libertadores,1x2,draw,1-0,False,3.3,3.36,-1,-1,
forebet,2026-05-27,Universitario,Deportes Tolima,CONMEBOL Libertadores,1x2,away,0-0,False,3.8,4.14,-1,-1,
forebet,2026-05-27,San Lorenzo,Deportivo Recoleta,CONMEBOL Sudamericana,1x2,draw,0-1,False,4.5,4.51,-1,-1,
forebet,2026-05-27,Santos,Deportivo Cuenca,CONMEBOL Sudamericana,1x2,away,3-0,False,11.0,10.23,-1,-1,
forebet,2026-05-27,Wotton,Bagatelle,Premier League,1x2,away,2-3,True,1.58,,0.5800000000000001,,no_pinnacle_close
forebet,2026-05-27,Stallion,Dynamic Herb Cebu,PFL,1x2,draw,1-1,True,3.6,,2.6,,no_pinnacle_close
forebet,2026-05-27,Hradec Králové II,Pardubice II,3. liga - CFL B,1x2,draw,3-2,False,3.8,4.39,-1,-1,
forebet,2026-05-27,Gumi Sportstoto W,Gyeongju W,WK-League,1x2,home,2-4,False,1.66,,-1,,no_pinnacle_close
forebet,2026-05-27,Seoul W,Incheon Red Angels W,WK-League,1x2,away,2-1,False,1.8,,-1,,no_pinnacle_close
forebet,2026-05-27,Davao Aguilas,Taguig,PFL,1x2,away,1-1,False,1.4,1.47,-1,-1,
forebet,2026-05-27,Flamengo,Cusco,CONMEBOL Libertadores,over_under_25,under,3-0,False,1.35,3.47,-1,-1,
forebet,2026-05-27,Club Nacional,Coquimbo Unido,CONMEBOL Libertadores,over_under_25,under,1-0,True,2.0,1.84,1.0,0.8400000000000001,
forebet,2026-05-27,Universitario,Deportes Tolima,CONMEBOL Libertadores,over_under_25,under,0-0,True,2.45,1.58,1.4500000000000002,0.5800000000000001,
forebet,2026-05-27,San Lorenzo,Deportivo Recoleta,CONMEBOL Sudamericana,over_under_25,under,0-1,True,2.1,1.78,1.1,0.78,
forebet,2026-05-27,Santos,Deportivo Cuenca,CONMEBOL Sudamericana,over_under_25,under,3-0,False,1.83,2.03,-1,-1,
forebet,2026-05-27,Wotton,Bagatelle,Premier League,over_under_25,over,2-3,True,2.25,,1.25,,no_pinnacle_close
forebet,2026-05-27,Gumi Sportstoto W,Gyeongju W,WK-League,over_under_25,over,2-4,True,1.55,,0.55,,no_pinnacle_close
forebet,2026-05-27,Seoul W,Incheon Red Angels W,WK-League,over_under_25,over,2-1,True,1.77,,0.77,,no_pinnacle_close
forebet,2026-05-27,Davao Aguilas,Taguig,PFL,over_under_25,under,1-1,True,1.55,2.08,0.55,1.08,
forebet,2026-05-28,Midwest United,Kalamazoo FC,USL League Two,1x2,home,0-1,False,1.6,1.58,-1,-1,
forebet,2026-05-28,River Light,RKC,USL League Two,1x2,away,0-0,False,2.5,,-1,,no_pinnacle_close
forebet,2026-05-29,Edgewater Castle,Sueno,USL League Two,1x2,away,1-4,True,1.18,,0.17999999999999994,,no_pinnacle_close
forebet,2026-05-29,Houston FC,Laredo Heat,USL League Two,1x2,away,1-1,False,1.61,1.53,-1,-1,
forebet,2026-05-29,Nacional AM,Paysandu,Copa Norte,1x2,draw,2-4,False,3.0,2.92,-1,-1,
forebet,2026-05-29,Cruzeiro,Barcelona SC,CONMEBOL Libertadores,1x2,home,4-0,True,1.28,1.22,0.28,0.21999999999999997,
forebet,2026-05-29,America de Cali,Macará,CONMEBOL Sudamericana,1x2,home,0-0,False,1.62,1.68,-1,-1,
forebet,2026-05-29,Tigre,Alianza Atletico,CONMEBOL Sudamericana,1x2,home,2-0,True,1.27,1.21,0.27,0.20999999999999996,
forebet,2026-05-29,Pride of Gall Hill,Weymouth Wales,Premier League,1x2,away,1-2,True,1.28,,0.28,,no_pinnacle_close
forebet,2026-05-29,Tacoma Stars,Oly Town,USL League Two,1x2,home,4-1,True,2.55,,1.5499999999999998,,no_pinnacle_close
forebet,2026-05-29,Shaanxi Union,Nanjing City,League One,1x2,draw,0-1,False,3.4,3.35,-1,-1,
forebet,2026-05-29,Heidelberg United,Dandenong Thunder,Victoria NPL,1x2,home,4-2,True,1.4,1.38,0.3999999999999999,0.3799999999999999,
forebet,2026-05-29,West Torrens Birkalla,Adelaide Comets,South Australia NPL,1x2,home,4-1,True,1.6,1.64,0.6000000000000001,0.6399999999999999,
forebet,2026-05-29,Olympic Kingsway,Dianella White Eagle,Western Australia NPL,1x2,home,3-1,True,1.6,1.98,0.6000000000000001,0.98,
forebet,2026-05-29,Montenegro U17,Italy U17,UEFA U17 Championship,1x2,away,0-3,True,1.21,,0.20999999999999996,,no_pinnacle_close
forebet,2026-05-29,Shenyang Urban,SHANGHAI SIPG,Super League,1x2,draw,3-2,False,3.6,3.67,-1,-1,
forebet,2026-05-29,Suhul Shire,Hadiya Hosaena,Premier League,1x2,draw,1-1,True,2.5,2.6,1.5,1.6,
forebet,2026-05-29,Houston FC,Laredo Heat,USL League Two,over_under_25,over,1-1,False,2.25,1.39,-1,-1,
forebet,2026-05-29,Nacional AM,Paysandu,Copa Norte,over_under_25,over,2-4,True,1.53,2.11,0.53,1.1099999999999999,
forebet,2026-05-29,Cruzeiro,Barcelona SC,CONMEBOL Libertadores,over_under_25,under,4-0,False,1.83,1.9,-1,-1,
forebet,2026-05-29,America de Cali,Macará,CONMEBOL Sudamericana,over_under_25,under,0-0,True,2.25,1.6,1.25,0.6000000000000001,
forebet,2026-05-29,Tigre,Alianza Atletico,CONMEBOL Sudamericana,over_under_25,under,2-0,True,1.83,1.93,0.8300000000000001,0.9299999999999999,
forebet,2026-05-29,Tacoma Stars,Oly Town,USL League Two,over_under_25,over,4-1,True,2.0,,1.0,,no_pinnacle_close
forebet,2026-05-29,Shaanxi Union,Nanjing City,League One,over_under_25,over,0-1,False,1.62,2.22,-1,-1,
forebet,2026-05-29,Heidelberg United,Dandenong Thunder,Victoria NPL,over_under_25,over,4-2,True,2.2,1.59,1.2000000000000002,0.5900000000000001,
forebet,2026-05-29,West Torrens Birkalla,Adelaide Comets,South Australia NPL,over_under_25,over,4-1,True,2.62,1.48,1.62,0.48,
forebet,2026-05-29,Olympic Kingsway,Dianella White Eagle,Western Australia NPL,over_under_25,over,3-1,True,2.62,1.4,1.62,0.3999999999999999,
forebet,2026-05-29,Shenyang Urban,SHANGHAI SIPG,Super League,over_under_25,under,3-2,False,1.65,2.2,-1,-1,
forebet,2026-05-30,Racing Cordoba,Ferro Carril Oeste,Primera Nacional,1x2,away,0-0,False,2.88,2.79,-1,-1,
forebet,2026-05-30,Juventude,America Mineiro,Serie B,1x2,home,3-0,True,1.95,1.96,0.95,0.96,
forebet,2026-05-30,Ballard,Midlakes United,USL League Two,1x2,home,2-0,True,1.25,1.18,0.25,0.17999999999999994,
forebet,2026-05-30,Hume City,South Melbourne,Victoria NPL,1x2,home,1-1,False,2.15,2.22,-1,-1,
forebet,2026-05-30,South Hobart,Launceston United,Tasmania NPL,1x2,home,4-1,True,1.02,,0.020000000000000018,,no_pinnacle_close
forebet,2026-05-30,New Jersey Copa,Hudson Valley Hammers,USL League Two,1x2,home,2-4,False,3.4,,-1,,no_pinnacle_close
forebet,2026-05-30,Devonport City,Ulverstone,Tasmania NPL,1x2,home,1-0,True,1.03,,0.030000000000000027,,no_pinnacle_close
forebet,2026-05-30,Avondale,Bentleigh Greens,Victoria NPL,1x2,home,4-0,True,1.3,1.48,0.30000000000000004,0.48,
forebet,2026-05-30,Melbourne City II,Dandenong City,Victoria NPL,1x2,home,0-1,False,2.3,1.75,-1,-1,
forebet,2026-05-30,Gold Coast United,Peninsula Power,Queensland NPL,1x2,away,0-4,True,1.6,1.63,0.6000000000000001,0.6299999999999999,
forebet,2026-05-30,Gangneung City,Changwon City,K3 League,1x2,draw,0-1,False,3.2,3.07,-1,-1,
forebet,2026-05-30,Racing Cordoba,Ferro Carril Oeste,Primera Nacional,over_under_25,over,0-0,False,1.4,3.02,-1,-1,
forebet,2026-05-30,Juventude,America Mineiro,Serie B,over_under_25,under,3-0,False,2.55,1.5,-1,-1,
forebet,2026-05-30,Hume City,South Melbourne,Victoria NPL,over_under_25,over,1-1,False,2.6,1.49,-1,-1,
forebet,2026-05-30,Avondale,Bentleigh Greens,Victoria NPL,over_under_25,over,4-0,True,2.35,1.58,1.35,0.5800000000000001,
forebet,2026-05-30,Melbourne City II,Dandenong City,Victoria NPL,over_under_25,over,0-1,False,2.0,1.51,-1,-1,
forebet,2026-05-30,Gold Coast United,Peninsula Power,Queensland NPL,over_under_25,over,0-4,True,2.85,1.43,1.85,0.42999999999999994,
forebet,2026-05-30,Gangneung City,Changwon City,K3 League,over_under_25,under,0-1,True,2.05,1.67,1.0499999999999998,0.6699999999999999,
forebet,2026-05-31,Tucuman Central,Defensores de Vilelas,Torneo Federal A,1x2,home,2-0,True,1.83,,0.8300000000000001,,no_pinnacle_close
forebet,2026-05-31,Sportivo Belgrano,Gimnasia Chivilcoy,Torneo Federal A,1x2,away,1-0,False,4.5,5.63,-1,-1,
forebet,2026-05-31,Tucuman Central,Defensores de Vilelas,Torneo Federal A,over_under_25,under,2-0,True,2.34,,1.3399999999999999,,no_pinnacle_close
forebet,2026-05-31,Sportivo Belgrano,Gimnasia Chivilcoy,Torneo Federal A,over_under_25,under,1-0,True,2.33,1.38,1.33,0.3799999999999999,
forebet,2026-06-01,Palestino,A. Italiano,Primera División,1x2,home,0-0,False,1.85,1.98,-1,-1,
forebet,2026-06-01,RKC,Rockford Raptors,USL League Two,1x2,home,0-1,False,1.25,,-1,,no_pinnacle_close
forebet,2026-06-01,Yarud Mariupol',Viktoriya Mykolaivka,Persha Liga,1x2,draw,2-0,False,2.95,,-1,,no_pinnacle_close
forebet,2026-06-01,Ahrobiznes Volochysk,Chernihiv,Persha Liga,1x2,home,1-0,True,2.08,,1.08,,no_pinnacle_close
forebet,2026-06-01,Inhulets,Livyi Bereh,Persha Liga,1x2,away,1-3,True,1.48,1.46,0.48,0.45999999999999996,
forebet,2026-06-01,UCSA,Nyva Ternopil,Persha Liga,1x2,home,3-0,True,2.37,2.39,1.37,1.3900000000000001,
forebet,2026-06-01,Probiy Horodenka,Prykarpattia,Persha Liga,1x2,away,0-3,True,2.62,2.68,1.62,1.6800000000000002,
forebet,2026-06-01,Vanraure Hachinohe,Fukushima United,J2 League,1x2,away,0-1,True,4.2,4.39,3.2,3.3899999999999997,
forebet,2026-06-01,France U17,Montenegro U17,UEFA U17 Championship,1x2,home,5-0,True,1.1,,0.10000000000000009,,no_pinnacle_close
forebet,2026-06-01,Denmark U17,Italy U17,UEFA U17 Championship,1x2,away,3-3,False,1.99,,-1,,no_pinnacle_close
forebet,2026-06-01,Kisumu All Stars,Migori Youth,Super League,1x2,away,0-1,True,1.75,,0.75,,no_pinnacle_close
forebet,2026-06-01,Palestino,A. Italiano,Primera División,over_under_25,over,0-0,False,1.8,1.95,-1,-1,
forebet,2026-06-01,Yarud Mariupol',Viktoriya Mykolaivka,Persha Liga,over_under_25,under,2-0,True,2.17,,1.17,,no_pinnacle_close
forebet,2026-06-01,Ahrobiznes Volochysk,Chernihiv,Persha Liga,over_under_25,under,1-0,True,1.97,,0.97,,no_pinnacle_close
forebet,2026-06-01,Inhulets,Livyi Bereh,Persha Liga,over_under_25,under,1-3,False,1.86,1.84,-1,-1,
forebet,2026-06-01,UCSA,Nyva Ternopil,Persha Liga,over_under_25,over,3-0,True,1.51,2.31,0.51,1.31,
forebet,2026-06-01,Probiy Horodenka,Prykarpattia,Persha Liga,over_under_25,under,0-3,False,1.94,1.71,-1,-1,
forebet,2026-06-01,Vanraure Hachinohe,Fukushima United,J2 League,over_under_25,under,0-1,True,2.0,1.73,1.0,0.73,
forebet,2026-06-02,Tecnico Universitario,Barcelona SC,Liga Pro,1x2,away,1-0,False,2.25,2.35,-1,-1,
forebet,2026-06-02,Stars FC,Seahorses,USL League Two,1x2,away,2-1,False,2.37,,-1,,no_pinnacle_close
forebet,2026-06-02,Metalurh Zaporizhya,Bukovyna,Persha Liga,1x2,away,0-4,True,1.07,1.08,0.07000000000000006,0.08000000000000007,
forebet,2026-06-02,Podbeskidzie,Śląsk Wrocław II,II Liga - East,1x2,draw,2-1,False,4.33,4.26,-1,-1,
forebet,2026-06-02,Mes Soongoun,Niroye Zamini,Azadegan League,1x2,draw,1-0,False,3.6,,-1,,no_pinnacle_close
forebet,2026-06-02,Fard Alborz,Mes Kerman,Azadegan League,1x2,draw,0-2,False,2.62,,-1,,no_pinnacle_close
forebet,2026-06-02,Mes Shahr-e Babak,Sanat Naft,Azadegan League,1x2,draw,2-0,False,2.6,2.34,-1,-1,
forebet,2026-06-02,Nassaji Mazandaran,Damash Gilanian,Azadegan League,1x2,home,2-0,True,1.17,1.17,0.16999999999999993,0.16999999999999993,
forebet,2026-06-02,Ario Eslamshahr,Shahrdari Noshahr,Azadegan League,1x2,draw,1-1,True,2.62,2.45,1.62,1.4500000000000002,
forebet,2026-06-02,Shenavarsazi Qeshm,Saipa,Azadegan League,1x2,away,1-2,True,2.22,,1.2200000000000002,,no_pinnacle_close
forebet,2026-06-02,Gharraf,Naft Maysan,Iraqi League,1x2,home,0-2,False,2.25,2.36,-1,-1,
forebet,2026-06-02,Al Quwa Al Jawiya,Zakho,Iraqi League,1x2,home,3-2,True,1.66,1.81,0.6599999999999999,0.81,
forebet,2026-06-02,Naft Gachsaran,Be'sat Kermanshah,Azadegan League,1x2,draw,0-0,True,2.75,,1.75,,no_pinnacle_close
forebet,2026-06-02,Pars Jonoubi JAM,Naft Bandar Abbas,Azadegan League,1x2,draw,0-0,True,2.78,,1.7799999999999998,,no_pinnacle_close
forebet,2026-06-02,Tecnico Universitario,Barcelona SC,Liga Pro,over_under_25,over,1-0,False,1.56,2.24,-1,-1,
forebet,2026-06-02,Metalurh Zaporizhya,Bukovyna,Persha Liga,over_under_25,over,0-4,True,2.25,1.34,1.25,0.3400000000000001,
forebet,2026-06-02,Podbeskidzie,Śląsk Wrocław II,II Liga - East,over_under_25,over,2-1,True,2.25,1.54,1.25,0.54,
forebet,2026-06-02,Mes Soongoun,Niroye Zamini,Azadegan League,over_under_25,under,1-0,True,1.55,,0.55,,no_pinnacle_close
forebet,2026-06-02,Fard Alborz,Mes Kerman,Azadegan League,over_under_25,under,0-2,True,4.0,,3.0,,no_pinnacle_close
forebet,2026-06-02,Mes Shahr-e Babak,Sanat Naft,Azadegan League,over_under_25,under,2-0,True,3.75,,2.75,,no_pinnacle_close
forebet,2026-06-02,Nassaji Mazandaran,Damash Gilanian,Azadegan League,over_under_25,over,2-0,False,1.95,1.71,-1,-1,
forebet,2026-06-02,Ario Eslamshahr,Shahrdari Noshahr,Azadegan League,over_under_25,under,1-1,True,3.4,,2.4,,no_pinnacle_close
forebet,2026-06-02,Gharraf,Naft Maysan,Iraqi League,over_under_25,over,0-2,False,1.54,1.94,-1,-1,
forebet,2026-06-02,Al Quwa Al Jawiya,Zakho,Iraqi League,over_under_25,over,3-2,True,1.85,1.97,0.8500000000000001,0.97,
forebet,2026-06-03,Fortaleza EC,Vitoria,Copa do Nordeste,1x2,draw,1-2,False,3.25,2.99,-1,-1,
forebet,2026-06-03,Barracas Central,Huracan,Copa Argentina,1x2,draw,1-0,False,3.0,2.76,-1,-1,
forebet,2026-06-03,West Chester United,Reading United,USL League Two,1x2,home,3-1,True,1.95,,0.95,,no_pinnacle_close
forebet,2026-06-03,Belconnen United,Tuggeranong United,Capital Territory NPL,1x2,home,1-3,False,2.1,2.64,-1,-1,
forebet,2026-06-03,Milford FC,Magesi,Premier Soccer League,1x2,draw,1-0,False,2.55,2.8,-1,-1,
forebet,2026-06-03,Kozlovice,Šternberk,4. liga - Divizie E,1x2,home,3-1,True,1.33,,0.33000000000000007,,no_pinnacle_close
forebet,2026-06-03,CR Khemis Zemamra,Yacoub El Mansour,Botola Pro,1x2,away,2-1,False,3.1,3.73,-1,-1,
forebet,2026-06-03,Union Henndorf,Anif,Landesliga - Salzburg,1x2,home,2-2,False,1.22,,-1,,no_pinnacle_close
forebet,2026-06-03,Anthering,Bürmoos,Landesliga - Salzburg,1x2,away,1-5,True,11.0,,10.0,,no_pinnacle_close
forebet,2026-06-03,Eugendorf,UFC Hallein,Landesliga - Salzburg,1x2,away,1-2,True,11.0,,10.0,,no_pinnacle_close
forebet,2026-06-03,Fortaleza EC,Vitoria,Copa do Nordeste,over_under_25,under,1-2,False,2.15,1.77,-1,-1,
forebet,2026-06-03,Barracas Central,Huracan,Copa Argentina,over_under_25,under,1-0,True,3.2,1.33,2.2,0.33000000000000007,
forebet,2026-06-03,Belconnen United,Tuggeranong United,Capital Territory NPL,over_under_25,over,1-3,True,3.0,1.4,2.0,0.3999999999999999,
forebet,2026-06-03,Milford FC,Magesi,Premier Soccer League,over_under_25,under,1-0,True,3.0,1.36,2.0,0.3600000000000001,
forebet,2026-06-03,Kozlovice,Šternberk,4. liga - Divizie E,over_under_25,over,3-1,True,2.38,,1.38,,no_pinnacle_close
forebet,2026-06-03,CR Khemis Zemamra,Yacoub El Mansour,Botola Pro,over_under_25,under,2-1,False,2.35,1.5,-1,-1,
forebet,2026-06-03,Union Henndorf,Anif,Landesliga - Salzburg,over_under_25,over,2-2,True,2.0,,1.0,,no_pinnacle_close
forebet,2026-06-03,Anthering,Bürmoos,Landesliga - Salzburg,over_under_25,over,1-5,True,2.0,,1.0,,no_pinnacle_close
forebet,2026-06-03,Eugendorf,UFC Hallein,Landesliga - Salzburg,over_under_25,under,1-2,False,1.77,,-1,,no_pinnacle_close
forebet,2026-06-04,Birmingham Legion,Louisville City,USL Championship,1x2,home,1-1,False,3.75,3.81,-1,-1,
forebet,2026-06-04,Santafé Wanderers,Peoria,USL League Two,1x2,away,0-1,True,1.61,1.6,0.6100000000000001,0.6000000000000001,
forebet,2026-06-04,Virginia Marauders,Loudoun 2,USL League Two,1x2,home,0-2,False,5.25,,-1,,no_pinnacle_close
forebet,2026-06-04,Montgomery United,Birmingham Legion II,USL League Two,1x2,home,2-2,False,1.95,,-1,,no_pinnacle_close
forebet,2026-06-04,Birmingham Legion,Louisville City,USL Championship,over_under_25,over,1-1,False,2.05,1.73,-1,-1,
forebet,2026-06-04,Montgomery United,Birmingham Legion II,USL League Two,over_under_25,over,2-2,True,2.18,,1.1800000000000002,,no_pinnacle_close
forebet,2026-06-05,San Antonio,Ind. Juniors,Liga Pro Serie B,1x2,draw,0-0,True,2.9,2.75,1.9,1.75,
forebet,2026-06-05,Sydney FC U20,NWS Spirit U20,Npl Nsw U20,1x2,home,1-2,False,3.3,,-1,,no_pinnacle_close
forebet,2026-06-05,Green Gully,Avondale,Victoria NPL,1x2,away,0-2,True,1.28,1.38,0.28,0.3799999999999999,
forebet,2026-06-05,Gold Coast Knights,Olympic,Queensland NPL,1x2,home,5-2,True,1.85,1.86,0.8500000000000001,0.8600000000000001,
forebet,2026-06-05,Eastern Suburbs,Moreton City Excelsior,Queensland NPL,1x2,away,0-0,False,2.1,2.16,-1,-1,
forebet,2026-06-05,Dandenong City,Heidelberg United,Victoria NPL,1x2,away,4-1,False,1.65,1.66,-1,-1,
forebet,2026-06-05,Adelaide City,Sturt Lions,South Australia NPL,1x2,home,4-1,True,1.7,1.81,0.7,0.81,
forebet,2026-06-05,Kamatamare Sanuki,Parceiro Nagano,J2 League,1x2,away,0-0,False,2.5,2.38,-1,-1,
forebet,2026-06-05,Oakleigh Cannons,St. Albans Saints,Victoria NPL,1x2,home,2-2,False,1.33,1.34,-1,-1,
forebet,2026-06-05,Bentleigh Greens,Hume City,Victoria NPL,1x2,away,1-5,True,1.8,1.81,0.8,0.81,
forebet,2026-06-05,West Torrens Birkalla,Croydon Kings,South Australia NPL,1x2,home,1-0,True,1.85,,0.8500000000000001,,no_pinnacle_close
forebet,2026-06-05,Seongnam FC,Gimhae City,K League 2,1x2,home,1-1,False,1.8,1.81,-1,-1,
forebet,2026-06-05,Daegu FC,Paju Citizen,K League 2,1x2,home,1-0,True,1.83,1.5,0.8300000000000001,0.5,
forebet,2026-06-05,Busan I Park,Asan Mugunghwa,K League 2,1x2,home,2-2,False,1.83,1.87,-1,-1,
forebet,2026-06-05,Perth,Stirling Lions,Western Australia NPL,1x2,home,3-3,False,1.7,,-1,,no_pinnacle_close
forebet,2026-06-05,Bayswater City,Dianella White Eagle,Western Australia NPL,1x2,home,4-3,True,1.61,1.62,0.6100000000000001,0.6200000000000001,
forebet,2026-06-05,Hunters,Bulawayo Chiefs,Premier Soccer League,1x2,draw,3-1,False,2.4,,-1,,no_pinnacle_close
forebet,2026-06-05,Kudrivka,Ahrobiznes Volochysk,Premier League,1x2,home,0-0,False,1.48,1.43,-1,-1,
forebet,2026-06-05,Viktoria Plzeň II,Loko Vltavín,3. liga - CFL A,1x2,home,2-0,True,1.66,,0.6599999999999999,,no_pinnacle_close
forebet,2026-06-05,Haka,JäPS,Ykkösliiga,1x2,home,1-2,False,1.48,1.46,-1,-1,
forebet,2026-06-05,JS Hercules,VPS II,Kakkonen - Lohko C,1x2,home,1-5,False,3.0,2.92,-1,-1,
forebet,2026-06-05,Petřín Plzeň,Slavia III,3. liga - CFL A,1x2,away,1-3,True,2.04,,1.04,,no_pinnacle_close
forebet,2026-06-05,San Antonio,Ind. Juniors,Liga Pro Serie B,over_under_25,under,0-0,True,2.06,1.58,1.06,0.5800000000000001,
forebet,2026-06-05,Sydney FC U20,NWS Spirit U20,Npl Nsw U20,over_under_25,under,1-2,False,1.57,,-1,,no_pinnacle_close
forebet,2026-06-05,Green Gully,Avondale,Victoria NPL,over_under_25,over,0-2,False,2.5,1.45,-1,-1,
forebet,2026-06-05,Gold Coast Knights,Olympic,Queensland NPL,over_under_25,over,5-2,True,2.6,1.44,1.6,0.43999999999999995,
forebet,2026-06-05,Eastern Suburbs,Moreton City Excelsior,Queensland NPL,over_under_25,over,0-0,False,3.3,,-1,,no_pinnacle_close
forebet,2026-06-05,Dandenong City,Heidelberg United,Victoria NPL,over_under_25,over,4-1,True,2.15,1.66,1.15,0.6599999999999999,
forebet,2026-06-05,Adelaide City,Sturt Lions,South Australia NPL,over_under_25,over,4-1,True,2.5,1.5,1.5,0.5,
forebet,2026-06-05,Kamatamare Sanuki,Parceiro Nagano,J2 League,over_under_25,under,0-0,True,2.02,1.45,1.02,0.44999999999999996,
forebet,2026-06-05,Oakleigh Cannons,St. Albans Saints,Victoria NPL,over_under_25,over,2-2,True,2.55,1.47,1.5499999999999998,0.47,
forebet,2026-06-05,Bentleigh Greens,Hume City,Victoria NPL,over_under_25,over,1-5,True,2.05,1.78,1.0499999999999998,0.78,
forebet,2026-06-05,Seongnam FC,Gimhae City,K League 2,over_under_25,under,1-1,True,2.15,1.77,1.15,0.77,
forebet,2026-06-05,Daegu FC,Paju Citizen,K League 2,over_under_25,under,1-0,True,2.05,2.12,1.0499999999999998,1.12,
forebet,2026-06-05,Busan I Park,Asan Mugunghwa,K League 2,over_under_25,under,2-2,False,2.05,1.84,-1,-1,
forebet,2026-06-05,Perth,Stirling Lions,Western Australia NPL,over_under_25,over,3-3,True,3.5,,2.5,,no_pinnacle_close
forebet,2026-06-05,Bayswater City,Dianella White Eagle,Western Australia NPL,over_under_25,over,4-3,True,3.5,1.37,2.5,0.3700000000000001,
forebet,2026-06-05,Kudrivka,Ahrobiznes Volochysk,Premier League,over_under_25,under,0-0,True,1.65,2.19,0.6499999999999999,1.19,
forebet,2026-06-05,Viktoria Plzeň II,Loko Vltavín,3. liga - CFL A,over_under_25,over,2-0,False,2.38,,-1,,no_pinnacle_close
forebet,2026-06-05,Haka,JäPS,Ykkösliiga,over_under_25,over,1-2,True,2.08,1.61,1.08,0.6100000000000001,
forebet,2026-06-05,JS Hercules,VPS II,Kakkonen - Lohko C,over_under_25,over,1-5,True,3.75,,2.75,,no_pinnacle_close
forebet,2026-06-06,San Luis,San Marcos de Arica,Primera B,1x2,draw,1-0,False,3.2,3.13,-1,-1,
forebet,2026-06-06,Santo Domingo,22 de Julio,Liga Pro Serie B,1x2,draw,1-0,False,4.0,3.83,-1,-1,
forebet,2026-06-06,Gimnasia y Tiro,Midland,Primera Nacional,1x2,away,1-0,False,3.1,3.29,-1,-1,
forebet,2026-06-06,Snohomish United,Midlakes United,USL League Two,1x2,home,2-1,True,1.6,1.59,0.6000000000000001,0.5900000000000001,
forebet,2026-06-06,Vancouver FC,Atlético Ottawa,Canadian Premier League,1x2,away,2-1,False,2.7,2.69,-1,-1,
forebet,2026-06-06,Magic United,Brisbane Roar II,Queensland NPL,1x2,home,2-1,True,2.7,2.93,1.7000000000000002,1.9300000000000002,
forebet,2026-06-06,JEF United Chiba,Avispa Fukuoka,J1 League,1x2,draw,1-2,False,3.1,3.02,-1,-1,
forebet,2026-06-06,FC Tokyo,Cerezo Osaka,J1 League,1x2,away,1-3,True,4.0,3.87,3.0,2.87,
forebet,2026-06-06,Kashima,Vissel Kobe,J1 League,1x2,home,2-0,True,2.2,2.33,1.2000000000000002,1.33,
forebet,2026-06-06,Yokohama FC,Renofa Yamaguchi,J2 League,1x2,home,2-1,True,1.7,1.62,0.7,0.6200000000000001,
forebet,2026-06-06,San Luis,San Marcos de Arica,Primera B,over_under_25,over,1-0,False,1.7,2.09,-1,-1,
forebet,2026-06-06,Santo Domingo,22 de Julio,Liga Pro Serie B,over_under_25,under,1-0,True,1.9,1.78,0.8999999999999999,0.78,
forebet,2026-06-06,Gimnasia y Tiro,Midland,Primera Nacional,over_under_25,under,1-0,True,2.95,1.38,1.9500000000000002,0.3799999999999999,
forebet,2026-06-06,Vancouver FC,Atlético Ottawa,Canadian Premier League,over_under_25,over,2-1,True,2.1,1.75,1.1,0.75,
forebet,2026-06-06,Magic United,Brisbane Roar II,Queensland NPL,over_under_25,over,2-1,True,3.45,,2.45,,no_pinnacle_close
forebet,2026-06-06,JEF United Chiba,Avispa Fukuoka,J1 League,over_under_25,under,1-2,False,2.45,1.55,-1,-1,
forebet,2026-06-06,FC Tokyo,Cerezo Osaka,J1 League,over_under_25,over,1-3,True,2.1,1.78,1.1,0.78,
forebet,2026-06-06,Kashima,Vissel Kobe,J1 League,over_under_25,under,2-0,True,2.1,1.76,1.1,0.76,
forebet,2026-06-06,Yokohama FC,Renofa Yamaguchi,J2 League,over_under_25,over,2-1,True,1.92,1.83,0.9199999999999999,0.8300000000000001,
forebet,2026-06-07,Atletico Escobar,El Linqueño,Torneo Federal A,1x2,home,1-0,True,1.53,,0.53,,no_pinnacle_close
forebet,2026-06-07,San Martin Formosa,Tucuman Central,Torneo Federal A,1x2,home,3-2,True,1.36,1.34,0.3600000000000001,0.3400000000000001,
forebet,2026-06-07,Rentistas,Colón,Segunda División,1x2,home,0-2,False,1.95,2.02,-1,-1,
forebet,2026-06-07,Atletico Escobar,El Linqueño,Torneo Federal A,over_under_25,under,1-0,True,2.0,,1.0,,no_pinnacle_close
forebet,2026-06-07,San Martin Formosa,Tucuman Central,Torneo Federal A,over_under_25,under,3-2,False,1.97,1.64,-1,-1,
forebet,2026-06-07,Rentistas,Colón,Segunda División,over_under_25,under,0-2,True,2.6,1.46,1.6,0.45999999999999996,
forebet,2026-06-08,Miramar,Oriental,Segunda División,1x2,draw,2-2,True,2.88,2.85,1.88,1.85,
forebet,2026-06-08,FUS Rabat,Difaa EL Jadida,Botola Pro,1x2,draw,0-0,True,3.3,3.3,2.3,2.3,
forebet,2026-06-08,Kiffen,PuiU Helsinki,Kakkonen - Lohko A,1x2,home,2-0,True,1.73,1.72,0.73,0.72,
forebet,2026-06-08,Dainava,Garliava,1 Lyga,1x2,home,1-0,True,2.0,1.97,1.0,0.97,
forebet,2026-06-08,Stockholm Internazionale,Vasalund,Ettan - Norra,1x2,draw,4-1,False,4.1,4.33,-1,-1,
forebet,2026-06-08,Täfteå,Umeå FC Akademi,Division 2 - Norrland,1x2,home,3-0,True,2.1,1.28,1.1,0.28,
forebet,2026-06-08,Järfälla,Stocksund,Ettan - Norra,1x2,home,1-6,False,1.85,1.73,-1,-1,
forebet,2026-06-08,Renaissance Berkane,Ittihad Tanger,Botola Pro,1x2,draw,1-0,False,3.5,3.52,-1,-1,
forebet,2026-06-08,Wydad AC,Olympique Safi,Botola Pro,1x2,home,1-0,True,1.53,1.53,0.53,0.53,
forebet,2026-06-08,Monsoon,Santa Cruz RS,Copa Gaúcha,1x2,home,1-1,False,2.2,2.09,-1,-1,
forebet,2026-06-08,Defensa y Justicia Res.,Ferro 2,Reserve League,1x2,home,2-1,True,1.7,1.67,0.7,0.6699999999999999,
forebet,2026-06-08,Independiente Riva. Res.,Quilmes 2,Reserve League,1x2,away,2-0,False,2.45,,-1,,no_pinnacle_close
forebet,2026-06-08,Unión Santa Fe Res.,Atlético Tucumán Res.,Reserve League,1x2,away,2-0,False,3.25,3.04,-1,-1,
forebet,2026-06-08,Racing Club Res.,Banfield Res.,Reserve League,1x2,home,1-2,False,1.85,1.9,-1,-1,
forebet,2026-06-08,UAI Urquiza,Liniers,Primera B Metropolitana,1x2,away,2-1,False,2.9,3.17,-1,-1,
forebet,2026-06-08,Miramar,Oriental,Segunda División,over_under_25,under,2-2,False,2.6,1.48,-1,-1,
forebet,2026-06-08,FUS Rabat,Difaa EL Jadida,Botola Pro,over_under_25,under,0-0,True,2.2,1.59,1.2000000000000002,0.5900000000000001,
forebet,2026-06-08,Kiffen,PuiU Helsinki,Kakkonen - Lohko A,over_under_25,over,2-0,False,2.62,1.41,-1,-1,
forebet,2026-06-08,Dainava,Garliava,1 Lyga,over_under_25,under,1-0,True,1.6,2.12,0.6000000000000001,1.12,
forebet,2026-06-08,Stockholm Internazionale,Vasalund,Ettan - Norra,over_under_25,over,4-1,True,2.38,1.54,1.38,0.54,
forebet,2026-06-08,Täfteå,Umeå FC Akademi,Division 2 - Norrland,over_under_25,over,3-0,True,2.2,,1.2000000000000002,,no_pinnacle_close
forebet,2026-06-08,Järfälla,Stocksund,Ettan - Norra,over_under_25,over,1-6,True,3.25,,2.25,,no_pinnacle_close
forebet,2026-06-08,Renaissance Berkane,Ittihad Tanger,Botola Pro,over_under_25,under,1-0,True,2.2,1.6,1.2000000000000002,0.6000000000000001,
forebet,2026-06-08,Wydad AC,Olympique Safi,Botola Pro,over_under_25,under,1-0,True,1.93,1.86,0.9299999999999999,0.8600000000000001,
forebet,2026-06-08,Monsoon,Santa Cruz RS,Copa Gaúcha,over_under_25,over,1-1,False,1.65,2.12,-1,-1,
forebet,2026-06-08,Defensa y Justicia Res.,Ferro 2,Reserve League,over_under_25,under,2-1,False,1.8,2.12,-1,-1,
forebet,2026-06-08,Independiente Riva. Res.,Quilmes 2,Reserve League,over_under_25,under,2-0,True,2.18,,1.1800000000000002,,no_pinnacle_close
forebet,2026-06-08,Unión Santa Fe Res.,Atlético Tucumán Res.,Reserve League,over_under_25,under,2-0,True,1.9,1.92,0.8999999999999999,0.9199999999999999,
forebet,2026-06-08,Racing Club Res.,Banfield Res.,Reserve League,over_under_25,under,1-2,False,1.97,1.79,-1,-1,
forebet,2026-06-09,Bulawayo Chiefs,TelOne,Premier Soccer League,1x2,draw,1-1,True,2.8,,1.7999999999999998,,no_pinnacle_close
forebet,2026-06-09,Niroye Zamini,Ario Eslamshahr,Azadegan League,1x2,draw,0-0,True,2.4,2.21,1.4,1.21,
forebet,2026-06-09,Navad Urmia,Fard Alborz,Azadegan League,1x2,draw,0-6,False,2.88,,-1,,no_pinnacle_close
forebet,2026-06-09,Be'sat Kermanshah,Mes Soongoun,Azadegan League,1x2,home,1-0,True,2.02,,1.02,,no_pinnacle_close
forebet,2026-06-09,Mes Kerman,Naft Gachsaran,Azadegan League,1x2,draw,0-0,True,2.75,2.55,1.75,1.5499999999999998,
forebet,2026-06-09,Ahrobiznes Volochysk,Kudrivka,Premier League,1x2,home,2-2,False,3.5,3.67,-1,-1,
forebet,2026-06-09,Nassaji Mazandaran,Shenavarsazi Qeshm,Azadegan League,1x2,home,2-0,True,1.22,1.24,0.21999999999999997,0.24,
forebet,2026-06-09,Sanat Naft,Pars Jonoubi JAM,Azadegan League,1x2,draw,0-2,False,2.7,,-1,,no_pinnacle_close
forebet,2026-06-09,Honka,HJK Helsinki,Suomen Cup,1x2,away,1-7,True,1.14,1.12,0.1399999999999999,0.1200000000000001,
forebet,2026-06-09,Yacoub El Mansour,CODM Meknes,Botola Pro,1x2,away,1-1,False,3.1,3.39,-1,-1,
forebet,2026-06-09,SJK Akatemia,JIPPO,Ykkösliiga,1x2,away,0-0,False,1.14,1.69,-1,-1,
forebet,2026-06-09,Bougouni,USFAS Bamako,Première Division,1x2,away,2-1,False,1.8,,-1,,no_pinnacle_close
forebet,2026-06-09,Stade Malien Bamako,Binga,Première Division,1x2,home,2-1,True,1.95,1.94,0.95,0.94,
forebet,2026-06-09,United Nordic,Ostersunds FK,Superettan,1x2,home,1-1,False,1.95,2.27,-1,-1,
forebet,2026-06-09,Osters IF,IFK Varnamo,Superettan,1x2,home,3-0,True,1.95,2.03,0.95,1.0299999999999998,
forebet,2026-06-09,IK brage,Ljungskile SK,Superettan,1x2,home,2-2,False,2.45,2.63,-1,-1,
forebet,2026-06-09,Oddevold,IFK Norrkoping,Superettan,1x2,draw,1-2,False,3.3,3.62,-1,-1,
forebet,2026-06-09,Sandviken,Falkenbergs FF,Superettan,1x2,away,4-2,False,2.55,2.83,-1,-1,
forebet,2026-06-09,Vendelsö,Haninge,Svenska Cupen,1x2,away,1-4,True,3.25,,2.25,,no_pinnacle_close
forebet,2026-06-09,Sturehov W,FBK Karlstad,Svenska Cupen,1x2,draw,1-3,False,7.5,,-1,,no_pinnacle_close
forebet,2026-06-09,Niroye Zamini,Ario Eslamshahr,Azadegan League,over_under_25,under,0-0,True,3.75,,2.75,,no_pinnacle_close
forebet,2026-06-09,Navad Urmia,Fard Alborz,Azadegan League,over_under_25,under,0-6,False,2.3,,-1,,no_pinnacle_close
forebet,2026-06-09,Be'sat Kermanshah,Mes Soongoun,Azadegan League,over_under_25,under,1-0,True,2.9,,1.9,,no_pinnacle_close
forebet,2026-06-09,Mes Kerman,Naft Gachsaran,Azadegan League,over_under_25,under,0-0,True,3.4,,2.4,,no_pinnacle_close
forebet,2026-06-09,Ahrobiznes Volochysk,Kudrivka,Premier League,over_under_25,over,2-2,True,1.5,2.5,0.5,1.5,
forebet,2026-06-09,Nassaji Mazandaran,Shenavarsazi Qeshm,Azadegan League,over_under_25,under,2-0,True,2.0,1.64,1.0,0.6399999999999999,
forebet,2026-06-09,Sanat Naft,Pars Jonoubi JAM,Azadegan League,over_under_25,under,0-2,True,2.3,,1.2999999999999998,,no_pinnacle_close
forebet,2026-06-09,Honka,HJK Helsinki,Suomen Cup,over_under_25,over,1-7,True,4.0,1.16,3.0,0.15999999999999992,
forebet,2026-06-09,Yacoub El Mansour,CODM Meknes,Botola Pro,over_under_25,under,1-1,True,2.3,1.57,1.2999999999999998,0.5700000000000001,
forebet,2026-06-09,SJK Akatemia,JIPPO,Ykkösliiga,over_under_25,over,0-0,False,4.0,2.02,-1,-1,
forebet,2026-06-09,Stade Malien Bamako,Binga,Première Division,over_under_25,over,2-1,True,1.5,2.84,0.5,1.8399999999999999,
forebet,2026-06-09,United Nordic,Ostersunds FK,Superettan,over_under_25,under,1-1,True,1.62,2.12,0.6200000000000001,1.12,
forebet,2026-06-09,Osters IF,IFK Varnamo,Superettan,over_under_25,over,3-0,True,2.3,1.61,1.2999999999999998,0.6100000000000001,
forebet,2026-06-09,IK brage,Ljungskile SK,Superettan,over_under_25,over,2-2,True,2.1,1.72,1.1,0.72,
forebet,2026-06-09,Oddevold,IFK Norrkoping,Superettan,over_under_25,under,1-2,False,1.67,2.26,-1,-1,
forebet,2026-06-09,Sandviken,Falkenbergs FF,Superettan,over_under_25,over,4-2,True,2.1,1.7,1.1,0.7,
forebet,2026-06-09,Vendelsö,Haninge,Svenska Cupen,over_under_25,over,1-4,True,2.3,,1.2999999999999998,,no_pinnacle_close
forebet,2026-06-09,Sturehov W,FBK Karlstad,Svenska Cupen,over_under_25,under,1-3,False,1.3,,-1,,no_pinnacle_close
forebet,2026-06-10,San Antonio,LDU Portoviejo,Liga Pro Serie B,1x2,draw,4-2,False,3.1,3.03,-1,-1,
forebet,2026-06-10,Britannia,Sporting,Division di Honor,1x2,away,0-0,False,4.33,,-1,,no_pinnacle_close
forebet,2026-06-10,Sydney Olympic U20,SD Raiders U20,Npl Nsw U20,1x2,home,0-1,False,2.88,,-1,,no_pinnacle_close
forebet,2026-06-10,Canberra Olympic,Canberra Juventus,Capital Territory NPL,1x2,home,2-3,False,9.0,2.13,-1,-1,
forebet,2026-06-10,O'Connor Knights,Cooma Tigers FC,Capital Territory NPL,1x2,away,0-1,True,1.18,1.14,0.17999999999999994,0.1399999999999999,
forebet,2026-06-10,Tuggeranong United,Monaro Panthers,Capital Territory NPL,1x2,home,1-6,False,4.33,4.85,-1,-1,
forebet,2026-06-10,Belconnen United,Canberra White Eagles,Capital Territory NPL,1x2,home,1-2,False,1.5,1.43,-1,-1,
forebet,2026-06-10,Canberra FC,Queanbeyan City,Capital Territory NPL,1x2,home,4-2,True,1.5,1.59,0.5,0.5900000000000001,
forebet,2026-06-10,Slovácko U19,Mladá Boleslav U19,1. Liga U19,1x2,away,0-4,True,2.35,2.34,1.35,1.3399999999999999,
forebet,2026-06-10,Cape Town City,Magesi,Premier Soccer League,1x2,away,1-1,False,3.8,4.28,-1,-1,
forebet,2026-06-10,MWOS,Manica Diamonds,Premier Soccer League,1x2,draw,3-1,False,3.1,,-1,,no_pinnacle_close
forebet,2026-06-10,Chicken Inn,CAPS United,Premier Soccer League,1x2,draw,0-0,True,2.5,,1.5,,no_pinnacle_close
forebet,2026-06-10,Dynamos,Hunters,Premier Soccer League,1x2,home,2-2,False,1.75,,-1,,no_pinnacle_close
forebet,2026-06-10,Damash Gilanian,Mes Shahr-e Babak,Azadegan League,1x2,away,0-7,True,3.8,,2.8,,no_pinnacle_close
forebet,2026-06-10,KuPS,VPS,Suomen Cup,1x2,home,0-0,False,1.67,1.75,-1,-1,
forebet,2026-06-10,Naft Bandar Abbas,Shahrdari Noshahr,Azadegan League,1x2,draw,1-0,False,2.62,,-1,,no_pinnacle_close
forebet,2026-06-10,San Antonio,LDU Portoviejo,Liga Pro Serie B,over_under_25,under,4-2,False,2.28,1.46,-1,-1,
forebet,2026-06-10,Sydney Olympic U20,SD Raiders U20,Npl Nsw U20,over_under_25,over,0-1,False,2.2,,-1,,no_pinnacle_close
forebet,2026-06-10,Canberra Olympic,Canberra Juventus,Capital Territory NPL,over_under_25,over,2-3,True,4.0,,3.0,,no_pinnacle_close
forebet,2026-06-10,O'Connor Knights,Cooma Tigers FC,Capital Territory NPL,over_under_25,over,0-1,False,4.0,,-1,,no_pinnacle_close
forebet,2026-06-10,Tuggeranong United,Monaro Panthers,Capital Territory NPL,over_under_25,over,1-6,True,3.4,,2.4,,no_pinnacle_close
forebet,2026-06-10,Belconnen United,Canberra White Eagles,Capital Territory NPL,over_under_25,over,1-2,True,3.0,,2.0,,no_pinnacle_close
forebet,2026-06-10,Canberra FC,Queanbeyan City,Capital Territory NPL,over_under_25,over,4-2,True,3.0,,2.0,,no_pinnacle_close
forebet,2026-06-10,Cape Town City,Magesi,Premier Soccer League,over_under_25,under,1-1,True,2.75,1.46,1.75,0.45999999999999996,
forebet,2026-06-10,Damash Gilanian,Mes Shahr-e Babak,Azadegan League,over_under_25,under,0-7,False,2.75,,-1,,no_pinnacle_close
forebet,2026-06-10,KuPS,VPS,Suomen Cup,over_under_25,over,0-0,False,1.8,1.88,-1,-1,
forebet,2026-06-10,Naft Bandar Abbas,Shahrdari Noshahr,Azadegan League,over_under_25,under,1-0,True,2.9,,1.9,,no_pinnacle_close
forebet,2026-06-11,Sport Recife,Athletic Club,Serie B,1x2,away,1-1,False,4.33,5.14,-1,-1,
forebet,2026-06-11,Sport Recife,Athletic Club,Serie B,over_under_25,over,1-1,False,1.57,2.32,-1,-1,
forebet,2026-06-12,Utah United W,Flatirons II W,USL W League,1x2,home,2-1,True,1.04,,0.040000000000000036,,no_pinnacle_close
forebet,2026-06-12,South Korea,Czech Republic,World Cup,1x2,draw,2-1,False,3.1,3.14,-1,-1,
forebet,2026-06-12,Sportivo San Juan,Project 51O,USL League Two,1x2,away,1-3,True,1.9,,0.8999999999999999,,no_pinnacle_close
forebet,2026-06-12,Manly United,Sydney United,New South Wales NPL,1x2,away,1-1,False,1.8,1.81,-1,-1,
forebet,2026-06-12,Marconi Stallions,Sydney FC U23,New South Wales NPL,1x2,home,0-0,False,1.38,1.36,-1,-1,
forebet,2026-06-12,Campbelltown City,West Torrens Birkalla,South Australia NPL,1x2,away,1-2,True,2.0,2.19,1.0,1.19,
forebet,2026-06-12,Suwon FMC W,Gumi Sportstoto W,WK-League,1x2,home,6-0,True,1.48,1.44,0.48,0.43999999999999995,
forebet,2026-06-12,Pho Hien,Bắc Ninh,V.League 1,1x2,draw,1-1,True,3.6,3.84,2.6,2.84,
forebet,2026-06-12,Adelaide Comets,West Adelaide,South Australia NPL,1x2,away,3-2,False,2.35,2.38,-1,-1,
forebet,2026-06-12,Ekibastuz,Arys,1. Division,1x2,home,1-1,False,1.63,,-1,,no_pinnacle_close
forebet,2026-06-12,Foutoua,Al Karama,Premier League,1x2,away,2-4,True,1.76,,0.76,,no_pinnacle_close
forebet,2026-06-12,Reyady Abaseya,Al Hikma,Premier League,1x2,home,0-1,False,4.2,,-1,,no_pinnacle_close
forebet,2026-06-12,Coastal Union,Namungo,Ligi kuu Bara,1x2,draw,1-1,True,3.0,2.98,2.0,1.98,
forebet,2026-06-12,Itabirito U20,Nacional de Muriae U20,Mineiro U20,1x2,draw,2-2,True,10.0,,9.0,,no_pinnacle_close
forebet,2026-06-12,Khan Tengri,Shakhter Karagandy,1. Division,1x2,away,0-2,True,1.39,,0.3899999999999999,,no_pinnacle_close
forebet,2026-06-12,FUS Rabat,Maghreb Fès,Botola Pro,1x2,draw,1-1,True,2.75,2.4,1.75,1.4,
forebet,2026-06-12,Olympique Safi,Kawkab Marrakech,Botola Pro,1x2,draw,1-0,False,2.88,3.11,-1,-1,
forebet,2026-06-12,Saburtalo,Spaeri,Erovnuli Liga,1x2,home,1-1,False,1.5,1.5,-1,-1,
forebet,2026-06-12,Tukums,BFC Daugavpils,Virsliga,1x2,draw,1-1,True,3.2,3.41,2.2,2.41,
forebet,2026-06-12,South Korea,Czech Republic,World Cup,over_under_25,under,2-1,False,2.2,1.68,-1,-1,
forebet,2026-06-12,Sportivo San Juan,Project 51O,USL League Two,over_under_25,over,1-3,True,2.25,,1.25,,no_pinnacle_close
forebet,2026-06-12,Manly United,Sydney United,New South Wales NPL,over_under_25,under,1-1,True,1.85,1.88,0.8500000000000001,0.8799999999999999,
forebet,2026-06-12,Marconi Stallions,Sydney FC U23,New South Wales NPL,over_under_25,under,0-0,True,1.62,2.27,0.6200000000000001,1.27,
forebet,2026-06-12,Campbelltown City,West Torrens Birkalla,South Australia NPL,over_under_25,over,1-2,True,2.75,1.4,1.75,0.3999999999999999,
forebet,2026-06-12,Suwon FMC W,Gumi Sportstoto W,WK-League,over_under_25,over,6-0,True,1.97,1.68,0.97,0.6799999999999999,
forebet,2026-06-12,Pho Hien,Bắc Ninh,V.League 1,over_under_25,under,1-1,True,2.05,1.74,1.0499999999999998,0.74,
forebet,2026-06-12,Adelaide Comets,West Adelaide,South Australia NPL,over_under_25,over,3-2,True,2.35,1.52,1.35,0.52,
forebet,2026-06-12,Foutoua,Al Karama,Premier League,over_under_25,under,2-4,False,1.75,,-1,,no_pinnacle_close
forebet,2026-06-12,Reyady Abaseya,Al Hikma,Premier League,over_under_25,under,0-1,True,2.0,,1.0,,no_pinnacle_close
forebet,2026-06-12,Coastal Union,Namungo,Ligi kuu Bara,over_under_25,under,1-1,True,2.46,1.5,1.46,0.5,
forebet,2026-06-12,Itabirito U20,Nacional de Muriae U20,Mineiro U20,over_under_25,under,2-2,False,1.28,,-1,,no_pinnacle_close
forebet,2026-06-12,FUS Rabat,Maghreb Fès,Botola Pro,over_under_25,under,1-1,True,2.95,1.36,1.9500000000000002,0.3600000000000001,
forebet,2026-06-12,Olympique Safi,Kawkab Marrakech,Botola Pro,over_under_25,under,1-0,True,2.65,1.46,1.65,0.45999999999999996,
forebet,2026-06-12,Saburtalo,Spaeri,Erovnuli Liga,over_under_25,under,1-1,True,1.8,1.93,0.8,0.9299999999999999,
forebet,2026-06-12,Tukums,BFC Daugavpils,Virsliga,over_under_25,over,1-1,False,2.05,1.73,-1,-1,
forebet,2026-06-13,A. Italiano,D. La Serena,Primera División,1x2,home,1-1,False,1.9,2.02,-1,-1,
forebet,2026-06-13,USA,Paraguay,World Cup,1x2,home,4-1,True,2.05,2.11,1.0499999999999998,1.1099999999999999,
forebet,2026-06-13,Juventud Antoniana,Sarmiento de La Banda,Torneo Federal A,1x2,away,0-1,True,4.2,4.47,3.2,3.4699999999999998,
forebet,2026-06-13,Adamstown Rosebuds,Broadmeadow Magic,Northern NSW NPL,1x2,away,1-5,True,1.4,1.43,0.3999999999999999,0.42999999999999994,
forebet,2026-06-13,Clarence Zebras,South Hobart,Tasmania NPL,1x2,away,1-3,True,1.18,1.13,0.17999999999999994,0.1299999999999999,
forebet,2026-06-13,Croydon Kings,Playford City Patriots,South Australia NPL,1x2,draw,4-1,False,3.7,,-1,,no_pinnacle_close
forebet,2026-06-13,O'Connor Knights,Tuggeranong United,Capital Territory NPL,1x2,away,2-3,True,2.15,2.23,1.15,1.23,
forebet,2026-06-13,Queanbeyan City,Monaro Panthers,Capital Territory NPL,1x2,home,5-2,True,3.3,3.6,2.3,2.6,
forebet,2026-06-13,Brindabella,Belconnen United,Capital Territory NPL,1x2,away,1-4,True,1.73,1.63,0.73,0.6299999999999999,
forebet,2026-06-13,Para Hills Knights,FK Beograd,South Australia NPL,1x2,away,1-5,True,1.2,1.18,0.19999999999999996,0.17999999999999994,
forebet,2026-06-13,Edgeworth Eagles,Cooks Hill United,Northern NSW NPL,1x2,home,0-1,False,10.0,1.61,-1,-1,
forebet,2026-06-13,Maitland,Valentine,Northern NSW NPL,1x2,home,1-0,True,10.0,1.38,9.0,0.3799999999999999,
forebet,2026-06-13,Glenorchy Knights,Riverside,Tasmania NPL,1x2,home,1-1,False,1.73,1.78,-1,-1,
forebet,2026-06-13,Stirling Lions,Sorrento,Western Australia NPL,1x2,home,0-1,False,1.53,,-1,,no_pinnacle_close
forebet,2026-06-13,Perth Glory II,Perth,Western Australia NPL,1x2,away,2-4,True,1.75,,0.75,,no_pinnacle_close
forebet,2026-06-13,Armadale,Bayswater City,Western Australia NPL,1x2,away,0-5,True,1.75,1.81,0.75,0.81,
forebet,2026-06-13,Dianella White Eagle,Western Knights,Western Australia NPL,1x2,away,1-0,False,3.25,2.57,-1,-1,
forebet,2026-06-13,Fremantle City,Balcatta,Western Australia NPL,1x2,home,5-2,True,1.9,1.92,0.8999999999999999,0.9199999999999999,
forebet,2026-06-13,Changchun Yatai,Dalian Huayi,League One,1x2,draw,2-1,False,3.8,3.45,-1,-1,
forebet,2026-06-13,A. Italiano,D. La Serena,Primera División,over_under_25,over,1-1,False,2.0,1.81,-1,-1,
forebet,2026-06-13,USA,Paraguay,World Cup,over_under_25,under,4-1,False,2.35,1.58,-1,-1,
forebet,2026-06-13,Juventud Antoniana,Sarmiento de La Banda,Torneo Federal A,over_under_25,under,0-1,True,2.3,1.5,1.2999999999999998,0.5,
forebet,2026-06-13,Adamstown Rosebuds,Broadmeadow Magic,Northern NSW NPL,over_under_25,over,1-5,True,2.1,,1.1,,no_pinnacle_close
forebet,2026-06-13,Clarence Zebras,South Hobart,Tasmania NPL,over_under_25,over,1-3,True,4.0,,3.0,,no_pinnacle_close
forebet,2026-06-13,O'Connor Knights,Tuggeranong United,Capital Territory NPL,over_under_25,over,2-3,True,3.5,,2.5,,no_pinnacle_close
forebet,2026-06-13,Queanbeyan City,Monaro Panthers,Capital Territory NPL,over_under_25,over,5-2,True,3.25,1.36,2.25,0.3600000000000001,
forebet,2026-06-13,Brindabella,Belconnen United,Capital Territory NPL,over_under_25,over,1-4,True,3.25,,2.25,,no_pinnacle_close
forebet,2026-06-13,Para Hills Knights,FK Beograd,South Australia NPL,over_under_25,over,1-5,True,3.75,,2.75,,no_pinnacle_close
forebet,2026-06-13,Edgeworth Eagles,Cooks Hill United,Northern NSW NPL,over_under_25,over,0-1,False,3.75,,-1,,no_pinnacle_close
forebet,2026-06-13,Maitland,Valentine,Northern NSW NPL,over_under_25,over,1-0,False,3.75,,-1,,no_pinnacle_close
forebet,2026-06-13,Glenorchy Knights,Riverside,Tasmania NPL,over_under_25,over,1-1,False,3.0,,-1,,no_pinnacle_close
forebet,2026-06-13,Perth Glory II,Perth,Western Australia NPL,over_under_25,over,2-4,True,3.1,,2.1,,no_pinnacle_close
forebet,2026-06-13,Armadale,Bayswater City,Western Australia NPL,over_under_25,over,0-5,True,3.1,,2.1,,no_pinnacle_close
forebet,2026-06-13,Dianella White Eagle,Western Knights,Western Australia NPL,over_under_25,over,1-0,False,2.6,1.41,-1,-1,
forebet,2026-06-13,Fremantle City,Balcatta,Western Australia NPL,over_under_25,over,5-2,True,2.6,1.43,1.6,0.42999999999999994,
forebet,2026-06-13,Changchun Yatai,Dalian Huayi,League One,over_under_25,under,2-1,False,1.95,1.74,-1,-1,
forebet,2026-06-14,Sarmiento Resistencia,Defensores de Vilelas,Torneo Federal A,1x2,draw,2-0,False,6.5,3.16,-1,-1,
forebet,2026-06-14,Sarmiento Resistencia,Defensores de Vilelas,Torneo Federal A,over_under_25,under,2-0,True,1.25,1.57,0.25,0.5700000000000001,
forebet,2026-06-15,Sweden,Tunisia,World Cup,1x2,draw,5-1,False,3.4,3.44,-1,-1,
forebet,2026-06-15,Arba Minch Kenema,Suhul Shire,Premier League,1x2,draw,2-0,False,2.75,2.84,-1,-1,
forebet,2026-06-15,KMC,Coastal Union,Ligi kuu Bara,1x2,away,1-3,True,1.5,1.45,0.5,0.44999999999999996,
forebet,2026-06-15,Adama Kenema,Ethiopia Nigd Bank,Premier League,1x2,draw,2-1,False,2.75,2.46,-1,-1,
forebet,2026-06-15,Mes Soongoun,Nassaji Mazandaran,Azadegan League,1x2,away,1-1,False,11.0,,-1,,no_pinnacle_close
forebet,2026-06-15,Mes Shahr-e Babak,Be'sat Kermanshah,Azadegan League,1x2,home,0-0,False,1.67,1.61,-1,-1,
forebet,2026-06-15,Fard Alborz,Sanat Naft,Azadegan League,1x2,away,1-2,True,3.0,3.41,2.0,2.41,
forebet,2026-06-15,Hadiya Hosaena,Fasil Ketema,Premier League,1x2,draw,0-1,False,2.5,2.06,-1,-1,
forebet,2026-06-15,SJK Akatemia,Haka,Ykkösliiga,1x2,away,0-2,True,1.57,1.62,0.5700000000000001,0.6200000000000001,
forebet,2026-06-15,Spain,Cape Verde Islands,World Cup,1x2,home,0-0,False,1.06,1.08,-1,-1,
forebet,2026-06-15,Nõmme Kalju II,Nõmme United II,Esiliiga A,1x2,home,4-1,True,1.95,1.94,0.95,0.94,
forebet,2026-06-15,Sweden,Tunisia,World Cup,over_under_25,under,5-1,False,2.2,1.71,-1,-1,
forebet,2026-06-15,KMC,Coastal Union,Ligi kuu Bara,over_under_25,under,1-3,False,1.77,2.66,-1,-1,
forebet,2026-06-15,Adama Kenema,Ethiopia Nigd Bank,Premier League,over_under_25,under,2-1,False,2.28,1.4,-1,-1,
forebet,2026-06-15,Mes Soongoun,Nassaji Mazandaran,Azadegan League,over_under_25,under,1-1,True,1.25,,0.25,,no_pinnacle_close
forebet,2026-06-15,Mes Shahr-e Babak,Be'sat Kermanshah,Azadegan League,over_under_25,under,0-0,True,2.3,1.42,1.2999999999999998,0.41999999999999993,
forebet,2026-06-15,Fard Alborz,Sanat Naft,Azadegan League,over_under_25,under,1-2,False,3.75,,-1,,no_pinnacle_close
forebet,2026-06-15,SJK Akatemia,Haka,Ykkösliiga,over_under_25,under,0-2,True,1.57,2.25,0.5700000000000001,1.25,
forebet,2026-06-15,Spain,Cape Verde Islands,World Cup,over_under_25,over,0-0,False,3.45,1.29,-1,-1,
forebet,2026-06-15,Nõmme Kalju II,Nõmme United II,Esiliiga A,over_under_25,over,4-1,True,1.55,,0.55,,no_pinnacle_close
forebet,2026-06-16,Londrina,Avai,Serie B,1x2,draw,3-2,False,3.0,3.06,-1,-1,
forebet,2026-06-16,Dakota,Sporting,Division di Honor,1x2,home,1-1,False,1.61,,-1,,no_pinnacle_close
forebet,2026-06-16,Iran,New Zealand,World Cup,1x2,home,2-2,False,1.85,1.83,-1,-1,
forebet,2026-06-16,Mebrat Hayl,Mekelle Kenema,Premier League,1x2,home,0-0,False,2.4,2.78,-1,-1,
forebet,2026-06-16,Al Ahed,Al Hikma,Premier League,1x2,home,1-0,True,1.53,1.51,0.53,0.51,
forebet,2026-06-16,Shabab Al Sahel,Racing,Premier League,1x2,home,2-0,True,1.16,1.11,0.15999999999999992,0.1100000000000001,
forebet,2026-06-16,Tadamon Sour,Al Mabarrah,Premier League,1x2,draw,1-1,True,2.87,,1.87,,no_pinnacle_close
forebet,2026-06-16,Bahardar,Welayta Dicha,Premier League,1x2,draw,0-2,False,2.15,2.55,-1,-1,
forebet,2026-06-16,Sheger Ketema,Welwalo Adigrat Uni,Premier League,1x2,draw,0-0,True,2.7,2.63,1.7000000000000002,1.63,
forebet,2026-06-16,Shahrdari Noshahr,Navad Urmia,Azadegan League,1x2,home,0-0,False,1.8,,-1,,no_pinnacle_close
forebet,2026-06-16,Ario Eslamshahr,Naft Bandar Abbas,Azadegan League,1x2,draw,1-0,False,2.62,,-1,,no_pinnacle_close
forebet,2026-06-16,Vaprus,Flora Tallinn,Meistriliiga,1x2,away,1-2,True,1.36,1.37,0.3600000000000001,0.3700000000000001,
forebet,2026-06-16,Kuressaare,Trans Narva,Meistriliiga,1x2,home,0-0,False,2.05,2.29,-1,-1,
forebet,2026-06-16,Dila,Spaeri,Erovnuli Liga,1x2,draw,3-1,False,3.6,3.07,-1,-1,
forebet,2026-06-16,Grobina,FK Liepaja,Virsliga,1x2,away,1-0,False,1.75,1.85,-1,-1,
forebet,2026-06-16,Azam,Mashujaa,Ligi kuu Bara,1x2,home,2-0,True,1.18,1.19,0.17999999999999994,0.18999999999999995,
forebet,2026-06-16,Londrina,Avai,Serie B,over_under_25,under,3-2,False,2.35,1.61,-1,-1,
forebet,2026-06-16,Iran,New Zealand,World Cup,over_under_25,under,2-2,False,2.45,1.59,-1,-1,
forebet,2026-06-16,Al Ahed,Al Hikma,Premier League,over_under_25,over,1-0,False,1.77,2.0,-1,-1,
forebet,2026-06-16,Shabab Al Sahel,Racing,Premier League,over_under_25,over,2-0,False,2.12,1.54,-1,-1,
forebet,2026-06-16,Shahrdari Noshahr,Navad Urmia,Azadegan League,over_under_25,under,0-0,True,3.25,,2.25,,no_pinnacle_close
forebet,2026-06-16,Ario Eslamshahr,Naft Bandar Abbas,Azadegan League,over_under_25,under,1-0,True,3.75,,2.75,,no_pinnacle_close
forebet,2026-06-16,Vaprus,Flora Tallinn,Meistriliiga,over_under_25,over,1-2,True,2.5,1.5,1.5,0.5,
forebet,2026-06-16,Kuressaare,Trans Narva,Meistriliiga,over_under_25,over,0-0,False,2.05,1.72,-1,-1,
forebet,2026-06-16,Dila,Spaeri,Erovnuli Liga,over_under_25,under,3-1,False,1.77,1.93,-1,-1,
forebet,2026-06-16,Grobina,FK Liepaja,Virsliga,over_under_25,over,1-0,False,1.85,1.88,-1,-1,
forebet,2026-06-16,Azam,Mashujaa,Ligi kuu Bara,over_under_25,under,2-0,True,2.0,2.35,1.0,1.35,
forebet,2026-06-17,Cleveland Force W,Erie Sports Center W,USL W League,1x2,home,4-3,True,1.25,,0.25,,no_pinnacle_close
forebet,2026-06-17,Houston Sur,GFI,USL League Two,1x2,away,3-8,True,1.42,,0.41999999999999993,,no_pinnacle_close
forebet,2026-06-17,La Fama,Britannia,Division di Honor,1x2,away,2-2,False,1.72,,-1,,no_pinnacle_close
forebet,2026-06-17,West Chester United,Lone Star II,USL League Two,1x2,home,3-1,True,1.75,1.79,0.75,0.79,
forebet,2026-06-17,Delaware FC,PA Classics,USL League Two,1x2,home,0-2,False,1.83,,-1,,no_pinnacle_close
forebet,2026-06-17,Argentina,Algeria,World Cup,1x2,home,3-0,True,1.55,1.55,0.55,0.55,
forebet,2026-06-17,Austria,Jordan,World Cup,1x2,home,3-1,True,1.4,1.43,0.3999999999999999,0.42999999999999994,
forebet,2026-06-17,Changnyeong W,Suwon FMC W,WK-League,1x2,away,1-6,True,1.45,,0.44999999999999996,,no_pinnacle_close
forebet,2026-06-17,Gyeongju W,Hwacheon KSPO W,WK-League,1x2,away,0-1,True,1.72,,0.72,,no_pinnacle_close
forebet,2026-06-17,Gumi Sportstoto W,Incheon Red Angels W,WK-League,1x2,away,0-0,False,1.9,1.95,-1,-1,
forebet,2026-06-17,Seoul W,Boeun Sangmu W,WK-League,1x2,away,2-1,False,3.0,,-1,,no_pinnacle_close
forebet,2026-06-17,Mbeya City,Simba,Ligi kuu Bara,1x2,away,0-1,True,1.28,1.21,0.28,0.20999999999999996,
forebet,2026-06-17,Merani Martvili,Samtredia,Erovnuli Liga 2,1x2,home,2-1,True,1.4,1.65,0.3999999999999999,0.6499999999999999,
forebet,2026-06-17,Gareji,Shturmi,Erovnuli Liga 2,1x2,home,0-0,False,2.1,2.02,-1,-1,
forebet,2026-06-17,Singida Black Stars,Dodoma Jiji,Ligi kuu Bara,1x2,home,5-0,True,1.33,,0.33000000000000007,,no_pinnacle_close
forebet,2026-06-17,La Fama,Britannia,Division di Honor,over_under_25,under,2-2,False,1.55,,-1,,no_pinnacle_close
forebet,2026-06-17,Delaware FC,PA Classics,USL League Two,over_under_25,over,0-2,False,2.55,,-1,,no_pinnacle_close
forebet,2026-06-17,Argentina,Algeria,World Cup,over_under_25,under,3-0,False,2.0,1.86,-1,-1,
forebet,2026-06-17,Austria,Jordan,World Cup,over_under_25,under,3-1,False,1.8,2.01,-1,-1,
forebet,2026-06-17,Changnyeong W,Suwon FMC W,WK-League,over_under_25,over,1-6,True,2.35,,1.35,,no_pinnacle_close
forebet,2026-06-17,Gyeongju W,Hwacheon KSPO W,WK-League,over_under_25,over,0-1,False,1.97,,-1,,no_pinnacle_close
forebet,2026-06-17,Gumi Sportstoto W,Incheon Red Angels W,WK-League,over_under_25,over,0-0,False,1.82,1.97,-1,-1,
forebet,2026-06-17,Seoul W,Boeun Sangmu W,WK-League,over_under_25,under,2-1,False,1.74,,-1,,no_pinnacle_close
forebet,2026-06-17,Mbeya City,Simba,Ligi kuu Bara,over_under_25,under,0-1,True,1.92,1.86,0.9199999999999999,0.8600000000000001,
forebet,2026-06-17,Merani Martvili,Samtredia,Erovnuli Liga 2,over_under_25,over,2-1,True,2.0,1.67,1.0,0.6699999999999999,
forebet,2026-06-17,Gareji,Shturmi,Erovnuli Liga 2,over_under_25,over,0-0,False,1.7,2.0,-1,-1,
forebet,2026-06-17,Singida Black Stars,Dodoma Jiji,Ligi kuu Bara,over_under_25,over,5-0,True,1.98,,0.98,,no_pinnacle_close
forebet,2026-06-18,Weston,FC Miami City,USL League Two,1x2,home,3-1,True,2.25,,1.25,,no_pinnacle_close
forebet,2026-06-18,FC Tulsa,Monterey Bay,USL Championship,1x2,home,2-0,True,1.65,1.88,0.6499999999999999,0.8799999999999999,
forebet,2026-06-18,Fort Worth Vaqueros,McKinney Chupacabras,USL League Two,1x2,away,1-7,True,1.07,,0.07000000000000006,,no_pinnacle_close
forebet,2026-06-18,Forward Madison,Fort Wayne,USL League One,1x2,draw,1-1,True,3.25,3.44,2.25,2.44,
forebet,2026-06-18,FC Tulsa,Monterey Bay,USL Championship,over_under_25,under,2-0,True,1.8,1.99,0.8,0.99,
forebet,2026-06-18,Fort Worth Vaqueros,McKinney Chupacabras,USL League Two,over_under_25,over,1-7,True,3.45,,2.45,,no_pinnacle_close
forebet,2026-06-18,Forward Madison,Fort Wayne,USL League One,over_under_25,under,1-1,True,1.9,1.71,0.8999999999999999,0.71,
forebet,2026-06-19,Texoma,West Texas,USL League Two,1x2,away,1-0,False,3.7,3.09,-1,-1,
forebet,2026-06-19,Mexico,South Korea,World Cup,1x2,home,1-0,True,2.1,2.07,1.1,1.0699999999999998,
forebet,2026-06-19,Ballard,Bigfoot,USL League Two,1x2,home,6-1,True,1.11,,0.1100000000000001,,no_pinnacle_close
forebet,2026-06-19,Dalian Kewei,Shenyang Urban,FA Cup,1x2,away,1-0,False,2.2,1.92,-1,-1,
forebet,2026-06-19,Shanghai Second,SHANGHAI SIPG,FA Cup,1x2,away,1-2,True,1.22,1.21,0.21999999999999997,0.20999999999999996,
forebet,2026-06-19,Bentleigh Greens,South Melbourne,Victoria NPL,1x2,away,1-5,True,1.8,1.7,0.8,0.7,
forebet,2026-06-19,Gold Coast Knights,Magic United,Queensland NPL,1x2,home,2-1,True,1.2,1.16,0.19999999999999996,0.15999999999999992,
forebet,2026-06-19,Dalian Yingbo B,Nantong Haimen Codion,League Two,1x2,draw,2-1,False,2.9,2.76,-1,-1,
forebet,2026-06-19,Oakleigh Cannons,Melbourne City II,Victoria NPL,1x2,draw,3-1,False,4.75,5.12,-1,-1,
forebet,2026-06-19,Guangzhou Dandelion,Hubei Chufeng Heli,League Two,1x2,away,2-3,True,4.1,4.15,3.0999999999999996,3.1500000000000004,
forebet,2026-06-19,Shenzhen Juniors,Sichuan Jiuniu,FA Cup,1x2,draw,1-3,False,3.6,3.61,-1,-1,
forebet,2026-06-19,Shangyu Pterosaur,Guangdong Mingtu,League Two,1x2,draw,0-2,False,3.0,2.92,-1,-1,
forebet,2026-06-19,Guizhou Zhucheng,Xiamen Feilu,League Two,1x2,away,1-0,False,4.5,4.79,-1,-1,
forebet,2026-06-19,Jiangxi Liansheng,Henan Jianye,FA Cup,1x2,home,0-2,False,4.5,6.21,-1,-1,
forebet,2026-06-19,Rizhao Yuqi,Tianjin Teda,FA Cup,1x2,away,1-1,False,2.15,2.14,-1,-1,
forebet,2026-06-19,Langfang Glory City,Dalian Zhixing,FA Cup,1x2,draw,1-1,True,4.5,4.49,3.5,3.49,
forebet,2026-06-19,Shakhter Karagandy,Jaiyq,1. Division,1x2,home,3-0,True,1.13,,0.1299999999999999,,no_pinnacle_close
forebet,2026-06-19,Al Wahda,Al Ittihad,Premier League,1x2,away,1-1,False,1.82,,-1,,no_pinnacle_close
forebet,2026-06-19,Texoma,West Texas,USL League Two,over_under_25,over,1-0,False,2.23,1.58,-1,-1,
forebet,2026-06-19,Mexico,South Korea,World Cup,over_under_25,under,1-0,True,2.0,1.72,1.0,0.72,
forebet,2026-06-19,Dalian Kewei,Shenyang Urban,FA Cup,over_under_25,under,1-0,True,1.9,1.87,0.8999999999999999,0.8700000000000001,
forebet,2026-06-19,Shanghai Second,SHANGHAI SIPG,FA Cup,over_under_25,over,1-2,True,2.34,1.51,1.3399999999999999,0.51,
forebet,2026-06-19,Bentleigh Greens,South Melbourne,Victoria NPL,over_under_25,over,1-5,True,2.2,1.66,1.2000000000000002,0.6599999999999999,
forebet,2026-06-19,Gold Coast Knights,Magic United,Queensland NPL,over_under_25,over,2-1,True,4.33,,3.33,,no_pinnacle_close
forebet,2026-06-19,Dalian Yingbo B,Nantong Haimen Codion,League Two,over_under_25,under,2-1,False,2.25,1.43,-1,-1,
forebet,2026-06-19,Oakleigh Cannons,Melbourne City II,Victoria NPL,over_under_25,under,3-1,False,1.2,3.02,-1,-1,
forebet,2026-06-19,Guangzhou Dandelion,Hubei Chufeng Heli,League Two,over_under_25,under,2-3,False,2.25,1.57,-1,-1,
forebet,2026-06-19,Shenzhen Juniors,Sichuan Jiuniu,FA Cup,over_under_25,over,1-3,True,1.92,1.74,0.9199999999999999,0.74,
forebet,2026-06-19,Shangyu Pterosaur,Guangdong Mingtu,League Two,over_under_25,under,0-2,True,2.25,1.41,1.25,0.4099999999999999,
forebet,2026-06-19,Guizhou Zhucheng,Xiamen Feilu,League Two,over_under_25,over,1-0,False,1.73,2.03,-1,-1,
forebet,2026-06-19,Jiangxi Liansheng,Henan Jianye,FA Cup,over_under_25,under,0-2,True,1.95,1.87,0.95,0.8700000000000001,
forebet,2026-06-19,Rizhao Yuqi,Tianjin Teda,FA Cup,over_under_25,under,1-1,True,2.23,1.69,1.23,0.69,
forebet,2026-06-19,Langfang Glory City,Dalian Zhixing,FA Cup,over_under_25,over,1-1,False,1.85,1.9,-1,-1,
forebet,2026-06-20,San Marcos de Arica,Deportes Limache,Copa Chile,1x2,home,1-3,False,3.25,,-1,,no_pinnacle_close
forebet,2026-06-20,Houston Sur,Houston FC,USL League Two,1x2,away,0-3,True,1.66,1.52,0.6599999999999999,0.52,
forebet,2026-06-20,Brazil,Haiti,World Cup,1x2,home,3-0,True,1.08,1.12,0.08000000000000007,0.1200000000000001,
forebet,2026-06-20,Türkiye,Paraguay,World Cup,1x2,home,0-1,False,2.0,2.05,-1,-1,
forebet,2026-06-20,Hume City,Green Gully,Victoria NPL,1x2,home,3-2,True,1.45,1.47,0.44999999999999996,0.47,
forebet,2026-06-20,Lambton Jaffas,Adamstown Rosebuds,Northern NSW NPL,1x2,home,1-1,False,1.44,1.39,-1,-1,
forebet,2026-06-20,South East Utd.,Glenorchy Knights,Tasmania NPL,1x2,away,1-0,False,1.38,1.22,-1,-1,
forebet,2026-06-20,Launceston United,Ulverstone,Tasmania NPL,1x2,home,3-2,True,2.05,2.09,1.0499999999999998,1.0899999999999999,
forebet,2026-06-20,Canberra Olympic,Monaro Panthers,Capital Territory NPL,1x2,away,2-5,True,1.45,1.57,0.44999999999999996,0.5700000000000001,
forebet,2026-06-20,WS Wanderers U20,Sutherland Sharks U20,Npl Nsw U20,1x2,away,2-0,False,3.0,,-1,,no_pinnacle_close
forebet,2026-06-20,Heidelberg United,Preston Lions,Victoria NPL,1x2,home,0-1,False,1.9,1.85,-1,-1,
forebet,2026-06-20,Gold Coast United,Brisbane Roar II,Queensland NPL,1x2,home,1-4,False,1.9,1.97,-1,-1,
forebet,2026-06-20,Belmont Swansea,Broadmeadow Magic,Northern NSW NPL,1x2,away,1-0,False,1.61,1.69,-1,-1,
forebet,2026-06-20,San Marcos de Arica,Deportes Limache,Copa Chile,over_under_25,under,1-3,False,1.82,,-1,,no_pinnacle_close
forebet,2026-06-20,Brazil,Haiti,World Cup,over_under_25,over,3-0,True,3.35,1.31,2.35,0.31000000000000005,
forebet,2026-06-20,Türkiye,Paraguay,World Cup,over_under_25,over,0-1,False,1.76,2.15,-1,-1,
forebet,2026-06-20,Hume City,Green Gully,Victoria NPL,over_under_25,under,3-2,False,1.58,2.45,-1,-1,
forebet,2026-06-20,Lambton Jaffas,Adamstown Rosebuds,Northern NSW NPL,over_under_25,over,1-1,False,2.38,,-1,,no_pinnacle_close
forebet,2026-06-20,South East Utd.,Glenorchy Knights,Tasmania NPL,over_under_25,over,1-0,False,3.75,,-1,,no_pinnacle_close
forebet,2026-06-20,Launceston United,Ulverstone,Tasmania NPL,over_under_25,over,3-2,True,3.75,,2.75,,no_pinnacle_close
forebet,2026-06-20,Canberra Olympic,Monaro Panthers,Capital Territory NPL,over_under_25,over,2-5,True,4.33,,3.33,,no_pinnacle_close
forebet,2026-06-20,WS Wanderers U20,Sutherland Sharks U20,Npl Nsw U20,over_under_25,under,2-0,True,1.56,,0.56,,no_pinnacle_close
forebet,2026-06-20,Heidelberg United,Preston Lions,Victoria NPL,over_under_25,over,0-1,False,1.98,1.73,-1,-1,
forebet,2026-06-20,Gold Coast United,Brisbane Roar II,Queensland NPL,over_under_25,over,1-4,True,2.6,1.46,1.6,0.45999999999999996,
forebet,2026-06-20,Belmont Swansea,Broadmeadow Magic,Northern NSW NPL,over_under_25,over,1-0,False,2.6,,-1,,no_pinnacle_close
forebet,2026-06-21,Tucuman Central,Boca Unidos,Torneo Federal A,1x2,home,2-0,True,2.2,1.96,1.2000000000000002,0.96,
forebet,2026-06-21,Defensores de Vilelas,SOL DE America,Torneo Federal A,1x2,away,2-1,False,2.55,,-1,,no_pinnacle_close
forebet,2026-06-21,Utah United W,Colorado Storm W,USL W League,1x2,home,0-0,False,2.05,,-1,,no_pinnacle_close
forebet,2026-06-21,Tucuman Central,Boca Unidos,Torneo Federal A,over_under_25,over,2-0,False,1.5,2.38,-1,-1,
forebet,2026-06-21,Defensores de Vilelas,SOL DE America,Torneo Federal A,over_under_25,over,2-1,True,1.85,,0.8500000000000001,,no_pinnacle_close
forebet,2026-06-22,O'Higgins,Unión Española,Copa Chile,1x2,draw,1-1,True,3.2,3.7,2.2,2.7,
forebet,2026-06-22,AHFC Royals,San Antonio FC 2,USL League Two,1x2,home,5-2,True,1.5,,0.5,,no_pinnacle_close
forebet,2026-06-22,West Seattle Junction,Ballard,USL League Two,1x2,away,1-2,True,1.4,,0.3999999999999999,,no_pinnacle_close
forebet,2026-06-22,New Zealand,Egypt,World Cup,1x2,draw,1-3,False,3.9,4.25,-1,-1,
forebet,2026-06-22,Hunters,Khoromkhon,Premier League,1x2,home,9-0,True,1.03,,0.030000000000000027,,no_pinnacle_close
forebet,2026-06-22,Khovd Western,Khovd,Premier League,1x2,home,3-0,True,1.22,1.35,0.21999999999999997,0.3500000000000001,
forebet,2026-06-22,Fasil Ketema,Arba Minch Kenema,Premier League,1x2,home,2-0,True,2.44,2.45,1.44,1.4500000000000002,
forebet,2026-06-22,Welayta Dicha,Mebrat Hayl,Premier League,1x2,draw,1-2,False,2.62,2.61,-1,-1,
forebet,2026-06-22,Merani Martvili,Gori,Erovnuli Liga 2,1x2,home,0-2,False,1.53,,-1,,no_pinnacle_close
forebet,2026-06-22,Kolkheti Poti,Shturmi,Erovnuli Liga 2,1x2,draw,0-0,True,3.2,2.98,2.2,1.98,
forebet,2026-06-22,Asiagoal,Bishkek City,Premier League,1x2,home,0-1,False,2.1,,-1,,no_pinnacle_close
forebet,2026-06-22,Dila,Rustavi,Erovnuli Liga,1x2,away,3-0,False,2.9,2.85,-1,-1,
forebet,2026-06-22,Welwalo Adigrat Uni,Hadiya Hosaena,Premier League,1x2,draw,0-1,False,2.5,2.14,-1,-1,
forebet,2026-06-22,Elva,Flora II,Esiliiga A,1x2,away,0-3,True,2.15,2.45,1.15,1.4500000000000002,
forebet,2026-06-22,Maardu,Viimsi,Esiliiga A,1x2,away,1-0,False,1.75,1.77,-1,-1,
forebet,2026-06-22,Telavi,Aragvi Dusheti,Erovnuli Liga 2,1x2,home,1-0,True,1.5,1.62,0.5,0.6200000000000001,
forebet,2026-06-22,Real de Banjul,Greater Tomorrow,GFA League,1x2,home,2-3,False,1.8,,-1,,no_pinnacle_close
forebet,2026-06-22,Team Rhino,TMT,GFA League,1x2,draw,1-2,False,3.1,,-1,,no_pinnacle_close
forebet,2026-06-22,Hawks,Samger,GFA League,1x2,draw,1-1,True,2.62,,1.62,,no_pinnacle_close
forebet,2026-06-22,Dutch Lions,Brikama United,GFA League,1x2,home,3-3,False,3.4,,-1,,no_pinnacle_close
forebet,2026-06-22,Fortune,Steve Biko,GFA League,1x2,draw,1-0,False,3.2,3.12,-1,-1,
forebet,2026-06-22,GPA,Medina United,GFA League,1x2,draw,0-1,False,2.9,,-1,,no_pinnacle_close
forebet,2026-06-22,O'Higgins,Unión Española,Copa Chile,over_under_25,under,1-1,True,1.85,1.96,0.8500000000000001,0.96,
forebet,2026-06-22,New Zealand,Egypt,World Cup,over_under_25,under,1-3,False,2.02,1.9,-1,-1,
forebet,2026-06-22,Merani Martvili,Gori,Erovnuli Liga 2,over_under_25,under,0-2,True,1.8,,0.8,,no_pinnacle_close
forebet,2026-06-22,Kolkheti Poti,Shturmi,Erovnuli Liga 2,over_under_25,under,0-0,True,2.01,1.68,1.0099999999999998,0.6799999999999999,
forebet,2026-06-22,Dila,Rustavi,Erovnuli Liga,over_under_25,over,3-0,True,1.63,2.15,0.6299999999999999,1.15,
forebet,2026-06-22,Elva,Flora II,Esiliiga A,over_under_25,over,0-3,True,2.15,1.37,1.15,0.3700000000000001,
forebet,2026-06-22,Maardu,Viimsi,Esiliiga A,over_under_25,under,1-0,True,1.65,2.39,0.6499999999999999,1.3900000000000001,
forebet,2026-06-22,Telavi,Aragvi Dusheti,Erovnuli Liga 2,over_under_25,under,1-0,True,2.02,1.68,1.02,0.6799999999999999,
forebet,2026-06-22,Fortune,Steve Biko,GFA League,over_under_25,under,1-0,True,2.38,1.4,1.38,0.3999999999999999,
forebet,2026-06-22,GPA,Medina United,GFA League,over_under_25,under,0-1,True,2.3,,1.2999999999999998,,no_pinnacle_close
forebet,2026-06-23,Norway,Senegal,World Cup,1x2,draw,3-2,False,3.4,3.45,-1,-1,
forebet,2026-06-23,Jordan,Algeria,World Cup,1x2,draw,1-2,False,4.33,4.5,-1,-1,
forebet,2026-06-23,Shanghai Second,Dalian Yingbo B,League Two,1x2,away,1-2,True,2.35,2.48,1.35,1.48,
forebet,2026-06-23,Changchun Xidu,Rizhao Yuqi,League Two,1x2,draw,0-0,True,2.25,2.19,1.25,1.19,
forebet,2026-06-23,Qingdao Red Lions,Dalian Kewei,League Two,1x2,away,0-0,False,2.05,2.11,-1,-1,
forebet,2026-06-23,Xiamen Feilu,Hubei Chufeng Heli,League Two,1x2,draw,0-0,True,3.2,3.01,2.2,2.01,
forebet,2026-06-23,Guangdong Mingtu,Guizhou Zhucheng,League Two,1x2,away,0-0,False,1.8,1.77,-1,-1,
forebet,2026-06-23,Nantong Haimen Codion,Shanghai Port II,League Two,1x2,away,2-2,False,2.62,2.97,-1,-1,
forebet,2026-06-23,Alga,Bars,Premier League,1x2,away,3-1,False,2.5,,-1,,no_pinnacle_close
forebet,2026-06-23,VPS,AC Oulu,Veikkausliiga,1x2,away,5-1,False,3.4,3.9,-1,-1,
forebet,2026-06-23,KuPS,Ilves,Veikkausliiga,1x2,home,4-3,True,1.6,1.66,0.6000000000000001,0.6599999999999999,
forebet,2026-06-23,Lahti,Turku PS,Veikkausliiga,1x2,home,0-0,False,1.75,1.79,-1,-1,
forebet,2026-06-23,Saburtalo,Meshakhte,Erovnuli Liga,1x2,home,2-1,True,1.28,1.29,0.28,0.29000000000000004,
forebet,2026-06-23,FF Jaro,Gnistan,Veikkausliiga,1x2,away,1-1,False,1.83,1.92,-1,-1,
forebet,2026-06-23,Mariehamn,HJK Helsinki,Veikkausliiga,1x2,away,0-4,True,1.33,1.34,0.33000000000000007,0.3400000000000001,
forebet,2026-06-23,Portugal,Uzbekistan,World Cup,1x2,home,5-0,True,1.14,1.16,0.1399999999999999,0.15999999999999992,
forebet,2026-06-23,Dinamo Tbilisi,Dinamo Batumi,Erovnuli Liga,1x2,draw,2-1,False,3.4,3.68,-1,-1,
forebet,2026-06-23,Astrio,Angelholms FF,Svenska Cupen,1x2,draw,0-3,False,5.0,5.12,-1,-1,
forebet,2026-06-23,Järfälla,Arlanda,Svenska Cupen,1x2,home,0-2,False,3.2,3.82,-1,-1,
forebet,2026-06-23,Olaria,Duque de Caxias,Copa Rio,1x2,home,4-0,True,1.5,,0.5,,no_pinnacle_close
forebet,2026-06-23,Pérolas Negras,Santa Cruz RJ,Copa Rio,1x2,home,5-1,True,1.33,,0.33000000000000007,,no_pinnacle_close
forebet,2026-06-23,Americano Campos,Macaé,Copa Rio,1x2,home,2-1,True,1.2,,0.19999999999999996,,no_pinnacle_close
forebet,2026-06-23,Cabofriense,Bonsucesso,Copa Rio,1x2,draw,0-0,True,3.0,,2.0,,no_pinnacle_close
forebet,2026-06-23,Cruzeiro U20,América Mineiro U20,Brasileiro U20 A,1x2,home,2-2,False,1.53,1.46,-1,-1,
forebet,2026-06-23,São Paulo U20,Fortaleza U20,Brasileiro U20 A,1x2,home,1-0,True,1.55,1.56,0.55,0.56,
forebet,2026-06-23,Grêmio U20,Bahia U20,Brasileiro U20 A,1x2,away,4-0,False,2.1,2.21,-1,-1,
forebet,2026-06-23,Vitória U20,Santos U20,Brasileiro U20 A,1x2,draw,1-2,False,3.4,3.42,-1,-1,
forebet,2026-06-23,Coquimbo Unido,Deportes Limache,Copa Chile,1x2,home,1-1,False,1.6,1.85,-1,-1,
forebet,2026-06-23,Norway,Senegal,World Cup,over_under_25,under,3-2,False,1.82,1.91,-1,-1,
forebet,2026-06-23,Jordan,Algeria,World Cup,over_under_25,under,1-2,False,1.97,1.93,-1,-1,
forebet,2026-06-23,Shanghai Second,Dalian Yingbo B,League Two,over_under_25,over,1-2,True,1.48,2.44,0.48,1.44,
forebet,2026-06-23,Changchun Xidu,Rizhao Yuqi,League Two,over_under_25,under,0-0,True,3.0,1.31,2.0,0.31000000000000005,
forebet,2026-06-23,Qingdao Red Lions,Dalian Kewei,League Two,over_under_25,under,0-0,True,2.25,1.49,1.25,0.49,
forebet,2026-06-23,Xiamen Feilu,Hubei Chufeng Heli,League Two,over_under_25,over,0-0,False,1.6,2.12,-1,-1,
forebet,2026-06-23,Guangdong Mingtu,Guizhou Zhucheng,League Two,over_under_25,over,0-0,False,1.57,2.22,-1,-1,
forebet,2026-06-23,Nantong Haimen Codion,Shanghai Port II,League Two,over_under_25,over,2-2,True,1.6,2.2,0.6000000000000001,1.2000000000000002,
forebet,2026-06-23,Alga,Bars,Premier League,over_under_25,under,3-1,False,1.85,,-1,,no_pinnacle_close
forebet,2026-06-23,VPS,AC Oulu,Veikkausliiga,over_under_25,under,5-1,False,1.97,1.87,-1,-1,
forebet,2026-06-23,KuPS,Ilves,Veikkausliiga,over_under_25,over,4-3,True,2.18,1.68,1.1800000000000002,0.6799999999999999,
forebet,2026-06-23,Lahti,Turku PS,Veikkausliiga,over_under_25,over,0-0,False,2.0,1.9,-1,-1,
forebet,2026-06-23,Saburtalo,Meshakhte,Erovnuli Liga,over_under_25,over,2-1,True,2.12,1.64,1.12,0.6399999999999999,
forebet,2026-06-23,FF Jaro,Gnistan,Veikkausliiga,over_under_25,over,1-1,False,2.0,1.69,-1,-1,
forebet,2026-06-23,Mariehamn,HJK Helsinki,Veikkausliiga,over_under_25,over,0-4,True,2.4,1.41,1.4,0.4099999999999999,
forebet,2026-06-23,Portugal,Uzbekistan,World Cup,over_under_25,over,5-0,True,2.48,1.44,1.48,0.43999999999999995,
forebet,2026-06-23,Dinamo Tbilisi,Dinamo Batumi,Erovnuli Liga,over_under_25,over,2-1,True,1.92,1.67,0.9199999999999999,0.6699999999999999,
forebet,2026-06-23,Astrio,Angelholms FF,Svenska Cupen,over_under_25,under,0-3,False,1.53,2.54,-1,-1,
forebet,2026-06-23,Järfälla,Arlanda,Svenska Cupen,over_under_25,over,0-2,False,2.28,1.47,-1,-1,
forebet,2026-06-23,Olaria,Duque de Caxias,Copa Rio,over_under_25,under,4-0,False,1.97,,-1,,no_pinnacle_close
forebet,2026-06-23,Americano Campos,Macaé,Copa Rio,over_under_25,under,2-1,False,1.61,,-1,,no_pinnacle_close
forebet,2026-06-23,Cabofriense,Bonsucesso,Copa Rio,over_under_25,under,0-0,True,2.33,,1.33,,no_pinnacle_close
forebet,2026-06-23,Cruzeiro U20,América Mineiro U20,Brasileiro U20 A,over_under_25,over,2-2,True,1.97,1.65,0.97,0.6499999999999999,
forebet,2026-06-23,São Paulo U20,Fortaleza U20,Brasileiro U20 A,over_under_25,under,1-0,True,1.82,2.02,0.8200000000000001,1.02,
forebet,2026-06-23,Grêmio U20,Bahia U20,Brasileiro U20 A,over_under_25,over,4-0,True,2.25,1.58,1.25,0.5800000000000001,
forebet,2026-06-23,Vitória U20,Santos U20,Brasileiro U20 A,over_under_25,under,1-2,False,1.57,2.05,-1,-1,
forebet,2026-06-23,Coquimbo Unido,Deportes Limache,Copa Chile,over_under_25,over,1-1,False,1.97,1.85,-1,-1,
forebet,2026-07-25,Antigua GFC,Marquense,Liga Nacional,1x2,home,3-1,True,1.45,,0.44999999999999996,,no_pinnacle_close
forebet,2026-07-25,Platense,Union Santa Fe,Liga Profesional Argentina,1x2,away,2-2,False,3.5,,-1,,no_pinnacle_close
forebet,2026-07-25,Colo Colo,Deportes Limache,Primera División,1x2,home,3-1,True,1.57,,0.5700000000000001,,no_pinnacle_close
forebet,2026-07-25,Deportes Iquique,Deportes Temuco,Primera B,1x2,away,1-0,False,3.1,,-1,,no_pinnacle_close
forebet,2026-07-25,Cruzeiro W,São Paulo W,Brasileiro Women,1x2,draw,1-2,False,3.4,,-1,,no_pinnacle_close
forebet,2026-07-25,Mineros de Zacatecas,Correcaminos Uat,Liga de Expansión MX,1x2,home,3-3,False,1.57,,-1,,no_pinnacle_close
forebet,2026-07-25,Deportivo Cali,Jaguares,Primera A,1x2,home,2-0,True,1.57,,0.5700000000000001,,no_pinnacle_close
forebet,2026-07-25,Universitario,Cusco,Primera División,1x2,home,2-1,True,1.45,,0.44999999999999996,,no_pinnacle_close
forebet,2026-07-25,FAS,Municipal Limeño,Primera Division,1x2,home,3-1,True,1.45,,0.44999999999999996,,no_pinnacle_close
forebet,2026-07-25,Municipal,Mixco,Liga Nacional,1x2,home,2-0,True,1.36,,0.3600000000000001,,no_pinnacle_close
forebet,2026-07-25,Vancouver FC,Cavalry FC,Canadian Premier League,1x2,away,1-0,False,2.15,,-1,,no_pinnacle_close
forebet,2026-07-25,Club Tijuana,Leon,Liga MX,1x2,home,1-0,True,1.9,,0.8999999999999999,,no_pinnacle_close
forebet,2026-07-25,Atlante FC,Club America,Liga MX,1x2,away,2-3,True,1.55,,0.55,,no_pinnacle_close
forebet,2026-07-25,Cooks Hill United,Lambton Jaffas,Northern NSW NPL,1x2,draw,1-0,False,3.75,,-1,,no_pinnacle_close
forebet,2026-07-25,Canberra Olympic,Queanbeyan City,Capital Territory NPL,1x2,away,2-2,False,1.83,,-1,,no_pinnacle_close
forebet,2026-07-25,Melbourne City II,Avondale,Victoria NPL,1x2,away,2-3,True,1.67,,0.6699999999999999,,no_pinnacle_close
forebet,2026-07-25,Antigua GFC,Marquense,Liga Nacional,over_under_25,over,3-1,True,1.93,,0.9299999999999999,,no_pinnacle_close
forebet,2026-07-25,Platense,Union Santa Fe,Liga Profesional Argentina,over_under_25,under,2-2,False,2.7,,-1,,no_pinnacle_close
forebet,2026-07-25,Colo Colo,Deportes Limache,Primera División,over_under_25,over,3-1,True,2.55,,1.5499999999999998,,no_pinnacle_close
forebet,2026-07-25,Deportes Iquique,Deportes Temuco,Primera B,over_under_25,under,1-0,True,1.77,,0.77,,no_pinnacle_close
forebet,2026-07-25,Cruzeiro W,São Paulo W,Brasileiro Women,over_under_25,over,1-2,True,1.9,,0.8999999999999999,,no_pinnacle_close
forebet,2026-07-25,Mineros de Zacatecas,Correcaminos Uat,Liga de Expansión MX,over_under_25,over,3-3,True,2.25,,1.25,,no_pinnacle_close
forebet,2026-07-25,Deportivo Cali,Jaguares,Primera A,over_under_25,under,2-0,True,2.15,,1.15,,no_pinnacle_close
forebet,2026-07-25,Universitario,Cusco,Primera División,over_under_25,under,2-1,False,1.75,,-1,,no_pinnacle_close
forebet,2026-07-25,FAS,Municipal Limeño,Primera Division,over_under_25,over,3-1,True,1.77,,0.77,,no_pinnacle_close
forebet,2026-07-25,Municipal,Mixco,Liga Nacional,over_under_25,over,2-0,False,1.93,,-1,,no_pinnacle_close
forebet,2026-07-25,Vancouver FC,Cavalry FC,Canadian Premier League,over_under_25,over,1-0,False,2.0,,-1,,no_pinnacle_close
forebet,2026-07-25,Club Tijuana,Leon,Liga MX,over_under_25,over,1-0,False,2.2,,-1,,no_pinnacle_close
forebet,2026-07-25,Atlante FC,Club America,Liga MX,over_under_25,over,2-3,True,1.95,,0.95,,no_pinnacle_close
forebet,2026-07-25,Cooks Hill United,Lambton Jaffas,Northern NSW NPL,over_under_25,over,1-0,False,2.0,,-1,,no_pinnacle_close
forebet,2026-07-25,Canberra Olympic,Queanbeyan City,Capital Territory NPL,over_under_25,over,2-2,True,3.0,,2.0,,no_pinnacle_close
forebet,2026-07-25,Melbourne City II,Avondale,Victoria NPL,over_under_25,over,2-3,True,2.85,,1.85,,no_pinnacle_close
forebet,2026-07-28,United Kolkata,Mohun Bagan,Calcutta Premier Division,1x2,away,0-1,True,1.95,1.79,0.95,0.79,
forebet,2026-07-28,KuPS,Sabah FA,UEFA Champions League,1x2,away,0-2,True,2.4,2.4,1.4,1.4,
forebet,2026-07-28,Xorazm,Surkhon,Super League,1x2,home,1-0,True,2.0,2.03,1.0,1.0299999999999998,
forebet,2026-07-28,Neftchi,Navbahor,Super League,1x2,home,1-1,False,1.65,1.56,-1,-1,
forebet,2026-07-28,Dainava,Transinvest 2,1 Lyga,1x2,home,3-1,True,1.22,1.18,0.21999999999999997,0.17999999999999994,
forebet,2026-07-28,Vihren,CSKA Sofia II,Second League,1x2,home,1-1,False,1.8,1.81,-1,-1,
forebet,2026-07-28,Rilski Sportist,Ludogorets II,Second League,1x2,home,0-1,False,1.73,1.78,-1,-1,
forebet,2026-07-28,Dobrudzha,Pirin Blagoevgrad,Second League,1x2,away,5-1,False,5.0,4.59,-1,-1,
forebet,2026-07-28,Lincoln Red Imps FC,Mjallby AIF,UEFA Champions League,1x2,away,0-0,False,1.5,1.55,-1,-1,
forebet,2026-07-28,FC Tallinn,Tallinna FC Zapoos,Cup,1x2,home,4-1,True,2.38,,1.38,,no_pinnacle_close
forebet,2026-07-28,Hapoel Haifa,Ironi Tiberias,Toto Cup Ligat Al,1x2,draw,3-1,False,3.0,3.13,-1,-1,
forebet,2026-07-28,Helsingborg,United Nordic,Superettan,1x2,away,1-1,False,2.75,3.0,-1,-1,
forebet,2026-07-28,Landskrona BoIS,IFK Norrkoping,Superettan,1x2,away,0-1,True,2.05,2.15,1.0499999999999998,1.15,
forebet,2026-07-28,Ironi Kiryat Shmona,Maccabi Haifa,Toto Cup Ligat Al,1x2,home,3-0,True,4.1,4.61,3.0999999999999996,3.6100000000000003,
forebet,2026-07-28,Apollon Limassol,Dila,UEFA Europa Conference League,1x2,home,3-0,True,1.33,1.27,0.33000000000000007,0.27,
forebet,2026-07-28,United Kolkata,Mohun Bagan,Calcutta Premier Division,over_under_25,under,0-1,True,1.65,2.19,0.6499999999999999,1.19,
forebet,2026-07-28,KuPS,Sabah FA,UEFA Champions League,over_under_25,under,0-2,True,1.9,1.93,0.8999999999999999,0.9299999999999999,
forebet,2026-07-28,Xorazm,Surkhon,Super League,over_under_25,over,1-0,False,1.65,2.17,-1,-1,
forebet,2026-07-28,Neftchi,Navbahor,Super League,over_under_25,under,1-1,True,1.85,1.68,0.8500000000000001,0.6799999999999999,
forebet,2026-07-28,Dainava,Transinvest 2,1 Lyga,over_under_25,over,3-1,True,2.75,1.39,1.75,0.3899999999999999,
forebet,2026-07-28,Vihren,CSKA Sofia II,Second League,over_under_25,over,1-1,False,1.9,1.81,-1,-1,
forebet,2026-07-28,Rilski Sportist,Ludogorets II,Second League,over_under_25,under,0-1,True,1.85,1.79,0.8500000000000001,0.79,
forebet,2026-07-28,Dobrudzha,Pirin Blagoevgrad,Second League,over_under_25,over,5-1,True,1.65,2.05,0.6499999999999999,1.0499999999999998,
forebet,2026-07-28,Lincoln Red Imps FC,Mjallby AIF,UEFA Champions League,over_under_25,over,0-0,False,2.15,1.68,-1,-1,
forebet,2026-07-28,FC Tallinn,Tallinna FC Zapoos,Cup,over_under_25,over,4-1,True,2.1,,1.1,,no_pinnacle_close
forebet,2026-07-28,Hapoel Haifa,Ironi Tiberias,Toto Cup Ligat Al,over_under_25,under,3-1,False,1.93,1.85,-1,-1,
forebet,2026-07-28,Helsingborg,United Nordic,Superettan,over_under_25,over,1-1,False,2.35,1.68,-1,-1,
forebet,2026-07-28,Landskrona BoIS,IFK Norrkoping,Superettan,over_under_25,under,0-1,True,1.67,2.1,0.6699999999999999,1.1,
forebet,2026-07-28,Ironi Kiryat Shmona,Maccabi Haifa,Toto Cup Ligat Al,over_under_25,over,3-0,True,2.15,1.66,1.15,0.6599999999999999,
forebet,2026-07-28,Apollon Limassol,Dila,UEFA Europa Conference League,over_under_25,over,3-0,True,2.15,1.57,1.15,0.5700000000000001,
forebet,2026-07-29,Bogota FC,Deportivo Pasto,Copa Colombia,1x2,home,0-3,False,3.9,3.9,-1,-1,
forebet,2026-07-29,Rosario Central,Racing Club,Liga Profesional Argentina,1x2,away,0-0,False,4.1,4.12,-1,-1,
forebet,2026-07-29,Argentinos Jrs,Estudiantes de Rio Cuarto,Liga Profesional Argentina,1x2,draw,3-0,False,4.33,4.35,-1,-1,
forebet,2026-07-29,Santos,UCV,CONMEBOL Sudamericana,1x2,home,4-2,True,1.2,1.18,0.19999999999999996,0.17999999999999994,
forebet,2026-07-29,Fortaleza EC,Botafogo SP,Serie B,1x2,home,1-0,True,1.9,2.03,0.8999999999999999,1.0299999999999998,
forebet,2026-07-29,Cavalry FC,Supra du Quebec,Canadian Premier League,1x2,home,2-1,True,1.48,1.42,0.48,0.41999999999999993,
forebet,2026-07-29,Bucheon FC 1995,Paju Citizen,FA Cup,1x2,home,3-0,True,1.61,1.65,0.6100000000000001,0.6499999999999999,
forebet,2026-07-29,Busan I Park,FC Seoul,FA Cup,1x2,draw,2-0,False,3.7,3.83,-1,-1,
forebet,2026-07-29,Gimpo Citizen,Incheon United,FA Cup,1x2,draw,1-0,False,3.9,4.03,-1,-1,
forebet,2026-07-29,Gwangju FC,Cheonan City,FA Cup,1x2,draw,1-0,False,3.4,3.56,-1,-1,
forebet,2026-07-29,Ulsan Citizen,Ulsan Hyundai FC,FA Cup,1x2,away,1-0,False,1.38,1.42,-1,-1,
forebet,2026-07-29,Asan Mugunghwa,Siheung Citizen,FA Cup,1x2,away,2-1,False,3.4,3.89,-1,-1,
forebet,2026-07-29,Yeoju Sejong,Dangjin Citizen,FA Cup,1x2,draw,0-1,False,3.6,3.5,-1,-1,
forebet,2026-07-29,Jeju United FC,Hwaseong,FA Cup,1x2,draw,3-3,True,3.6,3.7,2.6,2.7,
forebet,2026-07-29,Cheongju,FC Anyang,FA Cup,1x2,away,1-3,True,1.9,1.95,0.8999999999999999,0.95,
forebet,2026-07-29,Gimhae City,Seongnam FC,FA Cup,1x2,draw,0-1,False,3.3,2.87,-1,-1,
forebet,2026-07-29,Reyady Abaseya,Tadamon Sour,Premier League,1x2,away,2-1,False,3.2,2.94,-1,-1,
forebet,2026-07-29,Ilpar,Metallurg Asha,Cup,1x2,home,1-0,True,2.47,,1.4700000000000002,,no_pinnacle_close
forebet,2026-07-29,Bogota FC,Deportivo Pasto,Copa Colombia,over_under_25,under,0-3,False,1.97,1.5,-1,-1,
forebet,2026-07-29,Rosario Central,Racing Club,Liga Profesional Argentina,over_under_25,under,0-0,True,2.45,1.49,1.4500000000000002,0.49,
forebet,2026-07-29,Argentinos Jrs,Estudiantes de Rio Cuarto,Liga Profesional Argentina,over_under_25,under,3-0,False,2.43,1.66,-1,-1,
forebet,2026-07-29,Santos,UCV,CONMEBOL Sudamericana,over_under_25,over,4-2,True,2.28,1.51,1.2799999999999998,0.51,
forebet,2026-07-29,Fortaleza EC,Botafogo SP,Serie B,over_under_25,over,1-0,False,1.56,2.49,-1,-1,
forebet,2026-07-29,Cavalry FC,Supra du Quebec,Canadian Premier League,over_under_25,under,2-1,False,1.85,2.56,-1,-1,
forebet,2026-07-29,Bucheon FC 1995,Paju Citizen,FA Cup,over_under_25,over,3-0,True,1.9,1.96,0.8999999999999999,0.96,
forebet,2026-07-29,Busan I Park,FC Seoul,FA Cup,over_under_25,over,2-0,False,2.0,1.76,-1,-1,
forebet,2026-07-29,Gimpo Citizen,Incheon United,FA Cup,over_under_25,under,1-0,True,1.53,2.14,0.53,1.1400000000000001,
forebet,2026-07-29,Gwangju FC,Cheonan City,FA Cup,over_under_25,under,1-0,True,1.85,1.98,0.8500000000000001,0.98,
forebet,2026-07-29,Ulsan Citizen,Ulsan Hyundai FC,FA Cup,over_under_25,under,1-0,True,1.55,2.28,0.55,1.2799999999999998,
forebet,2026-07-29,Asan Mugunghwa,Siheung Citizen,FA Cup,over_under_25,under,2-1,False,1.97,1.81,-1,-1,
forebet,2026-07-29,Yeoju Sejong,Dangjin Citizen,FA Cup,over_under_25,over,0-1,False,1.97,1.82,-1,-1,
forebet,2026-07-29,Jeju United FC,Hwaseong,FA Cup,over_under_25,under,3-3,False,1.82,1.98,-1,-1,
forebet,2026-07-29,Cheongju,FC Anyang,FA Cup,over_under_25,under,1-3,False,1.87,1.92,-1,-1,
forebet,2026-07-29,Gimhae City,Seongnam FC,FA Cup,over_under_25,under,0-1,True,2.0,1.67,1.0,0.6699999999999999,
forebet,2026-07-29,Reyady Abaseya,Tadamon Sour,Premier League,over_under_25,over,2-1,True,1.82,1.97,0.8200000000000001,0.97,
forebet,2026-07-29,Ilpar,Metallurg Asha,Cup,over_under_25,over,1-0,False,1.95,,-1,,no_pinnacle_close
forebet,2026-07-30,Dep. Santo Domingo,9 de Octubre,Liga Pro Serie B,1x2,draw,0-0,True,2.75,2.44,1.75,1.44,
forebet,2026-07-30,Forward Madison,Chattanooga Red Wolves,USL League One,1x2,home,5-2,True,2.15,2.01,1.15,1.0099999999999998,
forebet,2026-07-30,Instituto Cordoba,Platense,Liga Profesional Argentina,1x2,draw,2-1,False,3.0,3.08,-1,-1,
forebet,2026-07-30,Fluminense,Bahia,Serie A,1x2,draw,0-0,True,3.6,3.74,2.6,2.74,
forebet,2026-07-30,Vitoria,Palmeiras,Serie A,1x2,away,0-4,True,2.0,2.07,1.0,1.0699999999999998,
forebet,2026-07-30,RB Bragantino,Sporting Cristal,CONMEBOL Sudamericana,1x2,home,1-0,True,1.28,1.32,0.28,0.32000000000000006,
forebet,2026-07-30,Cienciano,Lanus,CONMEBOL Sudamericana,1x2,away,4-0,False,3.1,3.28,-1,-1,
forebet,2026-07-30,Firpo,Fuerte San Francisco,Primera Division,1x2,draw,4-0,False,4.75,4.27,-1,-1,
forebet,2026-07-30,Real Cartagena,America de Cali,Copa Colombia,1x2,home,1-1,False,3.1,,-1,,no_pinnacle_close
forebet,2026-07-30,Anri Vladivostok,Dinamo Barnaul,Cup,1x2,away,1-2,True,1.36,,0.3600000000000001,,no_pinnacle_close
forebet,2026-07-30,Sydney Olympic,Brisbane Roar,Australia Cup,1x2,away,0-3,True,1.4,1.42,0.3999999999999999,0.41999999999999993,
forebet,2026-07-30,South Melbourne,Adelaide United,Australia Cup,1x2,home,2-1,True,3.2,3.3,2.2,2.3,
forebet,2026-07-30,Temp Barnaul,KDV,Cup,1x2,away,3-4,True,1.26,,0.26,,no_pinnacle_close
forebet,2026-07-30,Taraz,Akademiya Ontustik,1. Division,1x2,away,2-1,False,2.54,,-1,,no_pinnacle_close
forebet,2026-07-30,Khan Tengri,Turan Turkistan,1. Division,1x2,away,0-1,True,1.17,,0.16999999999999993,,no_pinnacle_close
forebet,2026-07-30,Atlètic Club d'Escaldes,FC Vaduz,UEFA Europa Conference League,1x2,away,0-2,True,1.57,1.62,0.5700000000000001,0.6200000000000001,
forebet,2026-07-30,JIPPO,JäPS,Ykkösliiga,1x2,draw,1-0,False,3.9,4.37,-1,-1,
forebet,2026-07-30,Maccabi Tel Aviv,Sheriff Tiraspol,UEFA Europa League,1x2,home,1-0,True,1.3,1.34,0.30000000000000004,0.3400000000000001,
forebet,2026-07-30,Hluboka nad Vltavou,Spartak Soběslav,Cup,1x2,draw,3-2,False,4.0,,-1,,no_pinnacle_close
forebet,2026-07-30,Kalju Nomme,Shelbourne,UEFA Europa Conference League,1x2,draw,2-1,False,3.5,3.32,-1,-1,
forebet,2026-07-30,Zira,Paide,UEFA Europa Conference League,1x2,home,1-1,False,1.18,1.16,-1,-1,
forebet,2026-07-30,Auda,FCSB,UEFA Europa Conference League,1x2,away,4-1,False,1.53,1.56,-1,-1,
forebet,2026-07-30,Inter Turku,Başakşehir,UEFA Europa Conference League,1x2,draw,2-0,False,3.5,3.73,-1,-1,
forebet,2026-07-30,Forward Madison,Chattanooga Red Wolves,USL League One,over_under_25,over,5-2,True,1.9,1.86,0.8999999999999999,0.8600000000000001,
forebet,2026-07-30,Instituto Cordoba,Platense,Liga Profesional Argentina,over_under_25,under,2-1,False,2.75,1.44,-1,-1,
forebet,2026-07-30,Fluminense,Bahia,Serie A,over_under_25,under,0-0,True,1.92,1.94,0.9199999999999999,0.94,
forebet,2026-07-30,Vitoria,Palmeiras,Serie A,over_under_25,over,0-4,True,1.64,2.4,0.6399999999999999,1.4,
forebet,2026-07-30,RB Bragantino,Sporting Cristal,CONMEBOL Sudamericana,over_under_25,under,1-0,True,1.5,2.39,0.5,1.3900000000000001,
forebet,2026-07-30,Cienciano,Lanus,CONMEBOL Sudamericana,over_under_25,under,4-0,False,1.87,1.65,-1,-1,
forebet,2026-07-30,Firpo,Fuerte San Francisco,Primera Division,over_under_25,under,4-0,False,1.95,1.88,-1,-1,
forebet,2026-07-30,Real Cartagena,America de Cali,Copa Colombia,over_under_25,under,1-1,True,2.0,,1.0,,no_pinnacle_close
forebet,2026-07-30,Anri Vladivostok,Dinamo Barnaul,Cup,over_under_25,over,1-2,True,1.95,,0.95,,no_pinnacle_close
forebet,2026-07-30,Sydney Olympic,Brisbane Roar,Australia Cup,over_under_25,over,0-3,True,2.11,1.43,1.1099999999999999,0.42999999999999994,
forebet,2026-07-30,South Melbourne,Adelaide United,Australia Cup,over_under_25,over,2-1,True,2.2,1.6,1.2000000000000002,0.6000000000000001,
forebet,2026-07-30,Temp Barnaul,KDV,Cup,over_under_25,under,3-4,False,1.77,,-1,,no_pinnacle_close
forebet,2026-07-30,Atlètic Club d'Escaldes,FC Vaduz,UEFA Europa Conference League,over_under_25,over,0-2,False,2.1,1.72,-1,-1,
forebet,2026-07-30,JIPPO,JäPS,Ykkösliiga,over_under_25,over,1-0,False,1.95,1.88,-1,-1,
forebet,2026-07-30,Maccabi Tel Aviv,Sheriff Tiraspol,UEFA Europa League,over_under_25,over,1-0,False,2.3,1.56,-1,-1,
forebet,2026-07-30,Hluboka nad Vltavou,Spartak Soběslav,Cup,over_under_25,over,3-2,True,2.7,,1.7000000000000002,,no_pinnacle_close
forebet,2026-07-30,Kalju Nomme,Shelbourne,UEFA Europa Conference League,over_under_25,over,2-1,True,2.2,1.74,1.2000000000000002,0.74,
forebet,2026-07-30,Zira,Paide,UEFA Europa Conference League,over_under_25,under,1-1,True,1.8,2.04,0.8,1.04,
forebet,2026-07-30,Auda,FCSB,UEFA Europa Conference League,over_under_25,over,4-1,True,2.12,1.66,1.12,0.6599999999999999,
forebet,2026-07-30,Inter Turku,Başakşehir,UEFA Europa Conference League,over_under_25,under,2-0,True,1.8,2.01,0.8,1.0099999999999998,
forebet,2026-07-31,Isidro Metapán,FAS,Primera Division,1x2,away,2-0,False,2.5,2.83,-1,-1,
forebet,2026-07-31,Independiente,Newells Old Boys,Liga Profesional Argentina,1x2,away,1-0,False,6.5,6.73,-1,-1,
forebet,2026-07-31,Coritiba,Cruzeiro,Serie A,1x2,draw,0-1,False,3.1,3.16,-1,-1,
forebet,2026-07-31,O'Higgins,Boca Juniors,CONMEBOL Sudamericana,1x2,away,1-0,False,1.85,1.96,-1,-1,
forebet,2026-07-31,Caracas FC,Santa Fe,CONMEBOL Sudamericana,1x2,away,0-3,True,2.45,2.34,1.4500000000000002,1.3399999999999999,
forebet,2026-07-31,Bucaramanga,Llaneros,Primera A,1x2,draw,1-1,True,3.6,3.56,2.6,2.56,
forebet,2026-07-31,Alebrijes de Oaxaca,Dorados,Liga de Expansión MX,1x2,home,0-2,False,2.15,2.05,-1,-1,
forebet,2026-07-31,Inter,Águila,Primera Division,1x2,draw,0-0,True,3.1,,2.1,,no_pinnacle_close
forebet,2026-07-31,Trostianets,Oleksandria II,Druha Liga,1x2,draw,0-1,False,4.5,,-1,,no_pinnacle_close
forebet,2026-07-31,Ural U20,Chertanovo U20,Youth Championship,1x2,draw,3-1,False,3.04,,-1,,no_pinnacle_close
forebet,2026-07-31,Almaz Antey U19,Akademiya Konoplev U20,Youth Championship,1x2,draw,3-3,True,3.35,,2.35,,no_pinnacle_close
forebet,2026-07-31,Bentleigh Greens,Oakleigh Cannons,Victoria NPL,1x2,away,0-0,False,1.38,1.33,-1,-1,
forebet,2026-07-31,WDSC Wolves,Brisbane City,Queensland NPL,1x2,draw,5-2,False,4.0,3.93,-1,-1,
forebet,2026-07-31,Rochedale Rovers,Eastern Suburbs,Queensland NPL,1x2,away,2-1,False,1.95,2.0,-1,-1,
forebet,2026-07-31,Peerless,Kalighat Club,Calcutta Premier Division,1x2,home,1-0,True,1.48,,0.48,,no_pinnacle_close
forebet,2026-07-31,United,Rainbow,Calcutta Premier Division,1x2,home,2-1,True,2.0,,1.0,,no_pinnacle_close
forebet,2026-07-31,Campbelltown City,Adelaide City,South Australia NPL,1x2,away,0-4,True,1.7,1.68,0.7,0.6799999999999999,
forebet,2026-07-31,Incheon Red Angels W,Hwacheon KSPO W,WK-League,1x2,away,0-2,True,1.75,1.75,0.75,0.75,
forebet,2026-07-31,Suwon FMC W,Gumi Sportstoto W,WK-League,1x2,home,4-1,True,1.22,1.22,0.21999999999999997,0.21999999999999997,
forebet,2026-07-31,Preston Lions,Green Gully,Victoria NPL,1x2,home,2-2,False,1.42,1.4,-1,-1,
forebet,2026-07-31,Henan Jianye,Dalian Zhixing,Super League,1x2,home,1-1,False,1.8,1.93,-1,-1,
forebet,2026-07-31,Van,Sardarapat,Premier League,1x2,home,1-4,False,1.9,1.95,-1,-1,
forebet,2026-07-31,Lokomotiv Moskva U19,Nizhny Novgorod U19,Youth Championship,1x2,home,4-0,True,1.17,,0.16999999999999993,,no_pinnacle_close
forebet,2026-07-31,Herentals,TelOne,Premier Soccer League,1x2,home,2-0,True,1.9,1.92,0.8999999999999999,0.9199999999999999,
forebet,2026-07-31,Isidro Metapán,FAS,Primera Division,over_under_25,over,2-0,False,1.53,2.11,-1,-1,
forebet,2026-07-31,Independiente,Newells Old Boys,Liga Profesional Argentina,over_under_25,under,1-0,True,2.25,1.74,1.25,0.74,
forebet,2026-07-31,Coritiba,Cruzeiro,Serie A,over_under_25,over,0-1,False,1.66,2.34,-1,-1,
forebet,2026-07-31,O'Higgins,Boca Juniors,CONMEBOL Sudamericana,over_under_25,under,1-0,True,2.28,1.61,1.2799999999999998,0.6100000000000001,
forebet,2026-07-31,Caracas FC,Santa Fe,CONMEBOL Sudamericana,over_under_25,under,0-3,False,2.16,1.59,-1,-1,
forebet,2026-07-31,Bucaramanga,Llaneros,Primera A,over_under_25,under,1-1,True,2.18,1.69,1.1800000000000002,0.69,
forebet,2026-07-31,Alebrijes de Oaxaca,Dorados,Liga de Expansión MX,over_under_25,over,0-2,False,1.87,1.98,-1,-1,
forebet,2026-07-31,Inter,Águila,Primera Division,over_under_25,under,0-0,True,2.05,,1.0499999999999998,,no_pinnacle_close
forebet,2026-07-31,Trostianets,Oleksandria II,Druha Liga,over_under_25,under,0-1,True,1.48,,0.48,,no_pinnacle_close
forebet,2026-07-31,Ural U20,Chertanovo U20,Youth Championship,over_under_25,over,3-1,True,2.19,,1.19,,no_pinnacle_close
forebet,2026-07-31,Bentleigh Greens,Oakleigh Cannons,Victoria NPL,over_under_25,over,0-0,False,2.2,1.69,-1,-1,
forebet,2026-07-31,WDSC Wolves,Brisbane City,Queensland NPL,over_under_25,over,5-2,True,3.2,,2.2,,no_pinnacle_close
forebet,2026-07-31,Rochedale Rovers,Eastern Suburbs,Queensland NPL,over_under_25,over,2-1,True,3.2,,2.2,,no_pinnacle_close
forebet,2026-07-31,Peerless,Kalighat Club,Calcutta Premier Division,over_under_25,under,1-0,True,1.85,,0.8500000000000001,,no_pinnacle_close
forebet,2026-07-31,United,Rainbow,Calcutta Premier Division,over_under_25,over,2-1,True,2.0,,1.0,,no_pinnacle_close
forebet,2026-07-31,Campbelltown City,Adelaide City,South Australia NPL,over_under_25,under,0-4,False,1.58,2.3,-1,-1,
forebet,2026-07-31,Incheon Red Angels W,Hwacheon KSPO W,WK-League,over_under_25,under,0-2,True,1.96,1.68,0.96,0.6799999999999999,
forebet,2026-07-31,Suwon FMC W,Gumi Sportstoto W,WK-League,over_under_25,under,4-1,False,1.52,2.58,-1,-1,
forebet,2026-07-31,Preston Lions,Green Gully,Victoria NPL,over_under_25,over,2-2,True,2.1,1.56,1.1,0.56,
forebet,2026-07-31,Henan Jianye,Dalian Zhixing,Super League,over_under_25,over,1-1,False,2.15,1.53,-1,-1,
forebet,2026-07-31,Van,Sardarapat,Premier League,over_under_25,under,1-4,False,1.95,1.81,-1,-1,
signalodds,2026-06-24,Colombia,Congo DR,World Cup,1x2,home,1-0,True,1.59,1.56,0.5900000000000001,0.56,
signalodds,2026-06-23,Panama,Croatia,World Cup,1x2,away,0-1,True,1.58,1.45,0.5800000000000001,0.44999999999999996,
signalodds,2026-06-23,America Mineiro,Criciuma,Serie B,1x2,away,0-1,True,2.68,2.71,1.6800000000000002,1.71,
signalodds,2026-06-23,England,Ghana,World Cup,1x2,home,0-0,False,1.25,1.2,-1,-1,
signalodds,2026-06-23,Portugal,Uzbekistan,World Cup,1x2,home,5-0,True,1.23,1.16,0.22999999999999998,0.15999999999999992,
signalodds,2026-06-23,Mariehamn,HJK Helsinki,Veikkausliiga,1x2,away,0-4,True,1.42,1.34,0.41999999999999993,0.3400000000000001,
signalodds,2026-06-23,FF Jaro,Gnistan,Veikkausliiga,1x2,away,1-1,False,2.22,1.92,-1,-1,
signalodds,2026-06-23,Inter Turku,SJK,Veikkausliiga,1x2,home,1-1,False,1.56,1.56,-1,-1,
signalodds,2026-06-23,VPS,AC Oulu,Veikkausliiga,1x2,home,5-1,True,2.55,2.04,1.5499999999999998,1.04,
signalodds,2026-06-23,Lahti,Turku PS,Veikkausliiga,1x2,home,0-0,False,1.85,1.79,-1,-1,
signalodds,2026-06-23,KuPS,Ilves,Veikkausliiga,1x2,home,4-3,True,1.68,1.66,0.6799999999999999,0.6599999999999999,
signalodds,2026-06-23,Jordan,Algeria,World Cup,1x2,away,1-2,True,1.61,1.51,0.6100000000000001,0.51,
signalodds,2026-06-23,Norway,Senegal,World Cup,1x2,home,3-2,True,2.36,2.34,1.3599999999999999,1.3399999999999999,
signalodds,2026-06-22,Ponte Preta,Novorizontino,Serie B,1x2,away,0-2,True,1.79,1.92,0.79,0.9199999999999999,
signalodds,2026-06-22,France,Iraq,World Cup,1x2,home,3-0,True,3.52,1.09,2.52,0.09000000000000008,
signalodds,2026-06-22,Shelbourne,Bohemians,Premier Division,1x2,home,0-3,False,2.82,2.74,-1,-1,
signalodds,2026-06-22,Oddevold,Ljungskile SK,Superettan,1x2,home,0-0,False,2.08,1.95,-1,-1,
signalodds,2026-06-22,Varbergs BoIS FC,Landskrona BoIS,Superettan,1x2,home,2-3,False,1.98,1.97,-1,-1,
signalodds,2026-06-22,Argentina,Austria,World Cup,1x2,home,2-0,True,1.61,1.47,0.6100000000000001,0.47,
signalodds,2026-06-22,New Zealand,Egypt,World Cup,1x2,away,1-3,True,1.64,1.6,0.6399999999999999,0.6000000000000001,
signalodds,2026-06-21,Uruguay,Cape Verde Islands,World Cup,1x2,home,2-2,False,1.51,1.43,-1,-1,
signalodds,2026-06-21,São Bernardo,Juventude,Serie B,1x2,home,0-1,False,2.7,2.68,-1,-1,
signalodds,2026-06-21,Belgium,Iran,World Cup,1x2,home,0-0,False,1.48,1.4,-1,-1,
signalodds,2026-06-21,Spain,Saudi Arabia,World Cup,1x2,home,4-0,True,3.42,1.12,2.42,0.1200000000000001,
signalodds,2026-06-21,Ostersunds FK,IFK Norrkoping,Superettan,1x2,away,0-2,True,2.65,2.56,1.65,1.56,
signalodds,2026-06-21,Norrby IF,United Nordic,Superettan,1x2,away,0-0,False,2.45,2.38,-1,-1,
signalodds,2026-06-21,Avai,Cuiaba,Serie B,1x2,home,1-0,True,2.62,2.65,1.62,1.65,
signalodds,2026-06-21,IK brage,IFK Varnamo,Superettan,1x2,home,5-1,True,2.15,2.07,1.15,1.0699999999999998,
signalodds,2026-06-21,Tunisia,Japan,World Cup,1x2,away,0-4,True,1.63,1.47,0.6299999999999999,0.47,
signalodds,2026-06-21,Ecuador,Curaçao,World Cup,1x2,home,0-0,False,3.52,1.18,-1,-1,
signalodds,2026-06-20,Vila Nova,Nautico Recife,Serie B,1x2,home,4-3,True,2.46,2.34,1.46,1.3399999999999999,
signalodds,2026-06-20,Germany,Ivory Coast,World Cup,1x2,home,2-1,True,1.58,1.47,0.5800000000000001,0.47,
signalodds,2026-06-20,Netherlands,Sweden,World Cup,1x2,home,5-1,True,1.79,1.74,0.79,0.74,
signalodds,2026-06-20,Londrina,Athletic Club,Serie B,1x2,home,2-0,True,2.76,2.68,1.7599999999999998,1.6800000000000002,
signalodds,2026-06-20,Brazil,Haiti,World Cup,1x2,home,3-0,True,3.4,1.12,2.4,0.1200000000000001,
signalodds,2026-06-19,Scotland,Morocco,World Cup,1x2,away,0-1,True,1.82,1.69,0.8200000000000001,0.69,
signalodds,2026-06-19,Bohemians,Dundalk,Premier Division,1x2,home,1-2,False,1.92,1.91,-1,-1,
signalodds,2026-06-19,USA,Australia,World Cup,1x2,home,2-0,True,1.66,1.68,0.6599999999999999,0.6799999999999999,
signalodds,2026-06-19,Galway United,Derry City,Premier Division,1x2,away,2-1,False,2.4,2.33,-1,-1,
signalodds,2026-06-19,Waterford,Shamrock Rovers,Premier Division,1x2,away,0-2,True,1.64,1.74,0.6399999999999999,0.74,
signalodds,2026-06-19,Drogheda United,Shelbourne,Premier Division,1x2,away,2-2,False,2.02,2.04,-1,-1,
signalodds,2026-06-19,Mexico,South Korea,World Cup,1x2,home,1-0,True,2.12,2.07,1.12,1.0699999999999998,
signalodds,2026-06-19,Sport Recife,Atletico Goianiense,Serie B,1x2,home,1-1,False,2.18,2.11,-1,-1,
signalodds,2026-06-19,Universidad de Chile,O'Higgins,Primera División,1x2,home,2-0,True,1.93,1.91,0.9299999999999999,0.9099999999999999,
signalodds,2026-06-18,Canada,Qatar,World Cup,1x2,home,6-0,True,1.32,,0.32000000000000006,,no_pinnacle_close
signalodds,2026-06-18,Switzerland,Bosnia & Herzegovina,World Cup,1x2,home,4-1,True,1.59,1.6,0.5900000000000001,0.6000000000000001,
signalodds,2026-06-18,Czech Republic,South Africa,World Cup,1x2,home,1-1,False,1.84,1.86,-1,-1,
signalodds,2026-06-18,AC Oulu,Mariehamn,Veikkausliiga,1x2,home,2-1,True,1.43,1.39,0.42999999999999994,0.3899999999999999,
signalodds,2026-06-18,Uzbekistan,Colombia,World Cup,1x2,away,1-3,True,1.42,1.41,0.41999999999999993,0.4099999999999999,
signalodds,2026-06-17,Ghana,Panama,World Cup,1x2,home,1-0,True,2.34,2.41,1.3399999999999999,1.4100000000000001,
signalodds,2026-06-17,England,Croatia,World Cup,1x2,home,4-2,True,1.78,1.71,0.78,0.71,
signalodds,2026-06-17,Gnistan,Lahti,Veikkausliiga,1x2,home,1-0,True,2.54,2.55,1.54,1.5499999999999998,
signalodds,2026-06-17,SJK,VPS,Veikkausliiga,1x2,home,1-2,False,2.44,2.45,-1,-1,
signalodds,2026-06-17,Portugal,Congo DR,World Cup,1x2,home,1-1,False,1.34,1.3,-1,-1,
signalodds,2026-06-17,Turku PS,KuPS,Veikkausliiga,1x2,away,1-2,True,1.74,1.62,0.74,0.6200000000000001,
signalodds,2026-06-17,HJK Helsinki,Inter Turku,Veikkausliiga,1x2,home,3-3,False,2.7,2.59,-1,-1,
signalodds,2026-06-17,Ilves,FF Jaro,Veikkausliiga,1x2,home,5-0,True,1.79,1.67,0.79,0.6699999999999999,
signalodds,2026-06-17,Austria,Jordan,World Cup,1x2,home,3-1,True,1.38,1.43,0.3799999999999999,0.42999999999999994,
signalodds,2026-06-17,Argentina,Algeria,World Cup,1x2,home,3-0,True,1.45,1.55,0.44999999999999996,0.55,
signalodds,2026-06-16,Fortaleza EC,America Mineiro,Serie B,1x2,home,0-3,False,1.64,1.54,-1,-1,
signalodds,2026-06-16,Iraq,Norway,World Cup,1x2,away,1-4,True,1.22,1.24,0.21999999999999997,0.24,
signalodds,2026-06-16,France,Senegal,World Cup,1x2,home,3-1,True,1.51,1.49,0.51,0.49,
signalodds,2026-06-16,Landskrona BoIS,United Nordic,Superettan,1x2,home,2-0,True,2.32,2.49,1.3199999999999998,1.4900000000000002,
signalodds,2026-06-16,IFK Varnamo,Helsingborg,Superettan,1x2,home,0-1,False,2.18,2.27,-1,-1,
signalodds,2026-06-16,Iran,New Zealand,World Cup,1x2,home,2-2,False,2.0,1.83,-1,-1,
signalodds,2026-06-16,Criciuma,Ceara,Serie B,1x2,home,1-1,False,1.98,1.96,-1,-1,
signalodds,2026-06-16,Londrina,Avai,Serie B,1x2,home,3-2,True,2.4,2.52,1.4,1.52,
signalodds,2026-06-15,Saudi Arabia,Uruguay,World Cup,1x2,away,1-1,False,1.52,1.47,-1,-1,
signalodds,2026-06-15,Belgium,Egypt,World Cup,1x2,home,1-1,False,1.69,1.57,-1,-1,
signalodds,2026-06-15,IFK Norrkoping,Varbergs BoIS FC,Superettan,1x2,home,2-0,True,2.16,2.23,1.1600000000000001,1.23,
signalodds,2026-06-15,Spain,Cape Verde Islands,World Cup,1x2,home,0-0,False,3.45,1.08,-1,-1,
signalodds,2026-06-14,Ivory Coast,Ecuador,World Cup,1x2,away,1-0,False,2.55,2.65,-1,-1,
signalodds,2026-06-14,Botafogo SP,Operario-PR,Serie B,1x2,home,2-1,True,2.34,2.36,1.3399999999999999,1.3599999999999999,
signalodds,2026-06-14,Netherlands,Japan,World Cup,1x2,home,2-2,False,2.08,2.11,-1,-1,
signalodds,2026-06-14,Union La Calera,Universidad de Chile,Primera División,1x2,away,2-2,False,2.16,2.28,-1,-1,
signalodds,2026-06-14,Concepción,Deportes Limache,Primera División,1x2,away,3-2,False,2.44,2.73,-1,-1,
signalodds,2026-06-14,São Bernardo,Sport Recife,Serie B,1x2,home,0-0,False,2.5,2.52,-1,-1,
signalodds,2026-06-14,Juventude,Ponte Preta,Serie B,1x2,home,3-0,True,1.59,1.48,0.5900000000000001,0.48,
signalodds,2026-06-14,Falkenbergs FF,Orebro SK,Superettan,1x2,home,1-1,False,1.94,1.79,-1,-1,
signalodds,2026-06-14,Norrby IF,Oddevold,Superettan,1x2,away,0-2,True,2.1,2.18,1.1,1.1800000000000002,
signalodds,2026-06-14,Haiti,Scotland,World Cup,1x2,away,0-1,True,1.62,1.54,0.6200000000000001,0.54,
signalodds,2026-06-13,Brazil,Morocco,World Cup,1x2,home,1-1,False,1.75,1.71,-1,-1,
signalodds,2026-06-13,Colo Colo,Cobresal,Primera División,1x2,home,3-0,True,1.31,1.26,0.31000000000000005,0.26,
signalodds,2026-06-13,Qatar,Switzerland,World Cup,1x2,away,1-1,False,1.24,1.22,-1,-1,
signalodds,2026-06-13,Everton de Vina,Palestino,Primera División,1x2,away,1-2,True,2.84,2.88,1.8399999999999999,1.88,
signalodds,2026-06-13,Coquimbo Unido,O'Higgins,Primera División,1x2,home,0-0,False,1.86,1.85,-1,-1,
signalodds,2026-06-13,Lahti,SJK,Veikkausliiga,1x2,home,2-3,False,2.36,2.24,-1,-1,
signalodds,2026-06-13,Mariehamn,Gnistan,Veikkausliiga,1x2,away,0-3,True,2.01,1.93,1.0099999999999998,0.9299999999999999,
signalodds,2026-06-13,FF Jaro,HJK Helsinki,Veikkausliiga,1x2,away,2-5,True,1.75,1.62,0.75,0.6200000000000001,
signalodds,2026-06-13,VPS,KuPS,Veikkausliiga,1x2,away,1-1,False,2.28,2.24,-1,-1,
signalodds,2026-06-13,Ilves,Turku PS,Veikkausliiga,1x2,home,1-0,True,2.0,1.87,1.0,0.8700000000000001,
signalodds,2026-06-13,Inter Turku,AC Oulu,Veikkausliiga,1x2,home,0-0,False,1.78,1.71,-1,-1,
signalodds,2026-06-13,USA,Paraguay,World Cup,1x2,home,4-1,True,2.02,2.11,1.02,1.1099999999999999,
signalodds,2026-06-12,Atletico Goianiense,CRB,Serie B,1x2,home,3-3,False,2.26,2.25,-1,-1,
signalodds,2026-06-12,Shelbourne,Shamrock Rovers,Premier Division,1x2,away,2-1,False,2.74,2.91,-1,-1,
signalodds,2026-06-12,Derry City,Bohemians,Premier Division,1x2,away,4-1,False,2.46,2.51,-1,-1,
signalodds,2026-06-12,Galway United,Dundalk,Premier Division,1x2,away,0-1,True,2.48,2.54,1.48,1.54,
signalodds,2026-06-12,Waterford,Sligo Rovers,Premier Division,1x2,home,4-0,True,2.28,2.17,1.2799999999999998,1.17,
signalodds,2026-06-12,South Korea,Czech Republic,World Cup,1x2,home,2-1,True,2.82,2.65,1.8199999999999998,1.65,
signalodds,2026-06-11,Mexico,South Africa,World Cup,1x2,home,2-0,True,1.47,1.45,0.47,0.44999999999999996,
signalodds,2026-06-11,Sport Recife,Athletic Club,Serie B,1x2,home,1-1,False,1.82,1.81,-1,-1,
signalodds,2026-06-10,Varbergs BoIS FC,Norrby IF,Superettan,1x2,home,2-0,True,1.73,1.61,0.73,0.6100000000000001,
signalodds,2026-06-09,Oddevold,IFK Norrkoping,Superettan,1x2,away,1-2,True,2.62,2.78,1.62,1.7799999999999998,
signalodds,2026-06-09,IK brage,Ljungskile SK,Superettan,1x2,home,2-2,False,2.68,2.63,-1,-1,
signalodds,2026-06-09,United Nordic,Ostersunds FK,Superettan,1x2,home,1-1,False,2.26,2.27,-1,-1,
signalodds,2026-06-08,Vila Nova,Botafogo SP,Serie B,1x2,home,1-0,True,2.04,2.26,1.04,1.2599999999999998,
signalodds,2026-06-08,America Mineiro,Atletico Goianiense,Serie B,1x2,home,1-2,False,2.46,2.49,-1,-1,
signalodds,2026-06-06,Castellón,Almeria,Segunda División,1x2,home,1-1,False,1.88,1.86,-1,-1,
signalodds,2026-06-06,Criciuma,Londrina,Serie B,1x2,home,1-0,True,1.67,1.56,0.6699999999999999,0.56,
signalodds,2026-06-06,Kawasaki Frontale,Sanfrecce Hiroshima,J1 League,1x2,away,0-1,True,2.03,2.16,1.0299999999999998,1.1600000000000001,
signalodds,2026-06-06,Kashiwa Reysol,Kyoto Sanga,J1 League,1x2,home,0-1,False,1.98,1.9,-1,-1,
signalodds,2026-06-06,Yokohama F Marinos,Shimizu S-pulse,J1 League,1x2,home,3-0,True,2.38,2.45,1.38,1.4500000000000002,
signalodds,2026-06-06,Tokyo Verdy,Gamba Osaka,J1 League,1x2,away,2-4,True,2.64,4.11,1.6400000000000001,3.1100000000000003,
signalodds,2026-06-06,Urawa,Fagiano Okayama,J1 League,1x2,home,0-2,False,1.98,1.94,-1,-1,
signalodds,2026-06-06,Mito Hollyhock,V-varen Nagasaki,J1 League,1x2,home,0-1,False,2.3,2.29,-1,-1,
signalodds,2026-06-06,Machida Zelvia,Nagoya Grampus,J1 League,1x2,home,2-1,True,2.15,2.21,1.15,1.21,
signalodds,2026-06-06,Kashima,Vissel Kobe,J1 League,1x2,home,2-0,True,2.5,2.33,1.5,1.33,
signalodds,2026-06-06,FC Tokyo,Cerezo Osaka,J1 League,1x2,home,1-3,False,1.89,1.96,-1,-1,
signalodds,2026-06-05,Operario-PR,Juventude,Serie B,1x2,home,2-1,True,2.3,2.48,1.2999999999999998,1.48,
signalodds,2026-06-01,Ponte Preta,Botafogo SP,Serie B,1x2,home,0-0,False,2.98,3.24,-1,-1,
signalodds,2026-06-01,Palestino,A. Italiano,Primera División,1x2,home,0-0,False,1.98,1.98,-1,-1,
signalodds,2026-05-31,Remo,Sao Paulo,Serie A,1x2,away,1-0,False,2.66,2.68,-1,-1,
signalodds,2026-05-31,O'Higgins,Everton de Vina,Primera División,1x2,home,2-3,False,2.0,1.91,-1,-1,
signalodds,2026-05-31,Palmeiras,Chapecoense-sc,Serie A,1x2,home,1-0,True,1.28,1.414,0.28,0.4139999999999999,
signalodds,2026-05-31,Castellón,Eibar,Segunda División,1x2,home,2-1,True,1.6,1.54,0.6000000000000001,0.54,
signalodds,2026-05-31,Gent,Genk,Jupiler Pro League,1x2,away,1-1,False,2.3,3.54,-1,-1,
signalodds,2026-05-31,Deportivo La Coruña,Las Palmas,Segunda División,1x2,away,1-2,True,2.18,2.05,1.1800000000000002,1.0499999999999998,
signalodds,2026-05-31,Deportes Limache,Coquimbo Unido,Primera División,1x2,away,2-3,True,2.65,2.66,1.65,1.6600000000000001,
signalodds,2026-05-31,Ostersunds FK,Orebro SK,Superettan,1x2,home,3-2,True,1.86,1.71,0.8600000000000001,0.71,
signalodds,2026-05-31,Helsingborg,IFK Norrkoping,Superettan,1x2,away,0-2,True,2.21,2.08,1.21,1.08,
signalodds,2026-05-31,Londrina,Vila Nova,Serie B,1x2,home,0-1,False,2.62,2.75,-1,-1,
signalodds,2026-05-31,São Bernardo,Novorizontino,Serie B,1x2,away,1-1,False,2.82,2.99,-1,-1,
signalodds,2026-05-31,AC Oulu,FF Jaro,Veikkausliiga,1x2,home,2-1,True,1.65,1.71,0.6499999999999999,0.71,
signalodds,2026-05-31,IFK Varnamo,United Nordic,Superettan,1x2,home,0-2,False,2.4,2.3,-1,-1,
signalodds,2026-05-31,Degerfors IF,IF Brommapojkarna,Allsvenskan,1x2,home,2-2,False,2.46,2.35,-1,-1,
signalodds,2026-05-31,Wuhan Three Towns,Yunnan Yukun,Super League,1x2,away,1-1,False,2.45,2.34,-1,-1,
signalodds,2026-05-31,Fagiano Okayama,Urawa,J1 League,1x2,away,1-1,False,2.47,,-1,,no_pinnacle_close
signalodds,2026-05-30,Sport Recife,Nautico Recife,Serie B,1x2,home,2-0,True,2.4,2.45,1.4,1.4500000000000002,
signalodds,2026-05-30,Santos,Vitoria,Serie A,1x2,home,3-1,True,1.86,1.671,0.8600000000000001,0.671,
signalodds,2026-05-30,Universidad de Chile,Concepción,Primera División,1x2,home,2-1,True,1.58,1.53,0.5800000000000001,0.53,
signalodds,2026-05-30,Athletic Club,Fortaleza EC,Serie B,1x2,away,1-0,False,2.64,2.67,-1,-1,
signalodds,2026-05-30,Bahia,Botafogo,Serie A,1x2,home,2-1,True,2.0,2.0,1.0,1.0,
signalodds,2026-05-30,D. La Serena,Colo Colo,Primera División,1x2,away,2-4,True,2.02,2.07,1.02,1.0699999999999998,
signalodds,2026-05-30,Atletico Paranaense,Mirassol,Serie A,1x2,home,1-0,True,1.87,1.94,0.8700000000000001,0.94,
signalodds,2026-05-30,Flamengo,Coritiba,Serie A,1x2,home,3-0,True,1.45,1.41,0.44999999999999996,0.4099999999999999,
signalodds,2026-05-30,Granada CF,Sporting Gijon,Segunda División,1x2,home,1-2,False,2.54,2.47,-1,-1,
signalodds,2026-05-30,Avai,Criciuma,Serie B,1x2,home,1-2,False,2.56,2.64,-1,-1,
signalodds,2026-05-30,Atletico Goianiense,Goias,Serie B,1x2,home,1-1,False,2.38,2.41,-1,-1,
signalodds,2026-05-30,AD Ceuta FC,Albacete,Segunda División,1x2,home,1-0,True,2.46,2.69,1.46,1.69,
signalodds,2026-05-30,Paris Saint Germain,Arsenal,UEFA Champions League,1x2,home,1-1,False,2.5,2.46,-1,-1,
signalodds,2026-05-30,Real Sociedad II,Cultural Leonesa,Segunda División,1x2,home,1-1,False,2.44,2.25,-1,-1,
signalodds,2026-05-30,Gnistan,SJK,Veikkausliiga,1x2,away,3-2,False,2.6,2.57,-1,-1,
signalodds,2026-05-30,Turku PS,VPS,Veikkausliiga,1x2,away,1-0,False,2.51,2.28,-1,-1,
signalodds,2026-05-30,Molde,Sandefjord,Eliteserien,1x2,home,2-1,True,1.66,1.65,0.6599999999999999,0.6499999999999999,
signalodds,2026-05-30,Lahti,Ilves,Veikkausliiga,1x2,home,5-0,True,2.6,2.51,1.6,1.5099999999999998,
signalodds,2026-05-30,Gais,Kalmar FF,Allsvenskan,1x2,home,3-0,True,1.93,2.12,0.9299999999999999,1.12,
signalodds,2026-05-30,AIK Stockholm,Sirius,Allsvenskan,1x2,away,0-3,True,2.2,2.12,1.2000000000000002,1.12,
signalodds,2026-05-30,Falkenbergs FF,Oddevold,Superettan,1x2,home,2-1,True,2.48,2.52,1.48,1.52,
signalodds,2026-05-30,HJK Helsinki,Mariehamn,Veikkausliiga,1x2,home,1-0,True,1.25,1.2,0.25,0.19999999999999996,
signalodds,2026-05-30,Landskrona BoIS,IK brage,Superettan,1x2,home,2-2,False,2.3,2.21,-1,-1,
signalodds,2026-05-30,Ljungskile SK,Varbergs BoIS FC,Superettan,1x2,home,1-3,False,2.75,2.68,-1,-1,
signalodds,2026-05-30,Kyoto Sanga,Kashiwa Reysol,J1 League,1x2,away,2-6,True,2.34,,1.3399999999999999,,no_pinnacle_close
signalodds,2026-05-30,V-varen Nagasaki,Mito Hollyhock,J1 League,1x2,home,1-0,True,2.37,,1.37,,no_pinnacle_close
signalodds,2026-05-30,Avispa Fukuoka,JEF United Chiba,J1 League,1x2,home,2-2,False,2.05,,-1,,no_pinnacle_close
signalodds,2026-05-30,Gamba Osaka,Tokyo Verdy,J1 League,1x2,home,1-1,False,1.91,,-1,,no_pinnacle_close
signalodds,2026-05-30,Cerezo Osaka,FC Tokyo,J1 League,1x2,away,2-2,False,2.43,,-1,,no_pinnacle_close
signalodds,2026-05-30,Nagoya Grampus,Machida Zelvia,J1 League,1x2,away,2-2,False,2.6,,-1,,no_pinnacle_close
signalodds,2026-05-30,Sanfrecce Hiroshima,Kawasaki Frontale,J1 League,1x2,home,2-1,True,1.65,,0.6499999999999999,,no_pinnacle_close
signalodds,2026-05-30,Vissel Kobe,Kashima,J1 League,1x2,home,5-0,True,2.33,2.42,1.33,1.42,
signalodds,2026-05-30,Universidad de Concepcion,Union La Calera,Primera División,1x2,home,0-0,False,2.26,2.75,-1,-1,
signalodds,2026-05-30,Juventude,America Mineiro,Serie B,1x2,home,3-0,True,1.94,1.96,0.94,0.96,
signalodds,2026-05-29,Shamrock Rovers,St Patrick's Athl.,Premier Division,1x2,home,1-0,True,2.4,2.34,1.4,1.3399999999999999,
signalodds,2026-05-29,Shelbourne,Galway United,Premier Division,1x2,home,1-1,False,1.81,1.71,-1,-1,
signalodds,2026-05-29,Sligo Rovers,Bohemians,Premier Division,1x2,away,1-3,True,1.78,1.53,0.78,0.53,
signalodds,2026-05-29,Drogheda United,Waterford,Premier Division,1x2,home,3-3,False,1.92,1.85,-1,-1,
signalodds,2026-05-29,Monza,Catanzaro,Serie B,1x2,home,0-2,False,1.96,1.96,-1,-1,
signalodds,2026-05-29,Aalesund,Ham-Kam,Eliteserien,1x2,home,2-2,False,2.14,2.13,-1,-1,
signalodds,2026-05-29,Orgryte IS,IF Elfsborg,Allsvenskan,1x2,away,2-2,False,1.98,1.91,-1,-1,
signalodds,2026-05-29,Fredrikstad,Start,Eliteserien,1x2,home,2-1,True,1.85,1.82,0.8500000000000001,0.8200000000000001,
signalodds,2026-05-29,Rosenborg,Bodo/Glimt,Eliteserien,1x2,away,2-2,False,1.65,1.63,-1,-1,
signalodds,2026-05-29,America de Cali,Macará,CONMEBOL Sudamericana,1x2,home,0-0,False,1.74,1.68,-1,-1,
signalodds,2026-05-29,Cruzeiro,Barcelona SC,CONMEBOL Libertadores,1x2,home,4-0,True,1.27,1.22,0.27,0.21999999999999997,
signalodds,2026-05-28,Cerro Porteno,Sporting Cristal,CONMEBOL Libertadores,1x2,home,2-0,True,1.68,1.6,0.6799999999999999,0.6000000000000001,
signalodds,2026-05-27,Caracas FC,Botafogo,CONMEBOL Sudamericana,1x2,away,1-3,True,2.34,1.98,1.3399999999999999,0.98,
signalodds,2026-05-27,Vasco DA Gama,Barracas Central,CONMEBOL Sudamericana,1x2,home,3-0,True,1.41,1.311,0.4099999999999999,0.31099999999999994,
signalodds,2026-05-27,Independiente del Valle,Rosario Central,CONMEBOL Libertadores,1x2,home,1-0,True,1.95,2.029,0.95,1.029,
signalodds,2026-05-27,Olimpia,A. Italiano,CONMEBOL Sudamericana,1x2,home,3-1,True,1.67,1.526,0.6699999999999999,0.526,
signalodds,2026-05-27,Cienciano,Juventud,CONMEBOL Sudamericana,1x2,home,1-1,False,1.65,1.473,-1,-1,
signalodds,2026-05-27,Crystal Palace,Rayo Vallecano,UEFA Europa Conference League,1x2,home,1-0,True,2.0,2.2,1.0,1.2000000000000002,
signalodds,2026-05-27,San Lorenzo,Deportivo Recoleta,CONMEBOL Sudamericana,1x2,home,0-1,False,1.42,1.4,-1,-1,
signalodds,2026-05-26,Palestino,Deportivo Riestra,CONMEBOL Sudamericana,1x2,home,1-1,False,2.38,3.15,-1,-1,
signalodds,2026-05-26,Lanus,Mirassol,CONMEBOL Libertadores,1x2,home,1-0,True,1.9,1.98,0.8999999999999999,0.98,
signalodds,2026-05-26,LDU de Quito,Always Ready,CONMEBOL Libertadores,1x2,home,3-2,True,1.42,1.34,0.41999999999999993,0.3400000000000001,
signalodds,2026-05-26,Sao Paulo,Boston River,CONMEBOL Sudamericana,1x2,home,2-0,True,1.2,1.164,0.19999999999999996,0.16399999999999992,
signalodds,2026-05-26,SpVgg Greuther Fürth,Rot-Weiß Essen,2. Bundesliga,1x2,home,2-0,True,1.78,1.75,0.78,0.75,
signalodds,2026-05-25,Coritiba,Bahia,Serie A,1x2,home,3-2,True,2.74,2.62,1.7400000000000002,1.62,
signalodds,2026-05-25,Botafogo SP,Athletic Club,Serie B,1x2,home,1-2,False,2.1,2.02,-1,-1,
signalodds,2026-05-25,Bohemians,Shamrock Rovers,Premier Division,1x2,home,1-2,False,2.48,2.26,-1,-1,
signalodds,2026-05-25,St Mirren,Partick,Premiership,1x2,home,1-0,True,1.78,1.79,0.78,0.79,
signalodds,2026-05-25,Derry City,Shelbourne,Premier Division,1x2,home,0-0,False,2.54,2.77,-1,-1,
signalodds,2026-05-25,SC Paderborn 07,VfL Wolfsburg,Bundesliga,1x2,away,2-1,False,2.12,2.17,-1,-1,
signalodds,2026-05-25,Sandefjord,Fredrikstad,Eliteserien,1x2,home,1-1,False,1.9,2.2,-1,-1,
signalodds,2026-05-25,IFK Norrkoping,Osters IF,Superettan,1x2,home,2-0,True,1.71,1.64,0.71,0.6399999999999999,
signalodds,2026-05-25,IFK Goteborg,Mjallby AIF,Allsvenskan,1x2,away,1-1,False,2.72,3.0,-1,-1,
signalodds,2026-05-25,Sarpsborg 08 FF,Molde,Eliteserien,1x2,away,2-1,False,2.54,2.49,-1,-1,
signalodds,2026-05-25,Tromso,Aalesund,Eliteserien,1x2,home,1-1,False,1.48,1.44,-1,-1,
signalodds,2026-05-25,KFUM Oslo,Rosenborg,Eliteserien,1x2,home,2-0,True,2.38,2.37,1.38,1.37,
signalodds,2026-05-25,Ham-Kam,Lillestrom,Eliteserien,1x2,away,2-0,False,2.36,2.28,-1,-1,
signalodds,2026-05-25,Notts County,Salford City,League Two,1x2,home,3-0,True,2.92,3.05,1.92,2.05,
signalodds,2026-05-25,Los Angeles FC,Seattle Sounders,Major League Soccer,1x2,home,1-0,True,2.0,1.98,1.0,0.98,
signalodds,2026-05-25,U.N.A.M. - Pumas,Cruz Azul,Liga MX,1x2,away,1-2,True,2.56,2.31,1.56,1.31,
signalodds,2026-05-24,Vasco DA Gama,RB Bragantino,Serie A,1x2,home,0-3,False,2.05,2.18,-1,-1,
signalodds,2026-05-24,Operario-PR,Criciuma,Serie B,1x2,home,1-1,False,2.32,2.28,-1,-1,
signalodds,2026-05-24,Inter Miami,Philadelphia Union,Major League Soccer,1x2,home,6-4,True,1.45,1.414,0.44999999999999996,0.4139999999999999,
signalodds,2026-05-24,Avai,Goias,Serie B,1x2,home,0-2,False,2.48,2.33,-1,-1,
signalodds,2026-05-24,America Mineiro,Vila Nova,Serie B,1x2,home,1-2,False,2.26,2.25,-1,-1,
signalodds,2026-05-24,Columbus Crew,Atlanta United FC,Major League Soccer,1x2,home,2-0,True,1.57,1.53,0.5700000000000001,0.53,
signalodds,2026-05-24,Cruzeiro,Chapecoense-sc,Serie A,1x2,home,2-1,True,1.4,1.29,0.3999999999999999,0.29000000000000004,
signalodds,2026-05-24,Villarreal,Atletico Madrid,La Liga,1x2,home,5-1,True,2.6,2.65,1.6,1.65,
signalodds,2026-05-24,D. La Serena,Deportes Limache,Primera División,1x2,home,4-1,True,2.6,2.69,1.6,1.69,
signalodds,2026-05-24,Remo,Atletico Paranaense,Serie A,1x2,away,1-2,True,2.88,2.77,1.88,1.77,
signalodds,2026-05-24,Atletico Goianiense,São Bernardo,Serie B,1x2,home,0-1,False,1.95,1.99,-1,-1,
signalodds,2026-05-24,AC Milan,Cagliari,Serie A,1x2,home,1-2,False,1.32,1.27,-1,-1,
signalodds,2026-05-24,Lecce,Genoa,Serie A,1x2,home,1-0,True,1.82,1.96,0.8200000000000001,0.96,
signalodds,2026-05-24,Torino,Juventus,Serie A,1x2,away,2-2,False,1.5,1.49,-1,-1,
signalodds,2026-05-24,Hellas Verona,AS Roma,Serie A,1x2,away,0-2,True,1.36,1.35,0.3600000000000001,0.3500000000000001,
signalodds,2026-05-24,Cremonese,Como,Serie A,1x2,away,1-4,True,1.64,1.59,0.6399999999999999,0.5900000000000001,
signalodds,2026-05-24,River Plate,Belgrano Cordoba,Liga Profesional Argentina,1x2,home,2-3,False,2.1,2.35,-1,-1,
signalodds,2026-05-24,Catanzaro,Monza,Serie B,1x2,away,0-2,True,2.72,2.94,1.7200000000000002,1.94,
signalodds,2026-05-24,Cultural Leonesa,Burgos,Segunda División,1x2,away,0-2,True,2.55,2.46,1.5499999999999998,1.46,
signalodds,2026-05-24,Concepción,Huachipato,Primera División,1x2,home,2-0,True,2.24,2.58,1.2400000000000002,1.58,
signalodds,2026-05-24,Huesca,Castellón,Segunda División,1x2,away,0-1,True,1.75,1.65,0.75,0.6499999999999999,
signalodds,2026-05-24,Club Brugge KV,Gent,Jupiler Pro League,1x2,home,5-0,True,1.75,1.53,0.75,0.53,
signalodds,2026-05-24,Valladolid,Deportivo La Coruña,Segunda División,1x2,away,0-2,True,1.73,1.93,0.73,0.9299999999999999,
signalodds,2026-05-24,Napoli,Udinese,Serie A,1x2,home,1-0,True,1.53,1.47,0.53,0.47,
signalodds,2026-05-24,Kristiansund BK,Viking,Eliteserien,1x2,away,1-2,True,1.52,1.52,0.52,0.52,
signalodds,2026-05-24,Tottenham,Everton,Premier League,1x2,home,1-0,True,1.95,1.91,0.95,0.9099999999999999,
signalodds,2026-05-24,Liverpool,Brentford,Premier League,1x2,home,1-1,False,1.88,1.88,-1,-1,
signalodds,2026-05-24,Manchester City,Aston Villa,Premier League,1x2,home,1-2,False,1.34,1.33,-1,-1,
signalodds,2026-05-24,Nottingham Forest,Bournemouth,Premier League,1x2,away,1-1,False,2.1,2.02,-1,-1,
signalodds,2026-05-24,Crystal Palace,Arsenal,Premier League,1x2,away,1-2,True,1.83,2.03,0.8300000000000001,1.0299999999999998,
signalodds,2026-05-24,West Ham,Leeds,Premier League,1x2,home,3-0,True,1.85,1.69,0.8500000000000001,0.69,
signalodds,2026-05-24,Fulham,Newcastle,Premier League,1x2,away,2-0,False,2.42,2.62,-1,-1,
signalodds,2026-05-24,Brighton,Manchester United,Premier League,1x2,home,0-3,False,1.9,1.89,-1,-1,
signalodds,2026-05-24,FC Andorra,AD Ceuta FC,Segunda División,1x2,home,0-2,False,1.58,1.43,-1,-1,
signalodds,2026-05-24,Albacete,Real Sociedad II,Segunda División,1x2,home,3-1,True,1.92,1.95,0.9199999999999999,0.95,
signalodds,2026-05-24,Parma,Sassuolo,Serie A,1x2,away,1-0,False,2.72,2.65,-1,-1,
signalodds,2026-05-24,Varbergs BoIS FC,GIF Sundsvall,Superettan,1x2,home,1-0,True,1.66,1.52,0.6599999999999999,0.52,
signalodds,2026-05-24,Hammarby FF,AIK Stockholm,Allsvenskan,1x2,home,1-2,False,1.53,1.46,-1,-1,
signalodds,2026-05-24,Bolton,Stockport County,League One,1x2,home,4-1,True,2.65,2.63,1.65,1.63,
signalodds,2026-05-24,Sirius,Gais,Allsvenskan,1x2,home,2-1,True,1.79,1.69,0.79,0.69,
signalodds,2026-05-24,Shandong Luneng,Wuhan Three Towns,Super League,1x2,home,3-3,False,1.36,1.39,-1,-1,
signalodds,2026-05-24,Ajax,Utrecht,Eredivisie,1x2,home,1-1,False,1.9,2.02,-1,-1,
signalodds,2026-05-24,Shimizu S-pulse,Gamba Osaka,J1 League,1x2,away,1-2,True,2.48,2.61,1.48,1.6099999999999999,
signalodds,2026-05-24,Mito Hollyhock,Kawasaki Frontale,J1 League,1x2,away,1-3,True,2.3,2.28,1.2999999999999998,1.2799999999999998,
signalodds,2026-05-24,Tokyo Verdy,Yokohama F Marinos,J1 League,1x2,home,0-6,False,2.7,2.72,-1,-1,
signalodds,2026-05-24,Fagiano Okayama,Cerezo Osaka,J1 League,1x2,away,2-3,True,2.53,2.56,1.5299999999999998,1.56,
signalodds,2026-05-24,Colorado Rapids,FC Dallas,Major League Soccer,1x2,home,1-2,False,2.52,2.25,-1,-1,
signalodds,2026-05-24,San Diego,Vancouver Whitecaps,Major League Soccer,1x2,away,2-4,True,2.04,1.98,1.04,0.98,
signalodds,2026-05-24,Portland Timbers,San Jose Earthquakes,Major League Soccer,1x2,home,1-3,False,2.66,2.5,-1,-1,
signalodds,2026-05-24,Sporting Kansas City,New York Red Bulls,Major League Soccer,1x2,away,1-2,True,2.16,2.19,1.1600000000000001,1.19,
signalodds,2026-05-24,Chicago Fire,Toronto FC,Major League Soccer,1x2,home,2-1,True,1.53,1.46,0.53,0.45999999999999996,
signalodds,2026-05-24,Nashville SC,New York City FC,Major League Soccer,1x2,home,2-1,True,1.8,1.83,0.8,0.8300000000000001,
signalodds,2026-05-24,Union La Calera,Palestino,Primera División,1x2,away,1-2,True,2.8,2.6,1.7999999999999998,1.6,
signalodds,2026-05-24,Flamengo,Palmeiras,Serie A,1x2,home,0-3,False,1.88,1.82,-1,-1,
signalodds,2026-05-23,DC United,CF Montreal,Major League Soccer,1x2,home,4-4,False,2.02,2.07,-1,-1,
signalodds,2026-05-23,FC Cincinnati,Orlando City SC,Major League Soccer,1x2,home,6-2,True,1.67,1.72,0.6699999999999999,0.72,
signalodds,2026-05-23,Charlotte,New England Revolution,Major League Soccer,1x2,home,1-0,True,1.88,1.925,0.8799999999999999,0.925,
signalodds,2026-05-23,Juventude,Sport Recife,Serie B,1x2,home,0-1,False,2.3,2.27,-1,-1,
signalodds,2026-05-23,Mirassol,Fluminense,Serie A,1x2,home,1-0,True,2.76,2.61,1.7599999999999998,1.6099999999999999,
signalodds,2026-05-23,Fortaleza EC,Londrina,Serie B,1x2,home,3-0,True,1.61,1.57,0.6100000000000001,0.5700000000000001,
signalodds,2026-05-23,Minnesota United FC,Real Salt Lake,Major League Soccer,1x2,home,1-1,False,2.14,2.19,-1,-1,
signalodds,2026-05-23,Sao Paulo,Botafogo,Serie A,1x2,home,1-1,False,1.98,1.76,-1,-1,
signalodds,2026-05-23,Vitoria,Internacional,Serie A,1x2,away,2-0,False,2.62,2.59,-1,-1,
signalodds,2026-05-23,Mallorca,Oviedo,La Liga,1x2,home,3-0,True,1.53,1.49,0.53,0.49,
signalodds,2026-05-23,Girona,Elche,La Liga,1x2,home,1-1,False,1.88,1.86,-1,-1,
signalodds,2026-05-23,Getafe,Osasuna,La Liga,1x2,home,1-0,True,2.74,2.76,1.7400000000000002,1.7599999999999998,
signalodds,2026-05-23,Real Betis,Levante,La Liga,1x2,home,2-1,True,2.36,2.39,1.3599999999999999,1.3900000000000001,
signalodds,2026-05-23,Celta Vigo,Sevilla,La Liga,1x2,home,1-0,True,1.81,1.93,0.81,0.9299999999999999,
signalodds,2026-05-23,Valencia,Barcelona,La Liga,1x2,away,3-1,False,1.95,2.04,-1,-1,
signalodds,2026-05-23,Lazio,Pisa,Serie A,1x2,home,2-1,True,1.61,1.71,0.6100000000000001,0.71,
signalodds,2026-05-23,Antwerp,KVC Westerlo,Jupiler Pro League,1x2,home,2-0,True,2.05,1.93,1.0499999999999998,0.9299999999999999,
signalodds,2026-05-23,St. Louis City,Austin,Major League Soccer,1x2,home,3-0,True,1.73,1.73,0.73,0.73,
signalodds,2026-05-23,Standard Liege,Charleroi,Jupiler Pro League,1x2,home,0-2,False,2.2,2.12,-1,-1,
signalodds,2026-05-23,OH Leuven,Genk,Jupiler Pro League,1x2,away,0-2,True,1.92,1.71,0.9199999999999999,0.71,
signalodds,2026-05-23,FC Volendam,Willem II,Eerste Divisie,1x2,home,1-2,False,2.2,2.25,-1,-1,
signalodds,2026-05-23,Dender,Lommel United,Jupiler Pro League,1x2,home,0-0,False,2.15,1.98,-1,-1,
signalodds,2026-05-23,Bologna,Inter,Serie A,1x2,away,3-3,False,2.32,2.27,-1,-1,
signalodds,2026-05-23,Barcelona W,Lyon W,UEFA Champions League Women,1x2,home,4-0,True,1.37,1.36,0.3700000000000001,0.3600000000000001,
signalodds,2026-05-23,Nieciecza,Lechia Gdansk,Ekstraklasa,1x2,away,3-2,False,1.78,1.77,-1,-1,
signalodds,2026-05-23,Pogon Szczecin,GKS Katowice,Ekstraklasa,1x2,away,1-1,False,2.43,2.42,-1,-1,
signalodds,2026-05-23,Raków Częstochowa,Arka Gdynia,Ekstraklasa,1x2,home,3-0,True,1.38,1.3,0.3799999999999999,0.30000000000000004,
signalodds,2026-05-23,Cracovia Krakow,Korona Kielce,Ekstraklasa,1x2,home,1-1,False,2.24,2.21,-1,-1,
signalodds,2026-05-23,Gornik Zabrze,Radomiak Radom,Ekstraklasa,1x2,home,6-2,True,1.48,1.47,0.48,0.47,
signalodds,2026-05-23,Falkenbergs FF,IFK Varnamo,Superettan,1x2,home,3-1,True,2.47,2.18,1.4700000000000002,1.1800000000000002,
signalodds,2026-05-23,Hull City,Middlesbrough,Championship,1x2,away,1-0,False,1.98,1.93,-1,-1,
signalodds,2026-05-23,KuPS,Lahti,Veikkausliiga,1x2,home,2-1,True,1.63,1.58,0.6299999999999999,0.5800000000000001,
signalodds,2026-05-23,FF Jaro,Mariehamn,Veikkausliiga,1x2,home,3-0,True,2.0,1.87,1.0,0.8700000000000001,
signalodds,2026-05-23,Ilves,Gnistan,Veikkausliiga,1x2,home,2-0,True,2.14,2.15,1.1400000000000001,1.15,
signalodds,2026-05-23,SJK,AC Oulu,Veikkausliiga,1x2,away,0-1,True,2.68,2.87,1.6800000000000002,1.87,
signalodds,2026-05-23,Oddevold,Ostersunds FK,Superettan,1x2,home,1-0,True,2.12,2.1,1.12,1.1,
signalodds,2026-05-23,United Nordic,IK brage,Superettan,1x2,home,1-0,True,2.25,2.16,1.25,1.1600000000000001,
signalodds,2026-05-23,Kalmar FF,Degerfors IF,Allsvenskan,1x2,home,2-1,True,2.1,1.93,1.1,0.9299999999999999,
signalodds,2026-05-23,SHANGHAI SIPG,Tianjin Teda,Super League,1x2,home,1-1,False,1.77,1.83,-1,-1,
signalodds,2026-05-23,Norrby IF,Ljungskile SK,Superettan,1x2,away,2-1,False,2.42,2.35,-1,-1,
signalodds,2026-05-23,Inter Turku,Turku PS,Veikkausliiga,1x2,home,2-1,True,1.56,1.55,0.56,0.55,
signalodds,2026-05-23,Kyoto Sanga,V-varen Nagasaki,J1 League,1x2,home,1-0,True,1.95,2.01,0.95,1.0099999999999998,
signalodds,2026-05-23,Kashiwa Reysol,JEF United Chiba,J1 League,1x2,home,4-2,True,1.54,1.58,0.54,0.5800000000000001,
signalodds,2026-05-23,Kashima,FC Tokyo,J1 League,1x2,home,1-0,True,2.58,2.51,1.58,1.5099999999999998,
signalodds,2026-05-23,Auckland,Sydney,A-League,1x2,home,1-0,True,2.22,2.38,1.2200000000000002,1.38,
signalodds,2026-05-23,Avispa Fukuoka,Vissel Kobe,J1 League,1x2,away,0-1,True,1.78,1.83,0.78,0.8300000000000001,
signalodds,2026-05-23,Sanfrecce Hiroshima,Nagoya Grampus,J1 League,1x2,home,4-2,True,1.71,1.76,0.71,0.76,
signalodds,2026-05-22,Drogheda United,Dundalk,Premier Division,1x2,away,1-1,False,2.2,2.47,-1,-1,
signalodds,2026-05-22,Everton de Vina,Coquimbo Unido,Primera División,1x2,away,1-1,False,2.52,2.63,-1,-1,
signalodds,2026-05-22,Lens,Nice,Coupe de France,1x2,home,3-1,True,1.52,1.49,0.52,0.49,
signalodds,2026-05-22,Shamrock Rovers,Sligo Rovers,Premier Division,1x2,home,1-2,False,1.35,1.3,-1,-1,
signalodds,2026-05-22,Fiorentina,Atalanta,Serie A,1x2,home,1-1,False,2.7,3.01,-1,-1,
signalodds,2026-05-22,Shelbourne,Waterford,Premier Division,1x2,home,2-1,True,1.37,1.44,0.3700000000000001,0.43999999999999995,
signalodds,2026-05-22,Rot-Weiß Essen,SpVgg Greuther Fürth,2. Bundesliga,1x2,away,1-0,False,2.5,2.6,-1,-1,
signalodds,2026-05-22,Ried,Rapid Vienna,Bundesliga,1x2,home,2-1,True,2.6,2.74,1.6,1.7400000000000002,
signalodds,2026-05-22,Djurgardens IF,IF Brommapojkarna,Allsvenskan,1x2,home,1-2,False,1.47,1.46,-1,-1,
signalodds,2026-05-22,VPS,HJK Helsinki,Veikkausliiga,1x2,away,2-1,False,2.02,2.06,-1,-1,
signalodds,2026-05-22,Machida Zelvia,Urawa,J1 League,1x2,home,1-0,True,2.35,2.39,1.35,1.3900000000000001,
signalodds,2026-05-22,Macará,Alianza Atletico,CONMEBOL Sudamericana,1x2,home,0-0,False,1.5,1.37,-1,-1,
signalodds,2026-05-22,Blooming,Carabobo FC,CONMEBOL Sudamericana,1x2,away,0-2,True,2.42,2.15,1.42,1.15,
signalodds,2026-05-22,Racing Club,Caracas FC,CONMEBOL Sudamericana,1x2,home,2-2,False,1.2,1.16,-1,-1,
signalodds,2026-05-21,Puerto Cabello,Juventud,CONMEBOL Sudamericana,1x2,home,1-1,False,2.3,2.21,-1,-1,
signalodds,2026-05-21,Partick,St Mirren,Premiership,1x2,home,1-1,False,2.63,2.72,-1,-1,
signalodds,2026-05-21,Utrecht,Heerenveen,Eredivisie,1x2,home,3-2,True,2.04,1.93,1.04,0.9299999999999999,
signalodds,2026-05-21,KV Mechelen,Club Brugge KV,Jupiler Pro League,1x2,away,2-2,False,1.37,1.34,-1,-1,
signalodds,2026-05-21,Anderlecht,St. Truiden,Jupiler Pro League,1x2,home,3-1,True,2.28,1.95,1.2799999999999998,0.95,
signalodds,2026-05-21,Al Kholood,Al-Fateh,Pro League,1x2,home,0-0,False,2.5,2.47,-1,-1,
signalodds,2026-05-21,Al-Ittihad FC,Al-Qadisiyah FC,Pro League,1x2,home,1-5,False,2.46,2.75,-1,-1,
signalodds,2026-05-21,NEOM,Al-Ettifaq,Pro League,1x2,home,1-1,False,1.91,2.16,-1,-1,
signalodds,2026-05-21,IF Elfsborg,Mjallby AIF,Allsvenskan,1x2,away,1-1,False,2.6,3.69,-1,-1,
signalodds,2026-05-21,Brondby,FC Copenhagen,Superliga,1x2,away,1-3,True,2.34,2.36,1.3399999999999999,1.3599999999999999,
signalodds,2026-05-21,Panetolikos,Asteras Tripolis,Super League 1,1x2,home,1-2,False,2.66,2.58,-1,-1,
signalodds,2026-05-21,Atromitos,Panserraikos,Super League 1,1x2,home,6-0,True,1.59,1.57,0.5900000000000001,0.5700000000000001,
signalodds,2026-05-21,Junior,Sporting Cristal,CONMEBOL Libertadores,1x2,home,3-2,True,1.77,1.78,0.77,0.78,
signalodds,2026-05-21,Cusco,Independiente Medellin,CONMEBOL Libertadores,1x2,home,2-3,False,2.45,2.45,-1,-1,
signalodds,2026-05-21,River Plate,RB Bragantino,CONMEBOL Sudamericana,1x2,home,1-1,False,2.68,2.76,-1,-1,
signalodds,2026-05-21,LDU de Quito,Lanus,CONMEBOL Libertadores,1x2,home,2-0,True,1.95,1.89,0.95,0.8899999999999999,
signalodds,2026-05-20,Boston River,O'Higgins,CONMEBOL Sudamericana,1x2,away,3-2,False,2.05,1.92,-1,-1,
signalodds,2026-05-20,Santos,San Lorenzo,CONMEBOL Sudamericana,1x2,home,2-2,False,1.85,1.85,-1,-1,
signalodds,2026-05-20,SC Freiburg,Aston Villa,UEFA Europa League,1x2,away,0-3,True,1.75,1.65,0.75,0.6499999999999999,
signalodds,2026-05-20,Palermo,Catanzaro,Serie B,1x2,home,2-0,True,1.9,1.67,0.8999999999999999,0.6699999999999999,
signalodds,2026-05-20,Aalesund,Brann,Eliteserien,1x2,away,2-1,False,1.93,2.0,-1,-1,
signalodds,2026-05-20,Lillestrom,Kristiansund BK,Eliteserien,1x2,home,1-2,False,1.43,1.44,-1,-1,
signalodds,2026-05-20,Gais,Hammarby FF,Allsvenskan,1x2,away,2-0,False,2.18,2.35,-1,-1,
signalodds,2026-05-20,Willem II,FC Volendam,Eerste Divisie,1x2,home,1-2,False,2.18,2.3,-1,-1,
signalodds,2026-05-20,Rotor Volgograd,Akron,Premier League,1x2,home,0-2,False,2.54,2.71,-1,-1,
signalodds,2026-05-20,KuPS,FF Jaro,Veikkausliiga,1x2,home,3-0,True,1.41,1.47,0.4099999999999999,0.47,
signalodds,2026-05-20,Ilves,Inter Turku,Veikkausliiga,1x2,away,1-3,True,2.1,2.25,1.1,1.25,
signalodds,2026-05-20,Chongqing Tonglianglong,Yunnan Yukun,Super League,1x2,away,0-0,False,2.7,2.33,-1,-1,
signalodds,2026-05-20,Shanghai Shenhua,Wuhan Three Towns,Super League,1x2,home,2-2,False,1.6,1.52,-1,-1,
signalodds,2026-05-20,Independiente del Valle,Libertad Asuncion,CONMEBOL Libertadores,1x2,home,4-1,True,1.36,1.32,0.3600000000000001,0.32000000000000006,
signalodds,2026-05-20,Boca Juniors,Cruzeiro,CONMEBOL Libertadores,1x2,home,1-1,False,2.01,1.98,-1,-1,
signalodds,2026-05-20,Sao Paulo,Millonarios,CONMEBOL Sudamericana,1x2,home,1-1,False,1.65,1.64,-1,-1,
signalodds,2026-05-20,Santa Fe,Platense,CONMEBOL Libertadores,1x2,home,2-1,True,2.25,2.19,1.25,1.19,
signalodds,2026-05-20,Always Ready,Mirassol,CONMEBOL Libertadores,1x2,away,1-2,True,1.7,1.5,0.7,0.5,
signalodds,2026-05-19,Coquimbo Unido,Deportes Tolima,CONMEBOL Libertadores,1x2,home,3-0,True,2.22,2.4,1.2200000000000002,1.4,
signalodds,2026-05-19,Chelsea,Tottenham,Premier League,1x2,home,2-1,True,2.06,2.14,1.06,1.1400000000000001,
signalodds,2026-05-19,KVC Westerlo,Standard Liege,Jupiler Pro League,1x2,home,1-2,False,2.02,2.07,-1,-1,
signalodds,2026-05-19,Genk,Antwerp,Jupiler Pro League,1x2,home,0-0,False,1.65,1.44,-1,-1,
signalodds,2026-05-19,Charleroi,OH Leuven,Jupiler Pro League,1x2,home,1-1,False,1.79,1.54,-1,-1,
signalodds,2026-05-19,Monza,Juve Stabia,Serie B,1x2,home,2-1,True,1.72,1.95,0.72,0.95,
signalodds,2026-05-19,Helsingborg,Varbergs BoIS FC,Superettan,1x2,away,1-3,True,2.67,2.14,1.67,1.1400000000000001,
signalodds,2026-05-19,Ried,Wolfsberger AC,Bundesliga,1x2,home,2-1,True,2.3,2.34,1.2999999999999998,1.3399999999999999,
signalodds,2026-05-18,Ponte Preta,Londrina,Serie B,1x2,home,1-4,False,2.3,2.31,-1,-1,
signalodds,2026-05-18,Waterford,Drogheda United,Premier Division,1x2,away,2-1,False,2.46,2.66,-1,-1,
signalodds,2026-05-18,Oddevold,Orebro SK,Superettan,1x2,home,4-1,True,2.09,1.92,1.0899999999999999,0.9199999999999999,
signalodds,2026-05-18,GIF Sundsvall,Landskrona BoIS,Superettan,1x2,away,2-1,False,2.44,2.25,-1,-1,
signalodds,2026-05-18,Orgryte IS,IFK Goteborg,Allsvenskan,1x2,away,2-3,True,1.95,1.84,0.95,0.8400000000000001,
signalodds,2026-05-18,Arka Gdynia,Nieciecza,Ekstraklasa,1x2,home,2-3,False,1.75,1.61,-1,-1,
signalodds,2026-05-18,Djurgardens IF,Sirius,Allsvenskan,1x2,home,2-3,False,2.36,2.23,-1,-1,
signalodds,2026-05-18,Lahti,VPS,Veikkausliiga,1x2,home,1-1,False,2.41,2.41,-1,-1,
signalodds,2026-05-18,Nashville SC,Los Angeles FC,Major League Soccer,1x2,home,3-2,True,2.17,2.23,1.17,1.23,
signalodds,2026-05-18,Concepción,Everton de Vina,Primera División,1x2,home,0-2,False,2.62,2.59,-1,-1,
signalodds,2026-05-17,Sport Recife,CRB,Serie B,1x2,home,1-2,False,2.04,2.16,-1,-1,
signalodds,2026-05-17,Atletico Paranaense,Flamengo,Serie A,1x2,away,1-1,False,2.3,2.27,-1,-1,
signalodds,2026-05-17,Inter Miami,Portland Timbers,Major League Soccer,1x2,home,2-0,True,1.37,1.3,0.3700000000000001,0.30000000000000004,
signalodds,2026-05-17,Criciuma,Atletico Goianiense,Serie B,1x2,home,1-1,False,2.06,1.88,-1,-1,
signalodds,2026-05-17,Colo Colo,Nublense,Primera División,1x2,home,6-2,True,1.72,1.67,0.72,0.6699999999999999,
signalodds,2026-05-17,Vila Nova,Avai,Serie B,1x2,home,2-0,True,2.1,2.25,1.1,1.25,
signalodds,2026-05-17,Zaragoza,Sporting Gijon,Segunda División,1x2,home,1-3,False,1.89,1.79,-1,-1,
signalodds,2026-05-17,Barcelona,Real Betis,La Liga,1x2,home,3-1,True,1.35,1.34,0.3500000000000001,0.3400000000000001,
signalodds,2026-05-17,Marseille,Rennes,Ligue 1,1x2,home,3-1,True,2.16,2.1,1.1600000000000001,1.1,
signalodds,2026-05-17,Botafogo,Corinthians,Serie A,1x2,home,3-1,True,2.42,2.42,1.42,1.42,
signalodds,2026-05-17,Strasbourg,Monaco,Ligue 1,1x2,away,5-4,False,2.22,1.98,-1,-1,
signalodds,2026-05-17,Nice,Metz,Ligue 1,1x2,home,0-0,False,1.39,1.31,-1,-1,
signalodds,2026-05-17,Lille,Auxerre,Ligue 1,1x2,home,0-2,False,1.41,1.41,-1,-1,
signalodds,2026-05-17,Sassuolo,Lecce,Serie A,1x2,home,2-3,False,2.82,2.69,-1,-1,
signalodds,2026-05-17,Udinese,Cremonese,Serie A,1x2,home,0-1,False,2.52,2.46,-1,-1,
signalodds,2026-05-17,Catanzaro,Palermo,Serie B,1x2,away,3-0,False,2.42,3.36,-1,-1,
signalodds,2026-05-17,Sevilla,Real Madrid,La Liga,1x2,away,0-1,True,2.3,2.2,1.2999999999999998,1.2000000000000002,
signalodds,2026-05-17,Osasuna,Espanyol,La Liga,1x2,home,1-2,False,2.23,2.17,-1,-1,
signalodds,2026-05-17,Real Sociedad,Valencia,La Liga,1x2,home,3-4,False,2.26,2.46,-1,-1,
signalodds,2026-05-17,Elche,Getafe,La Liga,1x2,home,1-0,True,2.39,2.42,1.3900000000000001,1.42,
signalodds,2026-05-17,Rayo Vallecano,Villarreal,La Liga,1x2,home,2-0,True,2.43,2.03,1.4300000000000002,1.0299999999999998,
signalodds,2026-05-17,Fenerbahçe,Eyüpspor,Süper Lig,1x2,home,3-3,False,1.29,1.36,-1,-1,
signalodds,2026-05-17,Newcastle,West Ham,Premier League,1x2,home,3-1,True,2.28,2.14,1.2799999999999998,1.1400000000000001,
signalodds,2026-05-17,AEK Athens FC,Olympiakos Piraeus,Super League 1,1x2,away,1-1,False,2.36,2.53,-1,-1,
signalodds,2026-05-17,Panathinaikos,PAOK,Super League 1,1x2,away,2-2,False,2.06,2.09,-1,-1,
signalodds,2026-05-17,Huachipato,Union La Calera,Primera División,1x2,home,3-1,True,2.18,2.19,1.1800000000000002,1.19,
signalodds,2026-05-17,Aarhus,Viborg,Superliga,1x2,home,6-2,True,2.16,2.06,1.1600000000000001,1.06,
signalodds,2026-05-17,Sonderjyske,FC Nordsjaelland,Superliga,1x2,away,1-4,True,2.18,2.09,1.1800000000000002,1.0899999999999999,
signalodds,2026-05-17,Lechia Gdansk,Legia Warszawa,Ekstraklasa,1x2,away,1-2,True,2.45,2.65,1.4500000000000002,1.65,
signalodds,2026-05-17,FC Krasnodar,FC Orenburg,Premier League,1x2,home,3-0,True,1.31,1.25,0.31000000000000005,0.25,
signalodds,2026-05-17,IFK Varnamo,Norrby IF,Superettan,1x2,home,2-2,False,1.94,1.93,-1,-1,
signalodds,2026-05-17,Rubin,Nizhny Novgorod,Premier League,1x2,home,2-2,False,2.17,2.13,-1,-1,
signalodds,2026-05-17,Dinamo Makhachkala,Spartak Moscow,Premier League,1x2,away,0-0,False,2.0,1.99,-1,-1,
signalodds,2026-05-17,FC Rostov,Zenit,Premier League,1x2,away,0-1,True,1.45,1.42,0.44999999999999996,0.41999999999999993,
signalodds,2026-05-17,FC Lugano,FC Basel 1893,Super League,1x2,home,4-0,True,1.95,1.7,0.95,0.7,
signalodds,2026-05-17,FC ST. Gallen,FC Thun,Super League,1x2,home,1-1,False,1.91,1.73,-1,-1,
signalodds,2026-05-17,Mjallby AIF,BK Häcken,Allsvenskan,1x2,home,0-1,False,2.18,2.31,-1,-1,
signalodds,2026-05-17,BSC Young Boys,FC Sion,Super League,1x2,away,3-3,False,2.48,2.51,-1,-1,
signalodds,2026-05-17,Leeds,Brighton,Premier League,1x2,away,1-0,False,2.23,2.17,-1,-1,
signalodds,2026-05-17,Everton,Sunderland,Premier League,1x2,home,1-3,False,1.89,1.85,-1,-1,
signalodds,2026-05-17,Brentford,Crystal Palace,Premier League,1x2,home,2-2,False,1.7,1.74,-1,-1,
signalodds,2026-05-17,Aris Thessalonikis,Levadiakos,Super League 1,1x2,home,3-0,True,2.0,1.88,1.0,0.8799999999999999,
signalodds,2026-05-17,Santos,Coritiba,Serie A,1x2,home,0-3,False,1.8,1.64,-1,-1,
signalodds,2026-05-17,Dynamo Dresden,Holstein Kiel,2. Bundesliga,1x2,home,2-1,True,1.75,1.72,0.75,0.72,
signalodds,2026-05-17,Arminia Bielefeld,Hertha BSC,2. Bundesliga,1x2,home,6-1,True,1.8,1.83,0.8,0.8300000000000001,
signalodds,2026-05-17,SV Elversberg,Preußen Münster,2. Bundesliga,1x2,home,3-0,True,1.24,1.19,0.24,0.18999999999999995,
signalodds,2026-05-17,Karlsruher SC,Vfl Bochum,2. Bundesliga,1x2,away,1-2,True,2.54,2.6,1.54,1.6,
signalodds,2026-05-17,FC Schalke 04,Eintracht Braunschweig,2. Bundesliga,1x2,home,1-0,True,1.94,1.85,0.94,0.8500000000000001,
signalodds,2026-05-17,Hannover 96,1. FC Nürnberg,2. Bundesliga,1x2,home,3-3,False,1.5,1.53,-1,-1,
signalodds,2026-05-17,SV Darmstadt 98,SC Paderborn 07,2. Bundesliga,1x2,away,0-2,True,1.92,1.95,0.9199999999999999,0.95,
signalodds,2026-05-17,Dundee,Aberdeen,Premiership,1x2,home,3-2,True,2.44,2.54,1.44,1.54,
signalodds,2026-05-17,Livingston,Kilmarnock,Premiership,1x2,away,1-4,True,2.42,2.37,1.42,1.37,
signalodds,2026-05-17,Inter,Hellas Verona,Serie A,1x2,home,1-1,False,1.25,1.29,-1,-1,
signalodds,2026-05-17,St Mirren,Dundee Utd,Premiership,1x2,home,1-1,False,2.32,2.35,-1,-1,
signalodds,2026-05-17,United Nordic,Falkenbergs FF,Superettan,1x2,home,1-4,False,2.16,2.0,-1,-1,
signalodds,2026-05-17,GKS Katowice,Jagiellonia,Ekstraklasa,1x2,away,2-2,False,2.56,2.62,-1,-1,
signalodds,2026-05-17,AZ Alkmaar,NAC Breda,Eredivisie,1x2,home,3-3,False,1.39,1.28,-1,-1,
signalodds,2026-05-17,Sparta Rotterdam,Excelsior,Eredivisie,1x2,home,2-3,False,2.12,2.08,-1,-1,
signalodds,2026-05-17,Utrecht,Fortuna Sittard,Eredivisie,1x2,home,2-0,True,1.53,1.53,0.53,0.53,
signalodds,2026-05-17,Heracles,Groningen,Eredivisie,1x2,away,1-2,True,1.61,1.62,0.6100000000000001,0.6200000000000001,
signalodds,2026-05-17,Heerenveen,Ajax,Eredivisie,1x2,away,0-0,False,2.18,2.06,-1,-1,
signalodds,2026-05-17,Eintracht Frankfurt W,Union Berlin W,Frauen Bundesliga,1x2,home,4-2,True,1.29,1.32,0.29000000000000004,0.32000000000000006,
signalodds,2026-05-17,Deportivo La Coruña,FC Andorra,Segunda División,1x2,home,2-1,True,1.63,1.67,0.6299999999999999,0.6699999999999999,
signalodds,2026-05-17,Bayer Leverkusen W,Werder Bremen (W),Frauen Bundesliga,1x2,home,1-3,False,1.58,1.58,-1,-1,
signalodds,2026-05-17,SGS Essen W,SC Freiburg W,Frauen Bundesliga,1x2,away,1-1,False,1.85,1.85,-1,-1,
signalodds,2026-05-17,IF Brommapojkarna,Kalmar FF,Allsvenskan,1x2,home,1-0,True,2.66,2.61,1.6600000000000001,1.6099999999999999,
signalodds,2026-05-17,Odense,Vejle,Superliga,1x2,home,0-1,False,1.55,1.65,-1,-1,
signalodds,2026-05-17,FC Copenhagen,Randers FC,Superliga,1x2,home,5-0,True,1.59,1.62,0.5900000000000001,0.6200000000000001,
signalodds,2026-05-17,Panserraikos,Panetolikos,Super League 1,1x2,home,1-1,False,2.68,2.76,-1,-1,
signalodds,2026-05-17,Manchester United,Nottingham Forest,Premier League,1x2,home,3-2,True,1.68,1.63,0.6799999999999999,0.6299999999999999,
signalodds,2026-05-17,Anderlecht,KV Mechelen,Jupiler Pro League,1x2,home,2-2,False,1.9,1.88,-1,-1,
signalodds,2026-05-17,Piast Gliwice,Raków Częstochowa,Ekstraklasa,1x2,away,1-3,True,2.77,2.79,1.77,1.79,
signalodds,2026-05-17,Kawasaki Frontale,Machida Zelvia,J1 League,1x2,away,1-1,False,2.45,2.44,-1,-1,
signalodds,2026-05-17,Como,Parma,Serie A,1x2,home,1-0,True,1.29,1.27,0.29000000000000004,0.27,
signalodds,2026-05-17,Juventus,Fiorentina,Serie A,1x2,home,0-2,False,1.37,1.35,-1,-1,
signalodds,2026-05-17,Gangwon FC,Ulsan Hyundai FC,K League 1,1x2,home,2-0,True,2.15,2.33,1.15,1.33,
signalodds,2026-05-17,Genoa,AC Milan,Serie A,1x2,away,1-2,True,1.83,1.71,0.8300000000000001,0.71,
signalodds,2026-05-17,Jeju United FC,FC Anyang,K League 1,1x2,home,1-2,False,2.55,2.63,-1,-1,
signalodds,2026-05-17,Kyoto Sanga,Sanfrecce Hiroshima,J1 League,1x2,away,0-4,True,1.99,2.03,0.99,1.0299999999999998,
signalodds,2026-05-17,JEF United Chiba,Kashima,J1 League,1x2,away,0-2,True,1.68,1.72,0.6799999999999999,0.72,
signalodds,2026-05-17,Fagiano Okayama,Shimizu S-pulse,J1 League,1x2,home,2-0,True,2.49,2.51,1.4900000000000002,1.5099999999999998,
signalodds,2026-05-17,V-varen Nagasaki,Vissel Kobe,J1 League,1x2,away,2-2,False,1.75,1.81,-1,-1,
signalodds,2026-05-17,San Jose Earthquakes,FC Dallas,Major League Soccer,1x2,home,2-3,False,1.87,2.03,-1,-1,
signalodds,2026-05-17,Real Salt Lake,Colorado Rapids,Major League Soccer,1x2,home,2-1,True,1.72,1.65,0.72,0.6499999999999999,
signalodds,2026-05-17,Seattle Sounders,Los Angeles Galaxy,Major League Soccer,1x2,home,0-2,False,1.68,1.6,-1,-1,
signalodds,2026-05-17,Guadalajara Chivas,Cruz Azul,Liga MX,1x2,home,1-2,False,2.32,2.28,-1,-1,
signalodds,2026-05-17,Austin,Sporting Kansas City,Major League Soccer,1x2,home,1-2,False,1.54,1.58,-1,-1,
signalodds,2026-05-17,Houston Dynamo,Vancouver Whitecaps,Major League Soccer,1x2,away,1-0,False,2.0,1.92,-1,-1,
signalodds,2026-05-16,Charlotte,Toronto FC,Major League Soccer,1x2,home,3-1,True,1.86,1.74,0.8600000000000001,0.74,
signalodds,2026-05-16,Philadelphia Union,Columbus Crew,Major League Soccer,1x2,home,1-1,False,2.42,2.43,-1,-1,
signalodds,2026-05-16,DC United,St. Louis City,Major League Soccer,1x2,home,1-1,False,2.46,2.41,-1,-1,
signalodds,2026-05-16,New York Red Bulls,New York City FC,Major League Soccer,1x2,away,1-1,False,2.66,2.48,-1,-1,
signalodds,2026-05-16,New England Revolution,Minnesota United FC,Major League Soccer,1x2,home,2-1,True,2.28,2.16,1.2799999999999998,1.1600000000000001,
signalodds,2026-05-16,River Plate,Rosario Central,Liga Profesional Argentina,1x2,home,1-0,True,2.05,2.21,1.0499999999999998,1.21,
signalodds,2026-05-16,Fluminense,Sao Paulo,Serie A,1x2,home,2-1,True,1.93,1.78,0.9299999999999999,0.78,
signalodds,2026-05-16,Internacional,Vasco DA Gama,Serie A,1x2,home,4-1,True,2.08,2.01,1.08,1.0099999999999998,
signalodds,2026-05-16,O'Higgins,Universidad de Concepcion,Primera División,1x2,home,0-1,False,1.82,1.72,-1,-1,
signalodds,2026-05-16,CF Montreal,Chicago Fire,Major League Soccer,1x2,away,0-2,True,2.4,2.23,1.4,1.23,
signalodds,2026-05-16,Famalicão,Alverca,Primeira Liga,1x2,home,1-0,True,1.67,1.63,0.6699999999999999,0.6299999999999999,
signalodds,2026-05-16,São Bernardo,America Mineiro,Serie B,1x2,home,1-1,False,1.88,2.26,-1,-1,
signalodds,2026-05-16,Sligo Rovers,Galway United,Premier Division,1x2,away,1-4,True,2.7,2.75,1.7000000000000002,1.75,
signalodds,2026-05-16,Radomiak Radom,Lech Poznan,Ekstraklasa,1x2,away,1-3,True,1.95,1.79,0.95,0.79,
signalodds,2026-05-16,Juve Stabia,Monza,Serie B,1x2,away,2-2,False,2.08,2.78,-1,-1,
signalodds,2026-05-16,SC Braga,Estrela,Primeira Liga,1x2,home,2-2,False,1.72,1.74,-1,-1,
signalodds,2026-05-16,Samsunspor,Göztepe,Süper Lig,1x2,home,3-0,True,2.5,3.36,1.5,2.36,
signalodds,2026-05-16,Arouca,Tondela,Primeira Liga,1x2,away,3-1,False,2.28,2.28,-1,-1,
signalodds,2026-05-16,Casa Pia,Rio Ave,Primeira Liga,1x2,home,1-1,False,1.71,1.79,-1,-1,
signalodds,2026-05-16,Granada CF,Burgos,Segunda División,1x2,away,0-1,True,2.62,2.16,1.62,1.1600000000000001,
signalodds,2026-05-16,Standard Liege,Genk,Jupiler Pro League,1x2,away,0-0,False,2.2,2.21,-1,-1,
signalodds,2026-05-16,Al-Hilal Saudi FC,NEOM,Pro League,1x2,home,2-0,True,1.28,1.24,0.28,0.24,
signalodds,2026-05-16,AC Oulu,Turku PS,Veikkausliiga,1x2,home,1-0,True,1.71,1.65,0.71,0.6499999999999999,
signalodds,2026-05-16,Gnistan,FF Jaro,Veikkausliiga,1x2,home,5-0,True,2.34,2.29,1.3399999999999999,1.29,
signalodds,2026-05-16,Asteras Tripolis,Kifisia,Super League 1,1x2,home,0-0,False,1.67,1.96,-1,-1,
signalodds,2026-05-16,FC Winterthur,FC Luzern,Super League,1x2,away,0-3,True,2.0,1.8,1.0,0.8,
signalodds,2026-05-16,Wisla Plock,Gornik Zabrze,Ekstraklasa,1x2,away,0-1,True,2.18,2.07,1.1800000000000002,1.0699999999999998,
signalodds,2026-05-16,IK brage,IFK Norrkoping,Superettan,1x2,away,0-0,False,2.26,2.09,-1,-1,
signalodds,2026-05-16,FC Porto,Santa Clara,Primeira Liga,1x2,home,1-0,True,1.36,1.33,0.3600000000000001,0.33000000000000007,
signalodds,2026-05-16,Moreirense,AVS,Primeira Liga,1x2,home,0-0,False,1.83,2.16,-1,-1,
signalodds,2026-05-16,Cultural Leonesa,Eibar,Segunda División,1x2,away,2-1,False,2.62,2.4,-1,-1,
signalodds,2026-05-16,Lillestrom,Sandefjord,Eliteserien,1x2,home,3-1,True,1.85,1.95,0.8500000000000001,0.95,
signalodds,2026-05-16,Molde,Kristiansund BK,Eliteserien,1x2,home,1-0,True,1.43,1.42,0.42999999999999994,0.41999999999999993,
signalodds,2026-05-16,Mariehamn,KuPS,Veikkausliiga,1x2,away,1-1,False,1.48,1.52,-1,-1,
signalodds,2026-05-16,Chelsea,Manchester City,FA Cup,1x2,away,0-1,True,1.74,1.76,0.74,0.76,
signalodds,2026-05-16,Fredrikstad,Ham-Kam,Eliteserien,1x2,home,2-1,True,2.1,1.99,1.1,0.99,
signalodds,2026-05-16,SJK,Inter Turku,Veikkausliiga,1x2,away,1-3,True,2.17,2.01,1.17,1.0099999999999998,
signalodds,2026-05-16,Charleroi,KVC Westerlo,Jupiler Pro League,1x2,home,0-1,False,2.05,1.75,-1,-1,
signalodds,2026-05-16,Viking,Start,Eliteserien,1x2,home,6-3,True,1.25,1.2,0.25,0.19999999999999996,
signalodds,2026-05-16,FC St. Pauli,VfL Wolfsburg,Bundesliga,1x2,away,1-3,True,2.44,2.58,1.44,1.58,
signalodds,2026-05-16,Werder Bremen,Borussia Dortmund,Bundesliga,1x2,away,0-2,True,2.04,2.19,1.04,1.19,
signalodds,2026-05-16,1. FC Heidenheim,FSV Mainz 05,Bundesliga,1x2,home,0-2,False,1.98,1.85,-1,-1,
signalodds,2026-05-16,Bayer Leverkusen,Hamburger SV,Bundesliga,1x2,home,1-1,False,1.32,1.31,-1,-1,
signalodds,2026-05-16,Union Berlin,FC Augsburg,Bundesliga,1x2,away,4-0,False,2.53,2.34,-1,-1,
signalodds,2026-05-16,SC Freiburg,RB Leipzig,Bundesliga,1x2,away,4-1,False,2.42,2.65,-1,-1,
signalodds,2026-05-16,Gais,Degerfors IF,Allsvenskan,1x2,home,1-1,False,1.71,1.68,-1,-1,
signalodds,2026-05-16,Halmstad,IF Elfsborg,Allsvenskan,1x2,away,1-1,False,2.08,1.96,-1,-1,
signalodds,2026-05-16,Motor Lublin,Cracovia Krakow,Ekstraklasa,1x2,away,3-3,False,2.55,2.5,-1,-1,
signalodds,2026-05-16,Yunnan Yukun,Shanghai Shenhua,Super League,1x2,home,1-0,True,2.26,1.88,1.2599999999999998,0.8799999999999999,
signalodds,2026-05-16,Brann,KFUM Oslo,Eliteserien,1x2,home,2-1,True,1.48,1.58,0.48,0.5800000000000001,
signalodds,2026-05-16,Shandong Luneng,Chongqing Tonglianglong,Super League,1x2,home,3-1,True,1.61,1.44,0.6100000000000001,0.43999999999999995,
signalodds,2026-05-16,SSV Jahn Regensburg,Energie Cottbus,3. Liga,1x2,away,0-1,True,1.72,1.65,0.72,0.6499999999999999,
signalodds,2026-05-16,FC Schweinfurt 05,Erzgebirge Aue,3. Liga,1x2,away,2-4,True,1.98,2.02,0.98,1.02,
signalodds,2026-05-16,Verl,TSV 1860 München,3. Liga,1x2,home,3-0,True,1.73,1.65,0.73,0.6499999999999999,
signalodds,2026-05-16,FC Ingolstadt 04,Waldhof Mannheim,3. Liga,1x2,home,5-1,True,2.08,2.04,1.08,1.04,
signalodds,2026-05-16,Stuttgart II,VfL Osnabrück,3. Liga,1x2,away,3-4,True,2.05,1.91,1.0499999999999998,0.9099999999999999,
signalodds,2026-05-16,Hibernian,Motherwell,Premiership,1x2,home,0-1,False,2.75,2.63,-1,-1,
signalodds,2026-05-16,MSV Duisburg,FC Viktoria Köln,3. Liga,1x2,home,1-1,False,1.46,1.33,-1,-1,
signalodds,2026-05-16,Falkirk,Rangers,Premiership,1x2,away,2-5,True,1.91,1.88,0.9099999999999999,0.8799999999999999,
signalodds,2026-05-16,HJK Helsinki,Ilves,Veikkausliiga,1x2,home,2-2,False,1.72,1.6,-1,-1,
signalodds,2026-05-16,Incheon United,Gwangju FC,K League 1,1x2,home,4-0,True,1.53,1.5,0.53,0.5,
signalodds,2026-05-16,Newcastle Jets,Sydney,A-League,1x2,home,1-1,False,2.38,2.36,-1,-1,
signalodds,2026-05-16,Yokohama F Marinos,Kashiwa Reysol,J1 League,1x2,away,0-1,True,2.28,2.25,1.2799999999999998,1.25,
signalodds,2026-05-16,Daejeon Citizen,FC Seoul,K League 1,1x2,away,1-2,True,2.72,2.4,1.7200000000000002,1.4,
signalodds,2026-05-16,Urawa,FC Tokyo,J1 League,1x2,away,0-0,False,2.55,2.62,-1,-1,
signalodds,2026-05-16,Mito Hollyhock,Tokyo Verdy,J1 League,1x2,away,0-1,True,2.76,2.75,1.7599999999999998,1.75,
signalodds,2026-05-16,Palestino,D. La Serena,Primera División,1x2,home,5-1,True,1.98,2.0,0.98,1.0,
signalodds,2026-05-16,Coquimbo Unido,A. Italiano,Primera División,1x2,home,3-0,True,1.91,1.69,0.9099999999999999,0.69,
signalodds,2026-05-15,Dundalk,Shamrock Rovers,Premier Division,1x2,away,1-0,False,2.33,2.32,-1,-1,
signalodds,2026-05-15,Notts County,Chesterfield,League Two,1x2,home,0-0,False,2.38,2.34,-1,-1,
signalodds,2026-05-15,Aston Villa,Liverpool,Premier League,1x2,away,4-2,False,2.56,2.63,-1,-1,
signalodds,2026-05-15,Bohemians,Drogheda United,Premier Division,1x2,home,2-1,True,1.56,1.56,0.56,0.56,
signalodds,2026-05-15,Waterford,Derry City,Premier Division,1x2,away,2-2,False,1.76,1.8,-1,-1,
signalodds,2026-05-15,OH Leuven,Antwerp,Jupiler Pro League,1x2,away,3-0,False,2.6,2.36,-1,-1,
signalodds,2026-05-15,Salford City,Grimsby,League Two,1x2,home,2-2,False,2.44,2.27,-1,-1,
signalodds,2026-05-15,Bari,Sudtirol,Serie B,1x2,home,0-0,False,2.62,3.35,-1,-1,
signalodds,2026-05-15,Damac,Al-Fayha,Pro League,1x2,home,3-0,True,1.85,1.87,0.8500000000000001,0.8700000000000001,
signalodds,2026-05-15,Zaglebie Lubin,Pogon Szczecin,Ekstraklasa,1x2,away,0-1,True,2.64,2.7,1.6400000000000001,1.7000000000000002,
signalodds,2026-05-15,Adelaide United,Auckland,A-League,1x2,home,0-3,False,2.42,2.27,-1,-1,
signalodds,2026-05-15,CF Pachuca,U.N.A.M. - Pumas,Liga MX,1x2,home,1-0,True,2.13,2.09,1.13,1.0899999999999999,
signalodds,2026-05-14,Real Madrid,Oviedo,La Liga,1x2,home,2-0,True,1.33,1.21,0.33000000000000007,0.20999999999999996,
signalodds,2026-05-14,Bradford,Bolton,League One,1x2,home,0-1,False,2.66,2.78,-1,-1,
signalodds,2026-05-14,Al-Ettifaq,Al-Ittihad FC,Pro League,1x2,away,1-3,True,1.89,1.99,0.8899999999999999,0.99,
signalodds,2026-05-14,Girona,Real Sociedad,La Liga,1x2,home,1-1,False,2.06,1.97,-1,-1,
signalodds,2026-05-14,Valencia,Rayo Vallecano,La Liga,1x2,home,1-1,False,2.34,2.28,-1,-1,
signalodds,2026-05-14,Al-Fateh,Al Najma,Pro League,1x2,home,2-0,True,1.5,1.5,0.5,0.5,
signalodds,2026-05-14,Ljungskile SK,GIF Sundsvall,Superettan,1x2,home,1-0,True,1.82,1.63,0.8200000000000001,0.6299999999999999,
signalodds,2026-05-14,FC Thun,BSC Young Boys,Super League,1x2,home,3-8,False,2.06,2.28,-1,-1,
signalodds,2026-05-14,FC Basel 1893,FC ST. Gallen,Super League,1x2,home,1-3,False,2.58,2.72,-1,-1,
signalodds,2026-05-14,FC Sion,FC Lugano,Super League,1x2,home,2-2,False,2.25,2.07,-1,-1,
signalodds,2026-05-14,Cruz Azul,Guadalajara Chivas,Liga MX,1x2,home,2-2,False,2.12,2.26,-1,-1,
signalodds,2026-05-14,Seattle Sounders,San Jose Earthquakes,Major League Soccer,1x2,home,3-2,True,2.02,1.89,1.02,0.8899999999999999,
signalodds,2026-05-14,Real Salt Lake,Houston Dynamo,Major League Soccer,1x2,home,3-0,True,1.83,1.76,0.8300000000000001,0.76,
signalodds,2026-05-14,St. Louis City,Los Angeles FC,Major League Soccer,1x2,away,2-1,False,2.6,2.44,-1,-1,
signalodds,2026-05-14,River Plate,Gimnasia L.P.,Liga Profesional Argentina,1x2,home,2-0,True,1.53,1.6,0.53,0.6000000000000001,
signalodds,2026-05-14,FC Dallas,Vancouver Whitecaps,Major League Soccer,1x2,away,2-3,True,2.04,2.03,1.04,1.0299999999999998,
signalodds,2026-05-14,Minnesota United FC,Colorado Rapids,Major League Soccer,1x2,home,0-1,False,1.84,1.72,-1,-1,
signalodds,2026-05-13,DC United,Chicago Fire,Major League Soccer,1x2,away,1-3,True,2.62,2.34,1.62,1.3399999999999999,
signalodds,2026-05-13,New England Revolution,Nashville SC,Major League Soccer,1x2,away,0-3,True,2.5,2.54,1.5,1.54,
signalodds,2026-05-13,CF Montreal,Portland Timbers,Major League Soccer,1x2,home,2-2,False,2.0,2.0,-1,-1,
signalodds,2026-05-13,Orlando City SC,Philadelphia Union,Major League Soccer,1x2,away,4-3,False,2.3,2.5,-1,-1,
signalodds,2026-05-13,New York Red Bulls,Columbus Crew,Major League Soccer,1x2,away,3-2,False,2.35,2.2,-1,-1,
signalodds,2026-05-13,FC Cincinnati,Inter Miami,Major League Soccer,1x2,away,3-5,True,2.18,2.14,1.1800000000000002,1.1400000000000001,
signalodds,2026-05-13,Charlotte,New York City FC,Major League Soccer,1x2,home,0-1,False,2.3,2.61,-1,-1,
signalodds,2026-05-13,Rosario Central,Racing Club,Liga Profesional Argentina,1x2,home,2-1,True,2.38,2.29,1.38,1.29,
signalodds,2026-05-13,Getafe,Mallorca,La Liga,1x2,home,3-1,True,2.32,2.37,1.3199999999999998,1.37,
signalodds,2026-05-13,Alaves,Barcelona,La Liga,1x2,away,1-0,False,2.17,2.19,-1,-1,
signalodds,2026-05-13,Manchester City,Crystal Palace,Premier League,1x2,home,3-0,True,1.22,1.31,0.21999999999999997,0.31000000000000005,
signalodds,2026-05-13,Lens,Paris Saint Germain,Ligue 1,1x2,away,0-2,True,2.1,2.2,1.1,1.2000000000000002,
signalodds,2026-05-13,Lazio,Inter,Coppa Italia,1x2,away,0-2,True,1.71,1.68,0.71,0.6799999999999999,
signalodds,2026-05-13,Stockport County,Stevenage,League One,1x2,home,2-0,True,1.92,2.24,0.9199999999999999,1.2400000000000002,
signalodds,2026-05-13,Rangers,Hibernian,Premiership,1x2,home,1-2,False,1.56,1.65,-1,-1,
signalodds,2026-05-13,Raków Częstochowa,Jagiellonia,Ekstraklasa,1x2,home,0-2,False,2.15,2.18,-1,-1,
signalodds,2026-05-13,Villarreal,Sevilla,La Liga,1x2,home,2-3,False,2.12,1.94,-1,-1,
signalodds,2026-05-13,IK brage,Ostersunds FK,Superettan,1x2,home,2-4,False,2.22,2.34,-1,-1,
signalodds,2026-05-13,Olympiakos Piraeus,Panathinaikos,Super League 1,1x2,home,1-0,True,1.5,1.38,0.5,0.3799999999999999,
signalodds,2026-05-13,PAOK,AEK Athens FC,Super League 1,1x2,home,1-1,False,1.74,1.89,-1,-1,
signalodds,2026-05-13,Arka Gdynia,Gornik Zabrze,Ekstraklasa,1x2,away,0-0,False,2.17,2.03,-1,-1,
signalodds,2026-05-13,Volos NFC,Aris Thessalonikis,Super League 1,1x2,away,1-2,True,2.0,2.07,1.0,1.0699999999999998,
signalodds,2026-05-13,Levadiakos,OFI,Super League 1,1x2,home,3-2,True,1.68,1.74,0.6799999999999999,0.74,
signalodds,2026-05-13,Ulsan Hyundai FC,Jeju United FC,K League 1,1x2,home,2-1,True,1.93,1.93,0.9299999999999999,0.9299999999999999,
signalodds,2026-05-13,Vissel Kobe,Kyoto Sanga,J1 League,1x2,home,1-0,True,1.74,1.91,0.74,0.9099999999999999,
signalodds,2026-05-13,Machida Zelvia,Tokyo Verdy,J1 League,1x2,home,0-0,False,1.91,1.95,-1,-1,
signalodds,2026-05-12,Londrina,São Bernardo,Serie B,1x2,home,1-3,False,2.38,2.29,-1,-1,
signalodds,2026-05-12,Belgrano Cordoba,Union Santa Fe,Liga Profesional Argentina,1x2,home,2-0,True,2.5,2.44,1.5,1.44,
signalodds,2026-05-12,Osasuna,Atletico Madrid,La Liga,1x2,home,1-2,False,2.58,2.54,-1,-1,
signalodds,2026-05-12,Southampton,Middlesbrough,Championship,1x2,home,2-1,True,2.56,2.57,1.56,1.5699999999999998,
signalodds,2026-05-12,Catanzaro,Avellino,Serie B,1x2,home,3-0,True,2.22,1.99,1.2200000000000002,0.99,
signalodds,2026-05-12,Aberdeen,St Mirren,Premiership,1x2,home,0-2,False,2.22,2.27,-1,-1,
signalodds,2026-05-12,Kilmarnock,Dundee,Premiership,1x2,home,3-1,True,2.0,1.68,1.0,0.6799999999999999,
signalodds,2026-05-12,FC Luzern,FC Zürich,Super League,1x2,home,1-0,True,1.55,1.52,0.55,0.52,
signalodds,2026-05-12,RED Star FC 93,Rodez,Ligue 1,1x2,home,2-3,False,1.94,2.51,-1,-1,
signalodds,2026-05-12,Al-Nassr,Al-Hilal Saudi FC,Pro League,1x2,home,1-1,False,2.42,2.37,-1,-1,
signalodds,2026-05-12,Real Betis,Elche,La Liga,1x2,home,2-1,True,1.66,1.67,0.6599999999999999,0.6699999999999999,
signalodds,2026-05-12,Landskrona BoIS,Norrby IF,Superettan,1x2,home,1-1,False,2.1,2.08,-1,-1,
signalodds,2026-05-12,Celta Vigo,Levante,La Liga,1x2,home,2-3,False,1.84,1.94,-1,-1,
signalodds,2026-05-12,Modena,Juve Stabia,Serie B,1x2,home,0-1,False,2.24,2.3,-1,-1,
signalodds,2026-05-12,Al Kholood,Al Okhdood,Pro League,1x2,home,0-0,False,1.61,1.55,-1,-1,
signalodds,2026-05-12,Asteras Tripolis,Panserraikos,Super League 1,1x2,home,1-0,True,1.82,1.88,0.8200000000000001,0.8799999999999999,
signalodds,2026-05-12,Kifisia,Atromitos,Super League 1,1x2,home,0-3,False,2.3,2.41,-1,-1,
signalodds,2026-05-12,Incheon United,Pohang Steelers,K League 1,1x2,home,0-1,False,2.7,2.87,-1,-1,
signalodds,2026-05-12,Gangwon FC,Daejeon Citizen,K League 1,1x2,home,2-0,True,2.28,2.25,1.2799999999999998,1.25,
signalodds,2026-05-12,Gwangju FC,FC Seoul,K League 1,1x2,away,0-1,True,1.42,1.43,0.41999999999999993,0.42999999999999994,
signalodds,2026-05-11,Tondela,Moreirense,Primeira Liga,1x2,home,2-0,True,2.04,1.95,1.04,0.95,
signalodds,2026-05-11,Santa Clara,Nacional,Primeira Liga,1x2,home,2-0,True,2.22,2.45,1.2200000000000002,1.4500000000000002,
signalodds,2026-05-11,Benfica U23,Sporting Braga U23,Taça Revelação U23,1x2,home,1-1,False,1.48,,-1,,no_pinnacle_close
signalodds,2026-05-11,Estrela,Famalicão,Primeira Liga,1x2,away,0-0,False,2.04,2.18,-1,-1,
signalodds,2026-05-11,Millwall,Hull City,Championship,1x2,home,0-2,False,1.82,1.72,-1,-1,
signalodds,2026-05-11,Tottenham,Leeds,Premier League,1x2,home,1-1,False,1.88,1.81,-1,-1,
signalodds,2026-05-11,Rayo Vallecano,Girona,La Liga,1x2,home,1-1,False,2.55,2.58,-1,-1,
signalodds,2026-05-11,Napoli,Bologna,Serie A,1x2,home,2-3,False,1.62,1.55,-1,-1,
signalodds,2026-05-11,Huesca,Real Sociedad II,Segunda División,1x2,home,1-2,False,1.92,2.33,-1,-1,
signalodds,2026-05-11,Cracovia Krakow,Radomiak Radom,Ekstraklasa,1x2,home,0-0,False,2.04,1.91,-1,-1,
signalodds,2026-05-11,Sirius,Orgryte IS,Allsvenskan,1x2,home,2-0,True,1.29,1.22,0.29000000000000004,0.21999999999999997,
signalodds,2026-05-11,Randers FC,Odense,Superliga,1x2,home,2-2,False,2.28,2.26,-1,-1,
signalodds,2026-05-11,NEOM,Al Shabab,Pro League,1x2,home,2-1,True,2.3,2.19,1.2999999999999998,1.19,
signalodds,2026-05-11,RB Leipzig (W),Bayer Leverkusen W,Frauen Bundesliga,1x2,away,1-3,True,1.58,1.53,0.5800000000000001,0.53,
signalodds,2026-05-11,Spartak Moscow,Rubin,Premier League,1x2,home,2-1,True,1.6,1.58,0.6000000000000001,0.5800000000000001,
signalodds,2026-05-11,Nizhny Novgorod,CSKA Moscow,Premier League,1x2,away,1-2,True,2.1,2.22,1.1,1.2200000000000002,
signalodds,2026-05-11,Los Angeles FC,Houston Dynamo,Major League Soccer,1x2,home,1-4,False,1.68,1.72,-1,-1,
signalodds,2026-05-11,Velez Sarsfield,Gimnasia L.P.,Liga Profesional Argentina,1x2,home,0-1,False,1.88,2.04,-1,-1,
signalodds,2026-05-10,Vasco DA Gama,Atletico Paranaense,Serie A,1x2,home,1-0,True,1.95,1.85,0.95,0.8500000000000001,
signalodds,2026-05-10,CF Pachuca,Toluca,Liga MX,1x2,away,2-0,False,2.17,2.37,-1,-1,
signalodds,2026-05-10,Minnesota United FC,Austin,Major League Soccer,1x2,home,2-2,False,1.75,1.64,-1,-1,
signalodds,2026-05-10,Gremio,Flamengo,Serie A,1x2,away,0-1,True,2.02,1.96,1.02,0.96,
signalodds,2026-05-10,Novorizontino,Botafogo SP,Serie B,1x2,home,1-0,True,1.83,1.92,0.8300000000000001,0.9199999999999999,
signalodds,2026-05-10,River Plate,San Lorenzo,Liga Profesional Argentina,1x2,home,2-2,False,1.67,1.63,-1,-1,
signalodds,2026-05-10,Mirassol,Chapecoense-sc,Serie A,1x2,home,1-1,False,1.53,1.47,-1,-1,
signalodds,2026-05-10,Corinthians,Sao Paulo,Serie A,1x2,home,3-2,True,2.15,2.04,1.15,1.04,
signalodds,2026-05-10,Avai,Fortaleza EC,Serie B,1x2,home,0-0,False,2.74,2.53,-1,-1,
signalodds,2026-05-10,New York City FC,Columbus Crew,Major League Soccer,1x2,home,3-0,True,2.54,2.53,1.54,1.5299999999999998,
signalodds,2026-05-10,Estudiantes L.P.,Racing Club,Liga Profesional Argentina,1x2,home,0-1,False,2.42,2.41,-1,-1,
signalodds,2026-05-10,Alverca,Estoril,Primeira Liga,1x2,home,1-1,False,2.52,2.56,-1,-1,
signalodds,2026-05-10,Toulouse,Lyon,Ligue 1,1x2,away,2-1,False,1.89,1.78,-1,-1,
signalodds,2026-05-10,Le Havre,Marseille,Ligue 1,1x2,away,0-1,True,2.1,2.04,1.1,1.04,
signalodds,2026-05-10,Barcelona,Real Madrid,La Liga,1x2,home,2-0,True,1.69,1.68,0.69,0.6799999999999999,
signalodds,2026-05-10,Angers,Strasbourg,Ligue 1,1x2,away,1-1,False,2.62,2.64,-1,-1,
signalodds,2026-05-10,Remo,Palmeiras,Serie A,1x2,away,1-1,False,1.86,1.98,-1,-1,
signalodds,2026-05-10,Auxerre,Nice,Ligue 1,1x2,home,2-1,True,2.54,2.44,1.54,1.44,
signalodds,2026-05-10,Metz,Lorient,Ligue 1,1x2,away,0-4,True,2.22,2.26,1.2200000000000002,1.2599999999999998,
signalodds,2026-05-10,Monaco,Lille,Ligue 1,1x2,home,0-1,False,2.53,2.64,-1,-1,
signalodds,2026-05-10,AC Milan,Atalanta,Serie A,1x2,home,2-3,False,2.17,2.29,-1,-1,
signalodds,2026-05-10,Rosario Central,Independiente,Liga Profesional Argentina,1x2,home,3-1,True,2.36,2.27,1.3599999999999999,1.27,
signalodds,2026-05-10,Al-Ittihad FC,Damac,Pro League,1x2,home,2-1,True,1.5,1.57,0.5,0.5700000000000001,
signalodds,2026-05-10,Hoffenheim II,FC Saarbrücken,3. Liga,1x2,away,3-2,False,2.23,2.02,-1,-1,
signalodds,2026-05-10,FSV Mainz 05,Union Berlin,Bundesliga,1x2,home,1-3,False,1.8,1.74,-1,-1,
signalodds,2026-05-10,Genk,KVC Westerlo,Jupiler Pro League,1x2,home,3-0,True,1.7,1.67,0.7,0.6699999999999999,
signalodds,2026-05-10,Chesterfield,Notts County,League Two,1x2,home,0-1,False,2.18,2.35,-1,-1,
signalodds,2026-05-10,AVS,FC Porto,Primeira Liga,1x2,away,3-1,False,1.24,1.31,-1,-1,
signalodds,2026-05-10,Olympiakos Piraeus,PAOK,Super League 1,1x2,home,1-1,False,1.69,1.61,-1,-1,
signalodds,2026-05-10,AEK Athens FC,Panathinaikos,Super League 1,1x2,home,2-1,True,1.52,1.45,0.52,0.44999999999999996,
signalodds,2026-05-10,Oviedo,Getafe,La Liga,1x2,away,0-0,False,2.7,2.91,-1,-1,
signalodds,2026-05-10,Lokomotiv,Baltika,Premier League,1x2,home,1-0,True,2.08,1.96,1.08,0.96,
signalodds,2026-05-10,Parma,AS Roma,Serie A,1x2,away,2-3,True,1.59,1.48,0.5900000000000001,0.48,
signalodds,2026-05-10,Brondby,Aarhus,Superliga,1x2,away,0-2,True,2.33,2.22,1.33,1.2200000000000002,
signalodds,2026-05-10,1. FC Köln,1. FC Heidenheim,Bundesliga,1x2,home,1-3,False,2.04,2.15,-1,-1,
signalodds,2026-05-10,West Ham,Arsenal,Premier League,1x2,away,0-1,True,1.65,1.56,0.6499999999999999,0.56,
signalodds,2026-05-10,Sandefjord,Kristiansund BK,Eliteserien,1x2,home,2-0,True,1.69,1.66,0.69,0.6599999999999999,
signalodds,2026-05-10,KFUM Oslo,Viking,Eliteserien,1x2,away,0-2,True,1.67,1.74,0.6699999999999999,0.74,
signalodds,2026-05-10,Feyenoord,AZ Alkmaar,Eredivisie,1x2,home,1-1,False,1.9,1.99,-1,-1,
signalodds,2026-05-10,NAC Breda,Heerenveen,Eredivisie,1x2,away,2-0,False,2.6,2.52,-1,-1,
signalodds,2026-05-10,Excelsior,FC Volendam,Eredivisie,1x2,home,1-1,False,1.82,1.76,-1,-1,
signalodds,2026-05-10,Twente,Sparta Rotterdam,Eredivisie,1x2,home,4-0,True,1.4,1.36,0.3999999999999999,0.3600000000000001,
signalodds,2026-05-10,GO Ahead Eagles,PSV Eindhoven,Eredivisie,1x2,away,1-4,True,1.66,1.71,0.6599999999999999,0.71,
signalodds,2026-05-10,Fortuna Sittard,PEC Zwolle,Eredivisie,1x2,home,3-2,True,2.18,2.13,1.1800000000000002,1.13,
signalodds,2026-05-10,FC Viktoria Köln,Alemannia Aachen,3. Liga,1x2,away,0-3,True,2.32,2.19,1.3199999999999998,1.19,
signalodds,2026-05-10,BSC Young Boys,FC Basel 1893,Super League,1x2,home,3-0,True,2.04,2.05,1.04,1.0499999999999998,
signalodds,2026-05-10,FC Sion,FC Thun,Super League,1x2,home,2-0,True,1.81,1.72,0.81,0.72,
signalodds,2026-05-10,Volos NFC,Levadiakos,Super League 1,1x2,away,0-3,True,2.63,2.33,1.63,1.33,
signalodds,2026-05-10,Silkeborg,FC Copenhagen,Superliga,1x2,away,0-4,True,1.88,1.76,0.8799999999999999,0.76,
signalodds,2026-05-10,Grimsby,Salford City,League Two,1x2,home,1-2,False,2.2,2.27,-1,-1,
signalodds,2026-05-10,Antwerp,Charleroi,Jupiler Pro League,1x2,home,0-1,False,2.55,2.56,-1,-1,
signalodds,2026-05-10,Hamburger SV,SC Freiburg,Bundesliga,1x2,away,3-2,False,2.58,2.51,-1,-1,
signalodds,2026-05-10,Nottingham Forest,Newcastle,Premier League,1x2,away,1-1,False,2.6,2.32,-1,-1,
signalodds,2026-05-10,Crystal Palace,Everton,Premier League,1x2,away,2-2,False,2.65,2.58,-1,-1,
signalodds,2026-05-10,Burnley,Aston Villa,Premier League,1x2,away,2-2,False,1.67,1.53,-1,-1,
signalodds,2026-05-10,Cremonese,Pisa,Serie A,1x2,home,3-0,True,1.77,1.75,0.77,0.75,
signalodds,2026-05-10,Fiorentina,Genoa,Serie A,1x2,home,0-0,False,2.2,1.94,-1,-1,
signalodds,2026-05-10,Rosenborg,Lillestrom,Eliteserien,1x2,away,2-0,False,2.39,2.64,-1,-1,
signalodds,2026-05-10,FC Nordsjaelland,FC Midtjylland,Superliga,1x2,away,0-0,False,2.25,2.17,-1,-1,
signalodds,2026-05-10,Kalmar FF,Halmstad,Allsvenskan,1x2,home,2-0,True,1.82,1.7,0.8200000000000001,0.7,
signalodds,2026-05-10,Mallorca,Villarreal,La Liga,1x2,home,1-1,False,2.45,2.49,-1,-1,
signalodds,2026-05-10,AIK Stockholm,Djurgardens IF,Allsvenskan,1x2,away,2-4,True,2.85,2.57,1.85,1.5699999999999998,
signalodds,2026-05-10,Lahti,Mariehamn,Veikkausliiga,1x2,home,1-1,False,1.63,1.49,-1,-1,
signalodds,2026-05-10,Vejle,FC Fredericia,Superliga,1x2,away,2-0,False,2.22,2.16,-1,-1,
signalodds,2026-05-10,FC Lugano,FC ST. Gallen,Super League,1x2,home,1-2,False,2.25,2.21,-1,-1,
signalodds,2026-05-10,FC Andorra,Las Palmas,Segunda División,1x2,home,5-1,True,2.63,2.46,1.63,1.46,
signalodds,2026-05-10,Preußen Münster,SV Darmstadt 98,2. Bundesliga,1x2,home,1-1,False,2.38,2.38,-1,-1,
signalodds,2026-05-10,Havelse,FC Schweinfurt 05,3. Liga,1x2,home,3-2,True,2.05,2.09,1.0499999999999998,1.0899999999999999,
signalodds,2026-05-10,Fortuna Dusseldorf,SV Elversberg,2. Bundesliga,1x2,away,3-1,False,2.1,2.12,-1,-1,
signalodds,2026-05-10,Celtic,Rangers,Premiership,1x2,home,3-1,True,2.04,2.0,1.04,1.0,
signalodds,2026-05-10,Piast Gliwice,GKS Katowice,Ekstraklasa,1x2,home,0-0,False,2.2,2.19,-1,-1,
signalodds,2026-05-10,JEF United Chiba,Machida Zelvia,J1 League,1x2,away,0-2,True,1.8,1.88,0.8,0.8799999999999999,
signalodds,2026-05-10,FC Anyang,Jeonbuk Motors,K League 1,1x2,away,1-1,False,2.15,2.12,-1,-1,
signalodds,2026-05-10,Nagoya Grampus,Kyoto Sanga,J1 League,1x2,home,3-0,True,2.3,1.93,1.2999999999999998,0.9299999999999999,
signalodds,2026-05-10,Kashiwa Reysol,Kawasaki Frontale,J1 League,1x2,home,1-0,True,2.02,1.94,1.02,0.94,
signalodds,2026-05-10,FC Tokyo,Tokyo Verdy,J1 League,1x2,home,2-1,True,1.85,1.88,0.8500000000000001,0.8799999999999999,
signalodds,2026-05-10,Gamba Osaka,Sanfrecce Hiroshima,J1 League,1x2,away,0-1,True,2.14,,1.1400000000000001,,no_pinnacle_close
signalodds,2026-05-10,Yokohama F Marinos,Kashima,J1 League,1x2,away,1-1,False,2.05,2.03,-1,-1,
signalodds,2026-05-10,Vissel Kobe,Fagiano Okayama,J1 League,1x2,home,0-3,False,1.67,1.65,-1,-1,
signalodds,2026-05-10,Cruz Azul,Atlas,Liga MX,1x2,home,1-0,True,1.48,1.54,0.48,0.54,
signalodds,2026-05-10,San Jose Earthquakes,Vancouver Whitecaps,Major League Soccer,1x2,away,1-1,False,2.32,2.13,-1,-1,
signalodds,2026-05-10,Portland Timbers,Sporting Kansas City,Major League Soccer,1x2,home,6-0,True,1.57,1.52,0.5700000000000001,0.52,
signalodds,2026-05-10,Seattle Sounders,San Diego,Major League Soccer,1x2,home,1-1,False,1.77,1.58,-1,-1,
signalodds,2026-05-10,Nashville SC,DC United,Major League Soccer,1x2,home,2-2,False,1.7,1.69,-1,-1,
signalodds,2026-05-10,Guadalajara Chivas,Tigres UANL,Liga MX,1x2,home,2-0,True,2.2,2.2,1.2000000000000002,1.2000000000000002,
signalodds,2026-05-10,FC Dallas,Real Salt Lake,Major League Soccer,1x2,home,3-1,True,2.38,2.25,1.38,1.25,
signalodds,2026-05-10,Alverca,Estoril,Primeira Liga,1x2,home,1-1,False,2.4,2.56,-1,-1,
signalodds,2026-05-09,New England Revolution,Philadelphia Union,Major League Soccer,1x2,home,2-1,True,2.76,2.69,1.7599999999999998,1.69,
signalodds,2026-05-09,Charlotte,FC Cincinnati,Major League Soccer,1x2,home,2-2,False,2.2,2.21,-1,-1,
signalodds,2026-05-09,Ponte Preta,Sport Recife,Serie B,1x2,away,1-3,True,2.74,2.73,1.7400000000000002,1.73,
signalodds,2026-05-09,Fluminense,Vitoria,Serie A,1x2,home,2-2,False,1.55,1.45,-1,-1,
signalodds,2026-05-09,CF Montreal,Orlando City SC,Major League Soccer,1x2,home,2-0,True,1.98,2.07,0.98,1.0699999999999998,
signalodds,2026-05-09,Talleres Cordoba,Belgrano Cordoba,Liga Profesional Argentina,1x2,home,0-1,False,2.42,2.58,-1,-1,
signalodds,2026-05-09,Bolton,Bradford,League One,1x2,home,1-0,True,1.87,1.85,0.8700000000000001,0.8500000000000001,
signalodds,2026-05-09,Real Sociedad,Real Betis,La Liga,1x2,home,2-2,False,2.7,2.7,-1,-1,
signalodds,2026-05-09,Coritiba,Internacional,Serie A,1x2,home,2-2,False,2.92,2.83,-1,-1,
signalodds,2026-05-09,Lecce,Juventus,Serie A,1x2,away,0-1,True,1.54,1.43,0.54,0.42999999999999994,
signalodds,2026-05-09,FC Luzern,Servette FC,Super League,1x2,home,3-3,False,2.12,2.22,-1,-1,
signalodds,2026-05-09,Chicago Fire,New York Red Bulls,Major League Soccer,1x2,home,1-3,False,1.59,1.48,-1,-1,
signalodds,2026-05-09,1. FC Nürnberg,FC Schalke 04,2. Bundesliga,1x2,home,3-0,True,2.0,2.57,1.0,1.5699999999999998,
signalodds,2026-05-09,Gornik Zabrze,Zaglebie Lubin,Ekstraklasa,1x2,home,0-2,False,1.71,1.66,-1,-1,
signalodds,2026-05-09,Clermont Foot,Guingamp,Ligue 2,1x2,away,1-0,False,2.2,2.5,-1,-1,
signalodds,2026-05-09,Reims,Pau,Ligue 2,1x2,home,5-3,True,1.4,1.29,0.3999999999999999,0.29000000000000004,
signalodds,2026-05-09,Nancy,Dunkerque,Ligue 2,1x2,away,3-2,False,2.55,2.68,-1,-1,
signalodds,2026-05-09,RED Star FC 93,Montpellier,Ligue 2,1x2,home,1-1,False,1.87,1.81,-1,-1,
signalodds,2026-05-09,Annecy,Rodez,Ligue 2,1x2,home,1-2,False,2.26,2.27,-1,-1,
signalodds,2026-05-09,Galatasaray,Antalyaspor,Süper Lig,1x2,home,4-2,True,1.2,1.12,0.19999999999999996,0.1200000000000001,
signalodds,2026-05-09,Kocaelispor,Fatih Karagümrük,Süper Lig,1x2,home,0-1,False,2.08,2.15,-1,-1,
signalodds,2026-05-09,Alanyaspor,Kayserispor,Süper Lig,1x2,home,3-1,True,2.38,2.68,1.38,1.6800000000000002,
signalodds,2026-05-09,Manchester City,Brentford,Premier League,1x2,home,3-0,True,1.4,1.39,0.3999999999999999,0.3899999999999999,
signalodds,2026-05-09,Atromitos,Panetolikos,Super League 1,1x2,home,1-2,False,2.32,2.33,-1,-1,
signalodds,2026-05-09,Atletico Madrid,Celta Vigo,La Liga,1x2,home,0-1,False,2.23,2.14,-1,-1,
signalodds,2026-05-09,Lazio,Inter,Serie A,1x2,away,0-3,True,1.9,2.01,0.8999999999999999,1.0099999999999998,
signalodds,2026-05-09,Jagiellonia,Pogon Szczecin,Ekstraklasa,1x2,home,3-2,True,1.91,1.77,0.9099999999999999,0.77,
signalodds,2026-05-09,Sandviken,Ljungskile SK,Superettan,1x2,away,1-0,False,2.6,2.43,-1,-1,
signalodds,2026-05-09,Grazer AK,SCR Altach,Bundesliga,1x2,home,2-2,False,2.35,2.36,-1,-1,
signalodds,2026-05-09,Ried,Wolfsberger AC,Bundesliga,1x2,home,0-1,False,2.38,2.0,-1,-1,
signalodds,2026-05-09,GIF Sundsvall,IFK Norrkoping,Superettan,1x2,away,1-3,True,1.9,1.9,0.8999999999999999,0.8999999999999999,
signalodds,2026-05-09,Waldhof Mannheim,SSV Jahn Regensburg,3. Liga,1x2,home,1-0,True,2.4,2.54,1.4,1.54,
signalodds,2026-05-09,Albacete,Cultural Leonesa,Segunda División,1x2,home,2-1,True,2.26,2.33,1.2599999999999998,1.33,
signalodds,2026-05-09,Sevilla,Espanyol,La Liga,1x2,home,2-1,True,2.12,2.09,1.12,1.0899999999999999,
signalodds,2026-05-09,Dundee,Livingston,Premiership,1x2,home,3-0,True,1.83,1.83,0.8300000000000001,0.8300000000000001,
signalodds,2026-05-09,VPS,Gnistan,Veikkausliiga,1x2,home,1-1,False,2.0,1.95,-1,-1,
signalodds,2026-05-09,RAAL La Louvière,Cercle Brugge,Jupiler Pro League,1x2,away,4-1,False,2.23,2.41,-1,-1,
signalodds,2026-05-09,Sunderland,Manchester United,Premier League,1x2,away,0-0,False,1.94,1.99,-1,-1,
signalodds,2026-05-09,St Mirren,Kilmarnock,Premiership,1x2,home,0-3,False,2.06,2.08,-1,-1,
signalodds,2026-05-09,Fulham,Bournemouth,Premier League,1x2,away,0-1,True,2.48,2.57,1.48,1.5699999999999998,
signalodds,2026-05-09,Bayern Munich (W),Eintracht Frankfurt W,Frauen Bundesliga,1x2,home,2-0,True,1.47,1.49,0.47,0.49,
signalodds,2026-05-09,VfB Stuttgart,Bayer Leverkusen,Bundesliga,1x2,home,3-1,True,2.26,2.32,1.2599999999999998,1.3199999999999998,
signalodds,2026-05-09,RB Leipzig,FC St. Pauli,Bundesliga,1x2,home,2-1,True,1.34,1.31,0.3400000000000001,0.31000000000000005,
signalodds,2026-05-09,FC Augsburg,Borussia Monchengladbach,Bundesliga,1x2,home,3-1,True,2.18,2.02,1.1800000000000002,1.02,
signalodds,2026-05-09,Degerfors IF,Mjallby AIF,Allsvenskan,1x2,away,1-4,True,2.14,2.18,1.1400000000000001,1.1800000000000002,
signalodds,2026-05-09,Cagliari,Udinese,Serie A,1x2,home,0-2,False,2.66,2.66,-1,-1,
signalodds,2026-05-09,Panserraikos,Kifisia,Super League 1,1x2,away,1-2,True,2.38,2.54,1.38,1.54,
signalodds,2026-05-09,IFK Goteborg,Hammarby FF,Allsvenskan,1x2,away,0-1,True,1.75,1.66,0.75,0.6599999999999999,
signalodds,2026-05-09,Widzew Łódź,Lechia Gdansk,Ekstraklasa,1x2,home,3-1,True,2.02,2.2,1.02,1.2000000000000002,
signalodds,2026-05-09,AD Ceuta FC,Castellón,Segunda División,1x2,away,1-1,False,1.71,1.6,-1,-1,
signalodds,2026-05-09,Inter Turku,FF Jaro,Veikkausliiga,1x2,home,2-0,True,1.54,1.54,0.54,0.54,
signalodds,2026-05-09,VfL Osnabrück,SSV Ulm 1846,3. Liga,1x2,home,1-1,False,1.53,1.47,-1,-1,
signalodds,2026-05-09,TSV 1860 München,FC Ingolstadt 04,3. Liga,1x2,home,1-2,False,2.3,2.32,-1,-1,
signalodds,2026-05-09,Energie Cottbus,SV Wehen,3. Liga,1x2,home,2-1,True,1.54,1.49,0.54,0.49,
signalodds,2026-05-09,Shanghai Shenhua,Chongqing Tonglianglong,Super League,1x2,home,2-2,False,1.58,1.52,-1,-1,
signalodds,2026-05-09,Middlesbrough,Southampton,Championship,1x2,home,0-0,False,2.38,2.25,-1,-1,
signalodds,2026-05-09,Liverpool,Chelsea,Premier League,1x2,home,1-1,False,1.94,1.97,-1,-1,
signalodds,2026-05-09,Ostersunds FK,Falkenbergs FF,Superettan,1x2,home,2-2,False,2.2,2.09,-1,-1,
signalodds,2026-05-09,Eintracht Braunschweig,Dynamo Dresden,2. Bundesliga,1x2,home,2-1,True,2.67,2.7,1.67,1.7000000000000002,
signalodds,2026-05-09,Oddevold,Landskrona BoIS,Superettan,1x2,home,1-1,False,2.3,2.28,-1,-1,
signalodds,2026-05-09,Vfl Bochum,Hannover 96,2. Bundesliga,1x2,away,1-1,False,2.17,1.95,-1,-1,
signalodds,2026-05-09,Daejeon Citizen,Pohang Steelers,K League 1,1x2,home,0-2,False,2.4,2.15,-1,-1,
signalodds,2026-05-09,Sydney,Newcastle Jets,A-League,1x2,home,1-1,False,2.42,2.4,-1,-1,
signalodds,2026-05-09,Gwangju FC,Gangwon FC,K League 1,1x2,away,0-0,False,1.44,1.43,-1,-1,
signalodds,2026-05-09,Cerezo Osaka,V-varen Nagasaki,J1 League,1x2,home,3-2,True,1.87,1.93,0.8700000000000001,0.9299999999999999,
signalodds,2026-05-09,Auckland,Adelaide United,A-League,1x2,home,1-1,False,2.2,2.2,-1,-1,
signalodds,2026-05-09,Mito Hollyhock,Urawa,J1 League,1x2,away,1-4,True,2.33,2.01,1.33,1.0099999999999998,
signalodds,2026-05-09,Jeju United FC,FC Seoul,K League 1,1x2,away,2-1,False,2.06,2.24,-1,-1,
signalodds,2026-05-08,Levante,Osasuna,La Liga,1x2,home,3-2,True,2.68,2.52,1.6800000000000002,1.52,
signalodds,2026-05-08,Hull City,Millwall,Championship,1x2,away,0-0,False,2.56,2.49,-1,-1,
signalodds,2026-05-08,Torino,Sassuolo,Serie A,1x2,home,2-1,True,2.6,2.78,1.6,1.7799999999999998,
signalodds,2026-05-08,Galway United,Shamrock Rovers,Premier Division,1x2,away,1-3,True,2.0,2.13,1.0,1.13,
signalodds,2026-05-08,Lens,Nantes,Ligue 1,1x2,home,1-0,True,1.48,1.47,0.48,0.47,
signalodds,2026-05-08,Standard Liege,OH Leuven,Jupiler Pro League,1x2,home,2-1,True,2.2,1.94,1.2000000000000002,0.94,
signalodds,2026-05-08,Frosinone,Mantova,Serie B,1x2,home,5-0,True,1.65,1.59,0.6499999999999999,0.5900000000000001,
signalodds,2026-05-08,Venezia,Palermo,Serie B,1x2,home,2-0,True,1.69,1.55,0.69,0.55,
signalodds,2026-05-08,Pescara,Spezia,Serie B,1x2,home,1-1,False,2.2,2.16,-1,-1,
signalodds,2026-05-08,Borussia Dortmund,Eintracht Frankfurt,Bundesliga,1x2,home,3-2,True,1.55,1.73,0.55,0.73,
signalodds,2026-05-08,Avellino,Modena,Serie B,1x2,home,1-0,True,1.8,1.56,0.8,0.56,
signalodds,2026-05-08,Lech Poznan,Arka Gdynia,Ekstraklasa,1x2,home,1-1,False,1.42,1.34,-1,-1,
signalodds,2026-05-08,Catanzaro,Bari,Serie B,1x2,away,2-3,True,2.65,2.58,1.65,1.58,
signalodds,2026-05-08,Monza,Empoli,Serie B,1x2,home,2-2,False,1.73,1.71,-1,-1,
signalodds,2026-05-08,Erzgebirge Aue,MSV Duisburg,3. Liga,1x2,away,0-0,False,1.6,1.62,-1,-1,
signalodds,2026-05-08,KuPS,SJK,Veikkausliiga,1x2,home,0-0,False,1.65,1.65,-1,-1,
signalodds,2026-05-08,IF Elfsborg,IF Brommapojkarna,Allsvenskan,1x2,home,2-0,True,2.18,1.92,1.1800000000000002,0.9199999999999999,
signalodds,2026-05-08,1. FC Kaiserslautern,Arminia Bielefeld,2. Bundesliga,1x2,away,2-0,False,2.3,1.91,-1,-1,
signalodds,2026-05-08,SC Paderborn 07,Karlsruher SC,2. Bundesliga,1x2,home,2-2,False,1.44,1.39,-1,-1,
signalodds,2026-05-08,Raków Częstochowa,Korona Kielce,Ekstraklasa,1x2,home,2-0,True,1.83,1.88,0.8300000000000001,0.8799999999999999,
signalodds,2026-05-08,Turku PS,HJK Helsinki,Veikkausliiga,1x2,away,1-0,False,1.75,1.72,-1,-1,
signalodds,2026-05-08,Junior,Cerro Porteno,CONMEBOL Libertadores,1x2,home,0-1,False,2.08,1.99,-1,-1,
signalodds,2026-05-08,Carabobo FC,River Plate,CONMEBOL Sudamericana,1x2,away,1-2,True,1.97,2.04,0.97,1.04,
signalodds,2026-05-08,Coquimbo Unido,Universitario,CONMEBOL Libertadores,1x2,home,2-1,True,2.2,2.39,1.2000000000000002,1.3900000000000001,
signalodds,2026-05-07,Mirassol,LDU de Quito,CONMEBOL Libertadores,1x2,home,2-0,True,1.6,1.53,0.6000000000000001,0.53,
signalodds,2026-05-07,Boston River,Millonarios,CONMEBOL Sudamericana,1x2,away,2-4,True,1.9,2.01,0.8999999999999999,1.0099999999999998,
signalodds,2026-05-07,O'Higgins,Sao Paulo,CONMEBOL Sudamericana,1x2,away,0-0,False,2.58,2.55,-1,-1,
signalodds,2026-05-07,Aston Villa,Nottingham Forest,UEFA Europa League,1x2,home,4-0,True,1.79,1.74,0.79,0.74,
signalodds,2026-05-07,Crystal Palace,Shakhtar Donetsk,UEFA Europa Conference League,1x2,home,2-1,True,1.65,1.64,0.6499999999999999,0.6399999999999999,
signalodds,2026-05-07,Strasbourg,Rayo Vallecano,UEFA Europa Conference League,1x2,home,0-1,False,2.0,1.98,-1,-1,
signalodds,2026-05-07,SC Freiburg,SC Braga,UEFA Europa League,1x2,home,3-1,True,1.83,1.73,0.8300000000000001,0.73,
signalodds,2026-05-07,Al Shabab,Al-Nassr,Pro League,1x2,away,2-4,True,1.35,1.34,0.3500000000000001,0.3400000000000001,
signalodds,2026-05-07,Deportes Tolima,Club Nacional,CONMEBOL Libertadores,1x2,home,3-0,True,2.15,2.11,1.15,1.1099999999999999,
signalodds,2026-05-07,Alianza Atletico,America de Cali,CONMEBOL Sudamericana,1x2,away,0-2,True,2.35,2.32,1.35,1.3199999999999998,
signalodds,2026-05-07,Botafogo,Racing Club,CONMEBOL Sudamericana,1x2,home,2-1,True,2.32,2.26,1.3199999999999998,1.2599999999999998,
signalodds,2026-05-07,Barracas Central,Olimpia,CONMEBOL Sudamericana,1x2,home,1-2,False,2.82,3.01,-1,-1,
signalodds,2026-05-07,Macará,Tigre,CONMEBOL Sudamericana,1x2,home,2-2,False,2.8,2.58,-1,-1,
signalodds,2026-05-06,Deportivo La Guaira,Bolívar,CONMEBOL Libertadores,1x2,away,1-1,False,2.76,2.47,-1,-1,
signalodds,2026-05-06,Bayern Munich (W),1899 Hoffenheim W,Frauen Bundesliga,1x2,home,1-1,False,1.23,1.21,-1,-1,
signalodds,2026-05-06,Wuhan Three Towns,Qingdao Jonoon,Super League,1x2,home,1-3,False,2.16,2.41,-1,-1,
signalodds,2026-05-06,Kashiwa Reysol,Urawa,J1 League,1x2,home,0-1,False,2.2,2.26,-1,-1,
signalodds,2026-05-06,Kawasaki Frontale,Tokyo Verdy,J1 League,1x2,home,1-0,True,2.1,2.22,1.1,1.2200000000000002,
signalodds,2026-05-06,Kashima,Mito Hollyhock,J1 League,1x2,home,3-0,True,1.67,1.67,0.6699999999999999,0.6699999999999999,
signalodds,2026-05-06,Machida Zelvia,Yokohama F Marinos,J1 League,1x2,home,2-0,True,1.8,1.77,0.8,0.77,
signalodds,2026-05-06,FC Tokyo,JEF United Chiba,J1 League,1x2,home,0-3,False,1.49,1.46,-1,-1,
signalodds,2026-05-06,Sanfrecce Hiroshima,Vissel Kobe,J1 League,1x2,home,1-1,False,2.1,2.3,-1,-1,
signalodds,2026-05-06,Nagoya Grampus,Gamba Osaka,J1 League,1x2,home,2-1,True,2.45,2.25,1.4500000000000002,1.25,
signalodds,2026-05-06,Avispa Fukuoka,Kyoto Sanga,J1 League,1x2,away,1-1,False,2.43,2.32,-1,-1,
signalodds,2026-05-06,V-varen Nagasaki,Fagiano Okayama,J1 League,1x2,home,2-1,True,2.62,3.0,1.62,2.0,
signalodds,2026-05-06,Deportivo Recoleta,Santos,CONMEBOL Sudamericana,1x2,away,1-1,False,1.55,1.48,-1,-1,
signalodds,2026-05-06,Always Ready,Lanus,CONMEBOL Libertadores,1x2,home,4-0,True,1.81,1.77,0.81,0.77,
signalodds,2026-05-06,Barcelona SC,Boca Juniors,CONMEBOL Libertadores,1x2,away,1-0,False,2.15,1.86,-1,-1,
signalodds,2026-05-06,UCV,Independiente del Valle,CONMEBOL Libertadores,1x2,away,2-0,False,1.85,1.64,-1,-1,
signalodds,2026-05-05,Independiente Petrolero,Caracas FC,CONMEBOL Sudamericana,1x2,home,2-3,False,2.43,2.17,-1,-1,
signalodds,2026-05-05,Arsenal,Atletico Madrid,UEFA Champions League,1x2,home,1-0,True,1.65,1.61,0.6499999999999999,0.6100000000000001,
signalodds,2026-05-05,Falkenbergs FF,IFK Norrkoping,Superettan,1x2,away,1-0,False,2.66,2.36,-1,-1,
signalodds,2026-05-05,Gnistan,Inter Turku,Veikkausliiga,1x2,away,2-0,False,1.75,1.74,-1,-1,
signalodds,2026-05-05,Shandong Luneng,Shanghai Shenhua,Super League,1x2,away,4-1,False,2.4,2.43,-1,-1,
signalodds,2026-05-05,FC Seoul,FC Anyang,K League 1,1x2,home,0-0,False,1.78,1.71,-1,-1,
signalodds,2026-05-05,Gangwon FC,Pohang Steelers,K League 1,1x2,home,1-1,False,2.17,1.93,-1,-1,
signalodds,2026-05-05,Gimcheon Sangmu FC,Ulsan Hyundai FC,K League 1,1x2,away,1-2,True,2.72,2.25,1.7200000000000002,1.25,
signalodds,2026-05-05,Daejeon Citizen,Incheon United,K League 1,1x2,home,0-0,False,2.24,2.0,-1,-1,
signalodds,2026-05-05,Jeonbuk Motors,Gwangju FC,K League 1,1x2,home,4-0,True,1.38,1.29,0.3799999999999999,0.29000000000000004,
signalodds,2026-05-04,Velez Sarsfield,Newells Old Boys,Liga Profesional Argentina,1x2,home,1-1,False,1.68,1.88,-1,-1,
signalodds,2026-05-04,Vila Nova,Athletic Club,Serie B,1x2,home,1-1,False,1.84,1.94,-1,-1,
signalodds,2026-05-04,Sevilla,Real Sociedad,La Liga,1x2,home,1-0,True,2.54,2.47,1.54,1.4700000000000002,
signalodds,2026-05-04,Everton,Manchester City,Premier League,1x2,away,3-3,False,1.51,1.48,-1,-1,
signalodds,2026-05-04,AS Roma,Fiorentina,Serie A,1x2,home,4-0,True,1.64,1.55,0.6399999999999999,0.55,
signalodds,2026-05-04,Al-Ittihad FC,Al Kholood,Pro League,1x2,home,0-0,False,1.52,1.51,-1,-1,
signalodds,2026-05-04,Landskrona BoIS,Osters IF,Superettan,1x2,home,2-2,False,2.75,2.19,-1,-1,
signalodds,2026-05-04,Halmstad,IF Brommapojkarna,Allsvenskan,1x2,away,1-3,True,2.64,2.44,1.6400000000000001,1.44,
signalodds,2026-05-04,Djurgardens IF,IFK Goteborg,Allsvenskan,1x2,home,6-0,True,1.76,1.65,0.76,0.6499999999999999,
signalodds,2026-05-04,Bodo/Glimt,Molde,Eliteserien,1x2,home,0-1,False,1.37,1.36,-1,-1,
signalodds,2026-05-04,Radomiak Radom,Lechia Gdansk,Ekstraklasa,1x2,home,3-1,True,2.33,2.3,1.33,1.2999999999999998,
signalodds,2026-05-04,Cremonese,Lazio,Serie A,1x2,away,1-2,True,2.65,2.42,1.65,1.42,
signalodds,2026-05-04,Al-Fayha,Al Riyadh,Pro League,1x2,home,4-2,True,2.37,2.56,1.37,1.56,
signalodds,2026-05-04,HJK Helsinki,Lahti,Veikkausliiga,1x2,home,1-0,True,1.48,1.55,0.48,0.55,
signalodds,2026-05-04,Bohemians,Shelbourne,Premier Division,1x2,home,2-2,False,2.1,2.18,-1,-1,
signalodds,2026-05-04,Shamrock Rovers,Drogheda United,Premier Division,1x2,home,4-1,True,1.54,1.54,0.54,0.54,
signalodds,2026-05-04,Derry City,Galway United,Premier Division,1x2,home,1-1,False,1.85,1.88,-1,-1,
signalodds,2026-05-04,Waterford,Dundalk,Premier Division,1x2,away,3-3,False,1.66,1.78,-1,-1,
signalodds,2026-05-04,Chelsea,Nottingham Forest,Premier League,1x2,home,1-3,False,1.71,1.72,-1,-1,
signalodds,2026-05-04,Toluca,CF Pachuca,Liga MX,1x2,home,0-1,False,1.89,1.82,-1,-1,
