match_date,requested_date,market,home_team,away_team,match_name,league_short,pick,settled,correct,score_home,score_away,odds_home,odds_draw,odds_away,odds_over,odds_under,pick_odds
2026-05-25,2026-05-25,1x2,San Martín Tucumán,CA Atlanta,San Martín Tucumán vs CA Atlanta,Ar2,X,True,False,0,1,1.91,2.9,5.0,,,2.9
2026-05-25,2026-05-25,1x2,Universidad Católica,Colo Colo,Universidad Católica vs Colo Colo,Cl1,2,True,True,1,2,2.4,3.25,2.9,,,2.9
2026-05-25,2026-05-25,1x2,Avai FC,Goiás,Avai FC vs Goiás,Br2,1,True,False,0,2,2.25,3.1,3.4,,,2.25
2026-05-25,2026-05-25,1x2,Volta Redonda,Ypiranga RS,Volta Redonda vs Ypiranga RS,Br3,1,True,True,2,1,1.85,3.1,3.8,,,1.85
2026-05-25,2026-05-25,1x2,Montego Bay Utd,Mount Pleasant,Montego Bay Utd vs Mount Pleasant,Jm,2,True,True,2,3,2.55,3.0,2.55,,,2.55
2026-05-25,2026-05-25,1x2,Estrella,River Plate,Estrella vs River Plate,Aw1,1,True,False,1,5,,,,,,
2026-05-25,2026-05-25,1x2,Paradise,Brittons Hill,Paradise vs Brittons Hill,Bb1,2,True,True,0,1,1.5,4.2,4.75,,,4.75
2026-05-25,2026-05-25,1x2,Cibao FC,Salcedo,Cibao FC vs Salcedo,Do1,1,True,True,2,1,1.66,3.4,4.5,,,1.66
2026-05-25,2026-05-25,1x2,Louisville City 2,Toledo Villa,Louisville City 2 vs Toledo Villa,Us4,X,True,False,6,0,,,,,,
2026-05-25,2026-05-25,1x2,Staten Island Athletic,FC Motown II,Staten Island Athletic vs FC Motown II,Us4,2,True,True,1,3,11.0,7.0,1.16,,,1.16
2026-05-25,2026-05-25,1x2,Paraguari,Benjamín Aceval,Paraguari vs Benjamín Aceval,Py2,2,True,True,1,2,2.4,3.0,2.8,,,2.8
2026-05-25,2026-05-25,1x2,Inter Miami CF,Philadelphia Union,Inter Miami CF vs Philadelphia Union,Us1,1,True,True,6,4,1.36,5.5,7.5,,,1.36
2026-05-25,2026-05-25,1x2,CD Motagua,CD Marathón,CD Motagua vs CD Marathón,Hn1,1,True,False,0,0,1.85,3.3,3.6,,,1.85
2026-05-25,2026-05-25,1x2,SV Robinhood,SV Broki,SV Robinhood vs SV Broki,Sr1,1,True,False,2,2,,,,,,
2026-05-25,2026-05-25,1x2,Spokane Velocity,Sarasota Paradise,Spokane Velocity vs Sarasota Paradise,Us4,1,True,True,1,0,1.53,3.7,5.0,,,1.53
2026-05-25,2026-05-25,1x2,Tobacco Road,North Carolina II,Tobacco Road vs North Carolina II,Us4,2,True,True,2,4,2.87,3.8,2.0,,,2.0
2026-05-25,2026-05-25,1x2,Louisiana Krewe,Jackson Boom,Louisiana Krewe vs Jackson Boom,Us4,1,True,True,1,0,,,,,,
2026-05-25,2026-05-25,1x2,Delfin SC,Barcelona SC,Delfin SC vs Barcelona SC,Ec1,2,True,True,1,2,3.4,3.0,2.2,,,2.2
2026-05-25,2026-05-25,1x2,Vasco da Gama,RB Bragantino,Vasco da Gama vs RB Bragantino,Br1,1,True,False,0,3,2.05,3.4,3.7,,,2.05
2026-05-25,2026-05-25,1x2,Operário PR,Criciúma,Operário PR vs Criciúma,Br2,X,True,True,1,1,2.25,2.9,3.7,,,2.9
2026-05-25,2026-05-25,1x2,San Luis Quillota,CD Magallanes,San Luis Quillota vs CD Magallanes,Cl2,1,True,True,2,1,1.91,3.4,3.3,,,1.91
2026-05-25,2026-05-25,1x2,Caiquetio,Brazil Juniors,Caiquetio vs Brazil Juniors,Aw1,X,True,False,1,0,,,,,,
2026-05-25,2026-05-25,1x2,Kick Start,Weymouth Wales,Kick Start vs Weymouth Wales,Bb1,2,True,True,0,1,6.25,3.7,1.45,,,1.45
2026-05-25,2026-05-25,1x2,UNAM Pumas,Cruz Azul,UNAM Pumas vs Cruz Azul,Mx1,X,True,False,1,2,2.05,3.3,3.1,,,3.3
2026-05-25,2026-05-25,over_under_25,San Martín Tucumán,CA Atlanta,San Martín Tucumán vs CA Atlanta,Ar2,Under,True,True,0,1,,,,1.35,3.0,3.0
2026-05-25,2026-05-25,over_under_25,Universidad Católica,Colo Colo,Universidad Católica vs Colo Colo,Cl1,Over,True,True,1,2,,,,1.77,2.0,1.77
2026-05-25,2026-05-25,over_under_25,Avai FC,Goiás,Avai FC vs Goiás,Br2,Over,True,False,0,2,,,,1.65,2.2,1.65
2026-05-25,2026-05-25,over_under_25,Volta Redonda,Ypiranga RS,Volta Redonda vs Ypiranga RS,Br3,Over,True,True,2,1,,,,1.6,2.25,1.6
2026-05-25,2026-05-25,over_under_25,Montego Bay Utd,Mount Pleasant,Montego Bay Utd vs Mount Pleasant,Jm,Under,True,False,2,3,,,,1.57,2.17,2.17
2026-05-25,2026-05-25,over_under_25,Estrella,River Plate,Estrella vs River Plate,Aw1,Over,True,True,1,5,,,,,,
2026-05-25,2026-05-25,over_under_25,Paradise,Brittons Hill,Paradise vs Brittons Hill,Bb1,Over,True,False,0,1,,,,,,
2026-05-25,2026-05-25,over_under_25,Cibao FC,Salcedo,Cibao FC vs Salcedo,Do1,Under,True,False,2,1,,,,1.71,2.02,2.02
2026-05-25,2026-05-25,over_under_25,Louisville City 2,Toledo Villa,Louisville City 2 vs Toledo Villa,Us4,Under,True,False,6,0,,,,,,
2026-05-25,2026-05-25,over_under_25,Staten Island Athletic,FC Motown II,Staten Island Athletic vs FC Motown II,Us4,Over,True,True,1,3,,,,,,
2026-05-25,2026-05-25,over_under_25,Paraguari,Benjamín Aceval,Paraguari vs Benjamín Aceval,Py2,Under,True,False,1,2,,,,1.7,2.1,2.1
2026-05-25,2026-05-25,over_under_25,Inter Miami CF,Philadelphia Union,Inter Miami CF vs Philadelphia Union,Us1,Over,True,True,6,4,,,,3.35,1.3,3.35
2026-05-25,2026-05-25,over_under_25,CD Motagua,CD Marathón,CD Motagua vs CD Marathón,Hn1,Over,True,False,0,0,,,,1.85,1.85,1.85
2026-05-25,2026-05-25,over_under_25,SV Robinhood,SV Broki,SV Robinhood vs SV Broki,Sr1,Over,True,True,2,2,,,,,,
2026-05-25,2026-05-25,over_under_25,Spokane Velocity,Sarasota Paradise,Spokane Velocity vs Sarasota Paradise,Us4,Under,True,True,1,0,,,,1.95,1.85,1.85
2026-05-25,2026-05-25,over_under_25,Tobacco Road,North Carolina II,Tobacco Road vs North Carolina II,Us4,Over,True,True,2,4,,,,,,
2026-05-25,2026-05-25,over_under_25,Louisiana Krewe,Jackson Boom,Louisiana Krewe vs Jackson Boom,Us4,Under,True,True,1,0,,,,,,
2026-05-25,2026-05-25,over_under_25,Delfin SC,Barcelona SC,Delfin SC vs Barcelona SC,Ec1,Under,True,False,1,2,,,,,,
2026-05-25,2026-05-25,over_under_25,Vasco da Gama,RB Bragantino,Vasco da Gama vs RB Bragantino,Br1,Under,True,False,0,3,,,,1.77,2.0,2.0
2026-05-25,2026-05-25,over_under_25,Operário PR,Criciúma,Operário PR vs Criciúma,Br2,Under,True,True,1,1,,,,1.45,2.7,2.7
2026-05-25,2026-05-25,over_under_25,San Luis Quillota,CD Magallanes,San Luis Quillota vs CD Magallanes,Cl2,Under,True,False,2,1,,,,1.95,1.77,1.77
2026-05-25,2026-05-25,over_under_25,Caiquetio,Brazil Juniors,Caiquetio vs Brazil Juniors,Aw1,Under,True,True,1,0,,,,,,
2026-05-25,2026-05-25,over_under_25,Kick Start,Weymouth Wales,Kick Start vs Weymouth Wales,Bb1,Over,True,False,0,1,,,,2.02,1.69,2.02
2026-05-25,2026-05-25,over_under_25,UNAM Pumas,Cruz Azul,UNAM Pumas vs Cruz Azul,Mx1,Over,True,True,1,2,,,,1.77,1.95,1.77
2026-05-26,2026-05-26,1x2,Botafogo SP,Athletic Club MG,Botafogo SP vs Athletic Club MG,Br2,X,True,False,1,2,1.9,3.1,4.5,,,3.1
2026-05-26,2026-05-26,1x2,General Caballero JLM,Guaireña FC,General Caballero JLM vs Guaireña FC,Py2,1,True,False,0,0,1.85,3.5,4.2,,,1.85
2026-05-26,2026-05-26,1x2,Coritiba,Bahia,Coritiba vs Bahia,Br1,X,True,False,3,2,2.55,3.2,2.75,,,3.2
2026-05-26,2026-05-26,1x2,Ituano SP,Botafogo PB,Ituano SP vs Botafogo PB,Br3,1,True,True,1,0,2.0,3.1,3.7,,,2.0
2026-05-26,2026-05-26,1x2,Paysandu,Floresta CE,Paysandu vs Floresta CE,Br3,X,True,False,2,1,2.0,2.9,3.6,,,2.9
2026-05-26,2026-05-26,1x2,Democrata GV,Porto BA,Democrata GV vs Porto BA,Br4,1,True,True,3,1,1.83,3.25,3.8,,,1.83
2026-05-26,2026-05-26,1x2,SD Aucas,Manta FC,SD Aucas vs Manta FC,Ec1,1,True,True,3,1,1.42,4.2,7.5,,,1.42
2026-05-26,2026-05-26,1x2,Deportes Copiapó,Unión Española,Deportes Copiapó vs Unión Española,Cl2,2,True,False,3,1,2.3,3.4,2.6,,,2.6
2026-05-26,2026-05-26,1x2,Corinthians W,Mixto W,Corinthians W vs Mixto W,BrW,1,True,True,4,1,1.05,15.0,34.0,,,1.05
2026-05-26,2026-05-26,1x2,Scherpenheuvel,Inter Willemstad,Scherpenheuvel vs Inter Willemstad,Cw1,X,True,False,2,1,1.75,3.75,3.8,,,3.75
2026-05-26,2026-05-26,1x2,Jong Holland,Centro Dominguito,Jong Holland vs Centro Dominguito,Cw1,1,True,True,3,1,1.5,4.1,5.0,,,1.5
2026-05-26,2026-05-26,1x2,Estudiantes Solito,Real Koyari,Estudiantes Solito vs Real Koyari,Aw1,2,True,False,10,0,,,,,,
2026-05-26,2026-05-26,1x2,Real Cartagena,Envigado FC,Real Cartagena vs Envigado FC,Co2,2,True,True,2,3,,,,,,
2026-05-26,2026-05-26,1x2,Chernihiv,Metalist Kharkov,Chernihiv vs Metalist Kharkov,Ua2,X,True,False,1,2,2.17,2.88,3.0,,,2.88
2026-05-26,2026-05-26,1x2,FC Shakhter,Yelimay II,FC Shakhter vs Yelimay II,Kz2,1,True,True,1,0,2.3,3.4,2.6,,,2.3
2026-05-26,2026-05-26,1x2,Pamba Jiji,Tanzania Prisons,Pamba Jiji vs Tanzania Prisons,Tz1,1,True,False,2,3,1.5,3.5,6.5,,,1.5
2026-05-26,2026-05-26,1x2,Akademiya Ontustik,Kaspiy II,Akademiya Ontustik vs Kaspiy II,Kz2,1,True,True,1,0,2.3,3.4,2.6,,,2.3
2026-05-26,2026-05-26,1x2,Langfang Glory City,Hubei Chufeng Heli,Langfang Glory City vs Hubei Chufeng Heli,Cn3,2,True,False,1,0,,,,,,
2026-05-26,2026-05-26,1x2,Italy U17,France U17,Italy U17 vs France U17,E17,2,True,False,1,0,2.85,3.65,2.21,,,2.21
2026-05-26,2026-05-26,1x2,Chengdu Rongcheng B,Guizhou Zhicheng,Chengdu Rongcheng B vs Guizhou Zhicheng,Cn3,2,True,True,1,2,,,,,,
2026-05-26,2026-05-26,1x2,Andranik,Araks Ararat,Andranik vs Araks Ararat,Am2,1,True,True,7,1,,,,,,
2026-05-26,2026-05-26,1x2,Van 2,Pyunik-2,Van 2 vs Pyunik-2,Am2,2,True,True,0,1,,,,,,
2026-05-26,2026-05-26,1x2,Urartu-2,Lernayin Artsakh,Urartu-2 vs Lernayin Artsakh,Am2,1,True,True,3,2,,,,,,
2026-05-26,2026-05-26,1x2,Arys,Kairat Almaty Akademiya,Arys vs Kairat Almaty Akademiya,Kz2,2,True,True,0,3,,,,,,
2026-05-26,2026-05-26,1x2,FK Guliston,Buxoro FK,FK Guliston vs Buxoro FK,UzC,2,True,False,4,1,,,,,,
2026-05-26,2026-05-26,1x2,Neftchi Fergana,Buxoro University,Neftchi Fergana vs Buxoro University,UzC,1,True,True,6,2,,,,,,
2026-05-26,2026-05-26,1x2,Cape Town City,Milford FC,Cape Town City vs Milford FC,Za1,2,True,True,0,1,,,,,,
2026-05-26,2026-05-26,1x2,Gorilla,Etincelles FC,Gorilla vs Etincelles FC,Rw1,X,True,False,0,4,,,,,,
2026-05-26,2026-05-26,1x2,Havoqand,FK Andijan,Havoqand vs FK Andijan,UzC,2,True,True,1,8,,,,,,
2026-05-26,2026-05-26,1x2,Nasaf Qarshi,Shurtan Guzar,Nasaf Qarshi vs Shurtan Guzar,UzC,1,True,True,4,0,1.25,5.25,8.5,,,1.25
2026-05-26,2026-05-26,1x2,Singida Black Stars,Mbeya City,Singida Black Stars vs Mbeya City,Tz1,1,True,True,4,1,1.25,5.0,9.5,,,1.25
2026-05-26,2026-05-26,1x2,Tai'an Tiankuang,Dalian Kewei,Tai'an Tiankuang vs Dalian Kewei,Cn3,1,True,True,2,1,,,,,,
2026-05-26,2026-05-26,1x2,Shanghai Port II,Rizhao Yuqi,Shanghai Port II vs Rizhao Yuqi,Cn3,X,True,False,1,0,,,,,,
2026-05-26,2026-05-26,1x2,Shenzhen 2028,Yichun Grand Tiger,Shenzhen 2028 vs Yichun Grand Tiger,Cn3,1,True,True,4,0,,,,,,
2026-05-26,2026-05-26,1x2,FC Astana Youth,Khan Tengri,FC Astana Youth vs Khan Tengri,Kz2,2,True,False,2,1,2.6,3.5,2.25,,,2.25
2026-05-26,2026-05-26,1x2,US Oyem,Bouenguidi Sports,US Oyem vs Bouenguidi Sports,Ga1,X,True,False,2,1,,,,,,
2026-05-26,2026-05-26,1x2,AS Mangasport,Oyem AC,AS Mangasport vs Oyem AC,Ga1,2,True,False,4,3,,,,,,
2026-05-26,2026-05-26,1x2,Stade Migovéen,Cercle Mbéri Sportif,Stade Migovéen vs Cercle Mbéri Sportif,Ga1,X,True,True,0,0,,,,,,
2026-05-26,2026-05-26,1x2,OshMU-Aldier,Toktogul,OshMU-Aldier vs Toktogul,Kg1,1,True,False,1,2,,,,,,
2026-05-26,2026-05-26,1x2,Ararat Yerevan,BKMA Yerevan,Ararat Yerevan vs BKMA Yerevan,Am1,1,True,True,1,1,2.0,3.3,3.2,,,2.0
2026-05-26,2026-05-26,1x2,Alashkert,Shirak FC,Alashkert vs Shirak FC,Am1,1,True,True,2,0,1.33,4.5,8.0,,,1.33
2026-05-26,2026-05-26,over_under_25,Botafogo SP,Athletic Club MG,Botafogo SP vs Athletic Club MG,Br2,Under,True,False,1,2,,,,1.53,2.45,2.45
2026-05-26,2026-05-26,over_under_25,General Caballero JLM,Guaireña FC,General Caballero JLM vs Guaireña FC,Py2,Over,True,False,0,0,,,,1.75,2.05,1.75
2026-05-26,2026-05-26,over_under_25,Coritiba,Bahia,Coritiba vs Bahia,Br1,Over,True,True,3,2,,,,1.8,2.0,1.8
2026-05-26,2026-05-26,over_under_25,Ituano SP,Botafogo PB,Ituano SP vs Botafogo PB,Br3,Over,True,False,1,0,,,,1.57,2.3,1.57
2026-05-26,2026-05-26,over_under_25,Paysandu,Floresta CE,Paysandu vs Floresta CE,Br3,Over,True,True,2,1,,,,1.48,2.5,1.48
2026-05-26,2026-05-26,over_under_25,Democrata GV,Porto BA,Democrata GV vs Porto BA,Br4,Under,True,False,3,1,,,,1.6,2.05,2.05
2026-05-26,2026-05-26,over_under_25,SD Aucas,Manta FC,SD Aucas vs Manta FC,Ec1,Under,True,False,3,1,,,,1.77,2.02,2.02
2026-05-26,2026-05-26,over_under_25,Deportes Copiapó,Unión Española,Deportes Copiapó vs Unión Española,Cl2,Over,True,True,3,1,,,,1.8,1.93,1.8
2026-05-26,2026-05-26,over_under_25,Corinthians W,Mixto W,Corinthians W vs Mixto W,BrW,Under,True,False,4,1,,,,,,
2026-05-26,2026-05-26,over_under_25,Scherpenheuvel,Inter Willemstad,Scherpenheuvel vs Inter Willemstad,Cw1,Over,True,True,2,1,,,,2.12,1.63,2.12
2026-05-26,2026-05-26,over_under_25,Jong Holland,Centro Dominguito,Jong Holland vs Centro Dominguito,Cw1,Over,True,True,3,1,,,,,,
2026-05-26,2026-05-26,over_under_25,Estudiantes Solito,Real Koyari,Estudiantes Solito vs Real Koyari,Aw1,Over,True,True,10,0,,,,,,
2026-05-26,2026-05-26,over_under_25,Real Cartagena,Envigado FC,Real Cartagena vs Envigado FC,Co2,Under,True,False,2,3,,,,,,
2026-05-26,2026-05-26,over_under_25,Chernihiv,Metalist Kharkov,Chernihiv vs Metalist Kharkov,Ua2,Under,True,False,1,2,,,,1.55,2.2,2.2
2026-05-26,2026-05-26,over_under_25,FC Shakhter,Yelimay II,FC Shakhter vs Yelimay II,Kz2,Under,True,True,1,0,,,,1.8,1.93,1.93
2026-05-26,2026-05-26,over_under_25,Pamba Jiji,Tanzania Prisons,Pamba Jiji vs Tanzania Prisons,Tz1,Under,True,False,2,3,,,,1.55,2.27,2.27
2026-05-26,2026-05-26,over_under_25,Akademiya Ontustik,Kaspiy II,Akademiya Ontustik vs Kaspiy II,Kz2,Under,True,True,1,0,,,,1.8,1.93,1.93
2026-05-26,2026-05-26,over_under_25,Langfang Glory City,Hubei Chufeng Heli,Langfang Glory City vs Hubei Chufeng Heli,Cn3,Over,True,False,1,0,,,,,,
2026-05-26,2026-05-26,over_under_25,Italy U17,France U17,Italy U17 vs France U17,E17,Over,True,False,1,0,,,,,,
2026-05-26,2026-05-26,over_under_25,Chengdu Rongcheng B,Guizhou Zhicheng,Chengdu Rongcheng B vs Guizhou Zhicheng,Cn3,Over,True,True,1,2,,,,,,
2026-05-26,2026-05-26,over_under_25,Andranik,Araks Ararat,Andranik vs Araks Ararat,Am2,Under,True,False,7,1,,,,,,
2026-05-26,2026-05-26,over_under_25,Van 2,Pyunik-2,Van 2 vs Pyunik-2,Am2,Over,True,False,0,1,,,,,,
2026-05-26,2026-05-26,over_under_25,Urartu-2,Lernayin Artsakh,Urartu-2 vs Lernayin Artsakh,Am2,Over,True,True,3,2,,,,,,
2026-05-26,2026-05-26,over_under_25,Arys,Kairat Almaty Akademiya,Arys vs Kairat Almaty Akademiya,Kz2,Over,True,True,0,3,,,,,,
2026-05-26,2026-05-26,over_under_25,FK Guliston,Buxoro FK,FK Guliston vs Buxoro FK,UzC,Under,True,False,4,1,,,,,,
2026-05-26,2026-05-26,over_under_25,Neftchi Fergana,Buxoro University,Neftchi Fergana vs Buxoro University,UzC,Under,True,False,6,2,,,,,,
2026-05-26,2026-05-26,over_under_25,Cape Town City,Milford FC,Cape Town City vs Milford FC,Za1,Under,True,True,0,1,,,,,,
2026-05-26,2026-05-26,over_under_25,Gorilla,Etincelles FC,Gorilla vs Etincelles FC,Rw1,Over,True,True,0,4,,,,,,
2026-05-26,2026-05-26,over_under_25,Havoqand,FK Andijan,Havoqand vs FK Andijan,UzC,Over,True,True,1,8,,,,,,
2026-05-26,2026-05-26,over_under_25,Nasaf Qarshi,Shurtan Guzar,Nasaf Qarshi vs Shurtan Guzar,UzC,Over,True,True,4,0,,,,2.2,1.55,2.2
2026-05-26,2026-05-26,over_under_25,Singida Black Stars,Mbeya City,Singida Black Stars vs Mbeya City,Tz1,Over,True,True,4,1,,,,1.93,1.72,1.93
2026-05-26,2026-05-26,over_under_25,Tai'an Tiankuang,Dalian Kewei,Tai'an Tiankuang vs Dalian Kewei,Cn3,Under,True,False,2,1,,,,,,
2026-05-26,2026-05-26,over_under_25,Shanghai Port II,Rizhao Yuqi,Shanghai Port II vs Rizhao Yuqi,Cn3,Under,True,True,1,0,,,,,,
2026-05-26,2026-05-26,over_under_25,Shenzhen 2028,Yichun Grand Tiger,Shenzhen 2028 vs Yichun Grand Tiger,Cn3,Under,True,False,4,0,,,,,,
2026-05-26,2026-05-26,over_under_25,FC Astana Youth,Khan Tengri,FC Astana Youth vs Khan Tengri,Kz2,Over,True,True,2,1,,,,,,
2026-05-26,2026-05-26,over_under_25,US Oyem,Bouenguidi Sports,US Oyem vs Bouenguidi Sports,Ga1,Under,True,False,2,1,,,,,,
2026-05-26,2026-05-26,over_under_25,AS Mangasport,Oyem AC,AS Mangasport vs Oyem AC,Ga1,Over,True,True,4,3,,,,,,
2026-05-26,2026-05-26,over_under_25,Stade Migovéen,Cercle Mbéri Sportif,Stade Migovéen vs Cercle Mbéri Sportif,Ga1,Under,True,True,0,0,,,,,,
2026-05-26,2026-05-26,over_under_25,OshMU-Aldier,Toktogul,OshMU-Aldier vs Toktogul,Kg1,Under,True,False,1,2,,,,,,
2026-05-26,2026-05-26,over_under_25,Ararat Yerevan,BKMA Yerevan,Ararat Yerevan vs BKMA Yerevan,Am1,Under,True,True,1,1,,,,2.0,1.8,1.8
2026-05-26,2026-05-26,over_under_25,Alashkert,Shirak FC,Alashkert vs Shirak FC,Am1,Under,True,True,2,0,,,,2.0,1.8,1.8
2026-05-27,2026-05-27,1x2,Deportivo Merlo,Liniers,Deportivo Merlo vs Liniers,Ar3,1,True,False,0,0,2.6,2.88,2.88,,,2.6
2026-05-27,2026-05-27,1x2,Comunicaciones BA,UAI Urquiza,Comunicaciones BA vs UAI Urquiza,Ar3,X,True,False,3,0,2.6,2.88,2.88,,,2.88
2026-05-27,2026-05-27,1x2,Brown de Adrogué,Talleres (RdE),Brown de Adrogué vs Talleres (RdE),Ar3,2,True,True,1,2,2.6,2.88,2.88,,,2.88
2026-05-27,2026-05-27,1x2,LDU,Always Ready,LDU vs Always Ready,CLA,1,True,True,3,2,1.36,5.75,6.5,,,1.36
2026-05-27,2026-05-27,1x2,Lanús,Mirassol SP,Lanús vs Mirassol SP,CLA,2,True,False,1,0,1.85,3.2,4.75,,,4.75
2026-05-27,2026-05-27,1x2,São Paulo,Boston River,São Paulo vs Boston River,CS,1,True,True,2,0,1.27,6.0,9.5,,,1.27
2026-05-27,2026-05-27,1x2,Grêmio,CA Torque,Grêmio vs CA Torque,CS,2,True,False,2,2,1.57,3.75,6.5,,,6.5
2026-05-27,2026-05-27,1x2,Millonarios,O Higgins,Millonarios vs O Higgins,CS,1,True,False,1,2,1.7,3.6,5.0,,,1.7
2026-05-27,2026-05-27,1x2,Palestino,Deportivo Riestra,Palestino vs Deportivo Riestra,CS,X,True,True,1,1,2.4,3.1,3.2,,,3.1
2026-05-27,2026-05-27,1x2,Colorado ISA,Real Colorado,Colorado ISA vs Real Colorado,Us4,2,True,True,0,3,,,,,,
2026-05-27,2026-05-27,1x2,Ituzaingó,Deportivo Laferrere,Ituzaingó vs Deportivo Laferrere,Ar3,X,True,False,0,2,2.6,2.88,2.88,,,2.88
2026-05-27,2026-05-27,1x2,UWI Blackbirds,St. Andrew Lions,UWI Blackbirds vs St. Andrew Lions,Bb1,1,True,False,2,3,1.09,8.5,15.0,,,1.09
2026-05-27,2026-05-27,1x2,Tobacco Road,Carolina Dynamo,Tobacco Road vs Carolina Dynamo,Us4,2,True,True,1,3,,,,,,
2026-05-27,2026-05-27,1x2,Seacoast Utd Phantoms,Connecticut Rush,Seacoast Utd Phantoms vs Connecticut Rush,Us4,2,True,True,1,3,2.0,3.75,2.87,,,2.87
2026-05-27,2026-05-27,1x2,Lehigh Valley Utd,Eagle FC,Lehigh Valley Utd vs Eagle FC,Us4,1,True,True,3,0,,,,,,
2026-05-27,2026-05-27,1x2,Delaware FC,Philadelphia Lone Star,Delaware FC vs Philadelphia Lone Star,Us4,1,True,True,4,2,2.62,3.6,2.2,,,2.62
2026-05-27,2026-05-27,1x2,Nona,Sporting Jax 2,Nona vs Sporting Jax 2,Us4,2,True,False,0,0,1.5,4.0,5.5,,,5.5
2026-05-27,2026-05-27,1x2,Texoma,McKinney Chupacabras,Texoma vs McKinney Chupacabras,Us4,2,True,True,1,2,,,,,,
2026-05-27,2026-05-27,1x2,Estudiantes La Plata,Ind Medellin,Estudiantes La Plata vs Ind Medellin,CLA,X,True,False,1,0,1.73,3.5,5.25,,,3.5
2026-05-27,2026-05-27,1x2,Flamengo,Cusco FC,Flamengo vs Cusco FC,CLA,1,True,True,3,0,1.11,10.0,19.0,,,1.11
2026-05-27,2026-05-27,1x2,Nacional (URU),Coquimbo Unido,Nacional (URU) vs Coquimbo Unido,CLA,X,True,False,1,0,2.2,3.3,3.2,,,3.3
2026-05-27,2026-05-27,1x2,Universitario,Deportes Tolima,Universitario vs Deportes Tolima,CLA,2,True,False,0,0,2.05,3.2,3.8,,,3.8
2026-05-27,2026-05-27,1x2,San Lorenzo,Deportivo Recoleta,San Lorenzo vs Deportivo Recoleta,CS,X,True,False,0,1,1.4,4.5,8.0,,,4.5
2026-05-27,2026-05-27,1x2,Santos,Deportivo Cuenca,Santos vs Deportivo Cuenca,CS,2,True,False,3,0,1.3,5.25,11.0,,,11.0
2026-05-27,2026-05-27,1x2,SV Unistars,Jong Aruba,SV Unistars vs Jong Aruba,Aw1,2,True,True,1,3,,,,,,
2026-05-27,2026-05-27,1x2,Wotton,Bagatelle,Wotton vs Bagatelle,Bb1,2,True,True,2,3,4.4,4.0,1.58,,,1.58
2026-05-27,2026-05-27,1x2,Midlakes United,Bigfoot,Midlakes United vs Bigfoot,Us4,X,True,False,6,1,,,,,,
2026-05-27,2026-05-27,1x2,Dalian Yingbo B,Shandong Taishan II,Dalian Yingbo B vs Shandong Taishan II,Cn3,1,True,True,2,0,,,,,,
2026-05-27,2026-05-27,1x2,Xi'an Ronghai,Qingdao Red Lions,Xi'an Ronghai vs Qingdao Red Lions,Cn3,2,True,True,2,3,,,,,,
2026-05-27,2026-05-27,1x2,Stallion FC,Dynamic Herb Cebu,Stallion FC vs Dynamic Herb Cebu,Ph1,X,True,True,1,1,2.2,3.6,2.7,,,3.6
2026-05-27,2026-05-27,1x2,Xiamen Feilu,Jiangxi Liansheng,Xiamen Feilu vs Jiangxi Liansheng,Cn3,1,True,True,2,0,,,,,,
2026-05-27,2026-05-27,1x2,Changchun Xidu,Beijing BIT FC,Changchun Xidu vs Beijing BIT FC,Cn3,1,True,False,0,0,,,,,,
2026-05-27,2026-05-27,1x2,Hradec Kralove B,Pardubice B,Hradec Kralove B vs Pardubice B,Cz3,X,True,False,3,2,2.25,3.8,2.37,,,3.8
2026-05-27,2026-05-27,1x2,TDTT Hà Tĩnh,PVF Vietnam,TDTT Hà Tĩnh vs PVF Vietnam,Vn3,X,True,False,1,0,2.15,3.3,2.9,,,3.3
2026-05-27,2026-05-27,1x2,GT Thai Nguyen W,PP Ha Nam W,GT Thai Nguyen W vs PP Ha Nam W,VnWC,1,True,True,1,0,1.44,3.4,8.0,,,1.44
2026-05-27,2026-05-27,1x2,Modern Coast Rangers,3K,Modern Coast Rangers vs 3K,Ke2,X,True,True,0,0,,,,,,
2026-05-27,2026-05-27,1x2,Changnyeong W,Boeun Sangmu W,Changnyeong W vs Boeun Sangmu W,KrW,2,False,,,,,,,,,
2026-05-27,2026-05-27,1x2,Gumi Sportstoto W,Gyeongju W,Gumi Sportstoto W vs Gyeongju W,KrW,1,True,False,2,4,1.66,3.3,4.5,,,1.66
2026-05-27,2026-05-27,1x2,Seoul W,Incheon Red Angels W,Seoul W vs Incheon Red Angels W,KrW,2,True,False,2,1,3.7,3.5,1.8,,,1.8
2026-05-27,2026-05-27,1x2,Davao Aguilas,Taguig,Davao Aguilas vs Taguig,Ph1,2,True,False,1,1,5.25,4.75,1.4,,,1.4
2026-05-27,2026-05-27,1x2,Altai Semey,Astana,Altai Semey vs Astana,Kz1,X,True,True,1,1,4.33,3.4,1.7,,,3.4
2026-05-27,2026-05-27,1x2,Mara Sugar,Gor Mahia,Mara Sugar vs Gor Mahia,Ke1,2,True,False,0,0,2.15,3.2,3.0,,,3.0
2026-05-27,2026-05-27,over_under_25,Deportivo Merlo,Liniers,Deportivo Merlo vs Liniers,Ar3,Under,True,True,0,0,,,,1.5,2.5,2.5
2026-05-27,2026-05-27,over_under_25,Comunicaciones BA,UAI Urquiza,Comunicaciones BA vs UAI Urquiza,Ar3,Under,True,False,3,0,,,,1.5,2.5,2.5
2026-05-27,2026-05-27,over_under_25,Brown de Adrogué,Talleres (RdE),Brown de Adrogué vs Talleres (RdE),Ar3,Under,True,False,1,2,,,,1.5,2.5,2.5
2026-05-27,2026-05-27,over_under_25,LDU,Always Ready,LDU vs Always Ready,CLA,Under,True,False,3,2,,,,2.35,1.57,1.57
2026-05-27,2026-05-27,over_under_25,Lanús,Mirassol SP,Lanús vs Mirassol SP,CLA,Under,True,True,1,0,,,,1.53,2.45,2.45
2026-05-27,2026-05-27,over_under_25,São Paulo,Boston River,São Paulo vs Boston River,CS,Under,True,True,2,0,,,,2.25,1.62,1.62
2026-05-27,2026-05-27,over_under_25,Grêmio,CA Torque,Grêmio vs CA Torque,CS,Under,True,False,2,2,,,,1.7,2.1,2.1
2026-05-27,2026-05-27,over_under_25,Millonarios,O Higgins,Millonarios vs O Higgins,CS,Under,True,False,1,2,,,,1.8,2.0,2.0
2026-05-27,2026-05-27,over_under_25,Palestino,Deportivo Riestra,Palestino vs Deportivo Riestra,CS,Under,True,True,1,1,,,,1.65,2.2,2.2
2026-05-27,2026-05-27,over_under_25,Colorado ISA,Real Colorado,Colorado ISA vs Real Colorado,Us4,Over,True,True,0,3,,,,,,
2026-05-27,2026-05-27,over_under_25,Ituzaingó,Deportivo Laferrere,Ituzaingó vs Deportivo Laferrere,Ar3,Under,True,True,0,2,,,,1.5,2.5,2.5
2026-05-27,2026-05-27,over_under_25,UWI Blackbirds,St. Andrew Lions,UWI Blackbirds vs St. Andrew Lions,Bb1,Over,True,True,2,3,,,,,,
2026-05-27,2026-05-27,over_under_25,Tobacco Road,Carolina Dynamo,Tobacco Road vs Carolina Dynamo,Us4,Over,True,True,1,3,,,,,,
2026-05-27,2026-05-27,over_under_25,Seacoast Utd Phantoms,Connecticut Rush,Seacoast Utd Phantoms vs Connecticut Rush,Us4,Under,True,False,1,3,,,,2.28,1.52,1.52
2026-05-27,2026-05-27,over_under_25,Lehigh Valley Utd,Eagle FC,Lehigh Valley Utd vs Eagle FC,Us4,Under,True,False,3,0,,,,,,
2026-05-27,2026-05-27,over_under_25,Delaware FC,Philadelphia Lone Star,Delaware FC vs Philadelphia Lone Star,Us4,Under,True,False,4,2,,,,,,
2026-05-27,2026-05-27,over_under_25,Nona,Sporting Jax 2,Nona vs Sporting Jax 2,Us4,Under,True,True,0,0,,,,2.0,1.8,1.8
2026-05-27,2026-05-27,over_under_25,Texoma,McKinney Chupacabras,Texoma vs McKinney Chupacabras,Us4,Under,True,False,1,2,,,,,,
2026-05-27,2026-05-27,over_under_25,Estudiantes La Plata,Ind Medellin,Estudiantes La Plata vs Ind Medellin,CLA,Under,True,True,1,0,,,,1.62,2.25,2.25
2026-05-27,2026-05-27,over_under_25,Flamengo,Cusco FC,Flamengo vs Cusco FC,CLA,Under,True,False,3,0,,,,3.1,1.35,1.35
2026-05-27,2026-05-27,over_under_25,Nacional (URU),Coquimbo Unido,Nacional (URU) vs Coquimbo Unido,CLA,Under,True,True,1,0,,,,1.8,2.0,2.0
2026-05-27,2026-05-27,over_under_25,Universitario,Deportes Tolima,Universitario vs Deportes Tolima,CLA,Under,True,True,0,0,,,,1.53,2.45,2.45
2026-05-27,2026-05-27,over_under_25,San Lorenzo,Deportivo Recoleta,San Lorenzo vs Deportivo Recoleta,CS,Under,True,True,0,1,,,,1.7,2.1,2.1
2026-05-27,2026-05-27,over_under_25,Santos,Deportivo Cuenca,Santos vs Deportivo Cuenca,CS,Under,True,False,3,0,,,,1.95,1.83,1.83
2026-05-27,2026-05-27,over_under_25,SV Unistars,Jong Aruba,SV Unistars vs Jong Aruba,Aw1,Over,True,True,1,3,,,,,,
2026-05-27,2026-05-27,over_under_25,Wotton,Bagatelle,Wotton vs Bagatelle,Bb1,Over,True,True,2,3,,,,2.25,1.53,2.25
2026-05-27,2026-05-27,over_under_25,Midlakes United,Bigfoot,Midlakes United vs Bigfoot,Us4,Over,True,True,6,1,,,,,,
2026-05-27,2026-05-27,over_under_25,Dalian Yingbo B,Shandong Taishan II,Dalian Yingbo B vs Shandong Taishan II,Cn3,Under,True,True,2,0,,,,,,
2026-05-27,2026-05-27,over_under_25,Xi'an Ronghai,Qingdao Red Lions,Xi'an Ronghai vs Qingdao Red Lions,Cn3,Over,True,True,2,3,,,,,,
2026-05-27,2026-05-27,over_under_25,Stallion FC,Dynamic Herb Cebu,Stallion FC vs Dynamic Herb Cebu,Ph1,Under,True,True,1,1,,,,,,
2026-05-27,2026-05-27,over_under_25,Xiamen Feilu,Jiangxi Liansheng,Xiamen Feilu vs Jiangxi Liansheng,Cn3,Under,True,True,2,0,,,,,,
2026-05-27,2026-05-27,over_under_25,Changchun Xidu,Beijing BIT FC,Changchun Xidu vs Beijing BIT FC,Cn3,Under,True,True,0,0,,,,,,
2026-05-27,2026-05-27,over_under_25,Hradec Kralove B,Pardubice B,Hradec Kralove B vs Pardubice B,Cz3,Under,True,False,3,2,,,,,,
2026-05-27,2026-05-27,over_under_25,TDTT Hà Tĩnh,PVF Vietnam,TDTT Hà Tĩnh vs PVF Vietnam,Vn3,Under,True,True,1,0,,,,1.53,2.31,2.31
2026-05-27,2026-05-27,over_under_25,GT Thai Nguyen W,PP Ha Nam W,GT Thai Nguyen W vs PP Ha Nam W,VnWC,Under,True,True,1,0,,,,,,
2026-05-27,2026-05-27,over_under_25,Modern Coast Rangers,3K,Modern Coast Rangers vs 3K,Ke2,Under,True,True,0,0,,,,,,
2026-05-27,2026-05-27,over_under_25,Changnyeong W,Boeun Sangmu W,Changnyeong W vs Boeun Sangmu W,KrW,Under,False,,,,,,,,,
2026-05-27,2026-05-27,over_under_25,Gumi Sportstoto W,Gyeongju W,Gumi Sportstoto W vs Gyeongju W,KrW,Over,True,True,2,4,,,,1.55,2.2,1.55
2026-05-27,2026-05-27,over_under_25,Seoul W,Incheon Red Angels W,Seoul W vs Incheon Red Angels W,KrW,Over,True,True,2,1,,,,1.77,2.02,1.77
2026-05-27,2026-05-27,over_under_25,Davao Aguilas,Taguig,Davao Aguilas vs Taguig,Ph1,Under,True,True,1,1,,,,2.27,1.55,1.55
2026-05-27,2026-05-27,over_under_25,Altai Semey,Astana,Altai Semey vs Astana,Kz1,Under,True,True,1,1,,,,1.85,1.95,1.95
2026-05-27,2026-05-27,over_under_25,Mara Sugar,Gor Mahia,Mara Sugar vs Gor Mahia,Ke1,Under,True,True,0,0,,,,1.7,2.1,2.1
2026-05-28,2026-05-28,1x2,Libertad,UCV FC,Libertad vs UCV FC,CLA,1,True,False,0,1,1.45,4.75,6.25,,,1.45
2026-05-28,2026-05-28,1x2,Ind del Valle,Rosario Central,Ind del Valle vs Rosario Central,CLA,X,True,False,1,0,2.15,3.1,3.6,,,3.1
2026-05-28,2026-05-28,1x2,Caracas,Botafogo,Caracas vs Botafogo,CS,X,True,False,1,3,3.75,3.3,2.05,,,3.3
2026-05-28,2026-05-28,1x2,Racing Club,Independiente Petrolero,Racing Club vs Independiente Petrolero,CS,1,True,True,2,0,1.14,8.5,13.0,,,1.14
2026-05-28,2026-05-28,1x2,Atlético Mineiro,Puerto Cabello,Atlético Mineiro vs Puerto Cabello,CS,1,True,True,1,0,1.3,5.0,12.0,,,1.3
2026-05-28,2026-05-28,1x2,Cienciano,Juventud LP,Cienciano vs Juventud LP,CS,X,True,True,1,1,1.48,4.2,7.0,,,4.2
2026-05-28,2026-05-28,1x2,Vasco da Gama,Barracas Central,Vasco da Gama vs Barracas Central,CS,X,True,False,3,0,1.4,4.75,7.5,,,4.75
2026-05-28,2026-05-28,1x2,Olimpia Asunción,Audax Italiano,Olimpia Asunción vs Audax Italiano,CS,1,True,True,3,1,1.57,4.1,5.75,,,1.57
2026-05-28,2026-05-28,1x2,Caravaggio,Nação,Caravaggio vs Nação,BrC,1,True,True,4,1,1.8,3.3,3.8,,,1.8
2026-05-28,2026-05-28,1x2,Dayton Dutch Lions,Louisville City 2,Dayton Dutch Lions vs Louisville City 2,Us4,2,True,True,2,3,6.0,6.0,1.28,,,1.28
2026-05-28,2026-05-28,1x2,Black Rock,Vermont Green,Black Rock vs Vermont Green,Us4,2,True,True,1,2,5.25,4.2,1.45,,,1.45
2026-05-28,2026-05-28,1x2,Inter Gainesville,The Villages,Inter Gainesville vs The Villages,Us4,X,True,False,0,4,,,,,,
2026-05-28,2026-05-28,1x2,Avai FC,Volta Redonda,Avai FC vs Volta Redonda,BrS,2,True,False,3,0,1.85,3.2,3.8,,,3.8
2026-05-28,2026-05-28,1x2,Chapecoense SC,Novorizontino SP,Chapecoense SC vs Novorizontino SP,BrS,1,True,False,2,2,1.83,3.3,3.75,,,1.83
2026-05-28,2026-05-28,1x2,Resende RJ,America RJ,Resende RJ vs America RJ,BrC,X,True,False,3,0,,,,,,
2026-05-28,2026-05-28,1x2,Hercílio Luz SC,Cidade Azul SC,Hercílio Luz SC vs Cidade Azul SC,BrC,X,True,False,2,0,1.67,3.4,4.5,,,3.4
2026-05-28,2026-05-28,1x2,Brasil de Pelotas,Bage,Brasil de Pelotas vs Bage,BrC,1,True,True,1,0,1.91,2.88,4.2,,,1.91
2026-05-28,2026-05-28,1x2,Port City,Wake,Port City vs Wake,Us4,1,True,True,2,1,,,,,,
2026-05-28,2026-05-28,1x2,Bethesda SC,Lionsbridge,Bethesda SC vs Lionsbridge,Us4,X,True,False,1,6,,,,,,
2026-05-28,2026-05-28,1x2,Fluminense SC,Juventus SC,Fluminense SC vs Juventus SC,BrC,1,True,False,0,1,1.91,2.88,4.2,,,1.91
2026-05-28,2026-05-28,1x2,New York Cosmos,Union Omaha,New York Cosmos vs Union Omaha,Us4,2,True,True,1,2,3.25,3.6,1.9,,,1.9
2026-05-28,2026-05-28,1x2,Chattanooga RW,Richmond Kickers,Chattanooga RW vs Richmond Kickers,Us4,2,True,False,5,0,1.8,3.6,3.6,,,3.6
2026-05-28,2026-05-28,1x2,Riverhounds II,Steel City,Riverhounds II vs Steel City,Us4,1,True,False,0,2,,,,,,
2026-05-28,2026-05-28,1x2,Hickory,Charlotte Eagles,Hickory vs Charlotte Eagles,Us4,2,True,True,2,3,,,,,,
2026-05-28,2026-05-28,1x2,Appalachian,Charlotte Independence 2,Appalachian vs Charlotte Independence 2,Us4,2,True,True,1,4,,,,,,
2026-05-28,2026-05-28,1x2,Boston Olympiakos,New England SC,Boston Olympiakos vs New England SC,Us4,2,True,True,1,2,3.5,4.0,1.72,,,1.72
2026-05-28,2026-05-28,1x2,Real Central New Jersey,Reading United AC,Real Central New Jersey vs Reading United AC,Us4,1,True,True,1,0,,,,,,
2026-05-28,2026-05-28,1x2,Hill City,Charlottesville Blues,Hill City vs Charlottesville Blues,Us4,1,True,False,0,1,,,,,,
2026-05-28,2026-05-28,1x2,Long Island RR,Staten Island Athletic,Long Island RR vs Staten Island Athletic,Us4,1,True,True,3,0,1.25,5.25,8.5,,,1.25
2026-05-28,2026-05-28,1x2,Fort Lauderdale United,Lakeland United,Fort Lauderdale United vs Lakeland United,Us4,1,True,True,1,0,1.3,4.75,7.0,,,1.3
2026-05-28,2026-05-28,1x2,Miami FC,Brevard Fire,Miami FC vs Brevard Fire,Us4,1,True,False,4,4,,,,,,
2026-05-28,2026-05-28,1x2,AC Connecticut,Blackwatch Rush,AC Connecticut vs Blackwatch Rush,Us4,1,True,False,1,3,1.5,4.5,4.5,,,1.5
2026-05-28,2026-05-28,1x2,Rio Branco ES,Anápolis GO,Rio Branco ES vs Anápolis GO,BrC,1,True,True,2,1,2.62,3.0,2.55,,,2.62
2026-05-28,2026-05-28,1x2,Sporting JAX,San Antonio FC,Sporting JAX vs San Antonio FC,Us2,2,True,False,4,4,1.7,3.5,5.5,,,5.5
2026-05-28,2026-05-28,1x2,Manhattan,Westchester Flames,Manhattan vs Westchester Flames,Us4,1,True,True,6,2,1.65,4.1,3.8,,,1.65
2026-05-28,2026-05-28,1x2,Hudson Valley Hammers,Ironbound,Hudson Valley Hammers vs Ironbound,Us4,2,True,True,2,3,,,,,,
2026-05-28,2026-05-28,1x2,Midwest United,Kalamazoo FC,Midwest United vs Kalamazoo FC,Us4,1,True,False,0,1,1.6,4.0,4.2,,,1.6
2026-05-28,2026-05-28,1x2,St. Croix,Minneapolis City,St. Croix vs Minneapolis City,Us4,2,True,True,1,4,,,,,,
2026-05-28,2026-05-28,1x2,Rockford Raptors,Chicago Dutch Lions,Rockford Raptors vs Chicago Dutch Lions,Us4,1,True,False,1,3,,,,,,
2026-05-28,2026-05-28,1x2,River Light,RKC,River Light vs RKC,Us4,2,True,False,0,0,2.25,3.75,2.5,,,2.5
2026-05-28,2026-05-28,over_under_25,Libertad,UCV FC,Libertad vs UCV FC,CLA,Over,True,False,0,1,,,,2.1,1.73,2.1
2026-05-28,2026-05-28,over_under_25,Ind del Valle,Rosario Central,Ind del Valle vs Rosario Central,CLA,Under,True,True,1,0,,,,1.57,2.38,2.38
2026-05-28,2026-05-28,over_under_25,Caracas,Botafogo,Caracas vs Botafogo,CS,Under,True,False,1,3,,,,1.62,2.25,2.25
2026-05-28,2026-05-28,over_under_25,Racing Club,Independiente Petrolero,Racing Club vs Independiente Petrolero,CS,Over,True,False,2,0,,,,3.1,1.35,3.1
2026-05-28,2026-05-28,over_under_25,Atlético Mineiro,Puerto Cabello,Atlético Mineiro vs Puerto Cabello,CS,Under,True,True,1,0,,,,1.85,1.9,1.9
2026-05-28,2026-05-28,over_under_25,Cienciano,Juventud LP,Cienciano vs Juventud LP,CS,Under,True,True,1,1,,,,2.0,1.8,1.8
2026-05-28,2026-05-28,over_under_25,Vasco da Gama,Barracas Central,Vasco da Gama vs Barracas Central,CS,Under,True,False,3,0,,,,2.1,1.7,1.7
2026-05-28,2026-05-28,over_under_25,Olimpia Asunción,Audax Italiano,Olimpia Asunción vs Audax Italiano,CS,Under,True,False,3,1,,,,2.0,1.8,1.8
2026-05-28,2026-05-28,over_under_25,Caravaggio,Nação,Caravaggio vs Nação,BrC,Over,True,True,4,1,,,,1.65,2.02,1.65
2026-05-28,2026-05-28,over_under_25,Dayton Dutch Lions,Louisville City 2,Dayton Dutch Lions vs Louisville City 2,Us4,Over,True,True,2,3,,,,,,
2026-05-28,2026-05-28,over_under_25,Black Rock,Vermont Green,Black Rock vs Vermont Green,Us4,Over,True,True,1,2,,,,2.3,1.5,2.3
2026-05-28,2026-05-28,over_under_25,Inter Gainesville,The Villages,Inter Gainesville vs The Villages,Us4,Over,True,True,0,4,,,,,,
2026-05-28,2026-05-28,over_under_25,Avai FC,Volta Redonda,Avai FC vs Volta Redonda,BrS,Under,True,False,3,0,,,,1.77,2.02,2.02
2026-05-28,2026-05-28,over_under_25,Chapecoense SC,Novorizontino SP,Chapecoense SC vs Novorizontino SP,BrS,Under,True,False,2,2,,,,1.52,2.25,2.25
2026-05-28,2026-05-28,over_under_25,Resende RJ,America RJ,Resende RJ vs America RJ,BrC,Over,True,True,3,0,,,,,,
2026-05-28,2026-05-28,over_under_25,Hercílio Luz SC,Cidade Azul SC,Hercílio Luz SC vs Cidade Azul SC,BrC,Under,True,True,2,0,,,,1.67,1.95,1.95
2026-05-28,2026-05-28,over_under_25,Brasil de Pelotas,Bage,Brasil de Pelotas vs Bage,BrC,Under,True,True,1,0,,,,1.45,2.6,2.6
2026-05-28,2026-05-28,over_under_25,Port City,Wake,Port City vs Wake,Us4,Over,True,True,2,1,,,,,,
2026-05-28,2026-05-28,over_under_25,Bethesda SC,Lionsbridge,Bethesda SC vs Lionsbridge,Us4,Under,True,False,1,6,,,,,,
2026-05-28,2026-05-28,over_under_25,Fluminense SC,Juventus SC,Fluminense SC vs Juventus SC,BrC,Under,True,True,0,1,,,,1.45,2.6,2.6
2026-05-28,2026-05-28,over_under_25,New York Cosmos,Union Omaha,New York Cosmos vs Union Omaha,Us4,Under,True,False,1,2,,,,2.55,1.44,1.44
2026-05-28,2026-05-28,over_under_25,Chattanooga RW,Richmond Kickers,Chattanooga RW vs Richmond Kickers,Us4,Under,True,False,5,0,,,,1.92,1.87,1.87
2026-05-28,2026-05-28,over_under_25,Riverhounds II,Steel City,Riverhounds II vs Steel City,Us4,Under,True,True,0,2,,,,,,
2026-05-28,2026-05-28,over_under_25,Hickory,Charlotte Eagles,Hickory vs Charlotte Eagles,Us4,Under,True,False,2,3,,,,,,
2026-05-28,2026-05-28,over_under_25,Appalachian,Charlotte Independence 2,Appalachian vs Charlotte Independence 2,Us4,Under,True,False,1,4,,,,,,
2026-05-28,2026-05-28,over_under_25,Boston Olympiakos,New England SC,Boston Olympiakos vs New England SC,Us4,Under,True,False,1,2,,,,,,
2026-05-28,2026-05-28,over_under_25,Real Central New Jersey,Reading United AC,Real Central New Jersey vs Reading United AC,Us4,Over,True,False,1,0,,,,,,
2026-05-28,2026-05-28,over_under_25,Hill City,Charlottesville Blues,Hill City vs Charlottesville Blues,Us4,Over,True,False,0,1,,,,,,
2026-05-28,2026-05-28,over_under_25,Long Island RR,Staten Island Athletic,Long Island RR vs Staten Island Athletic,Us4,Under,True,False,3,0,,,,,,
2026-05-28,2026-05-28,over_under_25,Fort Lauderdale United,Lakeland United,Fort Lauderdale United vs Lakeland United,Us4,Under,True,True,1,0,,,,,,
2026-05-28,2026-05-28,over_under_25,Miami FC,Brevard Fire,Miami FC vs Brevard Fire,Us4,Under,True,False,4,4,,,,,,
2026-05-28,2026-05-28,over_under_25,AC Connecticut,Blackwatch Rush,AC Connecticut vs Blackwatch Rush,Us4,Over,True,True,1,3,,,,,,
2026-05-28,2026-05-28,over_under_25,Rio Branco ES,Anápolis GO,Rio Branco ES vs Anápolis GO,BrC,Under,True,False,2,1,,,,,,
2026-05-28,2026-05-28,over_under_25,Sporting JAX,San Antonio FC,Sporting JAX vs San Antonio FC,Us2,Under,True,False,4,4,,,,1.65,2.2,2.2
2026-05-28,2026-05-28,over_under_25,Manhattan,Westchester Flames,Manhattan vs Westchester Flames,Us4,Over,True,True,6,2,,,,,,
2026-05-28,2026-05-28,over_under_25,Hudson Valley Hammers,Ironbound,Hudson Valley Hammers vs Ironbound,Us4,Over,True,True,2,3,,,,,,
2026-05-28,2026-05-28,over_under_25,Midwest United,Kalamazoo FC,Midwest United vs Kalamazoo FC,Us4,Over,True,False,0,1,,,,,,
2026-05-28,2026-05-28,over_under_25,St. Croix,Minneapolis City,St. Croix vs Minneapolis City,Us4,Over,True,True,1,4,,,,,,
2026-05-28,2026-05-28,over_under_25,Rockford Raptors,Chicago Dutch Lions,Rockford Raptors vs Chicago Dutch Lions,Us4,Over,True,True,1,3,,,,,,
2026-05-28,2026-05-28,over_under_25,River Light,RKC,River Light vs RKC,Us4,Over,True,False,0,0,,,,,,
2026-05-29,2026-05-29,1x2,Cerro Porteño,Sporting Cristal,Cerro Porteño vs Sporting Cristal,CLA,1,True,True,2,0,1.65,3.6,5.75,,,1.65
2026-05-29,2026-05-29,1x2,Palmeiras,Junior Barranquilla,Palmeiras vs Junior Barranquilla,CLA,1,True,True,4,1,1.22,6.0,13.0,,,1.22
2026-05-29,2026-05-29,1x2,River Plate Res.,San Lorenzo Res.,River Plate Res. vs San Lorenzo Res.,ArR,2,True,False,1,1,1.91,3.0,3.9,,,3.9
2026-05-29,2026-05-29,1x2,Paradise,Kick Start,Paradise vs Kick Start,Bb1,X,True,False,1,2,2.0,3.75,2.87,,,3.75
2026-05-29,2026-05-29,1x2,Lansing City,Oakland County,Lansing City vs Oakland County,Us4,2,True,True,0,1,,,,,,
2026-05-29,2026-05-29,1x2,Utah United,Real Colorado,Utah United vs Real Colorado,Us4,1,True,True,4,1,,,,,,
2026-05-29,2026-05-29,1x2,Patuxent,Annapolis Blues,Patuxent vs Annapolis Blues,Us4,2,True,True,0,4,8.0,6.5,1.2,,,1.2
2026-05-29,2026-05-29,1x2,Edgewater Castle,Sueno,Edgewater Castle vs Sueno,Us4,2,True,True,1,4,9.0,7.5,1.18,,,1.18
2026-05-29,2026-05-29,1x2,Memphis,Louisiana Krewe,Memphis vs Louisiana Krewe,Us4,2,True,True,2,5,,,,,,
2026-05-29,2026-05-29,1x2,Houston FC,Laredo Heat,Houston FC vs Laredo Heat,Us4,2,True,False,1,1,3.6,4.5,1.61,,,1.61
2026-05-29,2026-05-29,1x2,Nacional AM,Paysandu,Nacional AM vs Paysandu,BrN,X,True,False,2,4,2.2,3.0,3.1,,,3.0
2026-05-29,2026-05-29,1x2,Boca Juniors,Universidad Católica,Boca Juniors vs Universidad Católica,CLA,1,True,False,0,1,1.44,4.5,7.0,,,1.44
2026-05-29,2026-05-29,1x2,Cruzeiro,Barcelona SC,Cruzeiro vs Barcelona SC,CLA,1,True,True,4,0,1.28,5.75,10.0,,,1.28
2026-05-29,2026-05-29,1x2,América de Cali,Macará,América de Cali vs Macará,CS,1,True,False,0,0,1.62,3.5,6.25,,,1.62
2026-05-29,2026-05-29,1x2,CA Tigre,Alianza Atlético,CA Tigre vs Alianza Atlético,CS,1,True,True,2,0,1.27,5.25,12.0,,,1.27
2026-05-29,2026-05-29,1x2,Pride of Gall Hill,Weymouth Wales,Pride of Gall Hill vs Weymouth Wales,Bb1,2,True,True,1,2,8.0,4.9,1.28,,,1.28
2026-05-29,2026-05-29,1x2,Flatirons Rush,Colorado Storm,Flatirons Rush vs Colorado Storm,Us4,2,False,,,,,,,,,
2026-05-29,2026-05-29,1x2,San Antonio FC 2,Lonestar,San Antonio FC 2 vs Lonestar,Us4,2,True,False,4,2,,,,,,
2026-05-29,2026-05-29,1x2,Rewa FC,Tailevu Naitasiri,Rewa FC vs Tailevu Naitasiri,Fj1,1,True,True,1,0,1.05,11.0,34.0,,,1.05
2026-05-29,2026-05-29,1x2,Tacoma Stars,Oly Town,Tacoma Stars vs Oly Town,Us4,1,True,True,4,1,2.55,3.5,2.4,,,2.55
2026-05-29,2026-05-29,1x2,Nasinu FC,Labasa FC,Nasinu FC vs Labasa FC,Fj1,2,True,False,2,2,6.5,4.5,1.36,,,1.36
2026-05-29,2026-05-29,1x2,Suva FC,Lautoka FC,Suva FC vs Lautoka FC,Fj1,2,True,False,1,1,2.7,3.4,2.2,,,2.2
2026-05-29,2026-05-29,1x2,Shaanxi Union,Nanjing Fengfan,Shaanxi Union vs Nanjing Fengfan,Cn2,X,True,False,0,1,1.62,3.4,4.75,,,3.4
2026-05-29,2026-05-29,1x2,Manukau United,Fencibles United,Manukau United vs Fencibles United,Nz2,2,True,True,1,2,10.0,7.0,1.16,,,1.16
2026-05-29,2026-05-29,1x2,Western Springs,Bay Olympic,Western Springs vs Bay Olympic,Nz2,1,True,True,3,0,1.42,4.75,5.5,,,1.42
2026-05-29,2026-05-29,1x2,Levski Sofia II,Septemvri Sofia II,Levski Sofia II vs Septemvri Sofia II,Bg3,X,True,False,0,2,,,,,,
2026-05-29,2026-05-29,1x2,Metalurh Zaporizhzhia,Chernihiv,Metalurh Zaporizhzhia vs Chernihiv,Ua2,X,True,True,0,0,6.62,3.44,1.49,,,3.44
2026-05-29,2026-05-29,1x2,Sydney U21,WS Wanderers Youth,Sydney U21 vs WS Wanderers Youth,AuN,2,True,True,0,6,2.38,3.5,2.45,,,2.45
2026-05-29,2026-05-29,1x2,Heidelberg United,Thunder SC,Heidelberg United vs Thunder SC,AuV,1,True,True,4,2,1.4,5.0,5.75,,,1.4
2026-05-29,2026-05-29,1x2,West Torrens,Adelaide Comets,West Torrens vs Adelaide Comets,AuS,1,True,True,4,1,1.6,3.8,4.33,,,1.6
2026-05-29,2026-05-29,1x2,Smorgon W,FK Vitebsk W,Smorgon W vs FK Vitebsk W,BCW,2,True,True,0,1,,,,,,
2026-05-29,2026-05-29,1x2,Shanghai Jiading,Nantong Zhiyun,Shanghai Jiading vs Nantong Zhiyun,Cn2,2,True,False,1,1,3.0,2.88,2.35,,,2.35
2026-05-29,2026-05-29,1x2,Olympic Kingsway,Dianella White Eagles,Olympic Kingsway vs Dianella White Eagles,AuW,1,True,True,3,1,1.6,3.8,4.33,,,1.6
2026-05-29,2026-05-29,1x2,Guangdong GZ-Power,Shenzhen Juniors,Guangdong GZ-Power vs Shenzhen Juniors,Cn2,2,True,False,0,0,1.73,3.5,4.0,,,4.0
2026-05-29,2026-05-29,1x2,Montenegro U17,Italy U17,Montenegro U17 vs Italy U17,E17,2,True,True,0,3,10.0,6.4,1.21,,,1.21
2026-05-29,2026-05-29,1x2,Shenyang City,Shanghai SIPG,Shenyang City vs Shanghai SIPG,Cn1,X,True,False,3,2,2.4,3.6,2.7,,,3.6
2026-05-29,2026-05-29,1x2,Celeste,JSK,Celeste vs JSK,CD1,2,True,True,1,3,,,,,,
2026-05-29,2026-05-29,1x2,Shire Endaselassie,Hadiya Hosaena,Shire Endaselassie vs Hadiya Hosaena,Et1,X,True,True,1,1,2.75,2.5,2.8,,,2.5
2026-05-29,2026-05-29,1x2,Mogadishu City,Gaadiidka,Mogadishu City vs Gaadiidka,So1,1,True,False,1,1,,,,,,
2026-05-29,2026-05-29,1x2,Saint Eloi Lupopo,AS Maniema Union,Saint Eloi Lupopo vs AS Maniema Union,CD1,X,True,True,0,0,,,,,,
2026-05-29,2026-05-29,1x2,CS Don Bosco,Simba(DRC),CS Don Bosco vs Simba(DRC),CD1,1,True,False,0,0,,,,,,
2026-05-29,2026-05-29,1x2,Pribram B,Slavia Prague C,Pribram B vs Slavia Prague C,Cz3,2,True,False,0,0,2.15,3.7,2.5,,,2.5
2026-05-29,2026-05-29,over_under_25,Cerro Porteño,Sporting Cristal,Cerro Porteño vs Sporting Cristal,CLA,Under,True,True,2,0,,,,1.65,2.2,2.2
2026-05-29,2026-05-29,over_under_25,Palmeiras,Junior Barranquilla,Palmeiras vs Junior Barranquilla,CLA,Under,True,False,4,1,,,,2.45,1.53,1.53
2026-05-29,2026-05-29,over_under_25,River Plate Res.,San Lorenzo Res.,River Plate Res. vs San Lorenzo Res.,ArR,Over,True,False,1,1,,,,1.5,2.5,1.5
2026-05-29,2026-05-29,over_under_25,Paradise,Kick Start,Paradise vs Kick Start,Bb1,Over,True,True,1,2,,,,,,
2026-05-29,2026-05-29,over_under_25,Lansing City,Oakland County,Lansing City vs Oakland County,Us4,Under,True,True,0,1,,,,,,
2026-05-29,2026-05-29,over_under_25,Utah United,Real Colorado,Utah United vs Real Colorado,Us4,Under,True,False,4,1,,,,,,
2026-05-29,2026-05-29,over_under_25,Patuxent,Annapolis Blues,Patuxent vs Annapolis Blues,Us4,Over,True,True,0,4,,,,,,
2026-05-29,2026-05-29,over_under_25,Edgewater Castle,Sueno,Edgewater Castle vs Sueno,Us4,Under,True,False,1,4,,,,,,
2026-05-29,2026-05-29,over_under_25,Memphis,Louisiana Krewe,Memphis vs Louisiana Krewe,Us4,Under,True,False,2,5,,,,,,
2026-05-29,2026-05-29,over_under_25,Houston FC,Laredo Heat,Houston FC vs Laredo Heat,Us4,Over,True,False,1,1,,,,2.25,1.53,2.25
2026-05-29,2026-05-29,over_under_25,Nacional AM,Paysandu,Nacional AM vs Paysandu,BrN,Over,True,True,2,4,,,,1.53,2.25,1.53
2026-05-29,2026-05-29,over_under_25,Boca Juniors,Universidad Católica,Boca Juniors vs Universidad Católica,CLA,Under,True,True,0,1,,,,1.8,2.0,2.0
2026-05-29,2026-05-29,over_under_25,Cruzeiro,Barcelona SC,Cruzeiro vs Barcelona SC,CLA,Under,True,False,4,0,,,,1.95,1.83,1.83
2026-05-29,2026-05-29,over_under_25,América de Cali,Macará,América de Cali vs Macará,CS,Under,True,True,0,0,,,,1.62,2.25,2.25
2026-05-29,2026-05-29,over_under_25,CA Tigre,Alianza Atlético,CA Tigre vs Alianza Atlético,CS,Under,True,True,2,0,,,,1.95,1.83,1.83
2026-05-29,2026-05-29,over_under_25,Pride of Gall Hill,Weymouth Wales,Pride of Gall Hill vs Weymouth Wales,Bb1,Over,True,True,1,2,,,,,,
2026-05-29,2026-05-29,over_under_25,Flatirons Rush,Colorado Storm,Flatirons Rush vs Colorado Storm,Us4,Under,False,,,,,,,,,
2026-05-29,2026-05-29,over_under_25,San Antonio FC 2,Lonestar,San Antonio FC 2 vs Lonestar,Us4,Over,True,True,4,2,,,,,,
2026-05-29,2026-05-29,over_under_25,Rewa FC,Tailevu Naitasiri,Rewa FC vs Tailevu Naitasiri,Fj1,Over,True,False,1,0,,,,,,
2026-05-29,2026-05-29,over_under_25,Tacoma Stars,Oly Town,Tacoma Stars vs Oly Town,Us4,Over,True,True,4,1,,,,2.0,1.8,2.0
2026-05-29,2026-05-29,over_under_25,Nasinu FC,Labasa FC,Nasinu FC vs Labasa FC,Fj1,Over,True,True,2,2,,,,2.2,1.55,2.2
2026-05-29,2026-05-29,over_under_25,Suva FC,Lautoka FC,Suva FC vs Lautoka FC,Fj1,Over,True,False,1,1,,,,2.17,1.6,2.17
2026-05-29,2026-05-29,over_under_25,Shaanxi Union,Nanjing Fengfan,Shaanxi Union vs Nanjing Fengfan,Cn2,Over,True,False,0,1,,,,1.62,2.2,1.62
2026-05-29,2026-05-29,over_under_25,Manukau United,Fencibles United,Manukau United vs Fencibles United,Nz2,Over,True,True,1,2,,,,,,
2026-05-29,2026-05-29,over_under_25,Western Springs,Bay Olympic,Western Springs vs Bay Olympic,Nz2,Over,True,True,3,0,,,,,,
2026-05-29,2026-05-29,over_under_25,Levski Sofia II,Septemvri Sofia II,Levski Sofia II vs Septemvri Sofia II,Bg3,Under,True,True,0,2,,,,,,
2026-05-29,2026-05-29,over_under_25,Metalurh Zaporizhzhia,Chernihiv,Metalurh Zaporizhzhia vs Chernihiv,Ua2,Under,True,True,0,0,,,,1.81,1.91,1.91
2026-05-29,2026-05-29,over_under_25,Sydney U21,WS Wanderers Youth,Sydney U21 vs WS Wanderers Youth,AuN,Over,True,True,0,6,,,,2.45,1.5,2.45
2026-05-29,2026-05-29,over_under_25,Heidelberg United,Thunder SC,Heidelberg United vs Thunder SC,AuV,Over,True,True,4,2,,,,2.2,1.62,2.2
2026-05-29,2026-05-29,over_under_25,West Torrens,Adelaide Comets,West Torrens vs Adelaide Comets,AuS,Over,True,True,4,1,,,,2.62,1.44,2.62
2026-05-29,2026-05-29,over_under_25,Smorgon W,FK Vitebsk W,Smorgon W vs FK Vitebsk W,BCW,Over,True,False,0,1,,,,,,
2026-05-29,2026-05-29,over_under_25,Shanghai Jiading,Nantong Zhiyun,Shanghai Jiading vs Nantong Zhiyun,Cn2,Under,True,True,1,1,,,,1.45,2.55,2.55
2026-05-29,2026-05-29,over_under_25,Olympic Kingsway,Dianella White Eagles,Olympic Kingsway vs Dianella White Eagles,AuW,Over,True,True,3,1,,,,2.62,1.44,2.62
2026-05-29,2026-05-29,over_under_25,Guangdong GZ-Power,Shenzhen Juniors,Guangdong GZ-Power vs Shenzhen Juniors,Cn2,Over,True,False,0,0,,,,2.0,1.75,2.0
2026-05-29,2026-05-29,over_under_25,Montenegro U17,Italy U17,Montenegro U17 vs Italy U17,E17,Under,True,False,0,3,,,,,,
2026-05-29,2026-05-29,over_under_25,Shenyang City,Shanghai SIPG,Shenyang City vs Shanghai SIPG,Cn1,Under,True,False,3,2,,,,2.15,1.65,1.65
2026-05-29,2026-05-29,over_under_25,Celeste,JSK,Celeste vs JSK,CD1,Under,True,False,1,3,,,,,,
2026-05-29,2026-05-29,over_under_25,Shire Endaselassie,Hadiya Hosaena,Shire Endaselassie vs Hadiya Hosaena,Et1,Under,True,True,1,1,,,,,,
2026-05-29,2026-05-29,over_under_25,Mogadishu City,Gaadiidka,Mogadishu City vs Gaadiidka,So1,Over,True,False,1,1,,,,,,
2026-05-29,2026-05-29,over_under_25,Saint Eloi Lupopo,AS Maniema Union,Saint Eloi Lupopo vs AS Maniema Union,CD1,Under,True,True,0,0,,,,,,
2026-05-29,2026-05-29,over_under_25,CS Don Bosco,Simba(DRC),CS Don Bosco vs Simba(DRC),CD1,Under,True,True,0,0,,,,,,
2026-05-29,2026-05-29,over_under_25,Pribram B,Slavia Prague C,Pribram B vs Slavia Prague C,Cz3,Under,True,True,0,0,,,,,,
2026-05-30,2026-05-30,1x2,Cobresal,Ñublense,Cobresal vs Ñublense,Cl1,X,True,False,0,1,2.7,3.5,2.45,,,3.5
2026-05-30,2026-05-30,1x2,Santa Fé SP,José Bonifácio,Santa Fé SP vs José Bonifácio,BrP,2,True,True,0,2,4.75,3.6,1.6,,,1.6
2026-05-30,2026-05-30,1x2,Cerro Largo,CA Cerro,Cerro Largo vs CA Cerro,Uy1,1,True,True,2,0,2.1,3.1,3.3,,,2.1
2026-05-30,2026-05-30,1x2,Independiente FBC,12 de Junio VH,Independiente FBC vs 12 de Junio VH,Py2,2,True,True,1,2,3.1,3.1,2.1,,,2.1
2026-05-30,2026-05-30,1x2,América RN,Central PE,América RN vs Central PE,Br4,X,True,False,1,0,1.5,3.5,6.0,,,3.5
2026-05-30,2026-05-30,1x2,One Knoxville,Greenville Triumph,One Knoxville vs Greenville Triumph,Us4,1,True,True,2,0,1.83,3.7,3.4,,,1.83
2026-05-30,2026-05-30,1x2,Supra du Québec,York 9 FC,Supra du Québec vs York 9 FC,Ca1,X,True,False,3,1,2.7,3.3,2.4,,,3.3
2026-05-30,2026-05-30,1x2,Leones,Ind Medellin,Leones vs Ind Medellin,CoC,X,True,True,1,1,5.0,3.75,1.55,,,3.75
2026-05-30,2026-05-30,1x2,Forward Madison,Corpus Christi,Forward Madison vs Corpus Christi,Us4,X,True,False,3,0,1.9,3.5,3.4,,,3.5
2026-05-30,2026-05-30,1x2,AFC Ann Arbor,Union Macomb,AFC Ann Arbor vs Union Macomb,Us4,1,True,True,2,1,1.75,4.1,3.3,,,1.75
2026-05-30,2026-05-30,1x2,OC Nor'easters,Delaware FC,OC Nor'easters vs Delaware FC,Us4,1,True,True,5,1,1.28,5.5,6.25,,,1.28
2026-05-30,2026-05-30,1x2,Western Mass Pioneers,Connecticut Rush,Western Mass Pioneers vs Connecticut Rush,Us4,2,True,False,1,0,1.3,5.5,6.5,,,6.5
2026-05-30,2026-05-30,1x2,Racing de Cordoba,Ferro Carril Oeste,Racing de Cordoba vs Ferro Carril Oeste,Ar2,2,True,False,0,0,2.88,2.8,2.88,,,2.88
2026-05-30,2026-05-30,1x2,Juventude,América Mineiro,Juventude vs América Mineiro,Br2,1,True,True,3,0,1.95,3.0,4.5,,,1.95
2026-05-30,2026-05-30,1x2,Eastern Suburbs (NZL),Auckland City,Eastern Suburbs (NZL) vs Auckland City,Nz2,2,True,False,0,0,2.55,3.2,2.45,,,2.45
2026-05-30,2026-05-30,1x2,Sparta Katowice,Stal Jasień,Sparta Katowice vs Stal Jasień,Pl4,1,True,True,3,0,,,,,,
2026-05-30,2026-05-30,1x2,Westchester SC,Tormenta,Westchester SC vs Tormenta,Us4,X,False,,,,,,,,,
2026-05-30,2026-05-30,1x2,Univ de Concepcion,Unión La Calera,Univ de Concepcion vs Unión La Calera,Cl1,1,True,False,0,0,2.55,3.3,2.62,,,2.55
2026-05-30,2026-05-30,1x2,Dakota,Britannia,Dakota vs Britannia,Aw1,2,True,True,0,1,,,,,,
2026-05-30,2026-05-30,1x2,Atlético FC,Millonarios,Atlético FC vs Millonarios,CoC,X,True,False,1,8,10.0,5.25,1.28,,,5.25
2026-05-30,2026-05-30,1x2,Napier City Rovers,Island Bay United,Napier City Rovers vs Island Bay United,Nz2,1,True,True,3,0,1.16,7.0,9.5,,,1.16
2026-05-30,2026-05-30,1x2,Ballard,Midlakes United,Ballard vs Midlakes United,Us4,1,True,True,2,0,1.25,6.0,7.0,,,1.25
2026-05-30,2026-05-30,1x2,Nadroga FC,Ba FC,Nadroga FC vs Ba FC,Fj1,2,True,True,0,3,6.5,4.75,1.33,,,1.33
2026-05-30,2026-05-30,1x2,Hume City FC,South Melbourne,Hume City FC vs South Melbourne,AuV,1,True,False,1,1,2.15,3.7,2.7,,,2.15
2026-05-30,2026-05-30,1x2,South Hobart,Launceston United,South Hobart vs Launceston United,AuT,1,True,True,4,1,1.02,25.0,56.0,,,1.02
2026-05-30,2026-05-30,1x2,Cooks Hill United,Valentine Phoenix,Cooks Hill United vs Valentine Phoenix,AuN,1,False,,,,1.7,4.2,3.4,,,1.7
2026-05-30,2026-05-30,1x2,Edgeworth Eagles,Kahibah,Edgeworth Eagles vs Kahibah,AuN,1,False,,,,1.33,5.25,5.75,,,1.33
2026-05-30,2026-05-30,1x2,New Jersey Copa,Hudson Valley Hammers,New Jersey Copa vs Hudson Valley Hammers,Us4,1,True,False,2,4,3.4,4.2,1.72,,,3.4
2026-05-30,2026-05-30,1x2,Bunnies Gunma White Star W,Diavorosso Hiroshima W,Bunnies Gunma White Star W vs Diavorosso Hiroshima W,JpW3,2,True,True,0,1,3.67,2.87,1.98,,,1.98
2026-05-30,2026-05-30,1x2,Renofa Yamaguchi W,Nankatsu W,Renofa Yamaguchi W vs Nankatsu W,JpW3,X,True,False,2,0,2.04,3.1,3.2,,,3.1
2026-05-30,2026-05-30,1x2,Devonport City,Ulverstone,Devonport City vs Ulverstone,AuT,1,True,True,1,0,1.03,17.0,35.0,,,1.03
2026-05-30,2026-05-30,1x2,Sanfrecce,Kawasaki Frontale,Sanfrecce vs Kawasaki Frontale,Jp1,1,True,True,2,1,,,,,,
2026-05-30,2026-05-30,1x2,Nagoya Grampus,Machida Zelvia,Nagoya Grampus vs Machida Zelvia,Jp1,2,True,False,2,2,,,,,,
2026-05-30,2026-05-30,1x2,Vissel Kobe,Kashima Antlers,Vissel Kobe vs Kashima Antlers,Jp1,2,True,False,5,0,,,,,,
2026-05-30,2026-05-30,1x2,University of NSW,Wollongong FC,University of NSW vs Wollongong FC,AuN,2,True,False,1,0,2.3,3.4,2.6,,,2.6
2026-05-30,2026-05-30,1x2,Avondale FC,Bentleigh Greens,Avondale FC vs Bentleigh Greens,AuV,1,True,True,4,0,1.3,4.5,8.0,,,1.3
2026-05-30,2026-05-30,1x2,Melbourne City II,Dandenong City,Melbourne City II vs Dandenong City,AuV,1,True,False,0,1,2.3,3.4,2.6,,,2.3
2026-05-30,2026-05-30,1x2,Gold Coast United,Peninsula Power,Gold Coast United vs Peninsula Power,AuQ,2,True,True,0,4,4.0,4.2,1.6,,,1.6
2026-05-30,2026-05-30,1x2,Jeonbuk Motors II,Busan Kyotong,Jeonbuk Motors II vs Busan Kyotong,Kr3,2,True,True,1,2,2.3,3.75,2.4,,,2.4
2026-05-30,2026-05-30,1x2,Gangneung City,Changwon City,Gangneung City vs Changwon City,Kr3,X,True,False,0,1,2.8,3.2,2.2,,,3.2
2026-05-30,2026-05-30,1x2,SKA-Khabarovsk-2,Rodina-M Moscow,SKA-Khabarovsk-2 vs Rodina-M Moscow,Ru4,1,True,False,0,2,3.7,3.3,1.85,,,3.7
2026-05-30,2026-05-30,over_under_25,Cobresal,Ñublense,Cobresal vs Ñublense,Cl1,Over,True,False,0,1,,,,1.87,1.92,1.87
2026-05-30,2026-05-30,over_under_25,Santa Fé SP,José Bonifácio,Santa Fé SP vs José Bonifácio,BrP,Under,True,True,0,2,,,,1.9,1.9,1.9
2026-05-30,2026-05-30,over_under_25,Cerro Largo,CA Cerro,Cerro Largo vs CA Cerro,Uy1,Over,True,False,2,0,,,,1.5,2.45,1.5
2026-05-30,2026-05-30,over_under_25,Independiente FBC,12 de Junio VH,Independiente FBC vs 12 de Junio VH,Py2,Under,True,False,1,2,,,,1.58,2.21,2.21
2026-05-30,2026-05-30,over_under_25,América RN,Central PE,América RN vs Central PE,Br4,Under,True,True,1,0,,,,1.48,2.3,2.3
2026-05-30,2026-05-30,over_under_25,One Knoxville,Greenville Triumph,One Knoxville vs Greenville Triumph,Us4,Under,True,True,2,0,,,,1.97,1.82,1.82
2026-05-30,2026-05-30,over_under_25,Supra du Québec,York 9 FC,Supra du Québec vs York 9 FC,Ca1,Under,True,False,3,1,,,,2.0,1.77,1.77
2026-05-30,2026-05-30,over_under_25,Leones,Ind Medellin,Leones vs Ind Medellin,CoC,Under,True,True,1,1,,,,1.93,1.8,1.8
2026-05-30,2026-05-30,over_under_25,Forward Madison,Corpus Christi,Forward Madison vs Corpus Christi,Us4,Under,True,False,3,0,,,,1.85,1.95,1.95
2026-05-30,2026-05-30,over_under_25,AFC Ann Arbor,Union Macomb,AFC Ann Arbor vs Union Macomb,Us4,Over,True,True,2,1,,,,,,
2026-05-30,2026-05-30,over_under_25,OC Nor'easters,Delaware FC,OC Nor'easters vs Delaware FC,Us4,Over,True,True,5,1,,,,,,
2026-05-30,2026-05-30,over_under_25,Western Mass Pioneers,Connecticut Rush,Western Mass Pioneers vs Connecticut Rush,Us4,Over,True,False,1,0,,,,,,
2026-05-30,2026-05-30,over_under_25,Racing de Cordoba,Ferro Carril Oeste,Racing de Cordoba vs Ferro Carril Oeste,Ar2,Over,True,False,0,0,,,,1.4,2.75,1.4
2026-05-30,2026-05-30,over_under_25,Juventude,América Mineiro,Juventude vs América Mineiro,Br2,Under,True,False,3,0,,,,1.5,2.55,2.55
2026-05-30,2026-05-30,over_under_25,Eastern Suburbs (NZL),Auckland City,Eastern Suburbs (NZL) vs Auckland City,Nz2,Over,True,False,0,0,,,,1.8,2.0,1.8
2026-05-30,2026-05-30,over_under_25,Sparta Katowice,Stal Jasień,Sparta Katowice vs Stal Jasień,Pl4,Over,True,True,3,0,,,,,,
2026-05-30,2026-05-30,over_under_25,Westchester SC,Tormenta,Westchester SC vs Tormenta,Us4,Under,False,,,,,,,,,
2026-05-30,2026-05-30,over_under_25,Univ de Concepcion,Unión La Calera,Univ de Concepcion vs Unión La Calera,Cl1,Over,True,False,0,0,,,,1.77,2.0,1.77
2026-05-30,2026-05-30,over_under_25,Dakota,Britannia,Dakota vs Britannia,Aw1,Over,True,False,0,1,,,,,,
2026-05-30,2026-05-30,over_under_25,Atlético FC,Millonarios,Atlético FC vs Millonarios,CoC,Over,True,True,1,8,,,,2.5,1.5,2.5
2026-05-30,2026-05-30,over_under_25,Napier City Rovers,Island Bay United,Napier City Rovers vs Island Bay United,Nz2,Over,True,True,3,0,,,,,,
2026-05-30,2026-05-30,over_under_25,Ballard,Midlakes United,Ballard vs Midlakes United,Us4,Over,True,False,2,0,,,,,,
2026-05-30,2026-05-30,over_under_25,Nadroga FC,Ba FC,Nadroga FC vs Ba FC,Fj1,Over,True,True,0,3,,,,,,
2026-05-30,2026-05-30,over_under_25,Hume City FC,South Melbourne,Hume City FC vs South Melbourne,AuV,Over,True,False,1,1,,,,2.6,1.45,2.6
2026-05-30,2026-05-30,over_under_25,South Hobart,Launceston United,South Hobart vs Launceston United,AuT,Over,True,True,4,1,,,,,,
2026-05-30,2026-05-30,over_under_25,Cooks Hill United,Valentine Phoenix,Cooks Hill United vs Valentine Phoenix,AuN,Over,False,,,,,,,,,
2026-05-30,2026-05-30,over_under_25,Edgeworth Eagles,Kahibah,Edgeworth Eagles vs Kahibah,AuN,Over,False,,,,,,,,,
2026-05-30,2026-05-30,over_under_25,New Jersey Copa,Hudson Valley Hammers,New Jersey Copa vs Hudson Valley Hammers,Us4,Over,True,True,2,4,,,,,,
2026-05-30,2026-05-30,over_under_25,Bunnies Gunma White Star W,Diavorosso Hiroshima W,Bunnies Gunma White Star W vs Diavorosso Hiroshima W,JpW3,Under,True,True,0,1,,,,1.53,2.25,2.25
2026-05-30,2026-05-30,over_under_25,Renofa Yamaguchi W,Nankatsu W,Renofa Yamaguchi W vs Nankatsu W,JpW3,Under,True,True,2,0,,,,1.61,2.1,2.1
2026-05-30,2026-05-30,over_under_25,Devonport City,Ulverstone,Devonport City vs Ulverstone,AuT,Over,True,False,1,0,,,,,,
2026-05-30,2026-05-30,over_under_25,Sanfrecce,Kawasaki Frontale,Sanfrecce vs Kawasaki Frontale,Jp1,Over,True,True,2,1,,,,,,
2026-05-30,2026-05-30,over_under_25,Nagoya Grampus,Machida Zelvia,Nagoya Grampus vs Machida Zelvia,Jp1,Over,True,True,2,2,,,,,,
2026-05-30,2026-05-30,over_under_25,Vissel Kobe,Kashima Antlers,Vissel Kobe vs Kashima Antlers,Jp1,Under,True,False,5,0,,,,,,
2026-05-30,2026-05-30,over_under_25,University of NSW,Wollongong FC,University of NSW vs Wollongong FC,AuN,Under,True,True,1,0,,,,2.0,1.73,1.73
2026-05-30,2026-05-30,over_under_25,Avondale FC,Bentleigh Greens,Avondale FC vs Bentleigh Greens,AuV,Over,True,True,4,0,,,,2.35,1.55,2.35
2026-05-30,2026-05-30,over_under_25,Melbourne City II,Dandenong City,Melbourne City II vs Dandenong City,AuV,Over,True,False,0,1,,,,2.0,1.73,2.0
2026-05-30,2026-05-30,over_under_25,Gold Coast United,Peninsula Power,Gold Coast United vs Peninsula Power,AuQ,Over,True,True,0,4,,,,2.85,1.38,2.85
2026-05-30,2026-05-30,over_under_25,Jeonbuk Motors II,Busan Kyotong,Jeonbuk Motors II vs Busan Kyotong,Kr3,Under,True,False,1,2,,,,2.95,1.36,1.36
2026-05-30,2026-05-30,over_under_25,Gangneung City,Changwon City,Gangneung City vs Changwon City,Kr3,Under,True,True,0,1,,,,1.6,2.05,2.05
2026-05-30,2026-05-30,over_under_25,SKA-Khabarovsk-2,Rodina-M Moscow,SKA-Khabarovsk-2 vs Rodina-M Moscow,Ru4,Over,True,False,0,2,,,,1.7,2.1,1.7
2026-05-31,2026-05-31,1x2,Defensores de Cambaceres,Centro Español,Defensores de Cambaceres vs Centro Español,Ar4,2,True,False,1,1,2.62,2.7,2.75,,,2.75
2026-05-31,2026-05-31,1x2,Charleston Battery,Detroit City FC,Charleston Battery vs Detroit City FC,Us2,1,True,True,2,0,1.91,3.2,3.5,,,1.91
2026-05-31,2026-05-31,1x2,Colón,Miramar Misiones,Colón vs Miramar Misiones,Uy2,X,True,False,1,3,2.2,3.1,3.0,,,3.1
2026-05-31,2026-05-31,1x2,Pacific,Atlético Ottawa,Pacific vs Atlético Ottawa,Ca1,2,True,False,2,2,3.4,3.5,1.91,,,1.91
2026-05-31,2026-05-31,1x2,Portuguesa RJ,America RJ,Portuguesa RJ vs America RJ,Br4,1,True,False,2,2,1.42,3.5,8.0,,,1.42
2026-05-31,2026-05-31,1x2,Sampaio Corrêa RJ,Velo Clube,Sampaio Corrêa RJ vs Velo Clube,Br4,X,True,False,1,0,2.45,2.88,2.8,,,2.88
2026-05-31,2026-05-31,1x2,Blackwatch Rush,Seacoast Utd Phantoms,Blackwatch Rush vs Seacoast Utd Phantoms,Us4,2,True,False,2,1,,,,,,
2026-05-31,2026-05-31,1x2,Inter Gainesville,Sporting Jax 2,Inter Gainesville vs Sporting Jax 2,Us4,2,True,False,1,0,,,,,,
2026-05-31,2026-05-31,1x2,AC Connecticut,Boston City,AC Connecticut vs Boston City,Us4,1,True,True,4,0,1.5,5.0,4.5,,,1.5
2026-05-31,2026-05-31,1x2,Sport Boys,CD Comerciantes,Sport Boys vs CD Comerciantes,Pe1,X,True,False,1,0,1.9,3.2,4.2,,,3.2
2026-05-31,2026-05-31,1x2,Caxias RS,Ituano SP,Caxias RS vs Ituano SP,Br3,1,True,True,2,1,1.8,3.1,4.2,,,1.8
2026-05-31,2026-05-31,1x2,General Caballero JLM,Paraguari,General Caballero JLM vs Paraguari,Py2,1,True,True,3,2,1.25,4.5,10.0,,,1.25
2026-05-31,2026-05-31,1x2,Portland Hearts of Pine,Spokane Velocity,Portland Hearts of Pine vs Spokane Velocity,Us4,X,True,False,2,1,2.45,3.4,2.45,,,3.4
2026-05-31,2026-05-31,1x2,Asheville City,Port City,Asheville City vs Port City,Us4,1,True,True,3,0,,,,,,
2026-05-31,2026-05-31,1x2,Morris Elite,Manhattan,Morris Elite vs Manhattan,Us4,2,True,True,0,4,2.3,3.9,2.35,,,2.35
2026-05-31,2026-05-31,1x2,WV Alliance FC,Toledo Villa,WV Alliance FC vs Toledo Villa,Us4,1,True,True,3,1,,,,,,
2026-05-31,2026-05-31,1x2,Santos,Vitória,Santos vs Vitória,Br1,1,True,True,3,1,1.73,3.6,5.0,,,1.73
2026-05-31,2026-05-31,1x2,Indy Eleven,Rhode Island,Indy Eleven vs Rhode Island,Us2,1,True,True,1,0,2.55,3.3,2.38,,,2.55
2026-05-31,2026-05-31,1x2,Hartford Athletic,New Mexico United,Hartford Athletic vs New Mexico United,Us2,1,True,False,0,0,1.8,3.6,3.5,,,1.8
2026-05-31,2026-05-31,1x2,Pittsburgh Riverhounds,Miami FC II,Pittsburgh Riverhounds vs Miami FC II,Us2,1,True,True,2,0,1.85,3.5,3.3,,,1.85
2026-05-31,2026-05-31,1x2,Louisville City,Tampa Bay Rowdies,Louisville City vs Tampa Bay Rowdies,Us2,2,True,True,0,2,1.85,3.5,3.3,,,3.3
2026-05-31,2026-05-31,1x2,Galvez AC,Porto Velho,Galvez AC vs Porto Velho,Br4,2,True,True,2,6,1.73,3.6,5.0,,,5.0
2026-05-31,2026-05-31,1x2,São Raimundo RR,GAS RR,São Raimundo RR vs GAS RR,Br4,1,True,True,4,0,1.5,3.6,6.0,,,1.5
2026-05-31,2026-05-31,1x2,Tucumán Central,Defensores Pto. Vilelas,Tucumán Central vs Defensores Pto. Vilelas,Ar3,1,True,True,2,0,1.83,3.0,4.1,,,1.83
2026-05-31,2026-05-31,1x2,Sportivo Belgrano,Gimnasia Chivilcoy,Sportivo Belgrano vs Gimnasia Chivilcoy,Ar3,2,True,False,1,0,1.8,2.87,4.5,,,4.5
2026-05-31,2026-05-31,1x2,Sportivo Las Parejas,Escobar FC,Sportivo Las Parejas vs Escobar FC,Ar3,X,True,False,1,0,2.62,2.7,2.75,,,2.7
2026-05-31,2026-05-31,1x2,Richmond Kickers,Athletic Club Boise,Richmond Kickers vs Athletic Club Boise,Us4,1,True,False,2,2,3.25,3.4,2.05,,,3.25
2026-05-31,2026-05-31,1x2,Chattanooga RW,Charlotte Independence,Chattanooga RW vs Charlotte Independence,Us4,2,True,True,2,3,2.2,3.6,2.62,,,2.62
2026-05-31,2026-05-31,1x2,Cleveland Force,Riverhounds II,Cleveland Force vs Riverhounds II,Us4,2,True,True,3,4,,,,,,
2026-05-31,2026-05-31,1x2,Flint City Bucks,Kalamazoo FC,Flint City Bucks vs Kalamazoo FC,Us4,1,True,True,7,0,1.38,5.0,5.25,,,1.38
2026-05-31,2026-05-31,1x2,SC United Bantams,North Carolina II,SC United Bantams vs North Carolina II,Us4,2,True,False,3,1,,,,,,
2026-05-31,2026-05-31,1x2,Carolina Dynamo,Charlotte Eagles,Carolina Dynamo vs Charlotte Eagles,Us4,2,True,False,1,1,,,,,,
2026-05-31,2026-05-31,1x2,Appalachian,Wake,Appalachian vs Wake,Us4,1,True,False,1,2,,,,,,
2026-05-31,2026-05-31,1x2,Eagle FC,Reading United AC,Eagle FC vs Reading United AC,Us4,1,True,False,0,3,,,,,,
2026-05-31,2026-05-31,over_under_25,Defensores de Cambaceres,Centro Español,Defensores de Cambaceres vs Centro Español,Ar4,Under,True,True,1,1,,,,1.35,3.0,3.0
2026-05-31,2026-05-31,over_under_25,Charleston Battery,Detroit City FC,Charleston Battery vs Detroit City FC,Us2,Under,True,True,2,0,,,,1.77,1.95,1.95
2026-05-31,2026-05-31,over_under_25,Colón,Miramar Misiones,Colón vs Miramar Misiones,Uy2,Under,True,False,1,3,,,,1.55,2.35,2.35
2026-05-31,2026-05-31,over_under_25,Pacific,Atlético Ottawa,Pacific vs Atlético Ottawa,Ca1,Under,True,False,2,2,,,,1.95,1.8,1.8
2026-05-31,2026-05-31,over_under_25,Portuguesa RJ,America RJ,Portuguesa RJ vs America RJ,Br4,Over,True,True,2,2,,,,1.65,2.0,1.65
2026-05-31,2026-05-31,over_under_25,Sampaio Corrêa RJ,Velo Clube,Sampaio Corrêa RJ vs Velo Clube,Br4,Under,True,True,1,0,,,,1.48,2.3,2.3
2026-05-31,2026-05-31,over_under_25,Blackwatch Rush,Seacoast Utd Phantoms,Blackwatch Rush vs Seacoast Utd Phantoms,Us4,Over,True,True,2,1,,,,,,
2026-05-31,2026-05-31,over_under_25,Inter Gainesville,Sporting Jax 2,Inter Gainesville vs Sporting Jax 2,Us4,Under,True,True,1,0,,,,,,
2026-05-31,2026-05-31,over_under_25,AC Connecticut,Boston City,AC Connecticut vs Boston City,Us4,Over,True,True,4,0,,,,,,
2026-05-31,2026-05-31,over_under_25,Sport Boys,CD Comerciantes,Sport Boys vs CD Comerciantes,Pe1,Under,True,True,1,0,,,,1.62,2.25,2.25
2026-05-31,2026-05-31,over_under_25,Caxias RS,Ituano SP,Caxias RS vs Ituano SP,Br3,Over,True,True,2,1,,,,1.5,2.45,1.5
2026-05-31,2026-05-31,over_under_25,General Caballero JLM,Paraguari,General Caballero JLM vs Paraguari,Py2,Under,True,False,3,2,,,,2.0,1.73,1.73
2026-05-31,2026-05-31,over_under_25,Portland Hearts of Pine,Spokane Velocity,Portland Hearts of Pine vs Spokane Velocity,Us4,Under,True,False,2,1,,,,1.85,1.95,1.95
2026-05-31,2026-05-31,over_under_25,Asheville City,Port City,Asheville City vs Port City,Us4,Under,True,False,3,0,,,,,,
2026-05-31,2026-05-31,over_under_25,Morris Elite,Manhattan,Morris Elite vs Manhattan,Us4,Over,True,True,0,4,,,,,,
2026-05-31,2026-05-31,over_under_25,WV Alliance FC,Toledo Villa,WV Alliance FC vs Toledo Villa,Us4,Under,True,False,3,1,,,,,,
2026-05-31,2026-05-31,over_under_25,Santos,Vitória,Santos vs Vitória,Br1,Over,True,True,3,1,,,,1.77,2.0,1.77
2026-05-31,2026-05-31,over_under_25,Indy Eleven,Rhode Island,Indy Eleven vs Rhode Island,Us2,Over,True,False,1,0,,,,1.95,1.77,1.95
2026-05-31,2026-05-31,over_under_25,Hartford Athletic,New Mexico United,Hartford Athletic vs New Mexico United,Us2,Over,True,False,0,0,,,,2.05,1.7,2.05
2026-05-31,2026-05-31,over_under_25,Pittsburgh Riverhounds,Miami FC II,Pittsburgh Riverhounds vs Miami FC II,Us2,Under,True,True,2,0,,,,2.05,1.7,1.7
2026-05-31,2026-05-31,over_under_25,Louisville City,Tampa Bay Rowdies,Louisville City vs Tampa Bay Rowdies,Us2,Under,True,True,0,2,,,,2.05,1.7,1.7
2026-05-31,2026-05-31,over_under_25,Galvez AC,Porto Velho,Galvez AC vs Porto Velho,Br4,Over,True,True,2,6,,,,1.77,2.0,1.77
2026-05-31,2026-05-31,over_under_25,São Raimundo RR,GAS RR,São Raimundo RR vs GAS RR,Br4,Under,True,False,4,0,,,,1.9,1.73,1.73
2026-05-31,2026-05-31,over_under_25,Tucumán Central,Defensores Pto. Vilelas,Tucumán Central vs Defensores Pto. Vilelas,Ar3,Under,True,True,2,0,,,,1.52,2.34,2.34
2026-05-31,2026-05-31,over_under_25,Sportivo Belgrano,Gimnasia Chivilcoy,Sportivo Belgrano vs Gimnasia Chivilcoy,Ar3,Under,True,True,1,0,,,,1.46,2.33,2.33
2026-05-31,2026-05-31,over_under_25,Sportivo Las Parejas,Escobar FC,Sportivo Las Parejas vs Escobar FC,Ar3,Under,True,True,1,0,,,,1.35,3.0,3.0
2026-05-31,2026-05-31,over_under_25,Richmond Kickers,Athletic Club Boise,Richmond Kickers vs Athletic Club Boise,Us4,Under,True,False,2,2,,,,1.95,1.85,1.85
2026-05-31,2026-05-31,over_under_25,Chattanooga RW,Charlotte Independence,Chattanooga RW vs Charlotte Independence,Us4,Over,True,True,2,3,,,,1.86,1.78,1.86
2026-05-31,2026-05-31,over_under_25,Cleveland Force,Riverhounds II,Cleveland Force vs Riverhounds II,Us4,Over,True,True,3,4,,,,,,
2026-05-31,2026-05-31,over_under_25,Flint City Bucks,Kalamazoo FC,Flint City Bucks vs Kalamazoo FC,Us4,Over,True,True,7,0,,,,,,
2026-05-31,2026-05-31,over_under_25,SC United Bantams,North Carolina II,SC United Bantams vs North Carolina II,Us4,Over,True,True,3,1,,,,,,
2026-05-31,2026-05-31,over_under_25,Carolina Dynamo,Charlotte Eagles,Carolina Dynamo vs Charlotte Eagles,Us4,Over,True,False,1,1,,,,,,
2026-05-31,2026-05-31,over_under_25,Appalachian,Wake,Appalachian vs Wake,Us4,Under,True,False,1,2,,,,,,
2026-05-31,2026-05-31,over_under_25,Eagle FC,Reading United AC,Eagle FC vs Reading United AC,Us4,Under,True,False,0,3,,,,,,
2026-06-01,2026-06-01,1x2,Cienciano,Sporting Cristal,Cienciano vs Sporting Cristal,Pe1,1,True,True,3,2,1.62,4.0,4.75,,,1.62
2026-06-01,2026-06-01,1x2,San Martín Burzaco,Arsenal Sarandi,San Martín Burzaco vs Arsenal Sarandi,Ar3,X,True,False,2,0,2.9,2.7,2.45,,,2.7
2026-06-01,2026-06-01,1x2,Estudiantes Solito,Atl. Deportivo,Estudiantes Solito vs Atl. Deportivo,Aw1,2,True,False,3,2,,,,,,
2026-06-01,2026-06-01,1x2,EC São José,Independente FSJ,EC São José vs Independente FSJ,Br4,2,True,False,1,0,2.0,3.1,3.4,,,3.4
2026-06-01,2026-06-01,1x2,Chicago Dutch Lions,Edgewater Castle,Chicago Dutch Lions vs Edgewater Castle,Us4,2,True,False,2,1,2.37,3.5,2.45,,,2.45
2026-06-01,2026-06-01,1x2,Marin,Academica SC,Marin vs Academica SC,Us4,2,True,False,5,3,2.45,3.4,2.4,,,2.4
2026-06-01,2026-06-01,1x2,Westchester Flames,Staten Island Athletic,Westchester Flames vs Staten Island Athletic,Us4,1,True,False,1,3,2.55,3.8,2.15,,,2.55
2026-06-01,2026-06-01,1x2,CS Emelec,Univ Católica Quito,CS Emelec vs Univ Católica Quito,Ec1,1,True,True,1,0,2.62,3.2,2.62,,,2.62
2026-06-01,2026-06-01,1x2,Cruzeiro,Fluminense,Cruzeiro vs Fluminense,Br1,2,True,False,1,1,1.91,3.4,4.33,,,4.33
2026-06-01,2026-06-01,1x2,Remo PA,São Paulo,Remo PA vs São Paulo,Br1,2,True,False,1,0,3.1,3.25,2.35,,,2.35
2026-06-01,2026-06-01,1x2,Cuiabá,CRB AL,Cuiabá vs CRB AL,Br2,2,True,False,2,0,2.25,2.9,3.5,,,3.5
2026-06-01,2026-06-01,1x2,Figueirense,Paysandu,Figueirense vs Paysandu,Br3,2,True,False,2,1,2.0,3.3,3.4,,,3.4
2026-06-01,2026-06-01,1x2,Virginia Marauders,Hill City,Virginia Marauders vs Hill City,Us4,2,True,True,1,5,,,,,,
2026-06-01,2026-06-01,1x2,Palestino,Audax Italiano,Palestino vs Audax Italiano,Cl1,1,True,False,0,0,1.85,3.7,3.75,,,1.85
2026-06-01,2026-06-01,1x2,Oriental (URU),Tacuarembó FC,Oriental (URU) vs Tacuarembó FC,Uy2,X,True,False,2,0,2.75,2.9,2.45,,,2.9
2026-06-01,2026-06-01,1x2,Caravel,Nacional,Caravel vs Nacional,Aw1,2,True,True,1,3,,,,,,
2026-06-01,2026-06-01,1x2,Scherpenheuvel,Inter Willemstad,Scherpenheuvel vs Inter Willemstad,Cw1,1,True,False,0,1,,,,,,
2026-06-01,2026-06-01,1x2,RKC,Rockford Raptors,RKC vs Rockford Raptors,Us4,1,True,False,0,2,1.25,5.8,7.5,,,1.25
2026-06-01,2026-06-01,1x2,Oly Town,Ballard,Oly Town vs Ballard,Us4,2,True,True,1,2,,,,,,
2026-06-01,2026-06-01,1x2,Northern AFC,Coastal Spirit,Northern AFC vs Coastal Spirit,Nz2,2,True,True,1,2,3.6,4.33,1.66,,,1.66
2026-06-01,2026-06-01,1x2,Albion Colorado,Flatirons Rush,Albion Colorado vs Flatirons Rush,Us4,1,True,True,3,2,,,,,,
2026-06-01,2026-06-01,1x2,Yarud Mariupol,Viktoriya Mykolaivka,Yarud Mariupol vs Viktoriya Mykolaivka,Ua2,X,True,False,2,0,1.93,2.95,3.6,,,2.95
2026-06-01,2026-06-01,1x2,FC Ahrobiznes,Chernihiv,FC Ahrobiznes vs Chernihiv,Ua2,1,True,True,1,0,2.08,3.16,3.04,,,2.08
2026-06-01,2026-06-01,1x2,Inhulets Petrove,Livyi Bereh Kyiv,Inhulets Petrove vs Livyi Bereh Kyiv,Ua2,2,True,True,1,3,5.75,3.8,1.48,,,1.48
2026-06-01,2026-06-01,1x2,UCSA,Niva Ternopil,UCSA vs Niva Ternopil,Ua2,1,True,True,3,0,2.37,2.9,2.8,,,2.37
2026-06-01,2026-06-01,1x2,Chernomorets Od,Metalist Kharkov,Chernomorets Od vs Metalist Kharkov,Ua2,1,True,True,1,0,1.3,4.5,8.5,,,1.3
2026-06-01,2026-06-01,1x2,Probiy Horodenka,Prykarpattya,Probiy Horodenka vs Prykarpattya,Ua2,2,True,True,0,3,2.4,3.1,2.62,,,2.62
2026-06-01,2026-06-01,1x2,Vanraure Hachinohe,Fukushima United,Vanraure Hachinohe vs Fukushima United,Jp3,2,True,True,0,1,1.75,3.2,4.2,,,4.2
2026-06-01,2026-06-01,1x2,France U17,Montenegro U17,France U17 vs Montenegro U17,E17,1,True,True,5,0,1.1,8.4,18.0,,,1.1
2026-06-01,2026-06-01,1x2,Denmark U17,Italy U17,Denmark U17 vs Italy U17,E17,2,True,False,3,3,3.4,3.55,1.99,,,1.99
2026-06-01,2026-06-01,1x2,Kisumu All Stars,Migori Youth,Kisumu All Stars vs Migori Youth,Ke2,2,True,True,0,1,4.1,3.2,1.75,,,1.75
2026-06-01,2026-06-01,1x2,3K,FC Talanta,3K vs FC Talanta,Ke2,X,True,False,3,2,,,,,,
2026-06-01,2026-06-01,1x2,Gucha Stars,Darajani Gogo,Gucha Stars vs Darajani Gogo,Ke2,X,True,False,2,1,,,,,,
2026-06-01,2026-06-01,over_under_25,Cienciano,Sporting Cristal,Cienciano vs Sporting Cristal,Pe1,Over,True,True,3,2,,,,2.15,1.67,2.15
2026-06-01,2026-06-01,over_under_25,San Martín Burzaco,Arsenal Sarandi,San Martín Burzaco vs Arsenal Sarandi,Ar3,Under,True,True,2,0,,,,1.38,2.85,2.85
2026-06-01,2026-06-01,over_under_25,Estudiantes Solito,Atl. Deportivo,Estudiantes Solito vs Atl. Deportivo,Aw1,Over,True,True,3,2,,,,,,
2026-06-01,2026-06-01,over_under_25,EC São José,Independente FSJ,EC São José vs Independente FSJ,Br4,Under,True,True,1,0,,,,1.65,2.15,2.15
2026-06-01,2026-06-01,over_under_25,Chicago Dutch Lions,Edgewater Castle,Chicago Dutch Lions vs Edgewater Castle,Us4,Under,True,False,2,1,,,,,,
2026-06-01,2026-06-01,over_under_25,Marin,Academica SC,Marin vs Academica SC,Us4,Over,True,True,5,3,,,,,,
2026-06-01,2026-06-01,over_under_25,Westchester Flames,Staten Island Athletic,Westchester Flames vs Staten Island Athletic,Us4,Over,True,True,1,3,,,,,,
2026-06-01,2026-06-01,over_under_25,CS Emelec,Univ Católica Quito,CS Emelec vs Univ Católica Quito,Ec1,Over,True,False,1,0,,,,1.77,2.02,1.77
2026-06-01,2026-06-01,over_under_25,Cruzeiro,Fluminense,Cruzeiro vs Fluminense,Br1,Over,True,False,1,1,,,,1.65,2.2,1.65
2026-06-01,2026-06-01,over_under_25,Remo PA,São Paulo,Remo PA vs São Paulo,Br1,Under,True,True,1,0,,,,1.7,2.1,2.1
2026-06-01,2026-06-01,over_under_25,Cuiabá,CRB AL,Cuiabá vs CRB AL,Br2,Under,True,True,2,0,,,,1.45,2.7,2.7
2026-06-01,2026-06-01,over_under_25,Figueirense,Paysandu,Figueirense vs Paysandu,Br3,Over,True,True,2,1,,,,1.65,2.15,1.65
2026-06-01,2026-06-01,over_under_25,Virginia Marauders,Hill City,Virginia Marauders vs Hill City,Us4,Under,True,False,1,5,,,,,,
2026-06-01,2026-06-01,over_under_25,Palestino,Audax Italiano,Palestino vs Audax Italiano,Cl1,Over,True,False,0,0,,,,1.8,1.93,1.8
2026-06-01,2026-06-01,over_under_25,Oriental (URU),Tacuarembó FC,Oriental (URU) vs Tacuarembó FC,Uy2,Under,True,True,2,0,,,,1.5,2.45,2.45
2026-06-01,2026-06-01,over_under_25,Caravel,Nacional,Caravel vs Nacional,Aw1,Over,True,True,1,3,,,,,,
2026-06-01,2026-06-01,over_under_25,Scherpenheuvel,Inter Willemstad,Scherpenheuvel vs Inter Willemstad,Cw1,Over,True,False,0,1,,,,,,
2026-06-01,2026-06-01,over_under_25,RKC,Rockford Raptors,RKC vs Rockford Raptors,Us4,Over,True,False,0,2,,,,,,
2026-06-01,2026-06-01,over_under_25,Oly Town,Ballard,Oly Town vs Ballard,Us4,Over,True,True,1,2,,,,,,
2026-06-01,2026-06-01,over_under_25,Northern AFC,Coastal Spirit,Northern AFC vs Coastal Spirit,Nz2,Under,True,False,1,2,,,,2.45,1.44,1.44
2026-06-01,2026-06-01,over_under_25,Albion Colorado,Flatirons Rush,Albion Colorado vs Flatirons Rush,Us4,Under,True,False,3,2,,,,,,
2026-06-01,2026-06-01,over_under_25,Yarud Mariupol,Viktoriya Mykolaivka,Yarud Mariupol vs Viktoriya Mykolaivka,Ua2,Under,True,True,2,0,,,,1.6,2.17,2.17
2026-06-01,2026-06-01,over_under_25,FC Ahrobiznes,Chernihiv,FC Ahrobiznes vs Chernihiv,Ua2,Under,True,True,1,0,,,,1.75,1.97,1.97
2026-06-01,2026-06-01,over_under_25,Inhulets Petrove,Livyi Bereh Kyiv,Inhulets Petrove vs Livyi Bereh Kyiv,Ua2,Under,True,False,1,3,,,,1.84,1.86,1.86
2026-06-01,2026-06-01,over_under_25,UCSA,Niva Ternopil,UCSA vs Niva Ternopil,Ua2,Over,True,True,3,0,,,,1.51,2.36,1.51
2026-06-01,2026-06-01,over_under_25,Chernomorets Od,Metalist Kharkov,Chernomorets Od vs Metalist Kharkov,Ua2,Under,True,True,1,0,,,,1.87,1.81,1.81
2026-06-01,2026-06-01,over_under_25,Probiy Horodenka,Prykarpattya,Probiy Horodenka vs Prykarpattya,Ua2,Under,True,False,0,3,,,,1.77,1.94,1.94
2026-06-01,2026-06-01,over_under_25,Vanraure Hachinohe,Fukushima United,Vanraure Hachinohe vs Fukushima United,Jp3,Under,True,True,0,1,,,,1.8,2.0,2.0
2026-06-01,2026-06-01,over_under_25,France U17,Montenegro U17,France U17 vs Montenegro U17,E17,Over,True,True,5,0,,,,,,
2026-06-01,2026-06-01,over_under_25,Denmark U17,Italy U17,Denmark U17 vs Italy U17,E17,Under,True,False,3,3,,,,,,
2026-06-01,2026-06-01,over_under_25,Kisumu All Stars,Migori Youth,Kisumu All Stars vs Migori Youth,Ke2,Under,True,True,0,1,,,,,,
2026-06-01,2026-06-01,over_under_25,3K,FC Talanta,3K vs FC Talanta,Ke2,Under,True,False,3,2,,,,,,
2026-06-01,2026-06-01,over_under_25,Gucha Stars,Darajani Gogo,Gucha Stars vs Darajani Gogo,Ke2,Under,True,False,2,1,,,,,,
2026-06-02,2026-06-02,1x2,Ponte Preta,Botafogo SP,Ponte Preta vs Botafogo SP,Br2,X,True,True,0,0,3.1,2.9,2.5,,,2.9
2026-06-02,2026-06-02,1x2,Leones del Norte,Macará,Leones del Norte vs Macará,Ec1,X,True,True,1,1,2.75,2.9,2.7,,,2.9
2026-06-02,2026-06-02,1x2,Peñarol,Central Español,Peñarol vs Central Español,Uy1,1,True,False,0,1,1.42,4.75,6.5,,,1.42
2026-06-02,2026-06-02,1x2,Barra,Brusque FC SC,Barra vs Brusque FC SC,Br3,2,True,False,2,2,1.95,3.1,3.9,,,3.9
2026-06-02,2026-06-02,1x2,Curicó Unido,Antofagasta,Curicó Unido vs Antofagasta,Cl2,2,True,False,1,0,2.75,3.4,2.15,,,2.15
2026-06-02,2026-06-02,1x2,Deportes Santa Cruz,Deportes Copiapó,Deportes Santa Cruz vs Deportes Copiapó,Cl2,2,True,False,1,1,2.15,3.1,3.1,,,3.1
2026-06-02,2026-06-02,1x2,Maguary PE,Sousa PB,Maguary PE vs Sousa PB,Br4,2,True,False,2,0,1.95,3.1,3.9,,,3.9
2026-06-02,2026-06-02,1x2,Marcilio Dias SC,Azuriz FC PR,Marcilio Dias SC vs Azuriz FC PR,Br4,1,True,False,0,1,1.95,3.1,3.9,,,1.95
2026-06-02,2026-06-02,1x2,Univ de Vinto,Aurora FC,Univ de Vinto vs Aurora FC,Bo1,X,True,False,1,2,2.5,3.4,2.55,,,3.4
2026-06-02,2026-06-02,1x2,Tecnico,Barcelona SC,Tecnico vs Barcelona SC,Ec1,2,True,False,1,0,3.1,3.1,2.25,,,2.25
2026-06-02,2026-06-02,1x2,Estrella,Jong Aruba,Estrella vs Jong Aruba,Aw1,1,True,False,0,4,,,,,,
2026-06-02,2026-06-02,1x2,Stars FC,Seahorses,Stars FC vs Seahorses,Us4,2,True,False,2,1,2.3,3.9,2.37,,,2.37
2026-06-02,2026-06-02,1x2,Quang Ngai,Vĩnh Long,Quang Ngai vs Vĩnh Long,Vn3,1,True,True,3,0,4.1,3.25,1.75,,,4.1
2026-06-02,2026-06-02,1x2,Mê Kông Cần Thơ,Dak Lak FC,Mê Kông Cần Thơ vs Dak Lak FC,Vn3,2,True,False,1,1,4.1,3.25,1.75,,,1.75
2026-06-02,2026-06-02,1x2,Tay Ninh,Lam Dong,Tay Ninh vs Lam Dong,Vn3,X,True,False,0,2,4.1,3.25,1.75,,,3.25
2026-06-02,2026-06-02,1x2,Cong An Ha Noi II,FC Hue,Cong An Ha Noi II vs FC Hue,Vn3,2,True,True,1,3,6.5,3.6,1.44,,,1.44
2026-06-02,2026-06-02,1x2,TDTT Hà Tĩnh,Ha Noi II,TDTT Hà Tĩnh vs Ha Noi II,Vn3,2,True,True,0,1,4.5,3.4,1.66,,,1.66
2026-06-02,2026-06-02,1x2,WDSC Wolves FC,Brisbane Roar U21,WDSC Wolves FC vs Brisbane Roar U21,AuQ,1,True,True,2,1,1.5,4.5,4.5,,,1.5
2026-06-02,2026-06-02,1x2,Metalurh Zaporizhzhia,Bukovyna,Metalurh Zaporizhzhia vs Bukovyna,Ua2,2,True,True,0,4,12.6,9.44,1.07,,,1.07
2026-06-02,2026-06-02,1x2,PVF Vietnam,Da Nang II,PVF Vietnam vs Da Nang II,Vn3,1,True,False,1,1,3.1,3.1,2.15,,,3.1
2026-06-02,2026-06-02,1x2,Podbeskidzie,Śląsk Wrocław II,Podbeskidzie vs Śląsk Wrocław II,Pl3,X,True,False,2,1,1.45,4.33,5.0,,,4.33
2026-06-02,2026-06-02,1x2,Gantaalaha,Jubba,Gantaalaha vs Jubba,So1,1,True,False,0,1,,,,,,
2026-06-02,2026-06-02,1x2,Mes Soongoun,Niroye Zamini,Mes Soongoun vs Niroye Zamini,Ir2,X,True,False,1,0,1.75,3.6,3.7,,,3.6
2026-06-02,2026-06-02,1x2,Sorkhpooshan Pakdasht,Navad Urmia,Sorkhpooshan Pakdasht vs Navad Urmia,Ir2,1,True,True,2,0,1.67,3.0,5.5,,,1.67
2026-06-02,2026-06-02,1x2,Fard Alborz,Mes Kerman,Fard Alborz vs Mes Kerman,Ir2,X,True,False,0,2,2.2,2.62,3.5,,,2.62
2026-06-02,2026-06-02,1x2,Mes Shahr-e Babak,Sanat Naft AC,Mes Shahr-e Babak vs Sanat Naft AC,Ir2,X,True,False,2,0,2.25,2.6,3.6,,,2.6
2026-06-02,2026-06-02,1x2,Nassaji Mazandaran,Damash Gilan,Nassaji Mazandaran vs Damash Gilan,Ir2,1,True,True,2,0,1.17,6.25,12.0,,,1.17
2026-06-02,2026-06-02,1x2,Al Hilal Al Sudani,Ahli Wad Madani,Al Hilal Al Sudani vs Ahli Wad Madani,Sd1,1,True,True,2,0,,,,,,
2026-06-02,2026-06-02,1x2,Hilal Al Fasher,Alfalah Atbra,Hilal Al Fasher vs Alfalah Atbra,Sd1,1,True,True,3,0,,,,,,
2026-06-02,2026-06-02,1x2,Olimpia Grudziadz,Sandecja,Olimpia Grudziadz vs Sandecja,Pl3,X,True,False,1,2,2.0,3.3,3.2,,,3.3
2026-06-02,2026-06-02,1x2,Ario Eslamshahr,Shahrdari Noshahr,Ario Eslamshahr vs Shahrdari Noshahr,Ir2,X,True,True,1,1,2.0,2.62,4.33,,,2.62
2026-06-02,2026-06-02,1x2,AS Mangasport,US Bitam,AS Mangasport vs US Bitam,Ga1,1,True,False,1,2,,,,,,
2026-06-02,2026-06-02,1x2,Vautour Club,Ogooue,Vautour Club vs Ogooue,Ga1,2,True,False,1,1,,,,,,
2026-06-02,2026-06-02,1x2,US Oyem,Lozo Sport FC,US Oyem vs Lozo Sport FC,Ga1,X,True,False,3,1,,,,,,
2026-06-02,2026-06-02,1x2,Shenavarsazi Qeshm,Saipa Karaj,Shenavarsazi Qeshm vs Saipa Karaj,Ir2,2,True,True,1,2,3.6,2.85,2.22,,,2.22
2026-06-02,2026-06-02,1x2,Kahraba Baghdad,Al-Karma,Kahraba Baghdad vs Al-Karma,Iq1,2,True,True,0,3,3.1,3.2,2.15,,,2.15
2026-06-02,2026-06-02,1x2,Gharraf,Naft Maysan,Gharraf vs Naft Maysan,Iq1,1,True,False,0,2,2.25,3.1,3.1,,,2.25
2026-06-02,2026-06-02,1x2,Arbil FC,Baghdad SC,Arbil FC vs Baghdad SC,Iq1,1,True,True,3,1,1.57,3.8,4.5,,,1.57
2026-06-02,2026-06-02,1x2,Quwa Al Jawiya,Zakho FC,Quwa Al Jawiya vs Zakho FC,Iq1,1,True,True,3,2,1.66,3.4,4.33,,,1.66
2026-06-02,2026-06-02,1x2,Shorta Baghdad,Mina'a Basra,Shorta Baghdad vs Mina'a Basra,Iq1,1,True,False,0,0,1.33,4.75,6.25,,,1.33
2026-06-02,2026-06-02,1x2,Naft Gachsaran,Be'sat Kermanshah,Naft Gachsaran vs Be'sat Kermanshah,Ir2,X,True,True,0,0,2.3,2.75,3.1,,,2.75
2026-06-02,2026-06-02,1x2,Pars Jonoubi Jam,Naft Bandar Abbas,Pars Jonoubi Jam vs Naft Bandar Abbas,Ir2,X,True,True,0,0,2.3,2.78,3.14,,,2.78
2026-06-02,2026-06-02,over_under_25,Ponte Preta,Botafogo SP,Ponte Preta vs Botafogo SP,Br2,Under,True,True,0,0,,,,1.5,2.55,2.55
2026-06-02,2026-06-02,over_under_25,Leones del Norte,Macará,Leones del Norte vs Macará,Ec1,Under,True,True,1,1,,,,1.48,2.37,2.37
2026-06-02,2026-06-02,over_under_25,Peñarol,Central Español,Peñarol vs Central Español,Uy1,Over,True,False,0,1,,,,1.85,1.9,1.85
2026-06-02,2026-06-02,over_under_25,Barra,Brusque FC SC,Barra vs Brusque FC SC,Br3,Under,True,False,2,2,,,,1.55,2.35,2.35
2026-06-02,2026-06-02,over_under_25,Curicó Unido,Antofagasta,Curicó Unido vs Antofagasta,Cl2,Under,True,True,1,0,,,,2.05,1.7,1.7
2026-06-02,2026-06-02,over_under_25,Deportes Santa Cruz,Deportes Copiapó,Deportes Santa Cruz vs Deportes Copiapó,Cl2,Over,True,False,1,1,,,,1.7,2.05,1.7
2026-06-02,2026-06-02,over_under_25,Maguary PE,Sousa PB,Maguary PE vs Sousa PB,Br4,Under,True,True,2,0,,,,1.55,2.35,2.35
2026-06-02,2026-06-02,over_under_25,Marcilio Dias SC,Azuriz FC PR,Marcilio Dias SC vs Azuriz FC PR,Br4,Under,True,True,0,1,,,,1.55,2.35,2.35
2026-06-02,2026-06-02,over_under_25,Univ de Vinto,Aurora FC,Univ de Vinto vs Aurora FC,Bo1,Over,True,True,1,2,,,,2.35,1.55,2.35
2026-06-02,2026-06-02,over_under_25,Tecnico,Barcelona SC,Tecnico vs Barcelona SC,Ec1,Over,True,False,1,0,,,,1.56,2.25,1.56
2026-06-02,2026-06-02,over_under_25,Estrella,Jong Aruba,Estrella vs Jong Aruba,Aw1,Over,True,True,0,4,,,,,,
2026-06-02,2026-06-02,over_under_25,Stars FC,Seahorses,Stars FC vs Seahorses,Us4,Over,True,True,2,1,,,,,,
2026-06-02,2026-06-02,over_under_25,Quang Ngai,Vĩnh Long,Quang Ngai vs Vĩnh Long,Vn3,Over,True,True,3,0,,,,1.85,1.85,1.85
2026-06-02,2026-06-02,over_under_25,Mê Kông Cần Thơ,Dak Lak FC,Mê Kông Cần Thơ vs Dak Lak FC,Vn3,Under,True,True,1,1,,,,1.85,1.85,1.85
2026-06-02,2026-06-02,over_under_25,Tay Ninh,Lam Dong,Tay Ninh vs Lam Dong,Vn3,Under,True,True,0,2,,,,1.85,1.85,1.85
2026-06-02,2026-06-02,over_under_25,Cong An Ha Noi II,FC Hue,Cong An Ha Noi II vs FC Hue,Vn3,Under,True,False,1,3,,,,1.6,2.17,2.17
2026-06-02,2026-06-02,over_under_25,TDTT Hà Tĩnh,Ha Noi II,TDTT Hà Tĩnh vs Ha Noi II,Vn3,Over,True,False,0,1,,,,1.64,2.1,1.64
2026-06-02,2026-06-02,over_under_25,WDSC Wolves FC,Brisbane Roar U21,WDSC Wolves FC vs Brisbane Roar U21,AuQ,Over,True,True,2,1,,,,3.5,1.25,3.5
2026-06-02,2026-06-02,over_under_25,Metalurh Zaporizhzhia,Bukovyna,Metalurh Zaporizhzhia vs Bukovyna,Ua2,Over,True,True,0,4,,,,2.25,1.53,2.25
2026-06-02,2026-06-02,over_under_25,PVF Vietnam,Da Nang II,PVF Vietnam vs Da Nang II,Vn3,Over,True,False,1,1,,,,1.77,1.87,1.77
2026-06-02,2026-06-02,over_under_25,Podbeskidzie,Śląsk Wrocław II,Podbeskidzie vs Śląsk Wrocław II,Pl3,Over,True,True,2,1,,,,2.25,1.5,2.25
2026-06-02,2026-06-02,over_under_25,Gantaalaha,Jubba,Gantaalaha vs Jubba,So1,Under,True,True,0,1,,,,,,
2026-06-02,2026-06-02,over_under_25,Mes Soongoun,Niroye Zamini,Mes Soongoun vs Niroye Zamini,Ir2,Under,True,True,1,0,,,,2.15,1.55,1.55
2026-06-02,2026-06-02,over_under_25,Sorkhpooshan Pakdasht,Navad Urmia,Sorkhpooshan Pakdasht vs Navad Urmia,Ir2,Under,True,True,2,0,,,,1.36,3.0,3.0
2026-06-02,2026-06-02,over_under_25,Fard Alborz,Mes Kerman,Fard Alborz vs Mes Kerman,Ir2,Under,True,True,0,2,,,,1.22,4.0,4.0
2026-06-02,2026-06-02,over_under_25,Mes Shahr-e Babak,Sanat Naft AC,Mes Shahr-e Babak vs Sanat Naft AC,Ir2,Under,True,True,2,0,,,,1.25,3.75,3.75
2026-06-02,2026-06-02,over_under_25,Nassaji Mazandaran,Damash Gilan,Nassaji Mazandaran vs Damash Gilan,Ir2,Over,True,False,2,0,,,,1.95,1.67,1.95
2026-06-02,2026-06-02,over_under_25,Al Hilal Al Sudani,Ahli Wad Madani,Al Hilal Al Sudani vs Ahli Wad Madani,Sd1,Over,True,False,2,0,,,,,,
2026-06-02,2026-06-02,over_under_25,Hilal Al Fasher,Alfalah Atbra,Hilal Al Fasher vs Alfalah Atbra,Sd1,Over,True,True,3,0,,,,,,
2026-06-02,2026-06-02,over_under_25,Olimpia Grudziadz,Sandecja,Olimpia Grudziadz vs Sandecja,Pl3,Over,True,True,1,2,,,,1.95,1.67,1.95
2026-06-02,2026-06-02,over_under_25,Ario Eslamshahr,Shahrdari Noshahr,Ario Eslamshahr vs Shahrdari Noshahr,Ir2,Under,True,True,1,1,,,,1.3,3.4,3.4
2026-06-02,2026-06-02,over_under_25,AS Mangasport,US Bitam,AS Mangasport vs US Bitam,Ga1,Over,True,True,1,2,,,,,,
2026-06-02,2026-06-02,over_under_25,Vautour Club,Ogooue,Vautour Club vs Ogooue,Ga1,Over,True,False,1,1,,,,,,
2026-06-02,2026-06-02,over_under_25,US Oyem,Lozo Sport FC,US Oyem vs Lozo Sport FC,Ga1,Under,True,False,3,1,,,,,,
2026-06-02,2026-06-02,over_under_25,Shenavarsazi Qeshm,Saipa Karaj,Shenavarsazi Qeshm vs Saipa Karaj,Ir2,Over,True,True,1,2,,,,,,
2026-06-02,2026-06-02,over_under_25,Kahraba Baghdad,Al-Karma,Kahraba Baghdad vs Al-Karma,Iq1,Over,True,True,0,3,,,,1.82,1.97,1.82
2026-06-02,2026-06-02,over_under_25,Gharraf,Naft Maysan,Gharraf vs Naft Maysan,Iq1,Over,True,False,0,2,,,,1.54,2.16,1.54
2026-06-02,2026-06-02,over_under_25,Arbil FC,Baghdad SC,Arbil FC vs Baghdad SC,Iq1,Over,True,True,3,1,,,,2.17,1.54,2.17
2026-06-02,2026-06-02,over_under_25,Quwa Al Jawiya,Zakho FC,Quwa Al Jawiya vs Zakho FC,Iq1,Over,True,True,3,2,,,,1.85,1.95,1.85
2026-06-02,2026-06-02,over_under_25,Shorta Baghdad,Mina'a Basra,Shorta Baghdad vs Mina'a Basra,Iq1,Under,True,True,0,0,,,,2.17,1.54,1.54
2026-06-02,2026-06-02,over_under_25,Naft Gachsaran,Be'sat Kermanshah,Naft Gachsaran vs Be'sat Kermanshah,Ir2,Under,True,True,0,0,,,,,,
2026-06-02,2026-06-02,over_under_25,Pars Jonoubi Jam,Naft Bandar Abbas,Pars Jonoubi Jam vs Naft Bandar Abbas,Ir2,Under,True,True,0,0,,,,,,
2026-06-03,2026-06-03,1x2,Deportivo Merlo,Deportivo Laferrere,Deportivo Merlo vs Deportivo Laferrere,Ar3,X,True,False,2,1,2.4,2.7,3.1,,,2.7
2026-06-03,2026-06-03,1x2,Vermont Green,Boston Olympiakos,Vermont Green vs Boston Olympiakos,Us4,1,True,True,5,0,,,,,,
2026-06-03,2026-06-03,1x2,Eagle FC,Delaware FC,Eagle FC vs Delaware FC,Us4,1,True,False,1,3,,,,,,
2026-06-03,2026-06-03,1x2,Nona,The Villages,Nona vs The Villages,Us4,X,True,True,1,1,2.2,3.5,2.7,,,3.5
2026-06-03,2026-06-03,1x2,Fortaleza,Vitória,Fortaleza vs Vitória,BrC,X,True,False,1,2,2.25,3.25,2.88,,,3.25
2026-06-03,2026-06-03,1x2,Texoma,Fort Worth Vaqueros,Texoma vs Fort Worth Vaqueros,Us4,1,True,True,4,1,,,,,,
2026-06-03,2026-06-03,1x2,Barracas Central,CA Huracán,Barracas Central vs CA Huracán,ArC,X,True,False,1,0,4.5,3.0,1.95,,,3.0
2026-06-03,2026-06-03,1x2,Junior Barranquilla,Atlético Nacional,Junior Barranquilla vs Atlético Nacional,Co1,2,True,False,3,0,2.8,2.9,2.8,,,2.8
2026-06-03,2026-06-03,1x2,San Nicolas,Real Koyari,San Nicolas vs Real Koyari,Aw1,1,True,True,2,1,,,,,,
2026-06-03,2026-06-03,1x2,West Chester United II,Reading United AC,West Chester United II vs Reading United AC,Us4,1,True,True,3,1,1.95,3.7,3.0,,,1.95
2026-06-03,2026-06-03,1x2,Bangers,Midlakes United,Bangers vs Midlakes United,Us4,1,True,True,2,1,,,,,,
2026-06-03,2026-06-03,1x2,Belconnen United,Tuggeranong United,Belconnen United vs Tuggeranong United,AuA,1,True,False,1,3,2.1,3.75,2.7,,,2.1
2026-06-03,2026-06-03,1x2,Rochedale Rovers,Magic United,Rochedale Rovers vs Magic United,AuQ,1,True,True,4,0,1.6,5.0,3.5,,,1.6
2026-06-03,2026-06-03,1x2,Zvezda SPb,Irkutsk,Zvezda SPb vs Irkutsk,Ru4,1,True,False,1,1,,,,,,
2026-06-03,2026-06-03,1x2,Celeste,AS Vita Club,Celeste vs AS Vita Club,CD1,2,True,True,1,3,,,,,,
2026-06-03,2026-06-03,1x2,Heegan,Mogadishu City,Heegan vs Mogadishu City,So1,X,True,False,1,0,,,,,,
2026-06-03,2026-06-03,1x2,Milford FC,Magesi FC,Milford FC vs Magesi FC,Za1,X,True,False,1,0,2.8,2.55,2.7,,,2.55
2026-06-03,2026-06-03,1x2,TP Mazembe,Simba(DRC),TP Mazembe vs Simba(DRC),CD1,1,True,True,4,1,,,,,,
2026-06-03,2026-06-03,1x2,AS Maniema Union,CS Don Bosco,AS Maniema Union vs CS Don Bosco,CD1,1,True,True,1,0,,,,,,
2026-06-03,2026-06-03,1x2,AS Dikaki,Oyem AC,AS Dikaki vs Oyem AC,Ga1,2,True,True,0,5,,,,,,
2026-06-03,2026-06-03,1x2,Victoria Utd Limbé,Fauve Azur Elite,Victoria Utd Limbé vs Fauve Azur Elite,Cm1,1,True,True,3,1,,,,,,
2026-06-03,2026-06-03,1x2,Dynamo Douala,Gazelle,Dynamo Douala vs Gazelle,Cm1,1,True,True,2,0,1.66,3.54,4.4,,,1.66
2026-06-03,2026-06-03,1x2,JSK,Saint Eloi Lupopo,JSK vs Saint Eloi Lupopo,CD1,X,True,False,3,2,,,,,,
2026-06-03,2026-06-03,1x2,Aigle Royal,Coton Sport,Aigle Royal vs Coton Sport,Cm1,2,True,False,0,0,,,,,,
2026-06-03,2026-06-03,1x2,Panthère du Ndé,Stade Renard,Panthère du Ndé vs Stade Renard,Cm1,1,True,True,4,2,1.82,3.25,3.6,,,1.82
2026-06-03,2026-06-03,1x2,AS Stade Mandji,Bouenguidi Sports,AS Stade Mandji vs Bouenguidi Sports,Ga1,1,True,True,1,0,,,,,,
2026-06-03,2026-06-03,1x2,FC 105 Libreville,Cercle Mbéri Sportif,FC 105 Libreville vs Cercle Mbéri Sportif,Ga1,1,True,False,1,5,,,,,,
2026-06-03,2026-06-03,1x2,Famos Vojkovici,Romanija Pale,Famos Vojkovici vs Romanija Pale,Ba3,1,True,True,3,1,,,,,,
2026-06-03,2026-06-03,1x2,FK Vlasenica,Zvijezda 09,FK Vlasenica vs Zvijezda 09,Ba3,2,True,True,1,4,,,,,,
2026-06-03,2026-06-03,1x2,Omarska,Sutjeska Foca,Omarska vs Sutjeska Foca,Ba3,1,True,True,3,0,,,,,,
2026-06-03,2026-06-03,1x2,Teplice B,Arsenal Ceska Lipa,Teplice B vs Arsenal Ceska Lipa,Cz3,2,True,True,0,4,5.0,4.3,1.47,,,1.47
2026-06-03,2026-06-03,1x2,Stade Migovéen,AS Pélican,Stade Migovéen vs AS Pélican,Ga1,X,True,True,2,2,,,,,,
2026-06-03,2026-06-03,1x2,Polanka nad Odrou,RSM Hodonin,Polanka nad Odrou vs RSM Hodonin,Cz3,2,True,True,3,4,5.25,4.33,1.44,,,1.44
2026-06-03,2026-06-03,1x2,SK Unicov,Start Brno,SK Unicov vs Start Brno,Cz3,1,False,,,,,,,,,
2026-06-03,2026-06-03,1x2,FK Kozlovice,Sternberk,FK Kozlovice vs Sternberk,Cz4,1,True,True,3,1,1.33,4.55,7.1,,,1.33
2026-06-03,2026-06-03,1x2,Khemis Zemamra,Yacoub El Mansour,Khemis Zemamra vs Yacoub El Mansour,Ma1,2,True,False,2,1,2.15,3.0,3.1,,,3.1
2026-06-03,2026-06-03,1x2,Weißkirchen / Allhaming,Union Gschwandt,Weißkirchen / Allhaming vs Union Gschwandt,AtL,1,True,False,3,3,1.53,4.4,4.5,,,1.53
2026-06-03,2026-06-03,1x2,Union Henndorf,USK Anif,Union Henndorf vs USK Anif,AtL,1,True,False,2,2,1.22,4.75,11.0,,,1.22
2026-06-03,2026-06-03,1x2,Anthering,Bürmoos,Anthering vs Bürmoos,AtL,2,True,True,1,5,1.22,4.75,11.0,,,11.0
2026-06-03,2026-06-03,1x2,USC Eugendorf,UFC Hallein,USC Eugendorf vs UFC Hallein,AtL,2,True,True,1,2,1.22,4.75,11.0,,,11.0
2026-06-03,2026-06-03,1x2,FC Kallon,Old Edwardians,FC Kallon vs Old Edwardians,Sl1,X,True,False,3,2,2.75,2.8,2.5,,,2.8
2026-06-03,2026-06-03,over_under_25,Deportivo Merlo,Deportivo Laferrere,Deportivo Merlo vs Deportivo Laferrere,Ar3,Under,True,False,2,1,,,,1.4,2.75,2.75
2026-06-03,2026-06-03,over_under_25,Vermont Green,Boston Olympiakos,Vermont Green vs Boston Olympiakos,Us4,Over,True,True,5,0,,,,,,
2026-06-03,2026-06-03,over_under_25,Eagle FC,Delaware FC,Eagle FC vs Delaware FC,Us4,Under,True,False,1,3,,,,,,
2026-06-03,2026-06-03,over_under_25,Nona,The Villages,Nona vs The Villages,Us4,Under,True,True,1,1,,,,1.93,1.78,1.78
2026-06-03,2026-06-03,over_under_25,Fortaleza,Vitória,Fortaleza vs Vitória,BrC,Under,True,False,1,2,,,,1.65,2.15,2.15
2026-06-03,2026-06-03,over_under_25,Texoma,Fort Worth Vaqueros,Texoma vs Fort Worth Vaqueros,Us4,Over,True,True,4,1,,,,,,
2026-06-03,2026-06-03,over_under_25,Barracas Central,CA Huracán,Barracas Central vs CA Huracán,ArC,Under,True,True,1,0,,,,1.33,3.2,3.2
2026-06-03,2026-06-03,over_under_25,Junior Barranquilla,Atlético Nacional,Junior Barranquilla vs Atlético Nacional,Co1,Under,True,False,3,0,,,,1.7,2.1,2.1
2026-06-03,2026-06-03,over_under_25,San Nicolas,Real Koyari,San Nicolas vs Real Koyari,Aw1,Over,True,True,2,1,,,,,,
2026-06-03,2026-06-03,over_under_25,West Chester United II,Reading United AC,West Chester United II vs Reading United AC,Us4,Over,True,True,3,1,,,,,,
2026-06-03,2026-06-03,over_under_25,Bangers,Midlakes United,Bangers vs Midlakes United,Us4,Over,True,True,2,1,,,,,,
2026-06-03,2026-06-03,over_under_25,Belconnen United,Tuggeranong United,Belconnen United vs Tuggeranong United,AuA,Over,True,True,1,3,,,,3.0,1.36,3.0
2026-06-03,2026-06-03,over_under_25,Rochedale Rovers,Magic United,Rochedale Rovers vs Magic United,AuQ,Under,True,False,4,0,,,,3.2,1.3,1.3
2026-06-03,2026-06-03,over_under_25,Zvezda SPb,Irkutsk,Zvezda SPb vs Irkutsk,Ru4,Over,True,False,1,1,,,,,,
2026-06-03,2026-06-03,over_under_25,Celeste,AS Vita Club,Celeste vs AS Vita Club,CD1,Over,True,True,1,3,,,,,,
2026-06-03,2026-06-03,over_under_25,Heegan,Mogadishu City,Heegan vs Mogadishu City,So1,Over,True,False,1,0,,,,,,
2026-06-03,2026-06-03,over_under_25,Milford FC,Magesi FC,Milford FC vs Magesi FC,Za1,Under,True,True,1,0,,,,1.38,3.0,3.0
2026-06-03,2026-06-03,over_under_25,TP Mazembe,Simba(DRC),TP Mazembe vs Simba(DRC),CD1,Under,True,False,4,1,,,,,,
2026-06-03,2026-06-03,over_under_25,AS Maniema Union,CS Don Bosco,AS Maniema Union vs CS Don Bosco,CD1,Under,True,True,1,0,,,,,,
2026-06-03,2026-06-03,over_under_25,AS Dikaki,Oyem AC,AS Dikaki vs Oyem AC,Ga1,Over,True,True,0,5,,,,,,
2026-06-03,2026-06-03,over_under_25,Victoria Utd Limbé,Fauve Azur Elite,Victoria Utd Limbé vs Fauve Azur Elite,Cm1,Over,True,True,3,1,,,,,,
2026-06-03,2026-06-03,over_under_25,Dynamo Douala,Gazelle,Dynamo Douala vs Gazelle,Cm1,Under,True,True,2,0,,,,1.85,1.84,1.84
2026-06-03,2026-06-03,over_under_25,JSK,Saint Eloi Lupopo,JSK vs Saint Eloi Lupopo,CD1,Under,True,False,3,2,,,,,,
2026-06-03,2026-06-03,over_under_25,Aigle Royal,Coton Sport,Aigle Royal vs Coton Sport,Cm1,Over,True,False,0,0,,,,,,
2026-06-03,2026-06-03,over_under_25,Panthère du Ndé,Stade Renard,Panthère du Ndé vs Stade Renard,Cm1,Under,True,False,4,2,,,,1.81,1.83,1.83
2026-06-03,2026-06-03,over_under_25,AS Stade Mandji,Bouenguidi Sports,AS Stade Mandji vs Bouenguidi Sports,Ga1,Under,True,True,1,0,,,,,,
2026-06-03,2026-06-03,over_under_25,FC 105 Libreville,Cercle Mbéri Sportif,FC 105 Libreville vs Cercle Mbéri Sportif,Ga1,Under,True,False,1,5,,,,,,
2026-06-03,2026-06-03,over_under_25,Famos Vojkovici,Romanija Pale,Famos Vojkovici vs Romanija Pale,Ba3,Under,True,False,3,1,,,,,,
2026-06-03,2026-06-03,over_under_25,FK Vlasenica,Zvijezda 09,FK Vlasenica vs Zvijezda 09,Ba3,Under,True,False,1,4,,,,,,
2026-06-03,2026-06-03,over_under_25,Omarska,Sutjeska Foca,Omarska vs Sutjeska Foca,Ba3,Over,True,True,3,0,,,,,,
2026-06-03,2026-06-03,over_under_25,Teplice B,Arsenal Ceska Lipa,Teplice B vs Arsenal Ceska Lipa,Cz3,Over,True,True,0,4,,,,2.38,1.52,2.38
2026-06-03,2026-06-03,over_under_25,Stade Migovéen,AS Pélican,Stade Migovéen vs AS Pélican,Ga1,Under,True,False,2,2,,,,,,
2026-06-03,2026-06-03,over_under_25,Polanka nad Odrou,RSM Hodonin,Polanka nad Odrou vs RSM Hodonin,Cz3,Over,True,True,3,4,,,,2.25,1.5,2.25
2026-06-03,2026-06-03,over_under_25,SK Unicov,Start Brno,SK Unicov vs Start Brno,Cz3,Over,False,,,,,,,,,
2026-06-03,2026-06-03,over_under_25,FK Kozlovice,Sternberk,FK Kozlovice vs Sternberk,Cz4,Over,True,True,3,1,,,,2.38,1.52,2.38
2026-06-03,2026-06-03,over_under_25,Khemis Zemamra,Yacoub El Mansour,Khemis Zemamra vs Yacoub El Mansour,Ma1,Under,True,False,2,1,,,,1.55,2.35,2.35
2026-06-03,2026-06-03,over_under_25,Weißkirchen / Allhaming,Union Gschwandt,Weißkirchen / Allhaming vs Union Gschwandt,AtL,Over,True,True,3,3,,,,2.5,1.47,2.5
2026-06-03,2026-06-03,over_under_25,Union Henndorf,USK Anif,Union Henndorf vs USK Anif,AtL,Over,True,True,2,2,,,,2.0,1.77,2.0
2026-06-03,2026-06-03,over_under_25,Anthering,Bürmoos,Anthering vs Bürmoos,AtL,Over,True,True,1,5,,,,2.0,1.77,2.0
2026-06-03,2026-06-03,over_under_25,USC Eugendorf,UFC Hallein,USC Eugendorf vs UFC Hallein,AtL,Under,True,False,1,2,,,,2.0,1.77,1.77
2026-06-03,2026-06-03,over_under_25,FC Kallon,Old Edwardians,FC Kallon vs Old Edwardians,Sl1,Under,True,False,3,2,,,,1.55,2.2,2.2
2026-06-04,2026-06-04,1x2,Boca Juniors Res.,Defensa y Justicia Res.,Boca Juniors Res. vs Defensa y Justicia Res.,ArR,1,True,True,5,0,3.5,2.7,2.2,,,3.5
2026-06-04,2026-06-04,1x2,Miami AC,Weston,Miami AC vs Weston,Us4,1,True,True,3,0,2.05,3.8,2.8,,,2.05
2026-06-04,2026-06-04,1x2,Chicago Dutch Lions,Rochester,Chicago Dutch Lions vs Rochester,Us4,2,True,False,3,0,,,,,,
2026-06-04,2026-06-04,1x2,Northern Indiana,Louisville City 2,Northern Indiana vs Louisville City 2,Us4,2,True,False,2,0,2.25,3.75,2.5,,,2.5
2026-06-04,2026-06-04,1x2,Riverhounds II,Buffalo,Riverhounds II vs Buffalo,Us4,2,True,False,0,0,,,,,,
2026-06-04,2026-06-04,1x2,Staten Island Athletic,Manhattan,Staten Island Athletic vs Manhattan,Us4,2,True,False,2,2,,,,,,
2026-06-04,2026-06-04,1x2,Inter Gainesville,Shark Coast,Inter Gainesville vs Shark Coast,Us4,2,True,False,0,0,,,,,,
2026-06-04,2026-06-04,1x2,Charlotte Eagles,Tobacco Road,Charlotte Eagles vs Tobacco Road,Us4,1,True,True,3,2,1.61,4.33,3.7,,,1.61
2026-06-04,2026-06-04,1x2,Appalachian,North Carolina II,Appalachian vs North Carolina II,Us4,2,True,False,4,0,,,,,,
2026-06-04,2026-06-04,1x2,New England SC,Connecticut Rush,New England SC vs Connecticut Rush,Us4,1,True,True,2,1,1.44,4.33,5.25,,,1.44
2026-06-04,2026-06-04,1x2,Black Rock,Western Mass Pioneers,Black Rock vs Western Mass Pioneers,Us4,2,True,False,0,0,,,,,,
2026-06-04,2026-06-04,1x2,Patuxent,Northern Virginia,Patuxent vs Northern Virginia,Us4,2,True,True,0,5,,,,,,
2026-06-04,2026-06-04,1x2,Hill City,Bethesda SC,Hill City vs Bethesda SC,Us4,1,True,True,3,0,,,,,,
2026-06-04,2026-06-04,1x2,Annapolis Blues,Lionsbridge,Annapolis Blues vs Lionsbridge,Us4,2,True,True,0,2,3.1,3.9,1.9,,,1.9
2026-06-04,2026-06-04,1x2,Sporting Jax 2,Brooke House,Sporting Jax 2 vs Brooke House,Us4,X,True,False,0,1,1.8,3.75,3.4,,,3.75
2026-06-04,2026-06-04,1x2,Davis Legacy,SF Glens,Davis Legacy vs SF Glens,Us4,2,True,True,1,2,2.8,3.7,2.05,,,2.05
2026-06-04,2026-06-04,1x2,Brevard Fire,Fort Lauderdale United,Brevard Fire vs Fort Lauderdale United,Us4,2,True,True,1,2,8.0,6.0,1.25,,,1.25
2026-06-04,2026-06-04,1x2,Christos,Charlottesville Blues,Christos vs Charlottesville Blues,Us4,2,True,False,2,2,3.4,4.0,1.75,,,1.75
2026-06-04,2026-06-04,1x2,Jackson Boom,Memphis,Jackson Boom vs Memphis,Us4,1,True,False,0,1,,,,,,
2026-06-04,2026-06-04,1x2,Rockford Raptors,St. Croix,Rockford Raptors vs St. Croix,Us4,2,True,False,4,2,,,,,,
2026-06-04,2026-06-04,1x2,Dayton Dutch Lions,Toledo Villa,Dayton Dutch Lions vs Toledo Villa,Us4,1,True,False,1,1,,,,,,
2026-06-04,2026-06-04,1x2,Lorain County Leviathan,Cleveland Force,Lorain County Leviathan vs Cleveland Force,Us4,1,True,True,3,1,,,,,,
2026-06-04,2026-06-04,1x2,Pennsylvania Classics,Philadelphia Lone Star,Pennsylvania Classics vs Philadelphia Lone Star,Us4,1,True,False,1,1,,,,,,
2026-06-04,2026-06-04,1x2,OC Nor'easters,Real Central New Jersey,OC Nor'easters vs Real Central New Jersey,Us4,1,True,True,1,0,,,,,,
2026-06-04,2026-06-04,1x2,Wake,SC United Bantams,Wake vs SC United Bantams,Us4,2,True,True,1,4,6.5,4.75,1.33,,,1.33
2026-06-04,2026-06-04,1x2,Carolina Dynamo,Hickory,Carolina Dynamo vs Hickory,Us4,2,True,True,1,2,,,,,,
2026-06-04,2026-06-04,1x2,Charlotte Independence 2,Asheville City,Charlotte Independence 2 vs Asheville City,Us4,1,True,False,2,2,,,,,,
2026-06-04,2026-06-04,1x2,Avai FC,Chapecoense SC,Avai FC vs Chapecoense SC,BrS,2,True,False,3,0,2.9,2.5,2.75,,,2.75
2026-06-04,2026-06-04,1x2,Greenville Triumph,Forward Madison,Greenville Triumph vs Forward Madison,Us4,2,True,False,1,0,1.9,3.5,3.3,,,3.3
2026-06-04,2026-06-04,1x2,Naples,Charlotte Independence,Naples vs Charlotte Independence,Us4,1,True,False,1,5,2.9,3.75,2.0,,,2.9
2026-06-04,2026-06-04,1x2,Morris Elite,FC Motown II,Morris Elite vs FC Motown II,Us4,2,True,True,0,4,10.0,7.5,1.16,,,1.16
2026-06-04,2026-06-04,1x2,Long Island RR,Hudson Valley Hammers,Long Island RR vs Hudson Valley Hammers,Us4,1,True,False,1,3,1.45,4.33,4.75,,,1.45
2026-06-04,2026-06-04,1x2,Capo,Redlands,Capo vs Redlands,Us4,1,True,False,2,4,2.4,3.6,2.4,,,2.4
2026-06-04,2026-06-04,1x2,Birmingham Legion,Louisville City,Birmingham Legion vs Louisville City,Us2,1,True,False,1,1,3.75,3.4,1.8,,,3.75
2026-06-04,2026-06-04,1x2,RKC,Minneapolis City,RKC vs Minneapolis City,Us4,2,True,True,0,1,,,,,,
2026-06-04,2026-06-04,1x2,Santafé Wanderers,Peoria,Santafé Wanderers vs Peoria,Us4,2,True,True,0,1,3.9,4.1,1.61,,,1.61
2026-06-04,2026-06-04,1x2,Sunflower State,Des Moines Menace,Sunflower State vs Des Moines Menace,Us4,2,True,False,2,0,,,,,,
2026-06-04,2026-06-04,1x2,Virginia Marauders,Loudoun United II,Virginia Marauders vs Loudoun United II,Us4,1,True,False,0,2,5.25,5.5,1.33,,,5.25
2026-06-04,2026-06-04,1x2,Mississippi Brilla,Red River,Mississippi Brilla vs Red River,Us4,X,True,False,3,2,,,,,,
2026-06-04,2026-06-04,1x2,Dothan United,Southern Soccer Academy,Dothan United vs Southern Soccer Academy,Us4,1,True,False,0,0,,,,,,
2026-06-04,2026-06-04,1x2,Montgomery United,Birmingham Legion II,Montgomery United vs Birmingham Legion II,Us4,1,True,False,2,2,1.95,3.75,2.9,,,1.95
2026-06-04,2026-06-04,over_under_25,Boca Juniors Res.,Defensa y Justicia Res.,Boca Juniors Res. vs Defensa y Justicia Res.,ArR,Under,True,False,5,0,,,,1.42,2.7,2.7
2026-06-04,2026-06-04,over_under_25,Miami AC,Weston,Miami AC vs Weston,Us4,Under,True,False,3,0,,,,2.23,1.57,1.57
2026-06-04,2026-06-04,over_under_25,Chicago Dutch Lions,Rochester,Chicago Dutch Lions vs Rochester,Us4,Over,True,True,3,0,,,,,,
2026-06-04,2026-06-04,over_under_25,Northern Indiana,Louisville City 2,Northern Indiana vs Louisville City 2,Us4,Under,True,True,2,0,,,,,,
2026-06-04,2026-06-04,over_under_25,Riverhounds II,Buffalo,Riverhounds II vs Buffalo,Us4,Under,True,True,0,0,,,,,,
2026-06-04,2026-06-04,over_under_25,Staten Island Athletic,Manhattan,Staten Island Athletic vs Manhattan,Us4,Over,True,True,2,2,,,,,,
2026-06-04,2026-06-04,over_under_25,Inter Gainesville,Shark Coast,Inter Gainesville vs Shark Coast,Us4,Over,True,False,0,0,,,,,,
2026-06-04,2026-06-04,over_under_25,Charlotte Eagles,Tobacco Road,Charlotte Eagles vs Tobacco Road,Us4,Over,True,True,3,2,,,,,,
2026-06-04,2026-06-04,over_under_25,Appalachian,North Carolina II,Appalachian vs North Carolina II,Us4,Under,True,False,4,0,,,,,,
2026-06-04,2026-06-04,over_under_25,New England SC,Connecticut Rush,New England SC vs Connecticut Rush,Us4,Under,True,False,2,1,,,,,,
2026-06-04,2026-06-04,over_under_25,Black Rock,Western Mass Pioneers,Black Rock vs Western Mass Pioneers,Us4,Under,True,True,0,0,,,,,,
2026-06-04,2026-06-04,over_under_25,Patuxent,Northern Virginia,Patuxent vs Northern Virginia,Us4,Over,True,True,0,5,,,,,,
2026-06-04,2026-06-04,over_under_25,Hill City,Bethesda SC,Hill City vs Bethesda SC,Us4,Under,True,False,3,0,,,,,,
2026-06-04,2026-06-04,over_under_25,Annapolis Blues,Lionsbridge,Annapolis Blues vs Lionsbridge,Us4,Over,True,False,0,2,,,,,,
2026-06-04,2026-06-04,over_under_25,Sporting Jax 2,Brooke House,Sporting Jax 2 vs Brooke House,Us4,Under,True,True,0,1,,,,2.14,1.61,1.61
2026-06-04,2026-06-04,over_under_25,Davis Legacy,SF Glens,Davis Legacy vs SF Glens,Us4,Over,True,True,1,2,,,,,,
2026-06-04,2026-06-04,over_under_25,Brevard Fire,Fort Lauderdale United,Brevard Fire vs Fort Lauderdale United,Us4,Over,True,True,1,2,,,,,,
2026-06-04,2026-06-04,over_under_25,Christos,Charlottesville Blues,Christos vs Charlottesville Blues,Us4,Under,True,False,2,2,,,,,,
2026-06-04,2026-06-04,over_under_25,Jackson Boom,Memphis,Jackson Boom vs Memphis,Us4,Over,True,False,0,1,,,,,,
2026-06-04,2026-06-04,over_under_25,Rockford Raptors,St. Croix,Rockford Raptors vs St. Croix,Us4,Under,True,False,4,2,,,,,,
2026-06-04,2026-06-04,over_under_25,Dayton Dutch Lions,Toledo Villa,Dayton Dutch Lions vs Toledo Villa,Us4,Over,True,False,1,1,,,,,,
2026-06-04,2026-06-04,over_under_25,Lorain County Leviathan,Cleveland Force,Lorain County Leviathan vs Cleveland Force,Us4,Under,True,False,3,1,,,,,,
2026-06-04,2026-06-04,over_under_25,Pennsylvania Classics,Philadelphia Lone Star,Pennsylvania Classics vs Philadelphia Lone Star,Us4,Under,True,True,1,1,,,,,,
2026-06-04,2026-06-04,over_under_25,OC Nor'easters,Real Central New Jersey,OC Nor'easters vs Real Central New Jersey,Us4,Over,True,False,1,0,,,,,,
2026-06-04,2026-06-04,over_under_25,Wake,SC United Bantams,Wake vs SC United Bantams,Us4,Over,True,True,1,4,,,,,,
2026-06-04,2026-06-04,over_under_25,Carolina Dynamo,Hickory,Carolina Dynamo vs Hickory,Us4,Under,True,False,1,2,,,,,,
2026-06-04,2026-06-04,over_under_25,Charlotte Independence 2,Asheville City,Charlotte Independence 2 vs Asheville City,Us4,Under,True,False,2,2,,,,,,
2026-06-04,2026-06-04,over_under_25,Avai FC,Chapecoense SC,Avai FC vs Chapecoense SC,BrS,Under,True,False,3,0,,,,1.42,2.62,2.62
2026-06-04,2026-06-04,over_under_25,Greenville Triumph,Forward Madison,Greenville Triumph vs Forward Madison,Us4,Under,True,True,1,0,,,,1.87,1.92,1.92
2026-06-04,2026-06-04,over_under_25,Naples,Charlotte Independence,Naples vs Charlotte Independence,Us4,Under,True,False,1,5,,,,1.97,1.82,1.82
2026-06-04,2026-06-04,over_under_25,Morris Elite,FC Motown II,Morris Elite vs FC Motown II,Us4,Over,True,True,0,4,,,,,,
2026-06-04,2026-06-04,over_under_25,Long Island RR,Hudson Valley Hammers,Long Island RR vs Hudson Valley Hammers,Us4,Over,True,True,1,3,,,,,,
2026-06-04,2026-06-04,over_under_25,Capo,Redlands,Capo vs Redlands,Us4,Over,True,True,2,4,,,,2.15,1.61,2.15
2026-06-04,2026-06-04,over_under_25,Birmingham Legion,Louisville City,Birmingham Legion vs Louisville City,Us2,Over,True,False,1,1,,,,2.05,1.7,2.05
2026-06-04,2026-06-04,over_under_25,RKC,Minneapolis City,RKC vs Minneapolis City,Us4,Over,True,False,0,1,,,,,,
2026-06-04,2026-06-04,over_under_25,Santafé Wanderers,Peoria,Santafé Wanderers vs Peoria,Us4,Over,True,False,0,1,,,,,,
2026-06-04,2026-06-04,over_under_25,Sunflower State,Des Moines Menace,Sunflower State vs Des Moines Menace,Us4,Over,True,False,2,0,,,,,,
2026-06-04,2026-06-04,over_under_25,Virginia Marauders,Loudoun United II,Virginia Marauders vs Loudoun United II,Us4,Over,True,False,0,2,,,,,,
2026-06-04,2026-06-04,over_under_25,Mississippi Brilla,Red River,Mississippi Brilla vs Red River,Us4,Under,True,False,3,2,,,,,,
2026-06-04,2026-06-04,over_under_25,Dothan United,Southern Soccer Academy,Dothan United vs Southern Soccer Academy,Us4,Over,True,False,0,0,,,,,,
2026-06-04,2026-06-04,over_under_25,Montgomery United,Birmingham Legion II,Montgomery United vs Birmingham Legion II,Us4,Over,True,True,2,2,,,,2.18,1.56,2.18
2026-06-05,2026-06-05,1x2,Oeste U20,Velo Clube U20,Oeste U20 vs Velo Clube U20,BrP,X,True,False,1,0,2.8,2.38,2.9,,,2.38
2026-06-05,2026-06-05,1x2,Central Córdoba SdE Res.,San Martín San Juan Res.,Central Córdoba SdE Res. vs San Martín San Juan Res.,ArR,1,True,True,3,1,2.05,3.0,4.33,,,2.05
2026-06-05,2026-06-05,1x2,Talleres Córdoba Res.,Argentinos Juniors Res.,Talleres Córdoba Res. vs Argentinos Juniors Res.,ArR,2,True,False,2,2,2.05,3.0,4.33,,,4.33
2026-06-05,2026-06-05,1x2,Albion Colorado,Utah United,Albion Colorado vs Utah United,Us4,2,True,True,1,3,,,,,,
2026-06-05,2026-06-05,1x2,Anápolis GO,Paysandu,Anápolis GO vs Paysandu,BrV,2,True,False,3,1,2.45,3.1,2.75,,,2.75
2026-06-05,2026-06-05,1x2,Kigs,Elman,Kigs vs Elman,So1,2,True,True,0,1,,,,,,
2026-06-05,2026-06-05,1x2,San Antonio,Independiente Juniors,San Antonio vs Independiente Juniors,Ec2,X,True,True,0,0,3.2,2.9,2.2,,,2.9
2026-06-05,2026-06-05,1x2,Seahorses,FC Tucson,Seahorses vs FC Tucson,Us4,2,True,False,0,0,,,,,,
2026-06-05,2026-06-05,1x2,Karvina U19,FC Fastav Zlin U19,Karvina U19 vs FC Fastav Zlin U19,CzU,1,True,True,2,1,2.04,3.6,2.8,,,2.04
2026-06-05,2026-06-05,1x2,Sydney U21,NWS Spirit,Sydney U21 vs NWS Spirit,AuN,1,True,True,1,0,3.3,3.5,1.91,,,3.3
2026-06-05,2026-06-05,1x2,Green Gully SC,Avondale FC,Green Gully SC vs Avondale FC,AuV,2,True,True,0,2,6.25,5.75,1.28,,,1.28
2026-06-05,2026-06-05,1x2,Gold Coast Knights,Olympic FC QLD,Gold Coast Knights vs Olympic FC QLD,AuQ,1,True,True,5,2,1.85,4.0,3.1,,,1.85
2026-06-05,2026-06-05,1x2,Eastern Suburbs,Moreton City Excelsior,Eastern Suburbs vs Moreton City Excelsior,AuQ,2,True,False,0,0,2.5,4.1,2.1,,,2.1
2026-06-05,2026-06-05,1x2,Dandenong City,Heidelberg United,Dandenong City vs Heidelberg United,AuV,2,True,False,4,1,4.1,3.75,1.65,,,1.65
2026-06-05,2026-06-05,1x2,Adelaide City,Sturt Lions,Adelaide City vs Sturt Lions,AuS,1,True,True,4,1,1.7,3.8,3.8,,,1.7
2026-06-05,2026-06-05,1x2,Cooks Hill United,Belmont Swansea,Cooks Hill United vs Belmont Swansea,AuN,2,True,True,1,3,1.7,3.8,3.8,,,3.8
2026-06-05,2026-06-05,1x2,Kamatamare Sanuki,Nagano Parceiro,Kamatamare Sanuki vs Nagano Parceiro,Jp3,2,True,False,0,0,2.8,2.8,2.5,,,2.5
2026-06-05,2026-06-05,1x2,Oakleigh Cannons,St Albans Saints,Oakleigh Cannons vs St Albans Saints,AuV,1,True,False,2,2,1.33,4.75,6.25,,,1.33
2026-06-05,2026-06-05,1x2,Bentleigh Greens,Hume City FC,Bentleigh Greens vs Hume City FC,AuV,2,True,True,1,5,3.7,3.5,1.8,,,1.8
2026-06-05,2026-06-05,1x2,Preston Lions,Melbourne City II,Preston Lions vs Melbourne City II,AuV,2,False,,,,1.53,4.1,4.5,,,4.5
2026-06-05,2026-06-05,1x2,West Torrens,Croydon Kings,West Torrens vs Croydon Kings,AuS,1,True,True,1,0,1.85,3.8,3.2,,,1.85
2026-06-05,2026-06-05,1x2,Seongnam FC,Gimhae City,Seongnam FC vs Gimhae City,Kr2,1,True,False,1,1,1.8,3.4,4.1,,,1.8
2026-06-05,2026-06-05,1x2,Daegu FC,Paju Citizen,Daegu FC vs Paju Citizen,Kr2,1,True,True,1,0,1.83,3.3,4.1,,,1.83
2026-06-05,2026-06-05,1x2,Busan I'Park,Asan Mugunghwa,Busan I'Park vs Asan Mugunghwa,Kr2,1,True,False,2,2,1.83,3.3,4.1,,,1.83
2026-06-05,2026-06-05,1x2,Perth SC,Stirling Lions,Perth SC vs Stirling Lions,AuW,1,True,False,3,3,1.7,4.2,3.6,,,1.7
2026-06-05,2026-06-05,1x2,Bayswater City,Dianella White Eagles,Bayswater City vs Dianella White Eagles,AuW,1,True,True,4,3,1.61,4.0,4.0,,,1.61
2026-06-05,2026-06-05,1x2,Rizhao Yuqi,Dalian Kewei,Rizhao Yuqi vs Dalian Kewei,Cn3,X,True,True,0,0,2.88,2.8,2.45,,,2.8
2026-06-05,2026-06-05,1x2,Horseed,Raadsan,Horseed vs Raadsan,So1,1,True,True,3,1,,,,,,
2026-06-05,2026-06-05,1x2,PFK Aleksandriya,Livyi Bereh Kyiv,PFK Aleksandriya vs Livyi Bereh Kyiv,Ua1,1,True,False,1,1,2.3,3.0,2.8,,,2.3
2026-06-05,2026-06-05,1x2,Hunters,Bulawayo Chiefs,Hunters vs Bulawayo Chiefs,Zw1,X,True,False,3,1,2.2,2.4,3.9,,,2.4
2026-06-05,2026-06-05,1x2,Port,ASAS Djibouti Télécom,Port vs ASAS Djibouti Télécom,Dj1,X,True,False,1,3,,,,,,
2026-06-05,2026-06-05,1x2,Al Hilal Al Sudani,Hilal Al Fasher,Al Hilal Al Sudani vs Hilal Al Fasher,Sd1,1,True,True,1,0,,,,,,
2026-06-05,2026-06-05,1x2,Ahli Wad Madani,Umm Mughad,Ahli Wad Madani vs Umm Mughad,Sd1,1,True,True,3,1,,,,,,
2026-06-05,2026-06-05,1x2,Dukla Praha B,FC Pisek,Dukla Praha B vs FC Pisek,Cz3,2,True,True,0,3,2.66,3.56,2.19,,,2.19
2026-06-05,2026-06-05,1x2,Kudrivka,FC Ahrobiznes,Kudrivka vs FC Ahrobiznes,Ua1,1,True,False,0,0,1.48,3.7,6.25,,,1.48
2026-06-05,2026-06-05,1x2,Viktoria Plzen B,Loko Vltavin,Viktoria Plzen B vs Loko Vltavin,Cz3,1,True,True,2,0,1.66,3.9,3.94,,,1.66
2026-06-05,2026-06-05,1x2,Líšeň II,Humpolec,Líšeň II vs Humpolec,Cz4,1,True,True,5,1,,,,,,
2026-06-05,2026-06-05,1x2,Arta,Gendarmerie Nationale,Arta vs Gendarmerie Nationale,Dj1,1,True,False,1,2,,,,,,
2026-06-05,2026-06-05,1x2,FC Haka,JäPS,FC Haka vs JäPS,Fi2,1,True,False,1,2,1.48,4.0,5.0,,,1.48
2026-06-05,2026-06-05,1x2,JS Hercules,VPS 2,JS Hercules vs VPS 2,Fi3,1,True,False,1,5,3.0,4.2,1.83,,,3.0
2026-06-05,2026-06-05,1x2,Petřín Plzeň,Slavia Prague C,Petřín Plzeň vs Slavia Prague C,Cz3,2,True,True,1,3,2.87,3.64,2.04,,,2.04
2026-06-05,2026-06-05,over_under_25,Oeste U20,Velo Clube U20,Oeste U20 vs Velo Clube U20,BrP,Under,True,True,1,0,,,,1.42,2.7,2.7
2026-06-05,2026-06-05,over_under_25,Central Córdoba SdE Res.,San Martín San Juan Res.,Central Córdoba SdE Res. vs San Martín San Juan Res.,ArR,Under,True,False,3,1,,,,1.45,2.7,2.7
2026-06-05,2026-06-05,over_under_25,Talleres Córdoba Res.,Argentinos Juniors Res.,Talleres Córdoba Res. vs Argentinos Juniors Res.,ArR,Over,True,True,2,2,,,,1.45,2.7,1.45
2026-06-05,2026-06-05,over_under_25,Albion Colorado,Utah United,Albion Colorado vs Utah United,Us4,Over,True,True,1,3,,,,,,
2026-06-05,2026-06-05,over_under_25,Anápolis GO,Paysandu,Anápolis GO vs Paysandu,BrV,Over,True,True,3,1,,,,1.55,2.2,1.55
2026-06-05,2026-06-05,over_under_25,Kigs,Elman,Kigs vs Elman,So1,Under,True,True,0,1,,,,,,
2026-06-05,2026-06-05,over_under_25,San Antonio,Independiente Juniors,San Antonio vs Independiente Juniors,Ec2,Under,True,True,0,0,,,,1.63,2.06,2.06
2026-06-05,2026-06-05,over_under_25,Seahorses,FC Tucson,Seahorses vs FC Tucson,Us4,Over,True,False,0,0,,,,,,
2026-06-05,2026-06-05,over_under_25,Karvina U19,FC Fastav Zlin U19,Karvina U19 vs FC Fastav Zlin U19,CzU,Over,True,True,2,1,,,,,,
2026-06-05,2026-06-05,over_under_25,Sydney U21,NWS Spirit,Sydney U21 vs NWS Spirit,AuN,Under,True,True,1,0,,,,2.3,1.57,1.57
2026-06-05,2026-06-05,over_under_25,Green Gully SC,Avondale FC,Green Gully SC vs Avondale FC,AuV,Over,True,False,0,2,,,,2.5,1.48,2.5
2026-06-05,2026-06-05,over_under_25,Gold Coast Knights,Olympic FC QLD,Gold Coast Knights vs Olympic FC QLD,AuQ,Over,True,True,5,2,,,,2.6,1.45,2.6
2026-06-05,2026-06-05,over_under_25,Eastern Suburbs,Moreton City Excelsior,Eastern Suburbs vs Moreton City Excelsior,AuQ,Over,True,False,0,0,,,,3.3,1.3,3.3
2026-06-05,2026-06-05,over_under_25,Dandenong City,Heidelberg United,Dandenong City vs Heidelberg United,AuV,Over,True,True,4,1,,,,2.15,1.65,2.15
2026-06-05,2026-06-05,over_under_25,Adelaide City,Sturt Lions,Adelaide City vs Sturt Lions,AuS,Over,True,True,4,1,,,,2.5,1.5,2.5
2026-06-05,2026-06-05,over_under_25,Cooks Hill United,Belmont Swansea,Cooks Hill United vs Belmont Swansea,AuN,Over,True,True,1,3,,,,2.5,1.5,2.5
2026-06-05,2026-06-05,over_under_25,Kamatamare Sanuki,Nagano Parceiro,Kamatamare Sanuki vs Nagano Parceiro,Jp3,Under,True,True,0,0,,,,1.77,2.02,2.02
2026-06-05,2026-06-05,over_under_25,Oakleigh Cannons,St Albans Saints,Oakleigh Cannons vs St Albans Saints,AuV,Over,True,True,2,2,,,,2.55,1.45,2.55
2026-06-05,2026-06-05,over_under_25,Bentleigh Greens,Hume City FC,Bentleigh Greens vs Hume City FC,AuV,Over,True,True,1,5,,,,2.05,1.7,2.05
2026-06-05,2026-06-05,over_under_25,Preston Lions,Melbourne City II,Preston Lions vs Melbourne City II,AuV,Over,False,,,,,,,2.05,1.7,2.05
2026-06-05,2026-06-05,over_under_25,West Torrens,Croydon Kings,West Torrens vs Croydon Kings,AuS,Over,True,False,1,0,,,,,,
2026-06-05,2026-06-05,over_under_25,Seongnam FC,Gimhae City,Seongnam FC vs Gimhae City,Kr2,Under,True,True,1,1,,,,1.67,2.15,2.15
2026-06-05,2026-06-05,over_under_25,Daegu FC,Paju Citizen,Daegu FC vs Paju Citizen,Kr2,Under,True,True,1,0,,,,1.75,2.05,2.05
2026-06-05,2026-06-05,over_under_25,Busan I'Park,Asan Mugunghwa,Busan I'Park vs Asan Mugunghwa,Kr2,Under,True,False,2,2,,,,1.75,2.05,2.05
2026-06-05,2026-06-05,over_under_25,Perth SC,Stirling Lions,Perth SC vs Stirling Lions,AuW,Over,True,True,3,3,,,,3.5,1.25,3.5
2026-06-05,2026-06-05,over_under_25,Bayswater City,Dianella White Eagles,Bayswater City vs Dianella White Eagles,AuW,Over,True,True,4,3,,,,3.5,1.25,3.5
2026-06-05,2026-06-05,over_under_25,Rizhao Yuqi,Dalian Kewei,Rizhao Yuqi vs Dalian Kewei,Cn3,Under,True,True,0,0,,,,1.5,2.5,2.5
2026-06-05,2026-06-05,over_under_25,Horseed,Raadsan,Horseed vs Raadsan,So1,Over,True,True,3,1,,,,,,
2026-06-05,2026-06-05,over_under_25,PFK Aleksandriya,Livyi Bereh Kyiv,PFK Aleksandriya vs Livyi Bereh Kyiv,Ua1,Under,True,True,1,1,,,,1.65,2.15,2.15
2026-06-05,2026-06-05,over_under_25,Hunters,Bulawayo Chiefs,Hunters vs Bulawayo Chiefs,Zw1,Under,True,False,3,1,,,,,,
2026-06-05,2026-06-05,over_under_25,Port,ASAS Djibouti Télécom,Port vs ASAS Djibouti Télécom,Dj1,Under,True,False,1,3,,,,,,
2026-06-05,2026-06-05,over_under_25,Al Hilal Al Sudani,Hilal Al Fasher,Al Hilal Al Sudani vs Hilal Al Fasher,Sd1,Over,True,False,1,0,,,,,,
2026-06-05,2026-06-05,over_under_25,Ahli Wad Madani,Umm Mughad,Ahli Wad Madani vs Umm Mughad,Sd1,Over,True,True,3,1,,,,,,
2026-06-05,2026-06-05,over_under_25,Dukla Praha B,FC Pisek,Dukla Praha B vs FC Pisek,Cz3,Over,True,True,0,3,,,,2.15,1.61,2.15
2026-06-05,2026-06-05,over_under_25,Kudrivka,FC Ahrobiznes,Kudrivka vs FC Ahrobiznes,Ua1,Under,True,True,0,0,,,,2.15,1.65,1.65
2026-06-05,2026-06-05,over_under_25,Viktoria Plzen B,Loko Vltavin,Viktoria Plzen B vs Loko Vltavin,Cz3,Over,True,False,2,0,,,,2.38,1.52,2.38
2026-06-05,2026-06-05,over_under_25,Líšeň II,Humpolec,Líšeň II vs Humpolec,Cz4,Over,True,True,5,1,,,,,,
2026-06-05,2026-06-05,over_under_25,Arta,Gendarmerie Nationale,Arta vs Gendarmerie Nationale,Dj1,Over,True,True,1,2,,,,,,
2026-06-05,2026-06-05,over_under_25,FC Haka,JäPS,FC Haka vs JäPS,Fi2,Over,True,True,1,2,,,,2.08,1.62,2.08
2026-06-05,2026-06-05,over_under_25,JS Hercules,VPS 2,JS Hercules vs VPS 2,Fi3,Over,True,True,1,5,,,,3.75,1.25,3.75
2026-06-05,2026-06-05,over_under_25,Petřín Plzeň,Slavia Prague C,Petřín Plzeň vs Slavia Prague C,Cz3,Over,True,True,1,3,,,,,,
2026-06-06,2026-06-06,1x2,Montevideo Wanderers,Danubio FC,Montevideo Wanderers vs Danubio FC,Uy1,1,True,False,0,0,2.25,3.2,3.2,,,2.25
2026-06-06,2026-06-06,1x2,Plaza Colonia,Huracán FC (URU),Plaza Colonia vs Huracán FC (URU),Uy2,X,True,True,0,0,2.25,3.2,3.2,,,3.2
2026-06-06,2026-06-06,1x2,Operário PR,Juventude,Operário PR vs Juventude,Br2,X,True,False,2,1,2.4,2.8,3.5,,,2.8
2026-06-06,2026-06-06,1x2,Talleres (RdE),Deportivo Merlo,Talleres (RdE) vs Deportivo Merlo,Ar3,X,True,False,2,0,2.35,2.5,3.5,,,2.5
2026-06-06,2026-06-06,1x2,Assisense,Santa Fé SP,Assisense vs Santa Fé SP,BrP,1,True,True,4,2,2.4,2.8,3.5,,,2.4
2026-06-06,2026-06-06,1x2,San Luis Quillota,San Marcos Arica,San Luis Quillota vs San Marcos Arica,Cl2,X,True,False,1,0,2.3,3.2,2.75,,,3.2
2026-06-06,2026-06-06,1x2,Santo Domingo,22 de Julio,Santo Domingo vs 22 de Julio,Ec2,X,True,False,1,0,1.53,4.0,5.0,,,4.0
2026-06-06,2026-06-06,1x2,Foncha ST,Bamboutos FC,Foncha ST vs Bamboutos FC,Cm2,2,True,False,0,0,,,,,,
2026-06-06,2026-06-06,1x2,Tonnerre Yaoundé,Union Douala,Tonnerre Yaoundé vs Union Douala,Cm2,1,True,True,3,0,,,,,,
2026-06-06,2026-06-06,1x2,Yafoot FC,Sable Batie,Yafoot FC vs Sable Batie,Cm2,2,True,False,1,1,,,,,,
2026-06-06,2026-06-06,1x2,AS Fap,Bafmeng United,AS Fap vs Bafmeng United,Cm2,2,True,False,1,0,,,,,,
2026-06-06,2026-06-06,1x2,Nomads United,Northern AFC,Nomads United vs Northern AFC,Nz2,1,True,True,2,0,1.75,4.2,3.2,,,1.75
2026-06-06,2026-06-06,1x2,Gimnasia y Tiro,Ferrocarril Midland,Gimnasia y Tiro vs Ferrocarril Midland,Ar2,2,True,False,1,0,2.45,2.9,3.1,,,3.1
2026-06-06,2026-06-06,1x2,Western Suburbs,Napier City Rovers,Western Suburbs vs Napier City Rovers,Nz2,2,True,False,3,3,3.0,3.9,1.95,,,1.95
2026-06-06,2026-06-06,1x2,South City Royals,Christchurch United,South City Royals vs Christchurch United,Nz2,1,True,True,2,0,3.2,4.2,1.8,,,3.2
2026-06-06,2026-06-06,1x2,Snohomish United,Midlakes United,Snohomish United vs Midlakes United,Us4,1,True,True,2,1,1.6,4.2,3.9,,,1.6
2026-06-06,2026-06-06,1x2,Oly Town,Bigfoot,Oly Town vs Bigfoot,Us4,1,True,True,3,0,,,,,,
2026-06-06,2026-06-06,1x2,Vancouver FC,Atlético Ottawa,Vancouver FC vs Atlético Ottawa,Ca1,2,True,False,2,1,2.1,4.0,2.7,,,2.7
2026-06-06,2026-06-06,1x2,Birkenhead United,Auckland II,Birkenhead United vs Auckland II,Nz2,1,True,True,2,0,,,,,,
2026-06-06,2026-06-06,1x2,Redlands,AMSG,Redlands vs AMSG,Us4,1,True,True,2,1,,,,,,
2026-06-06,2026-06-06,1x2,Waterside Karori,Island Bay United,Waterside Karori vs Island Bay United,Nz2,2,True,False,4,0,4.1,4.33,1.57,,,1.57
2026-06-06,2026-06-06,1x2,Ferrymead Bays,Wanaka,Ferrymead Bays vs Wanaka,Nz2,1,True,True,5,0,1.18,7.5,9.0,,,1.18
2026-06-06,2026-06-06,1x2,Upper Hutt City,Petone,Upper Hutt City vs Petone,Nz2,1,True,True,2,0,2.62,4.1,2.05,,,2.62
2026-06-06,2026-06-06,1x2,East Coast Bays,Western Springs,East Coast Bays vs Western Springs,Nz2,1,True,False,2,2,2.1,3.9,2.55,,,2.1
2026-06-06,2026-06-06,1x2,Fencibles United,Tauranga City United,Fencibles United vs Tauranga City United,Nz2,1,True,True,7,1,1.6,4.33,3.8,,,1.6
2026-06-06,2026-06-06,1x2,Selwyn United,Cashmere Technical,Selwyn United vs Cashmere Technical,Nz2,2,True,True,1,4,34.0,21.0,1.03,,,1.03
2026-06-06,2026-06-06,1x2,Auckland City,Auckland United,Auckland City vs Auckland United,Nz2,1,True,False,1,1,2.0,3.6,3.0,,,2.0
2026-06-06,2026-06-06,1x2,Bay Olympic,Manukau United,Bay Olympic vs Manukau United,Nz2,1,True,True,1,0,1.72,4.0,3.4,,,1.72
2026-06-06,2026-06-06,1x2,Eastern Suburbs (NZL),Melville United,Eastern Suburbs (NZL) vs Melville United,Nz2,1,True,True,4,0,1.25,5.0,7.5,,,1.25
2026-06-06,2026-06-06,1x2,Wellington Olympic,Miramar,Wellington Olympic vs Miramar,Nz2,2,True,False,1,1,1.85,3.9,3.1,,,3.1
2026-06-06,2026-06-06,1x2,Harima W,VONDS Ichihara W,Harima W vs VONDS Ichihara W,JpW2,1,True,True,1,0,1.5,3.7,5.25,,,1.5
2026-06-06,2026-06-06,1x2,SEISA OSA Rheia W,Renofa Yamaguchi W,SEISA OSA Rheia W vs Renofa Yamaguchi W,JpW3,1,True,False,0,4,4.0,3.09,1.81,,,4.0
2026-06-06,2026-06-06,1x2,Yamato Sylphid W,Veertien Mie W,Yamato Sylphid W vs Veertien Mie W,JpW3,X,True,False,0,1,2.72,2.95,2.39,,,2.95
2026-06-06,2026-06-06,1x2,Speranza W,Bunnies Gunma White Star W,Speranza W vs Bunnies Gunma White Star W,JpW3,1,True,True,2,0,2.03,2.82,3.21,,,2.03
2026-06-06,2026-06-06,1x2,Magic United,Brisbane Roar U21,Magic United vs Brisbane Roar U21,AuQ,1,True,True,2,1,2.7,4.2,2.0,,,2.7
2026-06-06,2026-06-06,1x2,JEF United Chiba,Avispa Fukuoka,JEF United Chiba vs Avispa Fukuoka,Jp1,X,True,False,1,2,2.75,3.1,2.62,,,3.1
2026-06-06,2026-06-06,1x2,FC Tokyo,Cerezo Osaka,FC Tokyo vs Cerezo Osaka,Jp1,2,True,True,1,3,1.85,3.6,4.0,,,4.0
2026-06-06,2026-06-06,1x2,Kashima Antlers,Vissel Kobe,Kashima Antlers vs Vissel Kobe,Jp1,1,True,True,2,0,2.2,3.4,3.2,,,2.2
2026-06-06,2026-06-06,1x2,WS Wanderers Youth,Sydney United,WS Wanderers Youth vs Sydney United,AuN,2,True,True,0,2,3.4,3.7,1.85,,,1.85
2026-06-06,2026-06-06,1x2,Pocheon FC,Busan Kyotong,Pocheon FC vs Busan Kyotong,Kr3,2,True,False,1,1,1.8,3.3,3.9,,,3.9
2026-06-06,2026-06-06,1x2,Yokohama FC,Renofa Yamaguchi,Yokohama FC vs Renofa Yamaguchi,Jp3,1,True,True,2,1,1.7,3.5,4.2,,,1.7
2026-06-06,2026-06-06,over_under_25,Montevideo Wanderers,Danubio FC,Montevideo Wanderers vs Danubio FC,Uy1,Under,True,True,0,0,,,,1.55,2.35,2.35
2026-06-06,2026-06-06,over_under_25,Plaza Colonia,Huracán FC (URU),Plaza Colonia vs Huracán FC (URU),Uy2,Under,True,True,0,0,,,,1.55,2.35,2.35
2026-06-06,2026-06-06,over_under_25,Operário PR,Juventude,Operário PR vs Juventude,Br2,Over,True,True,2,1,,,,1.45,2.7,1.45
2026-06-06,2026-06-06,over_under_25,Talleres (RdE),Deportivo Merlo,Talleres (RdE) vs Deportivo Merlo,Ar3,Under,True,True,2,0,,,,1.28,3.35,3.35
2026-06-06,2026-06-06,over_under_25,Assisense,Santa Fé SP,Assisense vs Santa Fé SP,BrP,Under,True,False,4,2,,,,1.45,2.7,2.7
2026-06-06,2026-06-06,over_under_25,San Luis Quillota,San Marcos Arica,San Luis Quillota vs San Marcos Arica,Cl2,Over,True,False,1,0,,,,1.7,2.05,1.7
2026-06-06,2026-06-06,over_under_25,Santo Domingo,22 de Julio,Santo Domingo vs 22 de Julio,Ec2,Under,True,True,1,0,,,,1.9,1.9,1.9
2026-06-06,2026-06-06,over_under_25,Foncha ST,Bamboutos FC,Foncha ST vs Bamboutos FC,Cm2,Under,True,True,0,0,,,,,,
2026-06-06,2026-06-06,over_under_25,Tonnerre Yaoundé,Union Douala,Tonnerre Yaoundé vs Union Douala,Cm2,Over,True,True,3,0,,,,,,
2026-06-06,2026-06-06,over_under_25,Yafoot FC,Sable Batie,Yafoot FC vs Sable Batie,Cm2,Under,True,True,1,1,,,,,,
2026-06-06,2026-06-06,over_under_25,AS Fap,Bafmeng United,AS Fap vs Bafmeng United,Cm2,Over,True,False,1,0,,,,,,
2026-06-06,2026-06-06,over_under_25,Nomads United,Northern AFC,Nomads United vs Northern AFC,Nz2,Under,True,True,2,0,,,,,,
2026-06-06,2026-06-06,over_under_25,Gimnasia y Tiro,Ferrocarril Midland,Gimnasia y Tiro vs Ferrocarril Midland,Ar2,Under,True,True,1,0,,,,1.36,2.95,2.95
2026-06-06,2026-06-06,over_under_25,Western Suburbs,Napier City Rovers,Western Suburbs vs Napier City Rovers,Nz2,Over,True,True,3,3,,,,2.23,1.54,2.23
2026-06-06,2026-06-06,over_under_25,South City Royals,Christchurch United,South City Royals vs Christchurch United,Nz2,Over,True,False,2,0,,,,,,
2026-06-06,2026-06-06,over_under_25,Snohomish United,Midlakes United,Snohomish United vs Midlakes United,Us4,Over,True,True,2,1,,,,,,
2026-06-06,2026-06-06,over_under_25,Oly Town,Bigfoot,Oly Town vs Bigfoot,Us4,Over,True,True,3,0,,,,,,
2026-06-06,2026-06-06,over_under_25,Vancouver FC,Atlético Ottawa,Vancouver FC vs Atlético Ottawa,Ca1,Over,True,True,2,1,,,,2.1,1.7,2.1
2026-06-06,2026-06-06,over_under_25,Birkenhead United,Auckland II,Birkenhead United vs Auckland II,Nz2,Over,True,False,2,0,,,,,,
2026-06-06,2026-06-06,over_under_25,Redlands,AMSG,Redlands vs AMSG,Us4,Over,True,True,2,1,,,,,,
2026-06-06,2026-06-06,over_under_25,Waterside Karori,Island Bay United,Waterside Karori vs Island Bay United,Nz2,Over,True,True,4,0,,,,2.25,1.52,2.25
2026-06-06,2026-06-06,over_under_25,Ferrymead Bays,Wanaka,Ferrymead Bays vs Wanaka,Nz2,Over,True,True,5,0,,,,,,
2026-06-06,2026-06-06,over_under_25,Upper Hutt City,Petone,Upper Hutt City vs Petone,Nz2,Over,True,False,2,0,,,,,,
2026-06-06,2026-06-06,over_under_25,East Coast Bays,Western Springs,East Coast Bays vs Western Springs,Nz2,Over,True,True,2,2,,,,,,
2026-06-06,2026-06-06,over_under_25,Fencibles United,Tauranga City United,Fencibles United vs Tauranga City United,Nz2,Over,True,True,7,1,,,,,,
2026-06-06,2026-06-06,over_under_25,Selwyn United,Cashmere Technical,Selwyn United vs Cashmere Technical,Nz2,Over,True,True,1,4,,,,,,
2026-06-06,2026-06-06,over_under_25,Auckland City,Auckland United,Auckland City vs Auckland United,Nz2,Over,True,False,1,1,,,,2.28,1.52,2.28
2026-06-06,2026-06-06,over_under_25,Bay Olympic,Manukau United,Bay Olympic vs Manukau United,Nz2,Over,True,False,1,0,,,,,,
2026-06-06,2026-06-06,over_under_25,Eastern Suburbs (NZL),Melville United,Eastern Suburbs (NZL) vs Melville United,Nz2,Under,True,False,4,0,,,,,,
2026-06-06,2026-06-06,over_under_25,Wellington Olympic,Miramar,Wellington Olympic vs Miramar,Nz2,Over,True,False,1,1,,,,2.1,1.61,2.1
2026-06-06,2026-06-06,over_under_25,Harima W,VONDS Ichihara W,Harima W vs VONDS Ichihara W,JpW2,Under,True,True,1,0,,,,1.95,1.85,1.85
2026-06-06,2026-06-06,over_under_25,SEISA OSA Rheia W,Renofa Yamaguchi W,SEISA OSA Rheia W vs Renofa Yamaguchi W,JpW3,Under,True,False,0,4,,,,1.53,2.25,2.25
2026-06-06,2026-06-06,over_under_25,Yamato Sylphid W,Veertien Mie W,Yamato Sylphid W vs Veertien Mie W,JpW3,Under,True,True,0,1,,,,1.6,2.1,2.1
2026-06-06,2026-06-06,over_under_25,Speranza W,Bunnies Gunma White Star W,Speranza W vs Bunnies Gunma White Star W,JpW3,Over,True,False,2,0,,,,1.44,2.4,1.44
2026-06-06,2026-06-06,over_under_25,Magic United,Brisbane Roar U21,Magic United vs Brisbane Roar U21,AuQ,Over,True,True,2,1,,,,3.45,1.28,3.45
2026-06-06,2026-06-06,over_under_25,JEF United Chiba,Avispa Fukuoka,JEF United Chiba vs Avispa Fukuoka,Jp1,Under,True,False,1,2,,,,1.53,2.45,2.45
2026-06-06,2026-06-06,over_under_25,FC Tokyo,Cerezo Osaka,FC Tokyo vs Cerezo Osaka,Jp1,Over,True,True,1,3,,,,2.1,1.7,2.1
2026-06-06,2026-06-06,over_under_25,Kashima Antlers,Vissel Kobe,Kashima Antlers vs Vissel Kobe,Jp1,Under,True,True,2,0,,,,1.7,2.1,2.1
2026-06-06,2026-06-06,over_under_25,WS Wanderers Youth,Sydney United,WS Wanderers Youth vs Sydney United,AuN,Over,True,False,0,2,,,,2.1,1.67,2.1
2026-06-06,2026-06-06,over_under_25,Pocheon FC,Busan Kyotong,Pocheon FC vs Busan Kyotong,Kr3,Over,True,False,1,1,,,,1.75,1.85,1.75
2026-06-06,2026-06-06,over_under_25,Yokohama FC,Renofa Yamaguchi,Yokohama FC vs Renofa Yamaguchi,Jp3,Over,True,True,2,1,,,,1.92,1.87,1.92
2026-06-07,2026-06-07,1x2,Tristán Suárez,Club Almagro,Tristán Suárez vs Club Almagro,Ar2,1,True,False,0,0,1.8,3.25,5.0,,,1.8
2026-06-07,2026-06-07,1x2,12 de Junio VH,Deportivo Capiatá,12 de Junio VH vs Deportivo Capiatá,Py2,1,True,False,1,1,1.85,3.1,4.0,,,1.85
2026-06-07,2026-06-07,1x2,Deportes Rengo,Lota Schwager,Deportes Rengo vs Lota Schwager,Cl3,1,True,False,1,1,2.75,3.4,2.2,,,2.75
2026-06-07,2026-06-07,1x2,Northern Indiana,Dayton Dutch Lions,Northern Indiana vs Dayton Dutch Lions,Us4,1,True,True,3,0,,,,,,
2026-06-07,2026-06-07,1x2,WV Alliance FC,Kings Hammer Columbus,WV Alliance FC vs Kings Hammer Columbus,Us4,1,True,True,1,0,,,,,,
2026-06-07,2026-06-07,1x2,Blackwatch Rush,Boston City,Blackwatch Rush vs Boston City,Us4,1,True,True,4,3,,,,,,
2026-06-07,2026-06-07,1x2,Supra du Québec,Pacific,Supra du Québec vs Pacific,Ca1,1,True,False,1,1,1.65,3.9,4.5,,,1.65
2026-06-07,2026-06-07,1x2,Cavalry FC,HFX Wanderers,Cavalry FC vs HFX Wanderers,Ca1,1,True,True,2,0,1.45,4.0,6.25,,,1.45
2026-06-07,2026-06-07,1x2,Defensores Pto. Vilelas,Boca Unidos,Defensores Pto. Vilelas vs Boca Unidos,Ar3,1,True,True,2,0,1.8,3.25,5.0,,,1.8
2026-06-07,2026-06-07,1x2,Escobar FC,El Linqueño,Escobar FC vs El Linqueño,Ar3,1,True,True,1,0,1.53,3.3,6.5,,,1.53
2026-06-07,2026-06-07,1x2,San Martín Formosa,Tucumán Central,San Martín Formosa vs Tucumán Central,Ar3,1,True,True,3,2,1.36,4.0,8.0,,,1.36
2026-06-07,2026-06-07,1x2,Gimnasia Chivilcoy,Indep. de Chivilcoy,Gimnasia Chivilcoy vs Indep. de Chivilcoy,Ar3,1,True,False,0,0,1.8,2.87,4.75,,,1.8
2026-06-07,2026-06-07,1x2,Connecticut Rush,Seacoast Utd Phantoms,Connecticut Rush vs Seacoast Utd Phantoms,Us4,1,True,False,2,3,2.0,3.75,2.8,,,2.0
2026-06-07,2026-06-07,1x2,Oakland County,Lansing City,Oakland County vs Lansing City,Us4,1,True,True,6,0,1.3,5.0,7.0,,,1.3
2026-06-07,2026-06-07,1x2,Flint City Bucks,Midwest United,Flint City Bucks vs Midwest United,Us4,1,True,True,2,1,1.5,4.33,4.5,,,1.5
2026-06-07,2026-06-07,1x2,Lorain County Leviathan,Riverhounds II,Lorain County Leviathan vs Riverhounds II,Us4,2,True,False,3,2,2.4,3.6,2.4,,,2.4
2026-06-07,2026-06-07,1x2,OC Nor'easters,Pennsylvania Classics,OC Nor'easters vs Pennsylvania Classics,Us4,1,True,True,5,0,1.2,6.0,9.0,,,1.2
2026-06-07,2026-06-07,1x2,SC United Bantams,Port City,SC United Bantams vs Port City,Us4,1,True,True,3,0,1.27,5.25,7.5,,,1.27
2026-06-07,2026-06-07,1x2,Appalachian,Hickory,Appalachian vs Hickory,Us4,2,True,False,2,1,2.25,3.25,2.8,,,2.8
2026-06-07,2026-06-07,1x2,New England SC,Black Rock,New England SC vs Black Rock,Us4,X,True,False,2,1,1.7,3.75,3.9,,,3.75
2026-06-07,2026-06-07,1x2,Boston Olympiakos,AC Connecticut,Boston Olympiakos vs AC Connecticut,Us4,1,True,True,3,2,1.55,4.0,4.33,,,1.55
2026-06-07,2026-06-07,1x2,Manhattan,FC Motown II,Manhattan vs FC Motown II,Us4,2,True,True,1,3,4.0,4.75,1.55,,,1.55
2026-06-07,2026-06-07,1x2,Cedar Stars Rush,Staten Island Athletic,Cedar Stars Rush vs Staten Island Athletic,Us4,1,True,True,1,0,1.5,4.5,4.5,,,1.5
2026-06-07,2026-06-07,1x2,Annapolis Blues,Patuxent,Annapolis Blues vs Patuxent,Us4,1,True,True,7,0,1.02,21.0,51.0,,,1.02
2026-06-07,2026-06-07,1x2,Shark Coast,Nona,Shark Coast vs Nona,Us4,X,True,False,1,2,4.75,4.75,1.42,,,4.75
2026-06-07,2026-06-07,1x2,Miami FC,Fort Lauderdale United,Miami FC vs Fort Lauderdale United,Us4,2,True,True,0,3,,,,,,
2026-06-07,2026-06-07,1x2,Carolina Dynamo,North Carolina II,Carolina Dynamo vs North Carolina II,Us4,1,True,False,2,3,1.72,4.1,3.4,,,1.72
2026-06-07,2026-06-07,1x2,Charlotte Independence 2,Charlotte Eagles,Charlotte Independence 2 vs Charlotte Eagles,Us4,2,True,False,1,0,1.6,4.5,4.0,,,4.0
2026-06-07,2026-06-07,1x2,Westchester Flames,New Jersey Copa,Westchester Flames vs New Jersey Copa,Us4,2,True,True,2,4,2.87,3.75,2.0,,,2.0
2026-06-07,2026-06-07,1x2,Bethesda SC,Virginia Beach United,Bethesda SC vs Virginia Beach United,Us4,2,True,True,1,3,4.0,4.5,1.55,,,1.55
2026-06-07,2026-06-07,1x2,East Atlanta,Apotheos,East Atlanta vs Apotheos,Us4,X,True,False,2,4,2.3,3.6,2.45,,,3.6
2026-06-07,2026-06-07,1x2,Southern Soccer Academy,Birmingham Legion II,Southern Soccer Academy vs Birmingham Legion II,Us4,1,True,True,3,1,2.4,3.7,2.35,,,2.4
2026-06-07,2026-06-07,1x2,Columbus United,Montgomery United,Columbus United vs Montgomery United,Us4,X,True,False,3,2,1.48,4.33,4.75,,,4.33
2026-06-07,2026-06-07,1x2,CA Rentistas,Colón,CA Rentistas vs Colón,Uy2,1,True,False,0,2,1.95,3.0,3.7,,,1.95
2026-06-07,2026-06-07,1x2,MERW Mary,FC Altyn Asyr,MERW Mary vs FC Altyn Asyr,Tm1,2,True,True,0,2,,,,,,
2026-06-07,2026-06-07,1x2,FC Ahal,FC Shagadam,FC Ahal vs FC Shagadam,Tm1,1,True,True,1,0,,,,,,
2026-06-07,2026-06-07,1x2,Arkadag,FC Balkan,Arkadag vs FC Balkan,Tm1,1,True,True,4,1,,,,,,
2026-06-07,2026-06-07,over_under_25,Tristán Suárez,Club Almagro,Tristán Suárez vs Club Almagro,Ar2,Under,True,True,0,0,,,,1.4,2.8,2.8
2026-06-07,2026-06-07,over_under_25,12 de Junio VH,Deportivo Capiatá,12 de Junio VH vs Deportivo Capiatá,Py2,Under,True,True,1,1,,,,1.6,2.2,2.2
2026-06-07,2026-06-07,over_under_25,Deportes Rengo,Lota Schwager,Deportes Rengo vs Lota Schwager,Cl3,Under,True,True,1,1,,,,1.7,2.01,2.01
2026-06-07,2026-06-07,over_under_25,Northern Indiana,Dayton Dutch Lions,Northern Indiana vs Dayton Dutch Lions,Us4,Under,True,False,3,0,,,,,,
2026-06-07,2026-06-07,over_under_25,WV Alliance FC,Kings Hammer Columbus,WV Alliance FC vs Kings Hammer Columbus,Us4,Over,True,False,1,0,,,,,,
2026-06-07,2026-06-07,over_under_25,Blackwatch Rush,Boston City,Blackwatch Rush vs Boston City,Us4,Over,True,True,4,3,,,,,,
2026-06-07,2026-06-07,over_under_25,Supra du Québec,Pacific,Supra du Québec vs Pacific,Ca1,Over,True,False,1,1,,,,2.35,1.55,2.35
2026-06-07,2026-06-07,over_under_25,Cavalry FC,HFX Wanderers,Cavalry FC vs HFX Wanderers,Ca1,Under,True,True,2,0,,,,1.95,1.8,1.8
2026-06-07,2026-06-07,over_under_25,Defensores Pto. Vilelas,Boca Unidos,Defensores Pto. Vilelas vs Boca Unidos,Ar3,Over,True,False,2,0,,,,1.4,2.8,1.4
2026-06-07,2026-06-07,over_under_25,Escobar FC,El Linqueño,Escobar FC vs El Linqueño,Ar3,Under,True,True,1,0,,,,1.8,2.0,2.0
2026-06-07,2026-06-07,over_under_25,San Martín Formosa,Tucumán Central,San Martín Formosa vs Tucumán Central,Ar3,Under,True,False,3,2,,,,1.65,1.97,1.97
2026-06-07,2026-06-07,over_under_25,Gimnasia Chivilcoy,Indep. de Chivilcoy,Gimnasia Chivilcoy vs Indep. de Chivilcoy,Ar3,Under,True,True,0,0,,,,1.44,2.45,2.45
2026-06-07,2026-06-07,over_under_25,Connecticut Rush,Seacoast Utd Phantoms,Connecticut Rush vs Seacoast Utd Phantoms,Us4,Over,True,True,2,3,,,,,,
2026-06-07,2026-06-07,over_under_25,Oakland County,Lansing City,Oakland County vs Lansing City,Us4,Over,True,True,6,0,,,,,,
2026-06-07,2026-06-07,over_under_25,Flint City Bucks,Midwest United,Flint City Bucks vs Midwest United,Us4,Over,True,True,2,1,,,,2.2,1.55,2.2
2026-06-07,2026-06-07,over_under_25,Lorain County Leviathan,Riverhounds II,Lorain County Leviathan vs Riverhounds II,Us4,Over,True,True,3,2,,,,,,
2026-06-07,2026-06-07,over_under_25,OC Nor'easters,Pennsylvania Classics,OC Nor'easters vs Pennsylvania Classics,Us4,Under,True,False,5,0,,,,,,
2026-06-07,2026-06-07,over_under_25,SC United Bantams,Port City,SC United Bantams vs Port City,Us4,Under,True,False,3,0,,,,,,
2026-06-07,2026-06-07,over_under_25,Appalachian,Hickory,Appalachian vs Hickory,Us4,Under,True,False,2,1,,,,1.87,1.9,1.9
2026-06-07,2026-06-07,over_under_25,New England SC,Black Rock,New England SC vs Black Rock,Us4,Under,True,False,2,1,,,,2.2,1.55,1.55
2026-06-07,2026-06-07,over_under_25,Boston Olympiakos,AC Connecticut,Boston Olympiakos vs AC Connecticut,Us4,Over,True,True,3,2,,,,,,
2026-06-07,2026-06-07,over_under_25,Manhattan,FC Motown II,Manhattan vs FC Motown II,Us4,Over,True,True,1,3,,,,,,
2026-06-07,2026-06-07,over_under_25,Cedar Stars Rush,Staten Island Athletic,Cedar Stars Rush vs Staten Island Athletic,Us4,Over,True,False,1,0,,,,,,
2026-06-07,2026-06-07,over_under_25,Annapolis Blues,Patuxent,Annapolis Blues vs Patuxent,Us4,Over,True,True,7,0,,,,,,
2026-06-07,2026-06-07,over_under_25,Shark Coast,Nona,Shark Coast vs Nona,Us4,Over,True,True,1,2,,,,,,
2026-06-07,2026-06-07,over_under_25,Miami FC,Fort Lauderdale United,Miami FC vs Fort Lauderdale United,Us4,Over,True,True,0,3,,,,,,
2026-06-07,2026-06-07,over_under_25,Carolina Dynamo,North Carolina II,Carolina Dynamo vs North Carolina II,Us4,Over,True,True,2,3,,,,,,
2026-06-07,2026-06-07,over_under_25,Charlotte Independence 2,Charlotte Eagles,Charlotte Independence 2 vs Charlotte Eagles,Us4,Over,True,False,1,0,,,,,,
2026-06-07,2026-06-07,over_under_25,Westchester Flames,New Jersey Copa,Westchester Flames vs New Jersey Copa,Us4,Over,True,True,2,4,,,,,,
2026-06-07,2026-06-07,over_under_25,Bethesda SC,Virginia Beach United,Bethesda SC vs Virginia Beach United,Us4,Under,True,False,1,3,,,,,,
2026-06-07,2026-06-07,over_under_25,East Atlanta,Apotheos,East Atlanta vs Apotheos,Us4,Over,True,True,2,4,,,,2.1,1.6,2.1
2026-06-07,2026-06-07,over_under_25,Southern Soccer Academy,Birmingham Legion II,Southern Soccer Academy vs Birmingham Legion II,Us4,Over,True,True,3,1,,,,,,
2026-06-07,2026-06-07,over_under_25,Columbus United,Montgomery United,Columbus United vs Montgomery United,Us4,Under,True,False,3,2,,,,,,
2026-06-07,2026-06-07,over_under_25,CA Rentistas,Colón,CA Rentistas vs Colón,Uy2,Under,True,True,0,2,,,,1.45,2.6,2.6
2026-06-07,2026-06-07,over_under_25,MERW Mary,FC Altyn Asyr,MERW Mary vs FC Altyn Asyr,Tm1,Over,True,False,0,2,,,,,,
2026-06-07,2026-06-07,over_under_25,FC Ahal,FC Shagadam,FC Ahal vs FC Shagadam,Tm1,Under,True,True,1,0,,,,,,
2026-06-07,2026-06-07,over_under_25,Arkadag,FC Balkan,Arkadag vs FC Balkan,Tm1,Over,True,True,4,1,,,,,,
2026-06-08,2026-06-08,1x2,Carabobo,Puerto Cabello,Carabobo vs Puerto Cabello,Ve1,1,True,True,2,1,1.9,3.0,4.0,,,1.9
2026-06-08,2026-06-08,1x2,Long Island RR,Morris Elite,Long Island RR vs Morris Elite,Us4,1,True,True,2,1,1.16,7.0,11.0,,,1.16
2026-06-08,2026-06-08,1x2,Snohomish United,Oly Town,Snohomish United vs Oly Town,Us4,1,True,True,5,0,1.16,7.4,7.43,,,1.16
2026-06-08,2026-06-08,1x2,San Francisco City,SF Glens,San Francisco City vs SF Glens,Us4,1,True,True,2,0,1.8,3.9,3.4,,,1.8
2026-06-08,2026-06-08,1x2,Asheville City,Wake,Asheville City vs Wake,Us4,1,True,True,2,0,1.03,21.0,29.0,,,1.03
2026-06-08,2026-06-08,1x2,RKC,St. Croix,RKC vs St. Croix,Us4,1,True,True,1,0,1.38,4.5,5.75,,,1.38
2026-06-08,2026-06-08,1x2,Tacoma Stars,Bigfoot,Tacoma Stars vs Bigfoot,Us4,X,True,False,3,0,1.57,4.5,3.8,,,4.5
2026-06-08,2026-06-08,1x2,Loudoun United II,Lionsbridge,Loudoun United II vs Lionsbridge,Us4,2,True,True,1,4,8.0,5.25,1.25,,,1.25
2026-06-08,2026-06-08,1x2,Virginia Marauders,Christos,Virginia Marauders vs Christos,Us4,2,True,True,1,3,4.75,5.5,1.4,,,1.4
2026-06-08,2026-06-08,1x2,Miramar Misiones,Oriental (URU),Miramar Misiones vs Oriental (URU),Uy2,X,True,True,2,2,2.9,2.88,2.3,,,2.88
2026-06-08,2026-06-08,1x2,Albion Colorado,Real Colorado,Albion Colorado vs Real Colorado,Us4,1,True,True,4,1,,,,,,
2026-06-08,2026-06-08,1x2,AMSG,Stars FC,AMSG vs Stars FC,Us4,2,True,True,0,1,,,,,,
2026-06-08,2026-06-08,1x2,Mogadishu City,Jeenyo,Mogadishu City vs Jeenyo,So1,X,True,False,5,2,,,,,,
2026-06-08,2026-06-08,1x2,Bamboutos FC,Union Douala,Bamboutos FC vs Union Douala,Cm2,1,True,True,3,0,,,,,,
2026-06-08,2026-06-08,1x2,AS Fap,Yafoot FC,AS Fap vs Yafoot FC,Cm2,1,True,True,2,1,,,,,,
2026-06-08,2026-06-08,1x2,Fauve Azur Elite,Aigle Royal de Moungo,Fauve Azur Elite vs Aigle Royal de Moungo,Cm1,2,True,True,2,3,,,,,,
2026-06-08,2026-06-08,1x2,Foncha ST,Tonnerre Yaoundé,Foncha ST vs Tonnerre Yaoundé,Cm2,2,True,True,0,3,,,,,,
2026-06-08,2026-06-08,1x2,Sable Batie,Bafmeng United,Sable Batie vs Bafmeng United,Cm2,1,True,False,1,1,,,,,,
2026-06-08,2026-06-08,1x2,FC KTP,FC Haka,FC KTP vs FC Haka,Fi2,1,True,False,0,2,1.95,3.5,3.1,,,1.95
2026-06-08,2026-06-08,1x2,FUS Rabat,Difaâ El Jadidi,FUS Rabat vs Difaâ El Jadidi,Ma1,X,True,True,0,0,1.57,3.3,5.5,,,3.3
2026-06-08,2026-06-08,1x2,FC Kiffen,PuiU Helsinki,FC Kiffen vs PuiU Helsinki,Fi3,1,True,True,2,0,1.73,3.8,3.6,,,1.73
2026-06-08,2026-06-08,1x2,DFK Dainava,FK Garliava,DFK Dainava vs FK Garliava,Lt2,1,True,True,1,0,2.0,3.6,3.0,,,2.0
2026-06-08,2026-06-08,1x2,Stockholm Internazionale,Vasalunds IF,Stockholm Internazionale vs Vasalunds IF,Se3,X,True,False,4,1,1.53,4.1,4.5,,,4.1
2026-06-08,2026-06-08,1x2,Ängelholms FF,BK Olympic Malmö,Ängelholms FF vs BK Olympic Malmö,Se4,1,True,False,1,1,2.1,3.5,2.88,,,2.1
2026-06-08,2026-06-08,1x2,Täfteå,Umeå FC Akademi,Täfteå vs Umeå FC Akademi,Se4,1,True,True,3,0,2.1,3.5,2.88,,,2.1
2026-06-08,2026-06-08,1x2,Järfälla,Stocksund,Järfälla vs Stocksund,Se3,1,True,False,1,6,1.85,3.7,3.3,,,1.85
2026-06-08,2026-06-08,1x2,Utsiktens BK,FC Rosengard,Utsiktens BK vs FC Rosengard,Se4,2,True,True,0,1,5.25,3.7,1.53,,,1.53
2026-06-08,2026-06-08,1x2,RSB Berkane,Ittihad Tanger,RSB Berkane vs Ittihad Tanger,Ma1,X,True,False,1,0,1.53,3.5,5.75,,,3.5
2026-06-08,2026-06-08,1x2,Wydad Casablanca,Olympique Safi,Wydad Casablanca vs Olympique Safi,Ma1,1,True,True,1,0,1.53,3.7,5.5,,,1.53
2026-06-08,2026-06-08,1x2,Monsoon,Santa Cruz RS,Monsoon vs Santa Cruz RS,BrC,1,True,False,1,1,2.2,3.6,2.8,,,2.2
2026-06-08,2026-06-08,1x2,Defensa y Justicia Res.,Ferro Carril Reserves,Defensa y Justicia Res. vs Ferro Carril Reserves,ArR,1,True,True,2,1,1.7,3.75,4.2,,,1.7
2026-06-08,2026-06-08,1x2,Independiente Riva. Res.,Quilmes Res.,Independiente Riva. Res. vs Quilmes Res.,ArR,2,True,False,2,0,2.7,3.1,2.45,,,2.45
2026-06-08,2026-06-08,1x2,Unión Santa Fe Res.,Atlético Tucumán Res.,Unión Santa Fe Res. vs Atlético Tucumán Res.,ArR,2,True,False,2,0,2.05,3.3,3.25,,,3.25
2026-06-08,2026-06-08,1x2,Gimnasia Esgrima Res.,Godoy Cruz Res.,Gimnasia Esgrima Res. vs Godoy Cruz Res.,ArR,1,True,False,0,2,1.61,3.5,5.25,,,1.61
2026-06-08,2026-06-08,1x2,Racing Club Res.,Banfield Res.,Racing Club Res. vs Banfield Res.,ArR,1,True,False,1,2,1.85,3.5,3.5,,,1.85
2026-06-08,2026-06-08,1x2,UAI Urquiza,Liniers,UAI Urquiza vs Liniers,Ar3,2,True,False,2,1,2.6,2.6,2.9,,,2.9
2026-06-08,2026-06-08,over_under_25,Carabobo,Puerto Cabello,Carabobo vs Puerto Cabello,Ve1,Under,True,False,2,1,,,,1.44,2.62,2.62
2026-06-08,2026-06-08,over_under_25,Long Island RR,Morris Elite,Long Island RR vs Morris Elite,Us4,Over,True,True,2,1,,,,,,
2026-06-08,2026-06-08,over_under_25,Snohomish United,Oly Town,Snohomish United vs Oly Town,Us4,Over,True,True,5,0,,,,,,
2026-06-08,2026-06-08,over_under_25,San Francisco City,SF Glens,San Francisco City vs SF Glens,Us4,Over,True,False,2,0,,,,,,
2026-06-08,2026-06-08,over_under_25,Asheville City,Wake,Asheville City vs Wake,Us4,Under,True,True,2,0,,,,,,
2026-06-08,2026-06-08,over_under_25,RKC,St. Croix,RKC vs St. Croix,Us4,Over,True,False,1,0,,,,,,
2026-06-08,2026-06-08,over_under_25,Tacoma Stars,Bigfoot,Tacoma Stars vs Bigfoot,Us4,Over,True,True,3,0,,,,,,
2026-06-08,2026-06-08,over_under_25,Loudoun United II,Lionsbridge,Loudoun United II vs Lionsbridge,Us4,Under,True,False,1,4,,,,,,
2026-06-08,2026-06-08,over_under_25,Virginia Marauders,Christos,Virginia Marauders vs Christos,Us4,Over,True,True,1,3,,,,,,
2026-06-08,2026-06-08,over_under_25,Miramar Misiones,Oriental (URU),Miramar Misiones vs Oriental (URU),Uy2,Under,True,False,2,2,,,,1.45,2.6,2.6
2026-06-08,2026-06-08,over_under_25,Albion Colorado,Real Colorado,Albion Colorado vs Real Colorado,Us4,Under,True,False,4,1,,,,,,
2026-06-08,2026-06-08,over_under_25,AMSG,Stars FC,AMSG vs Stars FC,Us4,Under,True,True,0,1,,,,,,
2026-06-08,2026-06-08,over_under_25,Mogadishu City,Jeenyo,Mogadishu City vs Jeenyo,So1,Under,True,False,5,2,,,,,,
2026-06-08,2026-06-08,over_under_25,Bamboutos FC,Union Douala,Bamboutos FC vs Union Douala,Cm2,Under,True,False,3,0,,,,,,
2026-06-08,2026-06-08,over_under_25,AS Fap,Yafoot FC,AS Fap vs Yafoot FC,Cm2,Under,True,False,2,1,,,,,,
2026-06-08,2026-06-08,over_under_25,Fauve Azur Elite,Aigle Royal de Moungo,Fauve Azur Elite vs Aigle Royal de Moungo,Cm1,Under,True,False,2,3,,,,,,
2026-06-08,2026-06-08,over_under_25,Foncha ST,Tonnerre Yaoundé,Foncha ST vs Tonnerre Yaoundé,Cm2,Under,True,False,0,3,,,,,,
2026-06-08,2026-06-08,over_under_25,Sable Batie,Bafmeng United,Sable Batie vs Bafmeng United,Cm2,Under,True,True,1,1,,,,,,
2026-06-08,2026-06-08,over_under_25,FC KTP,FC Haka,FC KTP vs FC Haka,Fi2,Under,True,True,0,2,,,,1.87,1.92,1.92
2026-06-08,2026-06-08,over_under_25,FUS Rabat,Difaâ El Jadidi,FUS Rabat vs Difaâ El Jadidi,Ma1,Under,True,True,0,0,,,,1.62,2.2,2.2
2026-06-08,2026-06-08,over_under_25,FC Kiffen,PuiU Helsinki,FC Kiffen vs PuiU Helsinki,Fi3,Over,True,False,2,0,,,,2.62,1.44,2.62
2026-06-08,2026-06-08,over_under_25,DFK Dainava,FK Garliava,DFK Dainava vs FK Garliava,Lt2,Under,True,True,1,0,,,,2.1,1.6,1.6
2026-06-08,2026-06-08,over_under_25,Stockholm Internazionale,Vasalunds IF,Stockholm Internazionale vs Vasalunds IF,Se3,Over,True,True,4,1,,,,2.38,1.53,2.38
2026-06-08,2026-06-08,over_under_25,Ängelholms FF,BK Olympic Malmö,Ängelholms FF vs BK Olympic Malmö,Se4,Under,True,True,1,1,,,,2.2,1.62,1.62
2026-06-08,2026-06-08,over_under_25,Täfteå,Umeå FC Akademi,Täfteå vs Umeå FC Akademi,Se4,Over,True,True,3,0,,,,2.2,1.62,2.2
2026-06-08,2026-06-08,over_under_25,Järfälla,Stocksund,Järfälla vs Stocksund,Se3,Over,True,True,1,6,,,,3.25,1.3,3.25
2026-06-08,2026-06-08,over_under_25,Utsiktens BK,FC Rosengard,Utsiktens BK vs FC Rosengard,Se4,Over,True,False,0,1,,,,2.15,1.65,2.15
2026-06-08,2026-06-08,over_under_25,RSB Berkane,Ittihad Tanger,RSB Berkane vs Ittihad Tanger,Ma1,Under,True,True,1,0,,,,1.62,2.2,2.2
2026-06-08,2026-06-08,over_under_25,Wydad Casablanca,Olympique Safi,Wydad Casablanca vs Olympique Safi,Ma1,Under,True,True,1,0,,,,1.8,1.93,1.93
2026-06-08,2026-06-08,over_under_25,Monsoon,Santa Cruz RS,Monsoon vs Santa Cruz RS,BrC,Over,True,False,1,1,,,,1.65,2.15,1.65
2026-06-08,2026-06-08,over_under_25,Defensa y Justicia Res.,Ferro Carril Reserves,Defensa y Justicia Res. vs Ferro Carril Reserves,ArR,Under,True,False,2,1,,,,2.0,1.8,1.8
2026-06-08,2026-06-08,over_under_25,Independiente Riva. Res.,Quilmes Res.,Independiente Riva. Res. vs Quilmes Res.,ArR,Under,True,True,2,0,,,,1.56,2.18,2.18
2026-06-08,2026-06-08,over_under_25,Unión Santa Fe Res.,Atlético Tucumán Res.,Unión Santa Fe Res. vs Atlético Tucumán Res.,ArR,Under,True,True,2,0,,,,1.9,1.9,1.9
2026-06-08,2026-06-08,over_under_25,Gimnasia Esgrima Res.,Godoy Cruz Res.,Gimnasia Esgrima Res. vs Godoy Cruz Res.,ArR,Under,True,True,0,2,,,,1.77,2.02,2.02
2026-06-08,2026-06-08,over_under_25,Racing Club Res.,Banfield Res.,Racing Club Res. vs Banfield Res.,ArR,Under,True,False,1,2,,,,1.82,1.97,1.97
2026-06-08,2026-06-08,over_under_25,UAI Urquiza,Liniers,UAI Urquiza vs Liniers,Ar3,Under,True,False,2,1,,,,,,
2026-06-09,2026-06-09,1x2,Liverpool (URU),Cerro Largo,Liverpool (URU) vs Cerro Largo,Uy1,2,True,False,0,0,1.9,3.1,4.2,,,4.2
2026-06-09,2026-06-09,1x2,Atlético Nacional,Junior Barranquilla,Atlético Nacional vs Junior Barranquilla,Co1,X,True,False,1,0,1.44,4.5,6.5,,,4.5
2026-06-09,2026-06-09,1x2,3 de Noviembre,General Caballero JLM,3 de Noviembre vs General Caballero JLM,Py2,2,True,True,2,3,3.6,3.4,1.85,,,1.85
2026-06-09,2026-06-09,1x2,Mamoré,Uberaba MG,Mamoré vs Uberaba MG,BrM,X,True,False,0,2,2.3,2.9,2.9,,,2.9
2026-06-09,2026-06-09,1x2,América Mineiro,Atlético GO,América Mineiro vs Atlético GO,Br2,X,True,False,1,2,2.5,3.0,3.1,,,3.0
2026-06-09,2026-06-09,1x2,Vila Nova FC,Botafogo SP,Vila Nova FC vs Botafogo SP,Br2,1,True,True,1,0,2.25,2.9,3.5,,,2.25
2026-06-09,2026-06-09,1x2,The Villages,Sporting Jax 2,The Villages vs Sporting Jax 2,Us4,X,True,True,0,0,1.28,5.0,7.5,,,5.0
2026-06-09,2026-06-09,1x2,Unión Española,Unión San Felipe,Unión Española vs Unión San Felipe,Cl2,1,True,False,2,2,1.67,3.75,4.0,,,1.67
2026-06-09,2026-06-09,1x2,Deportes Temuco,Curicó Unido,Deportes Temuco vs Curicó Unido,Cl2,X,True,False,0,1,1.8,3.3,4.0,,,3.3
2026-06-09,2026-06-09,1x2,Avion Academy,Union Abong-Mbang,Avion Academy vs Union Abong-Mbang,Cm2,1,True,False,1,1,,,,,,
2026-06-09,2026-06-09,1x2,Les Astres FC,APEJES,Les Astres FC vs APEJES,Cm2,2,True,True,0,2,,,,,,
2026-06-09,2026-06-09,1x2,Livyi Bereh Kyiv,PFK Aleksandriya,Livyi Bereh Kyiv vs PFK Aleksandriya,Ua1,1,True,True,1,0,1.85,3.2,4.1,,,1.85
2026-06-09,2026-06-09,1x2,Gaadiidka,Jubba,Gaadiidka vs Jubba,So1,1,True,True,4,0,,,,,,
2026-06-09,2026-06-09,1x2,Bulawayo Chiefs,TelOne FC,Bulawayo Chiefs vs TelOne FC,Zw1,X,True,True,1,1,3.0,2.8,2.3,,,2.8
2026-06-09,2026-06-09,1x2,Niroye Zamini,Ario Eslamshahr,Niroye Zamini vs Ario Eslamshahr,Ir2,X,True,True,0,0,2.45,2.4,3.4,,,2.4
2026-06-09,2026-06-09,1x2,Navad Urmia,Fard Alborz,Navad Urmia vs Fard Alborz,Ir2,X,True,False,0,6,3.4,2.88,2.1,,,2.88
2026-06-09,2026-06-09,1x2,Saipa Karaj,Sorkhpooshan Pakdasht,Saipa Karaj vs Sorkhpooshan Pakdasht,Ir2,X,True,True,0,0,2.3,2.6,3.3,,,2.6
2026-06-09,2026-06-09,1x2,Hilal Al Fasher,Hay Al Wadi,Hilal Al Fasher vs Hay Al Wadi,Sd1,1,True,False,0,0,,,,,,
2026-06-09,2026-06-09,1x2,Hilal Al Sahel,Ahli Wad Madani,Hilal Al Sahel vs Ahli Wad Madani,Sd1,2,True,False,2,2,,,,,,
2026-06-09,2026-06-09,1x2,Umm Mughad,Alfalah Atbra,Umm Mughad vs Alfalah Atbra,Sd1,1,True,True,3,1,,,,,,
2026-06-09,2026-06-09,1x2,Be'sat Kermanshah,Mes Soongoun,Be'sat Kermanshah vs Mes Soongoun,Ir2,1,True,True,1,0,2.02,3.1,3.85,,,2.02
2026-06-09,2026-06-09,1x2,Stade Migovéen,Ogooue,Stade Migovéen vs Ogooue,Ga1,2,True,False,2,1,,,,,,
2026-06-09,2026-06-09,1x2,Mes Kerman,Naft Gachsaran,Mes Kerman vs Naft Gachsaran,Ir2,X,True,True,0,0,2.0,2.75,3.9,,,2.75
2026-06-09,2026-06-09,1x2,FC Ahrobiznes,Kudrivka,FC Ahrobiznes vs Kudrivka,Ua1,1,True,False,2,2,3.5,2.8,2.15,,,3.5
2026-06-09,2026-06-09,1x2,Atlantic,Kumba City,Atlantic vs Kumba City,Cm2,1,True,False,1,1,,,,,,
2026-06-09,2026-06-09,1x2,Nassaji Mazandaran,Shenavarsazi Qeshm,Nassaji Mazandaran vs Shenavarsazi Qeshm,Ir2,1,True,True,2,0,1.22,4.5,13.0,,,1.22
2026-06-09,2026-06-09,1x2,Sanat Naft AC,Pars Jonoubi Jam,Sanat Naft AC vs Pars Jonoubi Jam,Ir2,X,True,False,0,2,2.0,2.7,4.0,,,2.7
2026-06-09,2026-06-09,1x2,FC Honka Espoo,HJK Helsinki,FC Honka Espoo vs HJK Helsinki,FiC,2,True,True,1,7,15.0,7.5,1.14,,,1.14
2026-06-09,2026-06-09,1x2,Yacoub El Mansour,CODM Meknès,Yacoub El Mansour vs CODM Meknès,Ma1,2,True,False,1,1,2.2,2.88,3.1,,,3.1
2026-06-09,2026-06-09,1x2,SJK Akatemia,JIPPO Joensuu,SJK Akatemia vs JIPPO Joensuu,Fi2,2,True,False,0,0,15.0,7.5,1.14,,,1.14
2026-06-09,2026-06-09,1x2,US Bougouni,USFAS Bamako,US Bougouni vs USFAS Bamako,Ml1,2,True,False,2,1,4.44,2.9,1.8,,,1.8
2026-06-09,2026-06-09,1x2,Stade Malien,Binga,Stade Malien vs Binga,Ml1,1,True,True,2,1,1.95,3.0,3.6,,,1.95
2026-06-09,2026-06-09,1x2,Djoliba AC,AS Real Bamako,Djoliba AC vs AS Real Bamako,Ml1,X,True,False,0,1,1.93,3.0,3.75,,,3.0
2026-06-09,2026-06-09,1x2,United Nordic,Östersunds FK,United Nordic vs Östersunds FK,Se2,1,True,False,1,1,1.95,3.5,3.25,,,1.95
2026-06-09,2026-06-09,1x2,Östers IF,IFK Varnamo,Östers IF vs IFK Varnamo,Se2,1,True,True,3,0,1.95,3.5,3.25,,,1.95
2026-06-09,2026-06-09,1x2,IK Brage,Ljungskile SK,IK Brage vs Ljungskile SK,Se2,1,True,False,2,2,2.45,3.3,2.45,,,2.45
2026-06-09,2026-06-09,1x2,IK Oddevold,Norrköping,IK Oddevold vs Norrköping,Se2,X,True,False,1,2,2.6,3.3,2.38,,,3.3
2026-06-09,2026-06-09,1x2,Sandvikens IF,Falkenbergs FF,Sandvikens IF vs Falkenbergs FF,Se2,2,True,False,4,2,2.35,3.3,2.55,,,2.55
2026-06-09,2026-06-09,1x2,Vendelsö IK,Haninge,Vendelsö IK vs Haninge,SeC,2,True,True,1,4,1.95,3.5,3.25,,,3.25
2026-06-09,2026-06-09,1x2,IK Sturehov,FBK Karlstad,IK Sturehov vs FBK Karlstad,SeC,X,True,False,1,3,11.0,7.5,1.14,,,7.5
2026-06-09,2026-06-09,1x2,Konyaspor KIF,AFC Eskilstuna,Konyaspor KIF vs AFC Eskilstuna,SeC,1,True,False,0,2,,,,,,
2026-06-09,2026-06-09,1x2,Kawkab Marrakech,Raja Casablanca,Kawkab Marrakech vs Raja Casablanca,Ma1,2,True,False,2,0,,,,,,
2026-06-09,2026-06-09,over_under_25,Liverpool (URU),Cerro Largo,Liverpool (URU) vs Cerro Largo,Uy1,Under,True,True,0,0,,,,1.65,2.15,2.15
2026-06-09,2026-06-09,over_under_25,Atlético Nacional,Junior Barranquilla,Atlético Nacional vs Junior Barranquilla,Co1,Over,True,False,1,0,,,,2.05,1.75,2.05
2026-06-09,2026-06-09,over_under_25,3 de Noviembre,General Caballero JLM,3 de Noviembre vs General Caballero JLM,Py2,Under,True,False,2,3,,,,1.8,2.0,2.0
2026-06-09,2026-06-09,over_under_25,Mamoré,Uberaba MG,Mamoré vs Uberaba MG,BrM,Under,True,True,0,2,,,,1.44,2.54,2.54
2026-06-09,2026-06-09,over_under_25,América Mineiro,Atlético GO,América Mineiro vs Atlético GO,Br2,Under,True,False,1,2,,,,1.53,2.45,2.45
2026-06-09,2026-06-09,over_under_25,Vila Nova FC,Botafogo SP,Vila Nova FC vs Botafogo SP,Br2,Under,True,True,1,0,,,,1.53,2.45,2.45
2026-06-09,2026-06-09,over_under_25,The Villages,Sporting Jax 2,The Villages vs Sporting Jax 2,Us4,Under,True,True,0,0,,,,,,
2026-06-09,2026-06-09,over_under_25,Unión Española,Unión San Felipe,Unión Española vs Unión San Felipe,Cl2,Over,True,True,2,2,,,,1.95,1.77,1.95
2026-06-09,2026-06-09,over_under_25,Deportes Temuco,Curicó Unido,Deportes Temuco vs Curicó Unido,Cl2,Under,True,True,0,1,,,,1.77,1.95,1.95
2026-06-09,2026-06-09,over_under_25,Avion Academy,Union Abong-Mbang,Avion Academy vs Union Abong-Mbang,Cm2,Over,True,False,1,1,,,,,,
2026-06-09,2026-06-09,over_under_25,Les Astres FC,APEJES,Les Astres FC vs APEJES,Cm2,Over,True,False,0,2,,,,,,
2026-06-09,2026-06-09,over_under_25,Livyi Bereh Kyiv,PFK Aleksandriya,Livyi Bereh Kyiv vs PFK Aleksandriya,Ua1,Over,True,False,1,0,,,,1.6,2.25,1.6
2026-06-09,2026-06-09,over_under_25,Gaadiidka,Jubba,Gaadiidka vs Jubba,So1,Over,True,True,4,0,,,,,,
2026-06-09,2026-06-09,over_under_25,Bulawayo Chiefs,TelOne FC,Bulawayo Chiefs vs TelOne FC,Zw1,Under,True,True,1,1,,,,,,
2026-06-09,2026-06-09,over_under_25,Niroye Zamini,Ario Eslamshahr,Niroye Zamini vs Ario Eslamshahr,Ir2,Under,True,True,0,0,,,,1.25,3.75,3.75
2026-06-09,2026-06-09,over_under_25,Navad Urmia,Fard Alborz,Navad Urmia vs Fard Alborz,Ir2,Under,True,False,0,6,,,,1.57,2.3,2.3
2026-06-09,2026-06-09,over_under_25,Saipa Karaj,Sorkhpooshan Pakdasht,Saipa Karaj vs Sorkhpooshan Pakdasht,Ir2,Under,True,True,0,0,,,,1.3,3.4,3.4
2026-06-09,2026-06-09,over_under_25,Hilal Al Fasher,Hay Al Wadi,Hilal Al Fasher vs Hay Al Wadi,Sd1,Over,True,False,0,0,,,,,,
2026-06-09,2026-06-09,over_under_25,Hilal Al Sahel,Ahli Wad Madani,Hilal Al Sahel vs Ahli Wad Madani,Sd1,Under,True,False,2,2,,,,,,
2026-06-09,2026-06-09,over_under_25,Umm Mughad,Alfalah Atbra,Umm Mughad vs Alfalah Atbra,Sd1,Under,True,False,3,1,,,,,,
2026-06-09,2026-06-09,over_under_25,Be'sat Kermanshah,Mes Soongoun,Be'sat Kermanshah vs Mes Soongoun,Ir2,Under,True,True,1,0,,,,1.38,2.9,2.9
2026-06-09,2026-06-09,over_under_25,Stade Migovéen,Ogooue,Stade Migovéen vs Ogooue,Ga1,Under,True,False,2,1,,,,,,
2026-06-09,2026-06-09,over_under_25,Mes Kerman,Naft Gachsaran,Mes Kerman vs Naft Gachsaran,Ir2,Under,True,True,0,0,,,,1.3,3.4,3.4
2026-06-09,2026-06-09,over_under_25,FC Ahrobiznes,Kudrivka,FC Ahrobiznes vs Kudrivka,Ua1,Over,True,True,2,2,,,,1.5,2.45,1.5
2026-06-09,2026-06-09,over_under_25,Atlantic,Kumba City,Atlantic vs Kumba City,Cm2,Under,True,True,1,1,,,,,,
2026-06-09,2026-06-09,over_under_25,Nassaji Mazandaran,Shenavarsazi Qeshm,Nassaji Mazandaran vs Shenavarsazi Qeshm,Ir2,Under,True,True,2,0,,,,1.65,2.0,2.0
2026-06-09,2026-06-09,over_under_25,Sanat Naft AC,Pars Jonoubi Jam,Sanat Naft AC vs Pars Jonoubi Jam,Ir2,Under,True,True,0,2,,,,1.57,2.3,2.3
2026-06-09,2026-06-09,over_under_25,FC Honka Espoo,HJK Helsinki,FC Honka Espoo vs HJK Helsinki,FiC,Over,True,True,1,7,,,,4.0,1.22,4.0
2026-06-09,2026-06-09,over_under_25,Yacoub El Mansour,CODM Meknès,Yacoub El Mansour vs CODM Meknès,Ma1,Under,True,True,1,1,,,,1.57,2.3,2.3
2026-06-09,2026-06-09,over_under_25,SJK Akatemia,JIPPO Joensuu,SJK Akatemia vs JIPPO Joensuu,Fi2,Over,True,False,0,0,,,,4.0,1.22,4.0
2026-06-09,2026-06-09,over_under_25,US Bougouni,USFAS Bamako,US Bougouni vs USFAS Bamako,Ml1,Under,True,False,2,1,,,,,,
2026-06-09,2026-06-09,over_under_25,Stade Malien,Binga,Stade Malien vs Binga,Ml1,Over,True,True,2,1,,,,1.5,2.28,1.5
2026-06-09,2026-06-09,over_under_25,Djoliba AC,AS Real Bamako,Djoliba AC vs AS Real Bamako,Ml1,Under,True,True,0,1,,,,,,
2026-06-09,2026-06-09,over_under_25,United Nordic,Östersunds FK,United Nordic vs Östersunds FK,Se2,Under,True,True,1,1,,,,2.3,1.62,1.62
2026-06-09,2026-06-09,over_under_25,Östers IF,IFK Varnamo,Östers IF vs IFK Varnamo,Se2,Over,True,True,3,0,,,,2.3,1.62,2.3
2026-06-09,2026-06-09,over_under_25,IK Brage,Ljungskile SK,IK Brage vs Ljungskile SK,Se2,Over,True,True,2,2,,,,2.1,1.75,2.1
2026-06-09,2026-06-09,over_under_25,IK Oddevold,Norrköping,IK Oddevold vs Norrköping,Se2,Under,True,False,1,2,,,,2.2,1.67,1.67
2026-06-09,2026-06-09,over_under_25,Sandvikens IF,Falkenbergs FF,Sandvikens IF vs Falkenbergs FF,Se2,Over,True,True,4,2,,,,2.1,1.75,2.1
2026-06-09,2026-06-09,over_under_25,Vendelsö IK,Haninge,Vendelsö IK vs Haninge,SeC,Over,True,True,1,4,,,,2.3,1.62,2.3
2026-06-09,2026-06-09,over_under_25,IK Sturehov,FBK Karlstad,IK Sturehov vs FBK Karlstad,SeC,Under,True,False,1,3,,,,3.5,1.3,1.3
2026-06-09,2026-06-09,over_under_25,Konyaspor KIF,AFC Eskilstuna,Konyaspor KIF vs AFC Eskilstuna,SeC,Under,True,True,0,2,,,,,,
2026-06-09,2026-06-09,over_under_25,Kawkab Marrakech,Raja Casablanca,Kawkab Marrakech vs Raja Casablanca,Ma1,Under,True,True,2,0,,,,,,
2026-06-10,2026-06-10,1x2,Nautico,Fortaleza,Nautico vs Fortaleza,Br2,1,True,False,0,1,2.3,3.0,3.25,,,2.3
2026-06-10,2026-06-10,1x2,Ponte Preta,Cuiabá,Ponte Preta vs Cuiabá,Br2,X,True,False,1,2,3.4,2.88,2.38,,,2.88
2026-06-10,2026-06-10,1x2,Central Córdoba SdE Res.,Colón Res.,Central Córdoba SdE Res. vs Colón Res.,ArR,X,True,False,2,0,2.1,3.1,3.2,,,3.1
2026-06-10,2026-06-10,1x2,River Plate Res.,Rosario Central Res.,River Plate Res. vs Rosario Central Res.,ArR,1,True,True,2,1,1.9,3.4,3.7,,,1.9
2026-06-10,2026-06-10,1x2,Cleveland Force,Akron City,Cleveland Force vs Akron City,Us4,1,True,False,1,3,2.4,3.6,2.37,,,2.4
2026-06-10,2026-06-10,1x2,Atlético Ottawa,Supra du Québec,Atlético Ottawa vs Supra du Québec,Ca1,1,True,True,5,3,1.9,3.8,3.3,,,1.9
2026-06-10,2026-06-10,1x2,Lehigh Valley Utd,Philadelphia Lone Star,Lehigh Valley Utd vs Philadelphia Lone Star,Us4,1,True,True,3,0,,,,,,
2026-06-10,2026-06-10,1x2,Delaware FC,West Chester United II,Delaware FC vs West Chester United II,Us4,2,True,True,1,3,2.55,3.8,2.15,,,2.15
2026-06-10,2026-06-10,1x2,Northern Virginia,Charlottesville Blues,Northern Virginia vs Charlottesville Blues,Us4,X,True,False,0,1,2.0,3.5,3.1,,,3.5
2026-06-10,2026-06-10,1x2,Southern Soccer Academy,Columbus United,Southern Soccer Academy vs Columbus United,Us4,1,True,True,6,0,2.25,3.75,2.5,,,2.25
2026-06-10,2026-06-10,1x2,San Antonio,Liga de Portoviejo,San Antonio vs Liga de Portoviejo,Ec2,X,True,False,4,2,2.05,3.1,3.25,,,3.1
2026-06-10,2026-06-10,1x2,Britannia,Sporting Aruba,Britannia vs Sporting Aruba,Aw1,2,True,False,0,0,1.53,4.33,4.33,,,4.33
2026-06-10,2026-06-10,1x2,Laredo Heat,Lonestar,Laredo Heat vs Lonestar,Us4,1,True,False,1,1,,,,,,
2026-06-10,2026-06-10,1x2,Sydney Olympic,SD Raiders,Sydney Olympic vs SD Raiders,AuN,1,True,False,1,1,2.88,3.4,2.15,,,2.88
2026-06-10,2026-06-10,1x2,Canberra Olympic,Gungahlin Juventus,Canberra Olympic vs Gungahlin Juventus,AuA,1,True,False,2,3,9.0,6.5,1.18,,,9.0
2026-06-10,2026-06-10,1x2,O'Connor Knights,Cooma Tigers,O'Connor Knights vs Cooma Tigers,AuA,2,True,True,0,1,9.0,6.5,1.18,,,1.18
2026-06-10,2026-06-10,1x2,Tuggeranong United,Monaro Panthers,Tuggeranong United vs Monaro Panthers,AuA,1,True,False,1,6,4.33,5.0,1.48,,,4.33
2026-06-10,2026-06-10,1x2,Belconnen United,Canberra White Eagles,Belconnen United vs Canberra White Eagles,AuA,1,True,False,1,2,1.5,4.5,4.33,,,1.5
2026-06-10,2026-06-10,1x2,Canberra FC,Queanbeyan City,Canberra FC vs Queanbeyan City,AuA,1,True,True,4,2,1.5,4.5,4.33,,,1.5
2026-06-10,2026-06-10,1x2,Slovacko U19,Mlada Boleslav U19,Slovacko U19 vs Mlada Boleslav U19,CzU,2,True,True,0,4,2.48,3.4,2.35,,,2.35
2026-06-10,2026-06-10,1x2,Ostrava U19,Brno U19,Ostrava U19 vs Brno U19,CzU,X,True,False,1,0,1.72,4.1,3.4,,,4.1
2026-06-10,2026-06-10,1x2,Celeste,Simba(DRC),Celeste vs Simba(DRC),CD1,X,True,True,1,1,,,,,,
2026-06-10,2026-06-10,1x2,Dekedaha,Heegan,Dekedaha vs Heegan,So1,X,True,False,0,3,,,,,,
2026-06-10,2026-06-10,1x2,Cape Town City,Magesi FC,Cape Town City vs Magesi FC,Za1,2,True,False,1,1,1.9,3.1,3.8,,,3.8
2026-06-10,2026-06-10,1x2,MWOS,Manica Diamonds FC,MWOS vs Manica Diamonds FC,Zw1,X,True,False,3,1,1.6,3.1,5.75,,,3.1
2026-06-10,2026-06-10,1x2,Platinum FC,Hardrock,Platinum FC vs Hardrock,Zw1,X,True,True,0,0,,,,,,
2026-06-10,2026-06-10,1x2,Chicken Inn,CAPS United FC,Chicken Inn vs CAPS United FC,Zw1,X,True,True,0,0,3.4,2.5,2.4,,,2.5
2026-06-10,2026-06-10,1x2,ZPC Kariba,Herentals FC,ZPC Kariba vs Herentals FC,Zw1,2,True,False,0,0,,,,,,
2026-06-10,2026-06-10,1x2,Dynamos FC,Hunters,Dynamos FC vs Hunters,Zw1,1,True,False,2,2,1.75,3.0,4.75,,,1.75
2026-06-10,2026-06-10,1x2,Simba Bhora,Ngezi Platinum Stars,Simba Bhora vs Ngezi Platinum Stars,Zw1,X,True,False,1,0,,,,,,
2026-06-10,2026-06-10,1x2,Damash Gilan,Mes Shahr-e Babak,Damash Gilan vs Mes Shahr-e Babak,Ir2,2,True,True,0,7,1.9,3.1,3.8,,,3.8
2026-06-10,2026-06-10,1x2,Al Hilal Al Sudani,Merreikh Al Sudan,Al Hilal Al Sudani vs Merreikh Al Sudan,Sd1,2,True,False,1,0,,,,,,
2026-06-10,2026-06-10,1x2,AS Vita Club,AS Maniema Union,AS Vita Club vs AS Maniema Union,CD1,X,True,False,1,2,,,,,,
2026-06-10,2026-06-10,1x2,Sigma Olomouc B,Fotbal Trinec,Sigma Olomouc B vs Fotbal Trinec,Cz3,2,True,False,3,1,,,,,,
2026-06-10,2026-06-10,1x2,KuPS Kuopio,VPS Vaasa,KuPS Kuopio vs VPS Vaasa,FiC,1,True,False,0,0,1.67,3.75,4.33,,,1.67
2026-06-10,2026-06-10,1x2,AS Dikaki,Cercle Mbéri Sportif,AS Dikaki vs Cercle Mbéri Sportif,Ga1,2,True,True,1,4,,,,,,
2026-06-10,2026-06-10,1x2,AS Stade Mandji,Lozo Sport FC,AS Stade Mandji vs Lozo Sport FC,Ga1,1,True,True,5,1,,,,,,
2026-06-10,2026-06-10,1x2,Vautour Club,US Oyem,Vautour Club vs US Oyem,Ga1,1,True,True,2,1,,,,,,
2026-06-10,2026-06-10,1x2,AS Mangasport,Bouenguidi Sports,AS Mangasport vs Bouenguidi Sports,Ga1,1,True,True,3,2,,,,,,
2026-06-10,2026-06-10,1x2,Oyem AC,US Bitam,Oyem AC vs US Bitam,Ga1,1,True,False,1,2,,,,,,
2026-06-10,2026-06-10,1x2,FC 105 Libreville,AS Pélican,FC 105 Libreville vs AS Pélican,Ga1,1,True,False,1,4,,,,,,
2026-06-10,2026-06-10,1x2,Naft Bandar Abbas,Shahrdari Noshahr,Naft Bandar Abbas vs Shahrdari Noshahr,Ir2,X,True,False,1,0,2.3,2.62,3.25,,,2.62
2026-06-10,2026-06-10,over_under_25,Nautico,Fortaleza,Nautico vs Fortaleza,Br2,Over,True,False,0,1,,,,1.6,2.3,1.6
2026-06-10,2026-06-10,over_under_25,Ponte Preta,Cuiabá,Ponte Preta vs Cuiabá,Br2,Over,True,True,1,2,,,,1.38,2.95,1.38
2026-06-10,2026-06-10,over_under_25,Central Córdoba SdE Res.,Colón Res.,Central Córdoba SdE Res. vs Colón Res.,ArR,Under,True,True,2,0,,,,1.58,2.14,2.14
2026-06-10,2026-06-10,over_under_25,River Plate Res.,Rosario Central Res.,River Plate Res. vs Rosario Central Res.,ArR,Under,True,False,2,1,,,,1.85,1.95,1.95
2026-06-10,2026-06-10,over_under_25,Cleveland Force,Akron City,Cleveland Force vs Akron City,Us4,Over,True,True,1,3,,,,,,
2026-06-10,2026-06-10,over_under_25,Atlético Ottawa,Supra du Québec,Atlético Ottawa vs Supra du Québec,Ca1,Under,True,False,5,3,,,,2.15,1.65,1.65
2026-06-10,2026-06-10,over_under_25,Lehigh Valley Utd,Philadelphia Lone Star,Lehigh Valley Utd vs Philadelphia Lone Star,Us4,Over,True,True,3,0,,,,,,
2026-06-10,2026-06-10,over_under_25,Delaware FC,West Chester United II,Delaware FC vs West Chester United II,Us4,Over,True,True,1,3,,,,,,
2026-06-10,2026-06-10,over_under_25,Northern Virginia,Charlottesville Blues,Northern Virginia vs Charlottesville Blues,Us4,Over,True,False,0,1,,,,,,
2026-06-10,2026-06-10,over_under_25,Southern Soccer Academy,Columbus United,Southern Soccer Academy vs Columbus United,Us4,Over,True,True,6,0,,,,2.1,1.6,2.1
2026-06-10,2026-06-10,over_under_25,San Antonio,Liga de Portoviejo,San Antonio vs Liga de Portoviejo,Ec2,Under,True,False,4,2,,,,1.5,2.28,2.28
2026-06-10,2026-06-10,over_under_25,Britannia,Sporting Aruba,Britannia vs Sporting Aruba,Aw1,Over,True,False,0,0,,,,,,
2026-06-10,2026-06-10,over_under_25,Laredo Heat,Lonestar,Laredo Heat vs Lonestar,Us4,Over,True,False,1,1,,,,,,
2026-06-10,2026-06-10,over_under_25,Sydney Olympic,SD Raiders,Sydney Olympic vs SD Raiders,AuN,Over,True,False,1,1,,,,2.2,1.62,2.2
2026-06-10,2026-06-10,over_under_25,Canberra Olympic,Gungahlin Juventus,Canberra Olympic vs Gungahlin Juventus,AuA,Over,True,True,2,3,,,,4.0,1.22,4.0
2026-06-10,2026-06-10,over_under_25,O'Connor Knights,Cooma Tigers,O'Connor Knights vs Cooma Tigers,AuA,Over,True,False,0,1,,,,4.0,1.22,4.0
2026-06-10,2026-06-10,over_under_25,Tuggeranong United,Monaro Panthers,Tuggeranong United vs Monaro Panthers,AuA,Over,True,True,1,6,,,,3.4,1.3,3.4
2026-06-10,2026-06-10,over_under_25,Belconnen United,Canberra White Eagles,Belconnen United vs Canberra White Eagles,AuA,Over,True,True,1,2,,,,3.0,1.36,3.0
2026-06-10,2026-06-10,over_under_25,Canberra FC,Queanbeyan City,Canberra FC vs Queanbeyan City,AuA,Over,True,True,4,2,,,,3.0,1.36,3.0
2026-06-10,2026-06-10,over_under_25,Slovacko U19,Mlada Boleslav U19,Slovacko U19 vs Mlada Boleslav U19,CzU,Over,True,True,0,4,,,,,,
2026-06-10,2026-06-10,over_under_25,Ostrava U19,Brno U19,Ostrava U19 vs Brno U19,CzU,Over,True,False,1,0,,,,,,
2026-06-10,2026-06-10,over_under_25,Celeste,Simba(DRC),Celeste vs Simba(DRC),CD1,Under,True,True,1,1,,,,,,
2026-06-10,2026-06-10,over_under_25,Dekedaha,Heegan,Dekedaha vs Heegan,So1,Under,True,False,0,3,,,,,,
2026-06-10,2026-06-10,over_under_25,Cape Town City,Magesi FC,Cape Town City vs Magesi FC,Za1,Under,True,True,1,1,,,,1.44,2.75,2.75
2026-06-10,2026-06-10,over_under_25,MWOS,Manica Diamonds FC,MWOS vs Manica Diamonds FC,Zw1,Under,True,False,3,1,,,,,,
2026-06-10,2026-06-10,over_under_25,Platinum FC,Hardrock,Platinum FC vs Hardrock,Zw1,Under,True,True,0,0,,,,,,
2026-06-10,2026-06-10,over_under_25,Chicken Inn,CAPS United FC,Chicken Inn vs CAPS United FC,Zw1,Under,True,True,0,0,,,,,,
2026-06-10,2026-06-10,over_under_25,ZPC Kariba,Herentals FC,ZPC Kariba vs Herentals FC,Zw1,Under,True,True,0,0,,,,,,
2026-06-10,2026-06-10,over_under_25,Dynamos FC,Hunters,Dynamos FC vs Hunters,Zw1,Under,True,False,2,2,,,,,,
2026-06-10,2026-06-10,over_under_25,Simba Bhora,Ngezi Platinum Stars,Simba Bhora vs Ngezi Platinum Stars,Zw1,Under,True,True,1,0,,,,,,
2026-06-10,2026-06-10,over_under_25,Damash Gilan,Mes Shahr-e Babak,Damash Gilan vs Mes Shahr-e Babak,Ir2,Under,True,False,0,7,,,,1.44,2.75,2.75
2026-06-10,2026-06-10,over_under_25,Al Hilal Al Sudani,Merreikh Al Sudan,Al Hilal Al Sudani vs Merreikh Al Sudan,Sd1,Under,True,True,1,0,,,,,,
2026-06-10,2026-06-10,over_under_25,AS Vita Club,AS Maniema Union,AS Vita Club vs AS Maniema Union,CD1,Under,True,False,1,2,,,,,,
2026-06-10,2026-06-10,over_under_25,Sigma Olomouc B,Fotbal Trinec,Sigma Olomouc B vs Fotbal Trinec,Cz3,Under,True,False,3,1,,,,,,
2026-06-10,2026-06-10,over_under_25,KuPS Kuopio,VPS Vaasa,KuPS Kuopio vs VPS Vaasa,FiC,Over,True,False,0,0,,,,1.8,1.8,1.8
2026-06-10,2026-06-10,over_under_25,AS Dikaki,Cercle Mbéri Sportif,AS Dikaki vs Cercle Mbéri Sportif,Ga1,Under,True,False,1,4,,,,,,
2026-06-10,2026-06-10,over_under_25,AS Stade Mandji,Lozo Sport FC,AS Stade Mandji vs Lozo Sport FC,Ga1,Under,True,False,5,1,,,,,,
2026-06-10,2026-06-10,over_under_25,Vautour Club,US Oyem,Vautour Club vs US Oyem,Ga1,Over,True,True,2,1,,,,,,
2026-06-10,2026-06-10,over_under_25,AS Mangasport,Bouenguidi Sports,AS Mangasport vs Bouenguidi Sports,Ga1,Over,True,True,3,2,,,,,,
2026-06-10,2026-06-10,over_under_25,Oyem AC,US Bitam,Oyem AC vs US Bitam,Ga1,Over,True,True,1,2,,,,,,
2026-06-10,2026-06-10,over_under_25,FC 105 Libreville,AS Pélican,FC 105 Libreville vs AS Pélican,Ga1,Over,True,True,1,4,,,,,,
2026-06-10,2026-06-10,over_under_25,Naft Bandar Abbas,Shahrdari Noshahr,Naft Bandar Abbas vs Shahrdari Noshahr,Ir2,Under,True,True,1,0,,,,1.38,2.9,2.9
2026-06-11,2026-06-11,1x2,Chicago Dutch Lions,St. Croix,Chicago Dutch Lions vs St. Croix,Us4,1,True,False,1,4,1.85,4.0,3.1,,,1.85
2026-06-11,2026-06-11,1x2,Steel City,Riverhounds II,Steel City vs Riverhounds II,Us4,1,True,False,0,0,,,,,,
2026-06-11,2026-06-11,1x2,Nona,Brooke House,Nona vs Brooke House,Us4,X,True,True,0,0,,,,,,
2026-06-11,2026-06-11,1x2,Brasil de Pelotas,Farroupilha,Brasil de Pelotas vs Farroupilha,BrC,1,True,True,4,0,1.33,4.75,8.5,,,1.33
2026-06-11,2026-06-11,1x2,Charlotte Independence 2,Port City,Charlotte Independence 2 vs Port City,Us4,1,True,True,4,1,,,,,,
2026-06-11,2026-06-11,1x2,Goiás,Novorizontino SP,Goiás vs Novorizontino SP,Br2,X,True,False,0,4,2.5,2.88,3.2,,,2.88
2026-06-11,2026-06-11,1x2,Ceará SC,Avai FC,Ceará SC vs Avai FC,Br2,X,True,False,2,1,1.85,3.4,4.33,,,3.4
2026-06-11,2026-06-11,1x2,Tampa Bay Rowdies,Charleston Battery,Tampa Bay Rowdies vs Charleston Battery,Us2,1,True,False,2,2,1.57,3.7,4.75,,,1.57
2026-06-11,2026-06-11,1x2,Forge FC,HFX Wanderers,Forge FC vs HFX Wanderers,Ca1,1,True,True,1,0,1.44,3.9,7.0,,,1.44
2026-06-11,2026-06-11,1x2,Forge FC,HFX Wanderers,Forge FC vs HFX Wanderers,CaC,1,True,True,1,0,1.44,3.9,7.0,,,1.44
2026-06-11,2026-06-11,1x2,Fluminense SC,Metropolitano SC,Fluminense SC vs Metropolitano SC,BrC,2,True,True,1,3,1.85,3.4,4.33,,,4.33
2026-06-11,2026-06-11,1x2,Westchester SC,Fort Wayne,Westchester SC vs Fort Wayne,Us4,2,True,False,1,1,2.35,3.5,2.6,,,2.6
2026-06-11,2026-06-11,1x2,Christos,Bethesda SC,Christos vs Bethesda SC,Us4,1,True,False,2,2,,,,,,
2026-06-11,2026-06-11,1x2,Birmingham Legion II,Dothan United,Birmingham Legion II vs Dothan United,Us4,2,True,True,0,2,7.0,5.0,1.3,,,1.3
2026-06-11,2026-06-11,1x2,Sueno,Rockford Raptors,Sueno vs Rockford Raptors,Us4,1,True,True,4,1,,,,,,
2026-06-11,2026-06-11,1x2,Dayton Dutch Lions,Kings Hammer Columbus,Dayton Dutch Lions vs Kings Hammer Columbus,Us4,1,True,True,1,0,3.5,3.8,1.72,,,3.5
2026-06-11,2026-06-11,1x2,Northern Indiana,Toledo Villa,Northern Indiana vs Toledo Villa,Us4,1,True,True,3,1,1.38,4.5,6.0,,,1.38
2026-06-11,2026-06-11,1x2,Flint City Bucks,AFC Ann Arbor,Flint City Bucks vs AFC Ann Arbor,Us4,1,True,True,4,1,,,,,,
2026-06-11,2026-06-11,1x2,Reading United AC,OC Nor'easters,Reading United AC vs OC Nor'easters,Us4,2,True,True,0,2,4.5,4.2,1.53,,,1.53
2026-06-11,2026-06-11,1x2,Pennsylvania Classics,Eagle FC,Pennsylvania Classics vs Eagle FC,Us4,1,True,True,3,1,,,,,,
2026-06-11,2026-06-11,1x2,SC United Bantams,Tobacco Road,SC United Bantams vs Tobacco Road,Us4,1,True,False,3,3,1.48,4.33,5.0,,,1.48
2026-06-11,2026-06-11,1x2,North Carolina II,Wake,North Carolina II vs Wake,Us4,1,True,True,3,1,1.3,5.5,7.0,,,1.3
2026-06-11,2026-06-11,1x2,Appalachian,Carolina Dynamo,Appalachian vs Carolina Dynamo,Us4,1,True,True,5,2,,,,,,
2026-06-11,2026-06-11,1x2,New England SC,Seacoast Utd Phantoms,New England SC vs Seacoast Utd Phantoms,Us4,1,True,True,2,1,1.53,4.0,4.5,,,1.53
2026-06-11,2026-06-11,1x2,Connecticut Rush,Boston Olympiakos,Connecticut Rush vs Boston Olympiakos,Us4,2,True,False,3,1,2.2,3.5,2.62,,,2.62
2026-06-11,2026-06-11,1x2,Black Rock,Blackwatch Rush,Black Rock vs Blackwatch Rush,Us4,2,True,False,3,1,1.44,4.33,5.25,,,5.25
2026-06-11,2026-06-11,1x2,Cedar Stars Rush,Westchester Flames,Cedar Stars Rush vs Westchester Flames,Us4,1,True,True,2,0,,,,,,
2026-06-11,2026-06-11,1x2,Virginia Beach United,Hill City,Virginia Beach United vs Hill City,Us4,2,True,False,5,3,,,,,,
2026-06-11,2026-06-11,1x2,Sporting Jax 2,Shark Coast,Sporting Jax 2 vs Shark Coast,Us4,X,True,True,1,1,,,,,,
2026-06-11,2026-06-11,1x2,Miami FC,Weston,Miami FC vs Weston,Us4,1,True,False,2,4,,,,,,
2026-06-11,2026-06-11,1x2,Brevard Fire,Lakeland United,Brevard Fire vs Lakeland United,Us4,2,True,True,0,1,,,,,,
2026-06-11,2026-06-11,1x2,AC Connecticut,Vermont Green,AC Connecticut vs Vermont Green,Us4,2,True,True,1,4,12.0,8.0,1.14,,,1.14
2026-06-11,2026-06-11,1x2,Detroit City FC,El Paso Locomotive,Detroit City FC vs El Paso Locomotive,Us2,1,True,False,1,1,1.9,3.4,3.4,,,1.9
2026-06-11,2026-06-11,1x2,York 9 FC,Cavalry FC,York 9 FC vs Cavalry FC,Ca1,2,True,True,1,5,4.0,3.3,1.85,,,1.85
2026-06-11,2026-06-11,1x2,Charlotte Independence,Union Omaha,Charlotte Independence vs Union Omaha,Us4,2,True,False,2,0,2.05,3.6,3.1,,,3.1
2026-06-11,2026-06-11,1x2,Virginia Marauders,Patuxent,Virginia Marauders vs Patuxent,Us4,1,True,True,1,0,1.95,3.9,2.87,,,1.95
2026-06-11,2026-06-11,1x2,Loudoun United II,Annapolis Blues,Loudoun United II vs Annapolis Blues,Us4,2,True,False,2,1,5.25,4.75,1.38,,,1.38
2026-06-11,2026-06-11,1x2,Ironbound,New Jersey Copa,Ironbound vs New Jersey Copa,Us4,2,True,False,4,1,,,,,,
2026-06-11,2026-06-11,1x2,Sport Recife,Athletic Club MG,Sport Recife vs Athletic Club MG,Br2,2,True,False,1,1,1.9,3.25,4.33,,,4.33
2026-06-11,2026-06-11,over_under_25,Chicago Dutch Lions,St. Croix,Chicago Dutch Lions vs St. Croix,Us4,Over,True,True,1,4,,,,,,
2026-06-11,2026-06-11,over_under_25,Steel City,Riverhounds II,Steel City vs Riverhounds II,Us4,Over,True,False,0,0,,,,,,
2026-06-11,2026-06-11,over_under_25,Nona,Brooke House,Nona vs Brooke House,Us4,Under,True,True,0,0,,,,,,
2026-06-11,2026-06-11,over_under_25,Brasil de Pelotas,Farroupilha,Brasil de Pelotas vs Farroupilha,BrC,Under,True,False,4,0,,,,2.05,1.7,1.7
2026-06-11,2026-06-11,over_under_25,Charlotte Independence 2,Port City,Charlotte Independence 2 vs Port City,Us4,Under,True,False,4,1,,,,,,
2026-06-11,2026-06-11,over_under_25,Goiás,Novorizontino SP,Goiás vs Novorizontino SP,Br2,Under,True,False,0,4,,,,1.5,2.55,2.55
2026-06-11,2026-06-11,over_under_25,Ceará SC,Avai FC,Ceará SC vs Avai FC,Br2,Under,True,False,2,1,,,,1.75,2.05,2.05
2026-06-11,2026-06-11,over_under_25,Tampa Bay Rowdies,Charleston Battery,Tampa Bay Rowdies vs Charleston Battery,Us2,Under,True,False,2,2,,,,1.93,1.8,1.8
2026-06-11,2026-06-11,over_under_25,Forge FC,HFX Wanderers,Forge FC vs HFX Wanderers,Ca1,Under,True,True,1,0,,,,1.8,1.95,1.95
2026-06-11,2026-06-11,over_under_25,Forge FC,HFX Wanderers,Forge FC vs HFX Wanderers,CaC,Under,True,True,1,0,,,,1.8,1.95,1.95
2026-06-11,2026-06-11,over_under_25,Fluminense SC,Metropolitano SC,Fluminense SC vs Metropolitano SC,BrC,Over,True,True,1,3,,,,1.75,2.05,1.75
2026-06-11,2026-06-11,over_under_25,Westchester SC,Fort Wayne,Westchester SC vs Fort Wayne,Us4,Under,True,True,1,1,,,,1.97,1.82,1.82
2026-06-11,2026-06-11,over_under_25,Christos,Bethesda SC,Christos vs Bethesda SC,Us4,Under,True,False,2,2,,,,,,
2026-06-11,2026-06-11,over_under_25,Birmingham Legion II,Dothan United,Birmingham Legion II vs Dothan United,Us4,Under,True,True,0,2,,,,1.97,1.82,1.82
2026-06-11,2026-06-11,over_under_25,Sueno,Rockford Raptors,Sueno vs Rockford Raptors,Us4,Under,True,False,4,1,,,,,,
2026-06-11,2026-06-11,over_under_25,Dayton Dutch Lions,Kings Hammer Columbus,Dayton Dutch Lions vs Kings Hammer Columbus,Us4,Under,True,True,1,0,,,,2.06,1.66,1.66
2026-06-11,2026-06-11,over_under_25,Northern Indiana,Toledo Villa,Northern Indiana vs Toledo Villa,Us4,Under,True,False,3,1,,,,2.25,1.53,1.53
2026-06-11,2026-06-11,over_under_25,Flint City Bucks,AFC Ann Arbor,Flint City Bucks vs AFC Ann Arbor,Us4,Over,True,True,4,1,,,,,,
2026-06-11,2026-06-11,over_under_25,Reading United AC,OC Nor'easters,Reading United AC vs OC Nor'easters,Us4,Under,True,True,0,2,,,,,,
2026-06-11,2026-06-11,over_under_25,Pennsylvania Classics,Eagle FC,Pennsylvania Classics vs Eagle FC,Us4,Under,True,False,3,1,,,,,,
2026-06-11,2026-06-11,over_under_25,SC United Bantams,Tobacco Road,SC United Bantams vs Tobacco Road,Us4,Over,True,True,3,3,,,,,,
2026-06-11,2026-06-11,over_under_25,North Carolina II,Wake,North Carolina II vs Wake,Us4,Over,True,True,3,1,,,,,,
2026-06-11,2026-06-11,over_under_25,Appalachian,Carolina Dynamo,Appalachian vs Carolina Dynamo,Us4,Over,True,True,5,2,,,,,,
2026-06-11,2026-06-11,over_under_25,New England SC,Seacoast Utd Phantoms,New England SC vs Seacoast Utd Phantoms,Us4,Over,True,True,2,1,,,,,,
2026-06-11,2026-06-11,over_under_25,Connecticut Rush,Boston Olympiakos,Connecticut Rush vs Boston Olympiakos,Us4,Over,True,True,3,1,,,,2.25,1.56,2.25
2026-06-11,2026-06-11,over_under_25,Black Rock,Blackwatch Rush,Black Rock vs Blackwatch Rush,Us4,Under,True,False,3,1,,,,,,
2026-06-11,2026-06-11,over_under_25,Cedar Stars Rush,Westchester Flames,Cedar Stars Rush vs Westchester Flames,Us4,Over,True,False,2,0,,,,,,
2026-06-11,2026-06-11,over_under_25,Virginia Beach United,Hill City,Virginia Beach United vs Hill City,Us4,Over,True,True,5,3,,,,,,
2026-06-11,2026-06-11,over_under_25,Sporting Jax 2,Shark Coast,Sporting Jax 2 vs Shark Coast,Us4,Under,True,True,1,1,,,,,,
2026-06-11,2026-06-11,over_under_25,Miami FC,Weston,Miami FC vs Weston,Us4,Over,True,True,2,4,,,,,,
2026-06-11,2026-06-11,over_under_25,Brevard Fire,Lakeland United,Brevard Fire vs Lakeland United,Us4,Over,True,False,0,1,,,,,,
2026-06-11,2026-06-11,over_under_25,AC Connecticut,Vermont Green,AC Connecticut vs Vermont Green,Us4,Over,True,True,1,4,,,,,,
2026-06-11,2026-06-11,over_under_25,Detroit City FC,El Paso Locomotive,Detroit City FC vs El Paso Locomotive,Us2,Over,True,False,1,1,,,,2.05,1.7,2.05
2026-06-11,2026-06-11,over_under_25,York 9 FC,Cavalry FC,York 9 FC vs Cavalry FC,Ca1,Under,True,False,1,5,,,,1.77,2.0,2.0
2026-06-11,2026-06-11,over_under_25,Charlotte Independence,Union Omaha,Charlotte Independence vs Union Omaha,Us4,Over,True,False,2,0,,,,,,
2026-06-11,2026-06-11,over_under_25,Virginia Marauders,Patuxent,Virginia Marauders vs Patuxent,Us4,Over,True,False,1,0,,,,,,
2026-06-11,2026-06-11,over_under_25,Loudoun United II,Annapolis Blues,Loudoun United II vs Annapolis Blues,Us4,Under,True,False,2,1,,,,,,
2026-06-11,2026-06-11,over_under_25,Ironbound,New Jersey Copa,Ironbound vs New Jersey Copa,Us4,Over,True,True,4,1,,,,,,
2026-06-11,2026-06-11,over_under_25,Sport Recife,Athletic Club MG,Sport Recife vs Athletic Club MG,Br2,Over,True,False,1,1,,,,1.57,2.38,1.57
2026-06-12,2026-06-12,1x2,Palmeiras U20,Santos U20,Palmeiras U20 vs Santos U20,BrB,X,True,True,2,2,1.57,3.9,4.5,,,3.9
2026-06-12,2026-06-12,1x2,Oeste U20,Santo André U20,Oeste U20 vs Santo André U20,BrP,1,True,True,4,3,1.57,3.9,4.5,,,1.57
2026-06-12,2026-06-12,1x2,Lansing City,Kalamazoo FC,Lansing City vs Kalamazoo FC,Us4,2,True,True,0,7,,,,,,
2026-06-12,2026-06-12,1x2,Utah United,Flatirons Rush,Utah United vs Flatirons Rush,Us4,1,True,True,2,1,1.04,13.0,29.0,,,1.04
2026-06-12,2026-06-12,1x2,Brazos Valley,San Antonio FC 2,Brazos Valley vs San Antonio FC 2,Us4,2,True,False,3,0,,,,,,
2026-06-12,2026-06-12,1x2,South Korea,Czech Republic,South Korea vs Czech Republic,WC,X,True,False,2,1,2.6,3.1,2.9,,,3.1
2026-06-12,2026-06-12,1x2,San Juan SC,Project 51O,San Juan SC vs Project 51O,Us4,2,True,True,1,3,3.0,3.9,1.9,,,1.9
2026-06-12,2026-06-12,1x2,Capo,FC Tucson,Capo vs FC Tucson,Us4,2,True,False,1,1,,,,,,
2026-06-12,2026-06-12,1x2,Auckland II,Bay Olympic,Auckland II vs Bay Olympic,Nz2,1,False,,,,2.1,3.9,2.62,,,2.1
2026-06-12,2026-06-12,1x2,Ceske Budejovice U19,Plzen U19,Ceske Budejovice U19 vs Plzen U19,CzU,2,True,True,1,2,2.05,3.7,2.75,,,2.75
2026-06-12,2026-06-12,1x2,Manly United,Sydney United,Manly United vs Sydney United,AuN,2,True,False,1,1,3.7,3.5,1.8,,,1.8
2026-06-12,2026-06-12,1x2,Marconi Stallions,Sydney U21,Marconi Stallions vs Sydney U21,AuN,1,True,False,0,0,1.38,4.75,5.5,,,1.38
2026-06-12,2026-06-12,1x2,Campbelltown City,West Torrens,Campbelltown City vs West Torrens,AuS,2,True,True,1,2,2.88,3.75,2.0,,,2.0
2026-06-12,2026-06-12,1x2,Suwon FMC W,Gumi Sportstoto W,Suwon FMC W vs Gumi Sportstoto W,KrW,1,True,True,6,0,1.48,3.75,6.0,,,1.48
2026-06-12,2026-06-12,1x2,Pho Hien FC,Bac Ninh,Pho Hien FC vs Bac Ninh,Vn1,X,True,True,1,1,1.6,3.6,5.0,,,3.6
2026-06-12,2026-06-12,1x2,Adelaide Comets,West Adelaide,Adelaide Comets vs West Adelaide,AuS,2,True,False,3,2,2.45,3.6,2.35,,,2.35
2026-06-12,2026-06-12,1x2,Kopetdag Asgabat,MERW Mary,Kopetdag Asgabat vs MERW Mary,Tm1,1,True,True,2,0,,,,,,
2026-06-12,2026-06-12,1x2,FK Ekibastuz,Arys,FK Ekibastuz vs Arys,Kz2,1,True,False,1,1,1.63,4.2,4.1,,,1.63
2026-06-12,2026-06-12,1x2,Kairat Almaty Akademiya,Tobol II,Kairat Almaty Akademiya vs Tobol II,Kz2,1,True,True,7,0,1.13,7.0,13.0,,,1.13
2026-06-12,2026-06-12,1x2,Gantaalaha,Horseed,Gantaalaha vs Horseed,So1,2,True,True,2,6,,,,,,
2026-06-12,2026-06-12,1x2,Union Abong-Mbang,Kumba City,Union Abong-Mbang vs Kumba City,Cm2,2,True,False,1,0,,,,,,
2026-06-12,2026-06-12,1x2,FC Asgabat,Arkadag,FC Asgabat vs Arkadag,Tm1,2,True,True,1,7,,,,,,
2026-06-12,2026-06-12,1x2,Foutoua Club,Karamah,Foutoua Club vs Karamah,Sy1,2,True,True,2,4,4.1,3.5,1.76,,,1.76
2026-06-12,2026-06-12,1x2,Shabab Al Sahel,Safa SC Beirut,Shabab Al Sahel vs Safa SC Beirut,Lb,2,True,True,0,1,,,,,,
2026-06-12,2026-06-12,1x2,Reyady Abaseya,Al Hikma Beirut,Reyady Abaseya vs Al Hikma Beirut,Lb,1,True,False,0,1,4.2,3.4,1.7,,,4.2
2026-06-12,2026-06-12,1x2,Coastal Union,Namungo,Coastal Union vs Namungo,Tz1,X,True,True,1,1,1.75,3.0,4.75,,,3.0
2026-06-12,2026-06-12,1x2,Singida Big Stars,Azam,Singida Big Stars vs Azam,Tz1,2,True,True,0,2,7.0,3.75,1.48,,,1.48
2026-06-12,2026-06-12,1x2,FC Shagadam,FC Altyn Asyr,FC Shagadam vs FC Altyn Asyr,Tm1,2,True,True,0,2,,,,,,
2026-06-12,2026-06-12,1x2,Itabirito U20,Nacional AC MG U20,Itabirito U20 vs Nacional AC MG U20,BrM,X,True,True,2,2,1.07,10.0,23.0,,,10.0
2026-06-12,2026-06-12,1x2,Atletico-MG U20,Uberabinha U20,Atletico-MG U20 vs Uberabinha U20,BrM,1,True,True,4,0,1.07,10.0,23.0,,,1.07
2026-06-12,2026-06-12,1x2,Obock,Guelleh / GR,Obock vs Guelleh / GR,Dj1,2,True,True,1,2,,,,,,
2026-06-12,2026-06-12,1x2,CSKA Pamir,Parvoz,CSKA Pamir vs Parvoz,Tj1,1,True,False,1,2,,,,,,
2026-06-12,2026-06-12,1x2,FC Isloch,Naftan Novopolotsk,FC Isloch vs Naftan Novopolotsk,By1,1,True,True,3,1,1.25,5.25,9.0,,,1.25
2026-06-12,2026-06-12,1x2,APEJES,Avion Academy,APEJES vs Avion Academy,Cm2,1,True,False,0,0,,,,,,
2026-06-12,2026-06-12,1x2,Khan Tengri,FC Shakhter,Khan Tengri vs FC Shakhter,Kz2,2,True,True,0,2,6.1,4.35,1.39,,,1.39
2026-06-12,2026-06-12,1x2,1. FC Brno B,SK Hranice,1. FC Brno B vs SK Hranice,Cz3,1,True,True,3,1,,,,,,
2026-06-12,2026-06-12,1x2,Atlantic,Les Astres FC,Atlantic vs Les Astres FC,Cm2,1,True,True,2,1,,,,,,
2026-06-12,2026-06-12,1x2,FUS Rabat,Maghreb Fès,FUS Rabat vs Maghreb Fès,Ma1,X,True,True,1,1,2.62,2.75,2.62,,,2.75
2026-06-12,2026-06-12,1x2,Olympique Safi,Kawkab Marrakech,Olympique Safi vs Kawkab Marrakech,Ma1,X,True,False,1,0,2.0,2.88,3.75,,,2.88
2026-06-12,2026-06-12,1x2,Saburtalo,FC Spaeri,Saburtalo vs FC Spaeri,Ge1,1,True,False,1,1,1.5,3.75,5.5,,,1.5
2026-06-12,2026-06-12,1x2,FK Tukums 2000,BFC Daugavpils,FK Tukums 2000 vs BFC Daugavpils,Lv1,X,True,True,1,1,2.45,3.2,2.55,,,3.2
2026-06-12,2026-06-12,1x2,FC Turan,Kaspiy II,FC Turan vs Kaspiy II,Kz2,1,True,True,3,0,,,,,,
2026-06-12,2026-06-12,over_under_25,Palmeiras U20,Santos U20,Palmeiras U20 vs Santos U20,BrB,Over,True,True,2,2,,,,2.35,1.57,2.35
2026-06-12,2026-06-12,over_under_25,Oeste U20,Santo André U20,Oeste U20 vs Santo André U20,BrP,Over,True,True,4,3,,,,2.35,1.57,2.35
2026-06-12,2026-06-12,over_under_25,Lansing City,Kalamazoo FC,Lansing City vs Kalamazoo FC,Us4,Over,True,True,0,7,,,,,,
2026-06-12,2026-06-12,over_under_25,Utah United,Flatirons Rush,Utah United vs Flatirons Rush,Us4,Over,True,True,2,1,,,,,,
2026-06-12,2026-06-12,over_under_25,Brazos Valley,San Antonio FC 2,Brazos Valley vs San Antonio FC 2,Us4,Over,True,True,3,0,,,,,,
2026-06-12,2026-06-12,over_under_25,South Korea,Czech Republic,South Korea vs Czech Republic,WC,Under,True,False,2,1,,,,1.65,2.2,2.2
2026-06-12,2026-06-12,over_under_25,San Juan SC,Project 51O,San Juan SC vs Project 51O,Us4,Over,True,True,1,3,,,,2.25,1.53,2.25
2026-06-12,2026-06-12,over_under_25,Capo,FC Tucson,Capo vs FC Tucson,Us4,Over,True,False,1,1,,,,,,
2026-06-12,2026-06-12,over_under_25,Auckland II,Bay Olympic,Auckland II vs Bay Olympic,Nz2,Over,False,,,,,,,2.6,1.44,2.6
2026-06-12,2026-06-12,over_under_25,Ceske Budejovice U19,Plzen U19,Ceske Budejovice U19 vs Plzen U19,CzU,Over,True,True,1,2,,,,,,
2026-06-12,2026-06-12,over_under_25,Manly United,Sydney United,Manly United vs Sydney United,AuN,Under,True,True,1,1,,,,1.85,1.85,1.85
2026-06-12,2026-06-12,over_under_25,Marconi Stallions,Sydney U21,Marconi Stallions vs Sydney U21,AuN,Under,True,True,0,0,,,,2.2,1.62,1.62
2026-06-12,2026-06-12,over_under_25,Campbelltown City,West Torrens,Campbelltown City vs West Torrens,AuS,Over,True,True,1,2,,,,2.75,1.4,2.75
2026-06-12,2026-06-12,over_under_25,Suwon FMC W,Gumi Sportstoto W,Suwon FMC W vs Gumi Sportstoto W,KrW,Over,True,True,6,0,,,,1.97,1.82,1.97
2026-06-12,2026-06-12,over_under_25,Pho Hien FC,Bac Ninh,Pho Hien FC vs Bac Ninh,Vn1,Under,True,True,1,1,,,,1.7,2.05,2.05
2026-06-12,2026-06-12,over_under_25,Adelaide Comets,West Adelaide,Adelaide Comets vs West Adelaide,AuS,Over,True,True,3,2,,,,2.35,1.57,2.35
2026-06-12,2026-06-12,over_under_25,Kopetdag Asgabat,MERW Mary,Kopetdag Asgabat vs MERW Mary,Tm1,Over,True,False,2,0,,,,,,
2026-06-12,2026-06-12,over_under_25,FK Ekibastuz,Arys,FK Ekibastuz vs Arys,Kz2,Over,True,False,1,1,,,,,,
2026-06-12,2026-06-12,over_under_25,Kairat Almaty Akademiya,Tobol II,Kairat Almaty Akademiya vs Tobol II,Kz2,Under,True,False,7,0,,,,,,
2026-06-12,2026-06-12,over_under_25,Gantaalaha,Horseed,Gantaalaha vs Horseed,So1,Over,True,True,2,6,,,,,,
2026-06-12,2026-06-12,over_under_25,Union Abong-Mbang,Kumba City,Union Abong-Mbang vs Kumba City,Cm2,Under,True,True,1,0,,,,,,
2026-06-12,2026-06-12,over_under_25,FC Asgabat,Arkadag,FC Asgabat vs Arkadag,Tm1,Over,True,True,1,7,,,,,,
2026-06-12,2026-06-12,over_under_25,Foutoua Club,Karamah,Foutoua Club vs Karamah,Sy1,Under,True,False,2,4,,,,1.96,1.75,1.75
2026-06-12,2026-06-12,over_under_25,Shabab Al Sahel,Safa SC Beirut,Shabab Al Sahel vs Safa SC Beirut,Lb,Over,True,False,0,1,,,,,,
2026-06-12,2026-06-12,over_under_25,Reyady Abaseya,Al Hikma Beirut,Reyady Abaseya vs Al Hikma Beirut,Lb,Under,True,True,0,1,,,,1.8,2.0,2.0
2026-06-12,2026-06-12,over_under_25,Coastal Union,Namungo,Coastal Union vs Namungo,Tz1,Under,True,True,1,1,,,,1.47,2.46,2.46
2026-06-12,2026-06-12,over_under_25,Singida Big Stars,Azam,Singida Big Stars vs Azam,Tz1,Over,True,False,0,2,,,,1.68,2.04,1.68
2026-06-12,2026-06-12,over_under_25,FC Shagadam,FC Altyn Asyr,FC Shagadam vs FC Altyn Asyr,Tm1,Over,True,False,0,2,,,,,,
2026-06-12,2026-06-12,over_under_25,Itabirito U20,Nacional AC MG U20,Itabirito U20 vs Nacional AC MG U20,BrM,Under,True,False,2,2,,,,3.5,1.28,1.28
2026-06-12,2026-06-12,over_under_25,Atletico-MG U20,Uberabinha U20,Atletico-MG U20 vs Uberabinha U20,BrM,Under,True,False,4,0,,,,3.5,1.28,1.28
2026-06-12,2026-06-12,over_under_25,Obock,Guelleh / GR,Obock vs Guelleh / GR,Dj1,Over,True,True,1,2,,,,,,
2026-06-12,2026-06-12,over_under_25,CSKA Pamir,Parvoz,CSKA Pamir vs Parvoz,Tj1,Under,True,False,1,2,,,,,,
2026-06-12,2026-06-12,over_under_25,FC Isloch,Naftan Novopolotsk,FC Isloch vs Naftan Novopolotsk,By1,Over,True,True,3,1,,,,2.15,1.57,2.15
2026-06-12,2026-06-12,over_under_25,APEJES,Avion Academy,APEJES vs Avion Academy,Cm2,Over,True,False,0,0,,,,,,
2026-06-12,2026-06-12,over_under_25,Khan Tengri,FC Shakhter,Khan Tengri vs FC Shakhter,Kz2,Over,True,False,0,2,,,,,,
2026-06-12,2026-06-12,over_under_25,1. FC Brno B,SK Hranice,1. FC Brno B vs SK Hranice,Cz3,Over,True,True,3,1,,,,,,
2026-06-12,2026-06-12,over_under_25,Atlantic,Les Astres FC,Atlantic vs Les Astres FC,Cm2,Under,True,False,2,1,,,,,,
2026-06-12,2026-06-12,over_under_25,FUS Rabat,Maghreb Fès,FUS Rabat vs Maghreb Fès,Ma1,Under,True,True,1,1,,,,1.36,2.95,2.95
2026-06-12,2026-06-12,over_under_25,Olympique Safi,Kawkab Marrakech,Olympique Safi vs Kawkab Marrakech,Ma1,Under,True,True,1,0,,,,1.44,2.65,2.65
2026-06-12,2026-06-12,over_under_25,Saburtalo,FC Spaeri,Saburtalo vs FC Spaeri,Ge1,Under,True,True,1,1,,,,1.8,1.8,1.8
2026-06-12,2026-06-12,over_under_25,FK Tukums 2000,BFC Daugavpils,FK Tukums 2000 vs BFC Daugavpils,Lv1,Over,True,False,1,1,,,,2.05,1.7,2.05
2026-06-12,2026-06-12,over_under_25,FC Turan,Kaspiy II,FC Turan vs Kaspiy II,Kz2,Under,True,False,3,0,,,,,,
2026-06-13,2026-06-13,1x2,Atlético GO,CRB AL,Atlético GO vs CRB AL,Br2,2,True,False,3,3,2.25,3.2,3.3,,,3.3
2026-06-13,2026-06-13,1x2,Aymorés,Ipatinga MG,Aymorés vs Ipatinga MG,BrM,1,True,True,4,0,,,,,,
2026-06-13,2026-06-13,1x2,Santa Fé SP,America SP,Santa Fé SP vs America SP,BrP,2,True,True,1,3,6.5,4.0,1.42,,,1.42
2026-06-13,2026-06-13,1x2,Nacional Potosí,CDT Real Oruro,Nacional Potosí vs CDT Real Oruro,Bo1,1,False,,,,1.36,5.0,7.0,,,1.36
2026-06-13,2026-06-13,1x2,San Martín Burzaco,Villa Dálmine,San Martín Burzaco vs Villa Dálmine,Ar3,X,True,False,0,2,2.8,2.7,2.55,,,2.7
2026-06-13,2026-06-13,1x2,Long Island RR,FC Motown II,Long Island RR vs FC Motown II,Us4,2,True,False,0,0,3.2,3.8,1.83,,,1.83
2026-06-13,2026-06-13,1x2,Midlakes United,West Seattle Junction,Midlakes United vs West Seattle Junction,Us4,2,True,False,2,1,2.5,3.7,2.25,,,2.25
2026-06-13,2026-06-13,1x2,Audax Italiano,La Serena,Audax Italiano vs La Serena,Cl1,1,True,False,1,1,1.9,3.5,3.9,,,1.9
2026-06-13,2026-06-13,1x2,Nacional,Caiquetio,Nacional vs Caiquetio,Aw1,1,True,True,2,1,,,,,,
2026-06-13,2026-06-13,1x2,USA,Paraguay,USA vs Paraguay,WC,1,True,True,4,1,2.05,3.3,3.8,,,2.05
2026-06-13,2026-06-13,1x2,Juventud Antoniana,Sarmiento de La Banda,Juventud Antoniana vs Sarmiento de La Banda,Ar3,2,True,True,0,1,1.8,3.0,4.2,,,4.2
2026-06-13,2026-06-13,1x2,Colorado ISA,Colorado Storm,Colorado ISA vs Colorado Storm,Us4,2,True,True,0,4,,,,,,
2026-06-13,2026-06-13,1x2,Oly Town,Tacoma Stars,Oly Town vs Tacoma Stars,Us4,2,True,True,4,5,,,,,,
2026-06-13,2026-06-13,1x2,Bunnies Gunma White Star W,Diosa Izumo W,Bunnies Gunma White Star W vs Diosa Izumo W,JpW3,2,True,True,1,2,3.56,3.07,1.98,,,1.98
2026-06-13,2026-06-13,1x2,Lake Macquarie FC,Belmont Swansea,Lake Macquarie FC vs Belmont Swansea,AuN,1,True,False,2,2,1.8,4.1,3.2,,,1.8
2026-06-13,2026-06-13,1x2,Adamstown FC,Broadmeadow,Adamstown FC vs Broadmeadow,AuN,2,True,True,1,5,5.5,4.5,1.4,,,1.4
2026-06-13,2026-06-13,1x2,SKA-Khabarovsk-2,Salyut Belgorod,SKA-Khabarovsk-2 vs Salyut Belgorod,Ru4,1,True,False,0,1,2.86,3.02,2.32,,,2.86
2026-06-13,2026-06-13,1x2,Setagaya Sfida W,Harima W,Setagaya Sfida W vs Harima W,JpW2,1,True,False,2,2,1.85,3.4,3.5,,,1.85
2026-06-13,2026-06-13,1x2,NGU Lublield Nagoya W,Iga Kunoichi W,NGU Lublield Nagoya W vs Iga Kunoichi W,JpW2,2,True,False,2,1,2.05,3.25,3.1,,,3.1
2026-06-13,2026-06-13,1x2,VONDS Ichihara W,Yunogo Belle W,VONDS Ichihara W vs Yunogo Belle W,JpW2,2,True,True,0,2,4.1,3.6,1.66,,,1.66
2026-06-13,2026-06-13,1x2,Hobart Zebras,South Hobart,Hobart Zebras vs South Hobart,AuT,2,True,True,1,3,10.0,7.0,1.18,,,1.18
2026-06-13,2026-06-13,1x2,WS Wanderers Youth,St George City FA,WS Wanderers Youth vs St George City FA,AuN,2,True,False,1,1,2.15,3.4,2.8,,,2.8
2026-06-13,2026-06-13,1x2,University of NSW,St George Saints,University of NSW vs St George Saints,AuN,1,True,False,1,4,1.95,3.4,3.25,,,1.95
2026-06-13,2026-06-13,1x2,Croydon Kings,Playford City Patriots,Croydon Kings vs Playford City Patriots,AuS,X,True,False,4,1,2.75,3.7,2.1,,,3.7
2026-06-13,2026-06-13,1x2,Gold Coast United,Brisbane City,Gold Coast United vs Brisbane City,AuQ,2,True,True,0,2,3.3,3.9,1.83,,,1.83
2026-06-13,2026-06-13,1x2,O'Connor Knights,Tuggeranong United,O'Connor Knights vs Tuggeranong United,AuA,2,True,True,2,3,2.45,4.2,2.15,,,2.15
2026-06-13,2026-06-13,1x2,Queanbeyan City,Monaro Panthers,Queanbeyan City vs Monaro Panthers,AuA,1,True,False,2,5,3.3,4.33,1.73,,,3.3
2026-06-13,2026-06-13,1x2,Brindabella Blues,Belconnen United,Brindabella Blues vs Belconnen United,AuA,2,True,True,1,4,3.3,4.33,1.73,,,1.73
2026-06-13,2026-06-13,1x2,Nankatsu W,Fujizakura Yamanashi W,Nankatsu W vs Fujizakura Yamanashi W,JpW3,2,True,True,0,4,4.87,3.69,1.53,,,1.53
2026-06-13,2026-06-13,1x2,Para Hills Knights,FK Beograd,Para Hills Knights vs FK Beograd,AuS,2,True,True,1,5,10.0,6.5,1.2,,,1.2
2026-06-13,2026-06-13,1x2,Nittaidai W,Shizuoka Sangyo Univ. W,Nittaidai W vs Shizuoka Sangyo Univ. W,JpW2,2,True,True,0,5,9.5,8.0,1.16,,,1.16
2026-06-13,2026-06-13,1x2,Edgeworth Eagles,Cooks Hill United,Edgeworth Eagles vs Cooks Hill United,AuN,1,True,False,0,1,10.0,6.5,1.2,,,10.0
2026-06-13,2026-06-13,1x2,Maitland FC,Valentine Phoenix,Maitland FC vs Valentine Phoenix,AuN,1,True,True,1,0,10.0,6.5,1.2,,,10.0
2026-06-13,2026-06-13,1x2,Launceston United,Devonport City,Launceston United vs Devonport City,AuT,2,False,,,,29.0,21.0,1.03,,,1.03
2026-06-13,2026-06-13,1x2,Glenorchy Knights,Riverside Olympic,Glenorchy Knights vs Riverside Olympic,AuT,1,True,False,1,1,1.73,4.33,3.2,,,1.73
2026-06-13,2026-06-13,1x2,Stirling Lions,Sorrento FC,Stirling Lions vs Sorrento FC,AuW,1,True,False,0,1,1.53,4.33,4.33,,,1.53
2026-06-13,2026-06-13,1x2,Perth Glory Youth,Perth SC,Perth Glory Youth vs Perth SC,AuW,2,True,True,2,4,3.5,3.8,1.75,,,1.75
2026-06-13,2026-06-13,1x2,Armadale SC,Bayswater City,Armadale SC vs Bayswater City,AuW,2,True,True,0,5,3.5,3.8,1.75,,,1.75
2026-06-13,2026-06-13,1x2,Dianella White Eagles,Western Knights,Dianella White Eagles vs Western Knights,AuW,2,True,False,1,0,1.9,3.75,3.25,,,3.25
2026-06-13,2026-06-13,1x2,Fremantle City,Balcatta,Fremantle City vs Balcatta,AuW,1,True,True,5,2,1.9,3.75,3.25,,,1.9
2026-06-13,2026-06-13,1x2,Ulaangom City,Khovd Western,Ulaangom City vs Khovd Western,Mn1,2,True,False,0,0,,,,,,
2026-06-13,2026-06-13,1x2,Changchun YaTai,Dalian Kuncheng,Changchun YaTai vs Dalian Kuncheng,Cn2,X,True,False,2,1,1.6,3.8,4.5,,,3.8
2026-06-13,2026-06-13,over_under_25,Atlético GO,CRB AL,Atlético GO vs CRB AL,Br2,Under,True,False,3,3,,,,1.67,2.15,2.15
2026-06-13,2026-06-13,over_under_25,Aymorés,Ipatinga MG,Aymorés vs Ipatinga MG,BrM,Under,True,False,4,0,,,,,,
2026-06-13,2026-06-13,over_under_25,Santa Fé SP,America SP,Santa Fé SP vs America SP,BrP,Under,True,False,1,3,,,,1.95,1.85,1.85
2026-06-13,2026-06-13,over_under_25,Nacional Potosí,CDT Real Oruro,Nacional Potosí vs CDT Real Oruro,Bo1,Over,False,,,,,,,3.1,1.33,3.1
2026-06-13,2026-06-13,over_under_25,San Martín Burzaco,Villa Dálmine,San Martín Burzaco vs Villa Dálmine,Ar3,Under,True,True,0,2,,,,1.38,2.85,2.85
2026-06-13,2026-06-13,over_under_25,Long Island RR,FC Motown II,Long Island RR vs FC Motown II,Us4,Over,True,False,0,0,,,,,,
2026-06-13,2026-06-13,over_under_25,Midlakes United,West Seattle Junction,Midlakes United vs West Seattle Junction,Us4,Under,True,False,2,1,,,,,,
2026-06-13,2026-06-13,over_under_25,Audax Italiano,La Serena,Audax Italiano vs La Serena,Cl1,Over,True,False,1,1,,,,2.0,1.77,2.0
2026-06-13,2026-06-13,over_under_25,Nacional,Caiquetio,Nacional vs Caiquetio,Aw1,Over,True,True,2,1,,,,,,
2026-06-13,2026-06-13,over_under_25,USA,Paraguay,USA vs Paraguay,WC,Under,True,False,4,1,,,,1.57,2.35,2.35
2026-06-13,2026-06-13,over_under_25,Juventud Antoniana,Sarmiento de La Banda,Juventud Antoniana vs Sarmiento de La Banda,Ar3,Under,True,True,0,1,,,,1.48,2.3,2.3
2026-06-13,2026-06-13,over_under_25,Colorado ISA,Colorado Storm,Colorado ISA vs Colorado Storm,Us4,Over,True,True,0,4,,,,,,
2026-06-13,2026-06-13,over_under_25,Oly Town,Tacoma Stars,Oly Town vs Tacoma Stars,Us4,Over,True,True,4,5,,,,,,
2026-06-13,2026-06-13,over_under_25,Bunnies Gunma White Star W,Diosa Izumo W,Bunnies Gunma White Star W vs Diosa Izumo W,JpW3,Under,True,False,1,2,,,,1.49,2.41,2.41
2026-06-13,2026-06-13,over_under_25,Lake Macquarie FC,Belmont Swansea,Lake Macquarie FC vs Belmont Swansea,AuN,Over,True,True,2,2,,,,2.1,1.7,2.1
2026-06-13,2026-06-13,over_under_25,Adamstown FC,Broadmeadow,Adamstown FC vs Broadmeadow,AuN,Over,True,True,1,5,,,,2.1,1.7,2.1
2026-06-13,2026-06-13,over_under_25,SKA-Khabarovsk-2,Salyut Belgorod,SKA-Khabarovsk-2 vs Salyut Belgorod,Ru4,Over,True,False,0,1,,,,,,
2026-06-13,2026-06-13,over_under_25,Setagaya Sfida W,Harima W,Setagaya Sfida W vs Harima W,JpW2,Under,True,False,2,2,,,,1.9,1.9,1.9
2026-06-13,2026-06-13,over_under_25,NGU Lublield Nagoya W,Iga Kunoichi W,NGU Lublield Nagoya W vs Iga Kunoichi W,JpW2,Under,True,False,2,1,,,,1.8,2.0,2.0
2026-06-13,2026-06-13,over_under_25,VONDS Ichihara W,Yunogo Belle W,VONDS Ichihara W vs Yunogo Belle W,JpW2,Over,True,False,0,2,,,,1.97,1.82,1.97
2026-06-13,2026-06-13,over_under_25,Hobart Zebras,South Hobart,Hobart Zebras vs South Hobart,AuT,Over,True,True,1,3,,,,4.0,1.22,4.0
2026-06-13,2026-06-13,over_under_25,WS Wanderers Youth,St George City FA,WS Wanderers Youth vs St George City FA,AuN,Over,True,False,1,1,,,,2.1,1.67,2.1
2026-06-13,2026-06-13,over_under_25,University of NSW,St George Saints,University of NSW vs St George Saints,AuN,Under,True,False,1,4,,,,1.95,1.77,1.77
2026-06-13,2026-06-13,over_under_25,Croydon Kings,Playford City Patriots,Croydon Kings vs Playford City Patriots,AuS,Over,True,True,4,1,,,,,,
2026-06-13,2026-06-13,over_under_25,Gold Coast United,Brisbane City,Gold Coast United vs Brisbane City,AuQ,Over,True,False,0,2,,,,2.75,1.4,2.75
2026-06-13,2026-06-13,over_under_25,O'Connor Knights,Tuggeranong United,O'Connor Knights vs Tuggeranong United,AuA,Over,True,True,2,3,,,,3.5,1.28,3.5
2026-06-13,2026-06-13,over_under_25,Queanbeyan City,Monaro Panthers,Queanbeyan City vs Monaro Panthers,AuA,Over,True,True,2,5,,,,3.25,1.33,3.25
2026-06-13,2026-06-13,over_under_25,Brindabella Blues,Belconnen United,Brindabella Blues vs Belconnen United,AuA,Over,True,True,1,4,,,,3.25,1.33,3.25
2026-06-13,2026-06-13,over_under_25,Nankatsu W,Fujizakura Yamanashi W,Nankatsu W vs Fujizakura Yamanashi W,JpW3,Over,True,True,0,4,,,,1.91,1.79,1.91
2026-06-13,2026-06-13,over_under_25,Para Hills Knights,FK Beograd,Para Hills Knights vs FK Beograd,AuS,Over,True,True,1,5,,,,3.75,1.25,3.75
2026-06-13,2026-06-13,over_under_25,Nittaidai W,Shizuoka Sangyo Univ. W,Nittaidai W vs Shizuoka Sangyo Univ. W,JpW2,Over,True,True,0,5,,,,,,
2026-06-13,2026-06-13,over_under_25,Edgeworth Eagles,Cooks Hill United,Edgeworth Eagles vs Cooks Hill United,AuN,Over,True,False,0,1,,,,3.75,1.25,3.75
2026-06-13,2026-06-13,over_under_25,Maitland FC,Valentine Phoenix,Maitland FC vs Valentine Phoenix,AuN,Over,True,False,1,0,,,,3.75,1.25,3.75
2026-06-13,2026-06-13,over_under_25,Launceston United,Devonport City,Launceston United vs Devonport City,AuT,Over,False,,,,,,,6.5,1.1,6.5
2026-06-13,2026-06-13,over_under_25,Glenorchy Knights,Riverside Olympic,Glenorchy Knights vs Riverside Olympic,AuT,Over,True,False,1,1,,,,3.0,1.36,3.0
2026-06-13,2026-06-13,over_under_25,Stirling Lions,Sorrento FC,Stirling Lions vs Sorrento FC,AuW,Over,True,False,0,1,,,,,,
2026-06-13,2026-06-13,over_under_25,Perth Glory Youth,Perth SC,Perth Glory Youth vs Perth SC,AuW,Over,True,True,2,4,,,,3.1,1.33,3.1
2026-06-13,2026-06-13,over_under_25,Armadale SC,Bayswater City,Armadale SC vs Bayswater City,AuW,Over,True,True,0,5,,,,3.1,1.33,3.1
2026-06-13,2026-06-13,over_under_25,Dianella White Eagles,Western Knights,Dianella White Eagles vs Western Knights,AuW,Over,True,False,1,0,,,,2.6,1.45,2.6
2026-06-13,2026-06-13,over_under_25,Fremantle City,Balcatta,Fremantle City vs Balcatta,AuW,Over,True,True,5,2,,,,2.6,1.45,2.6
2026-06-13,2026-06-13,over_under_25,Ulaangom City,Khovd Western,Ulaangom City vs Khovd Western,Mn1,Over,True,False,0,0,,,,,,
2026-06-13,2026-06-13,over_under_25,Changchun YaTai,Dalian Kuncheng,Changchun YaTai vs Dalian Kuncheng,Cn2,Under,True,False,2,1,,,,1.77,1.95,1.95
2026-06-14,2026-06-14,1x2,Brazil,Morocco,Brazil vs Morocco,WC,1,True,False,1,1,1.65,3.8,5.5,,,1.65
2026-06-14,2026-06-14,1x2,GV San José,The Strongest,GV San José vs The Strongest,Bo1,2,False,,,,4.33,4.1,1.67,,,1.67
2026-06-14,2026-06-14,1x2,Loudoun United,Rhode Island,Loudoun United vs Rhode Island,Us2,X,True,False,1,4,2.9,3.7,2.0,,,3.7
2026-06-14,2026-06-14,1x2,Chicago Dutch Lions,River Light,Chicago Dutch Lions vs River Light,Us4,2,True,False,2,2,3.25,3.9,1.8,,,1.8
2026-06-14,2026-06-14,1x2,AMSG,FC Tucson,AMSG vs FC Tucson,Us4,2,True,False,1,1,,,,,,
2026-06-14,2026-06-14,1x2,North Carolina II,Carolina Dynamo,North Carolina II vs Carolina Dynamo,Us4,1,True,False,0,1,1.72,3.9,3.7,,,1.72
2026-06-14,2026-06-14,1x2,AC Connecticut,Seacoast Utd Phantoms,AC Connecticut vs Seacoast Utd Phantoms,Us4,1,True,False,3,4,,,,,,
2026-06-14,2026-06-14,1x2,Portland Hearts of Pine,Chattanooga RW,Portland Hearts of Pine vs Chattanooga RW,Us4,1,True,False,1,2,2.62,3.3,2.3,,,2.62
2026-06-14,2026-06-14,1x2,Port City,Tobacco Road,Port City vs Tobacco Road,Us4,1,True,False,1,4,,,,,,
2026-06-14,2026-06-14,1x2,Gimnasia Jujuy,San Martin San Juan,Gimnasia Jujuy vs San Martin San Juan,Ar2,1,True,True,2,1,1.95,3.1,4.5,,,1.95
2026-06-14,2026-06-14,1x2,Lexington,San Antonio FC,Lexington vs San Antonio FC,Us2,2,True,False,2,0,2.0,3.2,3.3,,,3.3
2026-06-14,2026-06-14,1x2,Pittsburgh Riverhounds,Indy Eleven,Pittsburgh Riverhounds vs Indy Eleven,Us2,1,True,True,1,0,1.75,3.4,3.9,,,1.75
2026-06-14,2026-06-14,1x2,Escobar FC,9 de Julio Rafaela,Escobar FC vs 9 de Julio Rafaela,Ar3,2,True,False,2,0,1.95,3.1,4.5,,,4.5
2026-06-14,2026-06-14,1x2,Sarmiento Resistencia,Defensores Pto. Vilelas,Sarmiento Resistencia vs Defensores Pto. Vilelas,Ar3,X,True,False,2,0,1.2,6.5,11.0,,,6.5
2026-06-14,2026-06-14,1x2,Sportivo Las Parejas,Gimnasia Chivilcoy,Sportivo Las Parejas vs Gimnasia Chivilcoy,Ar3,1,True,False,0,0,1.95,3.1,4.5,,,1.95
2026-06-14,2026-06-14,1x2,One Knoxville,New York Cosmos,One Knoxville vs New York Cosmos,Us4,1,True,True,3,1,1.45,4.1,5.5,,,1.45
2026-06-14,2026-06-14,1x2,Charlotte Independence,Naples,Charlotte Independence vs Naples,Us4,1,True,True,4,3,1.61,3.5,4.5,,,1.61
2026-06-14,2026-06-14,1x2,Kings Hammer Columbus,Toledo Villa,Kings Hammer Columbus vs Toledo Villa,Us4,1,True,False,1,2,,,,,,
2026-06-14,2026-06-14,1x2,Christos,Patuxent,Christos vs Patuxent,Us4,1,True,True,2,0,1.1,11.0,15.0,,,1.1
2026-06-14,2026-06-14,1x2,Rockford Raptors,Minneapolis City,Rockford Raptors vs Minneapolis City,Us4,2,True,True,0,3,,,,,,
2026-06-14,2026-06-14,1x2,Oakland County,Flint City Bucks,Oakland County vs Flint City Bucks,Us4,2,True,True,1,2,,,,,,
2026-06-14,2026-06-14,1x2,Lansing City,Union Macomb,Lansing City vs Union Macomb,Us4,1,True,False,2,5,,,,,,
2026-06-14,2026-06-14,1x2,Lorain County Leviathan,Akron City,Lorain County Leviathan vs Akron City,Us4,1,True,True,4,1,2.5,3.7,2.25,,,2.5
2026-06-14,2026-06-14,1x2,Real Central New Jersey,Philadelphia Lone Star,Real Central New Jersey vs Philadelphia Lone Star,Us4,1,True,True,4,1,,,,,,
2026-06-14,2026-06-14,1x2,Reading United AC,West Chester United II,Reading United AC vs West Chester United II,Us4,2,True,False,4,1,,,,,,
2026-06-14,2026-06-14,1x2,Pennsylvania Classics,Lehigh Valley Utd,Pennsylvania Classics vs Lehigh Valley Utd,Us4,1,True,False,2,4,,,,,,
2026-06-14,2026-06-14,1x2,Delaware FC,OC Nor'easters,Delaware FC vs OC Nor'easters,Us4,2,True,True,2,3,7.0,5.75,1.25,,,1.25
2026-06-14,2026-06-14,1x2,SC United Bantams,Hickory,SC United Bantams vs Hickory,Us4,2,True,True,0,5,2.2,3.6,2.6,,,2.6
2026-06-14,2026-06-14,1x2,Asheville City,Appalachian,Asheville City vs Appalachian,Us4,2,True,False,1,1,,,,,,
2026-06-14,2026-06-14,1x2,Vermont Green,New England SC,Vermont Green vs New England SC,Us4,2,True,False,5,0,,,,,,
2026-06-14,2026-06-14,1x2,Hudson Valley Hammers,Staten Island Athletic,Hudson Valley Hammers vs Staten Island Athletic,Us4,1,True,True,3,2,,,,,,
2026-06-14,2026-06-14,1x2,Virginia Beach United,Virginia Marauders,Virginia Beach United vs Virginia Marauders,Us4,1,True,True,3,1,,,,,,
2026-06-14,2026-06-14,1x2,Lionsbridge,Northern Virginia,Lionsbridge vs Northern Virginia,Us4,1,True,True,5,4,,,,,,
2026-06-14,2026-06-14,1x2,Sporting Jax 2,Inter Gainesville,Sporting Jax 2 vs Inter Gainesville,Us4,2,True,False,0,0,2.15,3.6,2.7,,,2.7
2026-06-14,2026-06-14,1x2,Miami FC,Brevard Fire,Miami FC vs Brevard Fire,Us4,1,True,False,1,4,,,,,,
2026-06-14,2026-06-14,1x2,Charleston Battery,FC Tulsa,Charleston Battery vs FC Tulsa,Us2,1,True,True,5,1,1.6,3.4,5.0,,,1.6
2026-06-14,2026-06-14,1x2,Tampa Bay Rowdies,Hartford Athletic,Tampa Bay Rowdies vs Hartford Athletic,Us2,1,True,False,0,1,1.44,3.9,6.25,,,1.44
2026-06-14,2026-06-14,1x2,Oriental (URU),CA Rentistas,Oriental (URU) vs CA Rentistas,Uy2,X,True,False,3,0,2.7,3.0,2.45,,,3.0
2026-06-14,2026-06-14,1x2,Sarasota Paradise,Union Omaha,Sarasota Paradise vs Union Omaha,Us4,2,True,False,2,0,2.7,3.4,2.2,,,2.2
2026-06-14,2026-06-14,over_under_25,Brazil,Morocco,Brazil vs Morocco,WC,Over,True,False,1,1,,,,1.7,2.1,1.7
2026-06-14,2026-06-14,over_under_25,GV San José,The Strongest,GV San José vs The Strongest,Bo1,Over,False,,,,,,,2.6,1.45,2.6
2026-06-14,2026-06-14,over_under_25,Loudoun United,Rhode Island,Loudoun United vs Rhode Island,Us2,Under,True,False,1,4,,,,1.95,1.77,1.77
2026-06-14,2026-06-14,over_under_25,Chicago Dutch Lions,River Light,Chicago Dutch Lions vs River Light,Us4,Over,True,True,2,2,,,,,,
2026-06-14,2026-06-14,over_under_25,AMSG,FC Tucson,AMSG vs FC Tucson,Us4,Over,True,False,1,1,,,,,,
2026-06-14,2026-06-14,over_under_25,North Carolina II,Carolina Dynamo,North Carolina II vs Carolina Dynamo,Us4,Over,True,False,0,1,,,,,,
2026-06-14,2026-06-14,over_under_25,AC Connecticut,Seacoast Utd Phantoms,AC Connecticut vs Seacoast Utd Phantoms,Us4,Over,True,True,3,4,,,,,,
2026-06-14,2026-06-14,over_under_25,Portland Hearts of Pine,Chattanooga RW,Portland Hearts of Pine vs Chattanooga RW,Us4,Under,True,False,1,2,,,,1.85,1.95,1.95
2026-06-14,2026-06-14,over_under_25,Port City,Tobacco Road,Port City vs Tobacco Road,Us4,Over,True,True,1,4,,,,,,
2026-06-14,2026-06-14,over_under_25,Gimnasia Jujuy,San Martin San Juan,Gimnasia Jujuy vs San Martin San Juan,Ar2,Under,True,False,2,1,,,,1.5,2.45,2.45
2026-06-14,2026-06-14,over_under_25,Lexington,San Antonio FC,Lexington vs San Antonio FC,Us2,Over,True,False,2,0,,,,1.85,1.85,1.85
2026-06-14,2026-06-14,over_under_25,Pittsburgh Riverhounds,Indy Eleven,Pittsburgh Riverhounds vs Indy Eleven,Us2,Under,True,True,1,0,,,,1.85,1.85,1.85
2026-06-14,2026-06-14,over_under_25,Escobar FC,9 de Julio Rafaela,Escobar FC vs 9 de Julio Rafaela,Ar3,Over,True,False,2,0,,,,1.5,2.45,1.5
2026-06-14,2026-06-14,over_under_25,Sarmiento Resistencia,Defensores Pto. Vilelas,Sarmiento Resistencia vs Defensores Pto. Vilelas,Ar3,Under,True,True,2,0,,,,4.0,1.25,1.25
2026-06-14,2026-06-14,over_under_25,Sportivo Las Parejas,Gimnasia Chivilcoy,Sportivo Las Parejas vs Gimnasia Chivilcoy,Ar3,Under,True,True,0,0,,,,1.5,2.45,2.45
2026-06-14,2026-06-14,over_under_25,One Knoxville,New York Cosmos,One Knoxville vs New York Cosmos,Us4,Under,True,False,3,1,,,,1.97,1.68,1.68
2026-06-14,2026-06-14,over_under_25,Charlotte Independence,Naples,Charlotte Independence vs Naples,Us4,Over,True,True,4,3,,,,1.9,1.9,1.9
2026-06-14,2026-06-14,over_under_25,Kings Hammer Columbus,Toledo Villa,Kings Hammer Columbus vs Toledo Villa,Us4,Under,True,False,1,2,,,,,,
2026-06-14,2026-06-14,over_under_25,Christos,Patuxent,Christos vs Patuxent,Us4,Over,True,False,2,0,,,,,,
2026-06-14,2026-06-14,over_under_25,Rockford Raptors,Minneapolis City,Rockford Raptors vs Minneapolis City,Us4,Under,True,False,0,3,,,,,,
2026-06-14,2026-06-14,over_under_25,Oakland County,Flint City Bucks,Oakland County vs Flint City Bucks,Us4,Over,True,True,1,2,,,,,,
2026-06-14,2026-06-14,over_under_25,Lansing City,Union Macomb,Lansing City vs Union Macomb,Us4,Over,True,True,2,5,,,,,,
2026-06-14,2026-06-14,over_under_25,Lorain County Leviathan,Akron City,Lorain County Leviathan vs Akron City,Us4,Under,True,False,4,1,,,,,,
2026-06-14,2026-06-14,over_under_25,Real Central New Jersey,Philadelphia Lone Star,Real Central New Jersey vs Philadelphia Lone Star,Us4,Under,True,False,4,1,,,,,,
2026-06-14,2026-06-14,over_under_25,Reading United AC,West Chester United II,Reading United AC vs West Chester United II,Us4,Over,True,True,4,1,,,,,,
2026-06-14,2026-06-14,over_under_25,Pennsylvania Classics,Lehigh Valley Utd,Pennsylvania Classics vs Lehigh Valley Utd,Us4,Under,True,False,2,4,,,,,,
2026-06-14,2026-06-14,over_under_25,Delaware FC,OC Nor'easters,Delaware FC vs OC Nor'easters,Us4,Over,True,True,2,3,,,,,,
2026-06-14,2026-06-14,over_under_25,SC United Bantams,Hickory,SC United Bantams vs Hickory,Us4,Over,True,True,0,5,,,,,,
2026-06-14,2026-06-14,over_under_25,Asheville City,Appalachian,Asheville City vs Appalachian,Us4,Under,True,True,1,1,,,,,,
2026-06-14,2026-06-14,over_under_25,Vermont Green,New England SC,Vermont Green vs New England SC,Us4,Over,True,True,5,0,,,,,,
2026-06-14,2026-06-14,over_under_25,Hudson Valley Hammers,Staten Island Athletic,Hudson Valley Hammers vs Staten Island Athletic,Us4,Over,True,True,3,2,,,,,,
2026-06-14,2026-06-14,over_under_25,Virginia Beach United,Virginia Marauders,Virginia Beach United vs Virginia Marauders,Us4,Over,True,True,3,1,,,,,,
2026-06-14,2026-06-14,over_under_25,Lionsbridge,Northern Virginia,Lionsbridge vs Northern Virginia,Us4,Over,True,True,5,4,,,,,,
2026-06-14,2026-06-14,over_under_25,Sporting Jax 2,Inter Gainesville,Sporting Jax 2 vs Inter Gainesville,Us4,Under,True,True,0,0,,,,2.05,1.65,1.65
2026-06-14,2026-06-14,over_under_25,Miami FC,Brevard Fire,Miami FC vs Brevard Fire,Us4,Over,True,True,1,4,,,,,,
2026-06-14,2026-06-14,over_under_25,Charleston Battery,FC Tulsa,Charleston Battery vs FC Tulsa,Us2,Under,True,False,5,1,,,,1.8,1.93,1.93
2026-06-14,2026-06-14,over_under_25,Tampa Bay Rowdies,Hartford Athletic,Tampa Bay Rowdies vs Hartford Athletic,Us2,Over,True,False,0,1,,,,1.93,1.8,1.93
2026-06-14,2026-06-14,over_under_25,Oriental (URU),CA Rentistas,Oriental (URU) vs CA Rentistas,Uy2,Under,True,False,3,0,,,,1.45,2.6,2.6
2026-06-14,2026-06-14,over_under_25,Sarasota Paradise,Union Omaha,Sarasota Paradise vs Union Omaha,Us4,Under,True,True,2,0,,,,2.0,1.8,1.8
2026-06-15,2026-06-15,1x2,Aurora FC,Oriente Petrolero,Aurora FC vs Oriente Petrolero,Bo1,1,False,,,,1.4,4.75,6.5,,,1.4
2026-06-15,2026-06-15,1x2,Botafogo SP,Operário PR,Botafogo SP vs Operário PR,Br2,X,True,False,2,1,2.3,2.8,3.6,,,2.8
2026-06-15,2026-06-15,1x2,Novorizontino SP,Nautico,Novorizontino SP vs Nautico,Br2,2,True,False,2,2,2.2,3.1,3.5,,,3.5
2026-06-15,2026-06-15,1x2,Deportivo Merlo,Argentino Merlo,Deportivo Merlo vs Argentino Merlo,Ar3,1,True,False,2,2,2.15,2.7,3.6,,,2.15
2026-06-15,2026-06-15,1x2,Vancouver FC,Pacific,Vancouver FC vs Pacific,Ca1,X,True,False,2,1,2.2,3.5,2.88,,,3.5
2026-06-15,2026-06-15,1x2,Volta Redonda,Confiança,Volta Redonda vs Confiança,Br3,1,True,True,1,0,1.95,2.9,3.7,,,1.95
2026-06-15,2026-06-15,1x2,Floresta CE,Figueirense,Floresta CE vs Figueirense,Br3,X,True,False,1,2,2.1,2.8,3.5,,,2.8
2026-06-15,2026-06-15,1x2,Ivory Coast,Ecuador,Ivory Coast vs Ecuador,WC,X,True,False,1,0,3.2,2.8,2.62,,,2.8
2026-06-15,2026-06-15,1x2,Westchester SC,Greenville Triumph,Westchester SC vs Greenville Triumph,Us4,1,True,True,4,0,2.87,3.4,2.05,,,2.87
2026-06-15,2026-06-15,1x2,RKC,Edgewater Castle,RKC vs Edgewater Castle,Us4,1,True,True,4,0,,,,,,
2026-06-15,2026-06-15,1x2,The Villages,Nona,The Villages vs Nona,Us4,X,True,False,2,1,,,,,,
2026-06-15,2026-06-15,1x2,Bigfoot,Oly Town,Bigfoot vs Oly Town,Us4,1,True,False,1,1,,,,,,
2026-06-15,2026-06-15,1x2,City SC,Ventura C Fusion,City SC vs Ventura C Fusion,Us4,2,True,True,1,3,,,,,,
2026-06-15,2026-06-15,1x2,Brazos Valley,Hill Country Lobos,Brazos Valley vs Hill Country Lobos,Us4,1,True,False,0,1,,,,,,
2026-06-15,2026-06-15,1x2,Snohomish United,West Seattle Junction,Snohomish United vs West Seattle Junction,Us4,1,True,True,3,2,,,,,,
2026-06-15,2026-06-15,1x2,Sweden,Tunisia,Sweden vs Tunisia,WC,X,True,False,5,1,1.85,3.4,4.33,,,3.4
2026-06-15,2026-06-15,1x2,San Juan SC,Almaden,San Juan SC vs Almaden,Us4,2,True,True,0,3,,,,,,
2026-06-15,2026-06-15,1x2,Bangers,Ballard,Bangers vs Ballard,Us4,1,True,False,0,2,,,,,,
2026-06-15,2026-06-15,1x2,Negele Arsi Ketema,Awassa Kenema,Negele Arsi Ketema vs Awassa Kenema,Et1,X,True,False,2,1,2.7,2.6,2.87,,,2.6
2026-06-15,2026-06-15,1x2,Kumba City,Les Astres FC,Kumba City vs Les Astres FC,Cm2,1,True,False,2,5,,,,,,
2026-06-15,2026-06-15,1x2,Arba Minch Kenema,Shire Endaselassie,Arba Minch Kenema vs Shire Endaselassie,Et1,X,True,False,2,0,2.25,2.75,3.2,,,2.75
2026-06-15,2026-06-15,1x2,Dekedaha,Jeenyo,Dekedaha vs Jeenyo,So1,1,True,False,1,1,,,,,,
2026-06-15,2026-06-15,1x2,KMC,Coastal Union,KMC vs Coastal Union,Tz1,2,True,True,1,3,4.6,4.33,1.5,,,1.5
2026-06-15,2026-06-15,1x2,Adama Kenema,Ethiopia Nigd Bank,Adama Kenema vs Ethiopia Nigd Bank,Et1,X,True,False,2,1,2.45,2.75,2.9,,,2.75
2026-06-15,2026-06-15,1x2,Avion Academy,Atlantic,Avion Academy vs Atlantic,Cm2,2,True,True,1,2,,,,,,
2026-06-15,2026-06-15,1x2,Union Abong-Mbang,APEJES,Union Abong-Mbang vs APEJES,Cm2,1,True,True,2,1,,,,,,
2026-06-15,2026-06-15,1x2,Sorkhpooshan Pakdasht,Mes Kerman,Sorkhpooshan Pakdasht vs Mes Kerman,Ir2,X,True,True,1,1,2.45,2.45,3.3,,,2.45
2026-06-15,2026-06-15,1x2,HJK III W,HJK W,HJK III W vs HJK W,FiWC,2,True,True,1,6,,,,,,
2026-06-15,2026-06-15,1x2,Mes Soongoun,Nassaji Mazandaran,Mes Soongoun vs Nassaji Mazandaran,Ir2,2,True,False,1,1,1.2,6.5,11.0,,,11.0
2026-06-15,2026-06-15,1x2,Mes Shahr-e Babak,Be'sat Kermanshah,Mes Shahr-e Babak vs Be'sat Kermanshah,Ir2,1,True,False,0,0,1.67,3.0,5.75,,,1.67
2026-06-15,2026-06-15,1x2,Fard Alborz,Sanat Naft AC,Fard Alborz vs Sanat Naft AC,Ir2,2,True,True,1,2,2.5,2.38,3.0,,,3.0
2026-06-15,2026-06-15,1x2,Hadiya Hosaena,Fasil Kenema,Hadiya Hosaena vs Fasil Kenema,Et1,X,True,False,0,1,2.8,2.5,2.7,,,2.5
2026-06-15,2026-06-15,1x2,SJK Akatemia,FC Haka,SJK Akatemia vs FC Haka,Fi2,2,True,True,0,2,4.75,4.0,1.57,,,1.57
2026-06-15,2026-06-15,1x2,Spain,Cape Verde,Spain vs Cape Verde,WC,1,True,False,0,0,1.06,15.0,23.0,,,1.06
2026-06-15,2026-06-15,1x2,Nomme Kalju II,Nõmme United II,Nomme Kalju II vs Nõmme United II,Ee2,1,True,True,4,1,1.95,3.3,4.1,,,1.95
2026-06-15,2026-06-15,1x2,Naft Gachsaran,Niroye Zamini,Naft Gachsaran vs Niroye Zamini,Ir2,X,True,False,0,3,,,,,,
2026-06-15,2026-06-15,1x2,Pars Jonoubi Jam,Saipa Karaj,Pars Jonoubi Jam vs Saipa Karaj,Ir2,X,True,True,0,0,,,,,,
2026-06-15,2026-06-15,over_under_25,Aurora FC,Oriente Petrolero,Aurora FC vs Oriente Petrolero,Bo1,Over,False,,,,,,,2.85,1.38,2.85
2026-06-15,2026-06-15,over_under_25,Botafogo SP,Operário PR,Botafogo SP vs Operário PR,Br2,Under,True,False,2,1,,,,1.5,2.5,2.5
2026-06-15,2026-06-15,over_under_25,Novorizontino SP,Nautico,Novorizontino SP vs Nautico,Br2,Over,True,True,2,2,,,,1.67,2.15,1.67
2026-06-15,2026-06-15,over_under_25,Deportivo Merlo,Argentino Merlo,Deportivo Merlo vs Argentino Merlo,Ar3,Under,True,False,2,2,,,,1.33,3.1,3.1
2026-06-15,2026-06-15,over_under_25,Vancouver FC,Pacific,Vancouver FC vs Pacific,Ca1,Over,True,True,2,1,,,,2.3,1.57,2.3
2026-06-15,2026-06-15,over_under_25,Volta Redonda,Confiança,Volta Redonda vs Confiança,Br3,Under,True,True,1,0,,,,1.44,2.65,2.65
2026-06-15,2026-06-15,over_under_25,Floresta CE,Figueirense,Floresta CE vs Figueirense,Br3,Under,True,False,1,2,,,,1.36,2.9,2.9
2026-06-15,2026-06-15,over_under_25,Ivory Coast,Ecuador,Ivory Coast vs Ecuador,WC,Under,True,True,1,0,,,,1.4,2.9,2.9
2026-06-15,2026-06-15,over_under_25,Westchester SC,Greenville Triumph,Westchester SC vs Greenville Triumph,Us4,Over,True,True,4,0,,,,1.92,1.87,1.92
2026-06-15,2026-06-15,over_under_25,RKC,Edgewater Castle,RKC vs Edgewater Castle,Us4,Under,True,False,4,0,,,,,,
2026-06-15,2026-06-15,over_under_25,The Villages,Nona,The Villages vs Nona,Us4,Under,True,False,2,1,,,,,,
2026-06-15,2026-06-15,over_under_25,Bigfoot,Oly Town,Bigfoot vs Oly Town,Us4,Over,True,False,1,1,,,,,,
2026-06-15,2026-06-15,over_under_25,City SC,Ventura C Fusion,City SC vs Ventura C Fusion,Us4,Under,True,False,1,3,,,,,,
2026-06-15,2026-06-15,over_under_25,Brazos Valley,Hill Country Lobos,Brazos Valley vs Hill Country Lobos,Us4,Over,True,False,0,1,,,,,,
2026-06-15,2026-06-15,over_under_25,Snohomish United,West Seattle Junction,Snohomish United vs West Seattle Junction,Us4,Over,True,True,3,2,,,,,,
2026-06-15,2026-06-15,over_under_25,Sweden,Tunisia,Sweden vs Tunisia,WC,Under,True,False,5,1,,,,1.65,2.2,2.2
2026-06-15,2026-06-15,over_under_25,San Juan SC,Almaden,San Juan SC vs Almaden,Us4,Over,True,True,0,3,,,,,,
2026-06-15,2026-06-15,over_under_25,Bangers,Ballard,Bangers vs Ballard,Us4,Under,True,True,0,2,,,,,,
2026-06-15,2026-06-15,over_under_25,Negele Arsi Ketema,Awassa Kenema,Negele Arsi Ketema vs Awassa Kenema,Et1,Under,True,False,2,1,,,,,,
2026-06-15,2026-06-15,over_under_25,Kumba City,Les Astres FC,Kumba City vs Les Astres FC,Cm2,Under,True,False,2,5,,,,,,
2026-06-15,2026-06-15,over_under_25,Arba Minch Kenema,Shire Endaselassie,Arba Minch Kenema vs Shire Endaselassie,Et1,Under,True,True,2,0,,,,,,
2026-06-15,2026-06-15,over_under_25,Dekedaha,Jeenyo,Dekedaha vs Jeenyo,So1,Over,True,False,1,1,,,,,,
2026-06-15,2026-06-15,over_under_25,KMC,Coastal Union,KMC vs Coastal Union,Tz1,Under,True,False,1,3,,,,1.94,1.77,1.77
2026-06-15,2026-06-15,over_under_25,Adama Kenema,Ethiopia Nigd Bank,Adama Kenema vs Ethiopia Nigd Bank,Et1,Under,True,False,2,1,,,,1.5,2.28,2.28
2026-06-15,2026-06-15,over_under_25,Avion Academy,Atlantic,Avion Academy vs Atlantic,Cm2,Under,True,False,1,2,,,,,,
2026-06-15,2026-06-15,over_under_25,Union Abong-Mbang,APEJES,Union Abong-Mbang vs APEJES,Cm2,Over,True,True,2,1,,,,,,
2026-06-15,2026-06-15,over_under_25,Sorkhpooshan Pakdasht,Mes Kerman,Sorkhpooshan Pakdasht vs Mes Kerman,Ir2,Under,True,True,1,1,,,,1.3,3.4,3.4
2026-06-15,2026-06-15,over_under_25,HJK III W,HJK W,HJK III W vs HJK W,FiWC,Under,True,False,1,6,,,,,,
2026-06-15,2026-06-15,over_under_25,Mes Soongoun,Nassaji Mazandaran,Mes Soongoun vs Nassaji Mazandaran,Ir2,Under,True,True,1,1,,,,3.65,1.25,1.25
2026-06-15,2026-06-15,over_under_25,Mes Shahr-e Babak,Be'sat Kermanshah,Mes Shahr-e Babak vs Be'sat Kermanshah,Ir2,Under,True,True,0,0,,,,1.48,2.3,2.3
2026-06-15,2026-06-15,over_under_25,Fard Alborz,Sanat Naft AC,Fard Alborz vs Sanat Naft AC,Ir2,Under,True,False,1,2,,,,1.25,3.75,3.75
2026-06-15,2026-06-15,over_under_25,Hadiya Hosaena,Fasil Kenema,Hadiya Hosaena vs Fasil Kenema,Et1,Under,True,True,0,1,,,,,,
2026-06-15,2026-06-15,over_under_25,SJK Akatemia,FC Haka,SJK Akatemia vs FC Haka,Fi2,Under,True,True,0,2,,,,2.17,1.57,1.57
2026-06-15,2026-06-15,over_under_25,Spain,Cape Verde,Spain vs Cape Verde,WC,Over,True,False,0,0,,,,3.45,1.3,3.45
2026-06-15,2026-06-15,over_under_25,Nomme Kalju II,Nõmme United II,Nomme Kalju II vs Nõmme United II,Ee2,Over,True,True,4,1,,,,1.55,2.4,1.55
2026-06-15,2026-06-15,over_under_25,Naft Gachsaran,Niroye Zamini,Naft Gachsaran vs Niroye Zamini,Ir2,Under,True,False,0,3,,,,,,
2026-06-15,2026-06-15,over_under_25,Pars Jonoubi Jam,Saipa Karaj,Pars Jonoubi Jam vs Saipa Karaj,Ir2,Under,True,True,0,0,,,,,,
2026-06-16,2026-06-16,1x2,Saudi Arabia,Uruguay,Saudi Arabia vs Uruguay,WC,2,True,False,1,1,8.5,4.33,1.42,,,1.42
2026-06-16,2026-06-16,1x2,Maringá FC PR,Maranhão MA,Maringá FC PR vs Maranhão MA,Br3,X,True,True,0,0,1.53,3.7,5.5,,,3.7
2026-06-16,2026-06-16,1x2,Bolívar,CD Guabirá,Bolívar vs CD Guabirá,Bo1,1,False,,,,1.18,7.0,11.0,,,1.18
2026-06-16,2026-06-16,1x2,Christos,Annapolis Blues,Christos vs Annapolis Blues,Us4,1,True,True,1,0,3.5,4.33,1.66,,,3.5
2026-06-16,2026-06-16,1x2,Ferroviária SP,Barra,Ferroviária SP vs Barra,Br3,X,True,False,1,0,2.0,3.0,3.75,,,3.0
2026-06-16,2026-06-16,1x2,Ypiranga RS,Botafogo PB,Ypiranga RS vs Botafogo PB,Br3,1,True,False,1,1,2.1,3.0,3.25,,,2.1
2026-06-16,2026-06-16,1x2,Criciúma,Ceará SC,Criciúma vs Ceará SC,Br2,1,True,False,1,1,1.75,3.25,5.25,,,1.75
2026-06-16,2026-06-16,1x2,Londrina,Avai FC,Londrina vs Avai FC,Br2,X,True,False,3,2,2.4,3.0,3.2,,,3.0
2026-06-16,2026-06-16,1x2,River Light,Edgewater Castle,River Light vs Edgewater Castle,Us4,1,True,True,7,1,1.65,4.1,3.75,,,1.65
2026-06-16,2026-06-16,1x2,Dakota,Sporting Aruba,Dakota vs Sporting Aruba,Aw1,1,True,False,1,1,1.61,4.2,3.9,,,1.61
2026-06-16,2026-06-16,1x2,Iran,New Zealand,Iran vs New Zealand,WC,1,True,False,2,2,1.85,3.4,4.5,,,1.85
2026-06-16,2026-06-16,1x2,Real Colorado,Atletico Union,Real Colorado vs Atletico Union,Us4,1,True,True,2,1,,,,,,
2026-06-16,2026-06-16,1x2,Truong Giang,Lam Dong,Truong Giang vs Lam Dong,Vn3,X,True,True,0,0,1.85,3.2,3.9,,,3.2
2026-06-16,2026-06-16,1x2,Rochedale Rovers,Moreton City Excelsior,Rochedale Rovers vs Moreton City Excelsior,AuQ,2,True,True,2,5,5.25,4.75,1.4,,,1.4
2026-06-16,2026-06-16,1x2,WDSC Wolves FC,Eastern Suburbs,WDSC Wolves FC vs Eastern Suburbs,AuQ,2,True,True,1,2,2.7,3.9,2.15,,,2.15
2026-06-16,2026-06-16,1x2,Mebrat Hayl,Mekelle 70,Mebrat Hayl vs Mekelle 70,Et1,1,True,False,0,0,2.4,2.7,3.0,,,2.4
2026-06-16,2026-06-16,1x2,Sable Batie,Foncha ST,Sable Batie vs Foncha ST,Cm2,1,True,True,2,1,,,,,,
2026-06-16,2026-06-16,1x2,Yafoot FC,Bamboutos FC,Yafoot FC vs Bamboutos FC,Cm2,2,True,True,0,2,,,,,,
2026-06-16,2026-06-16,1x2,Bafmeng United,Tonnerre Yaoundé,Bafmeng United vs Tonnerre Yaoundé,Cm2,1,True,False,0,0,,,,,,
2026-06-16,2026-06-16,1x2,Heegan,Jubba,Heegan vs Jubba,So1,1,True,True,7,1,,,,,,
2026-06-16,2026-06-16,1x2,Al Ahed Beirut,Al Hikma Beirut,Al Ahed Beirut vs Al Hikma Beirut,Lb,1,True,True,1,0,1.53,3.6,5.25,,,1.53
2026-06-16,2026-06-16,1x2,Shabab Al Sahel,Racing Beirut,Shabab Al Sahel vs Racing Beirut,Lb,1,True,True,2,0,1.16,7.0,11.0,,,1.16
2026-06-16,2026-06-16,1x2,Tadamon Sour,Al Mabarrah,Tadamon Sour vs Al Mabarrah,Lb,X,True,True,1,1,2.05,2.87,3.6,,,2.87
2026-06-16,2026-06-16,1x2,Namungo,Kitayosce,Namungo vs Kitayosce,Tz1,2,True,False,0,0,1.68,4.25,3.4,,,3.4
2026-06-16,2026-06-16,1x2,Bahardar,Welayta Dicha,Bahardar vs Welayta Dicha,Et1,X,True,False,0,2,3.0,2.15,3.2,,,2.15
2026-06-16,2026-06-16,1x2,Sheger Ketema,Welwalo Adigrat Uni,Sheger Ketema vs Welwalo Adigrat Uni,Et1,X,True,True,0,0,2.35,2.7,3.2,,,2.7
2026-06-16,2026-06-16,1x2,Costa do Sol Maputo,Chingale de Tete,Costa do Sol Maputo vs Chingale de Tete,Mz1,1,True,True,1,0,1.48,3.6,6.5,,,1.48
2026-06-16,2026-06-16,1x2,Shahrdari Noshahr,Navad Urmia,Shahrdari Noshahr vs Navad Urmia,Ir2,1,True,False,0,0,1.8,2.8,5.0,,,1.8
2026-06-16,2026-06-16,1x2,AS Fap,Union Douala,AS Fap vs Union Douala,Cm2,1,True,False,0,0,,,,,,
2026-06-16,2026-06-16,1x2,Ario Eslamshahr,Naft Bandar Abbas,Ario Eslamshahr vs Naft Bandar Abbas,Ir2,X,True,False,1,0,1.91,2.62,4.75,,,2.62
2026-06-16,2026-06-16,1x2,BFC Daugavpils,Supernova Riga,BFC Daugavpils vs Supernova Riga,Lv1,1,True,False,0,0,1.83,3.4,3.7,,,1.83
2026-06-16,2026-06-16,1x2,Transinvest,FK Riteriai,Transinvest vs FK Riteriai,Lt1,1,False,,,,1.91,3.6,3.2,,,1.91
2026-06-16,2026-06-16,1x2,Viking FK W,Hønefoss W,Viking FK W vs Hønefoss W,NoWC,1,True,True,4,2,2.1,3.6,2.8,,,2.1
2026-06-16,2026-06-16,1x2,Lyn W,Brann W,Lyn W vs Brann W,NoWC,2,True,True,0,2,7.0,5.25,1.27,,,1.27
2026-06-16,2026-06-16,1x2,FK Suduva,FA Siauliai,FK Suduva vs FA Siauliai,Lt1,X,True,False,2,1,1.57,3.7,4.75,,,3.7
2026-06-16,2026-06-16,1x2,Parnu,Flora Tallinn,Parnu vs Flora Tallinn,Ee1,2,True,True,1,2,6.5,4.33,1.36,,,1.36
2026-06-16,2026-06-16,1x2,FC Kuressaare,Trans Narva,FC Kuressaare vs Trans Narva,Ee1,1,True,False,0,0,2.05,3.3,2.9,,,2.05
2026-06-16,2026-06-16,1x2,Dila Gori,FC Spaeri,Dila Gori vs FC Spaeri,Ge1,X,True,False,3,1,1.57,3.6,5.0,,,3.6
2026-06-16,2026-06-16,1x2,Grobinas SC,FK Liepaja,Grobinas SC vs FK Liepaja,Lv1,2,True,False,1,0,3.75,3.6,1.75,,,1.75
2026-06-16,2026-06-16,1x2,FC Kose,Kummik,FC Kose vs Kummik,EeC,2,True,False,8,0,,,,,,
2026-06-16,2026-06-16,1x2,Azam,Mashujaa,Azam vs Mashujaa,Tz1,1,True,True,2,0,1.18,6.25,11.0,,,1.18
2026-06-16,2026-06-16,over_under_25,Saudi Arabia,Uruguay,Saudi Arabia vs Uruguay,WC,Under,True,True,1,1,,,,1.77,2.0,2.0
2026-06-16,2026-06-16,over_under_25,Maringá FC PR,Maranhão MA,Maringá FC PR vs Maranhão MA,Br3,Under,True,True,0,0,,,,2.1,1.67,1.67
2026-06-16,2026-06-16,over_under_25,Bolívar,CD Guabirá,Bolívar vs CD Guabirá,Bo1,Over,False,,,,,,,3.85,1.22,3.85
2026-06-16,2026-06-16,over_under_25,Christos,Annapolis Blues,Christos vs Annapolis Blues,Us4,Over,True,False,1,0,,,,,,
2026-06-16,2026-06-16,over_under_25,Ferroviária SP,Barra,Ferroviária SP vs Barra,Br3,Under,True,True,1,0,,,,1.42,2.7,2.7
2026-06-16,2026-06-16,over_under_25,Ypiranga RS,Botafogo PB,Ypiranga RS vs Botafogo PB,Br3,Over,True,False,1,1,,,,1.62,2.2,1.62
2026-06-16,2026-06-16,over_under_25,Criciúma,Ceará SC,Criciúma vs Ceará SC,Br2,Over,True,False,1,1,,,,1.57,2.35,1.57
2026-06-16,2026-06-16,over_under_25,Londrina,Avai FC,Londrina vs Avai FC,Br2,Under,True,False,3,2,,,,1.57,2.35,2.35
2026-06-16,2026-06-16,over_under_25,River Light,Edgewater Castle,River Light vs Edgewater Castle,Us4,Under,True,False,7,1,,,,,,
2026-06-16,2026-06-16,over_under_25,Dakota,Sporting Aruba,Dakota vs Sporting Aruba,Aw1,Over,True,False,1,1,,,,,,
2026-06-16,2026-06-16,over_under_25,Iran,New Zealand,Iran vs New Zealand,WC,Under,True,False,2,2,,,,1.53,2.45,2.45
2026-06-16,2026-06-16,over_under_25,Real Colorado,Atletico Union,Real Colorado vs Atletico Union,Us4,Over,True,True,2,1,,,,,,
2026-06-16,2026-06-16,over_under_25,Truong Giang,Lam Dong,Truong Giang vs Lam Dong,Vn3,Under,True,True,0,0,,,,1.78,1.97,1.97
2026-06-16,2026-06-16,over_under_25,Rochedale Rovers,Moreton City Excelsior,Rochedale Rovers vs Moreton City Excelsior,AuQ,Over,True,True,2,5,,,,3.25,1.3,3.25
2026-06-16,2026-06-16,over_under_25,WDSC Wolves FC,Eastern Suburbs,WDSC Wolves FC vs Eastern Suburbs,AuQ,Over,True,True,1,2,,,,3.1,1.33,3.1
2026-06-16,2026-06-16,over_under_25,Mebrat Hayl,Mekelle 70,Mebrat Hayl vs Mekelle 70,Et1,Under,True,True,0,0,,,,,,
2026-06-16,2026-06-16,over_under_25,Sable Batie,Foncha ST,Sable Batie vs Foncha ST,Cm2,Over,True,True,2,1,,,,,,
2026-06-16,2026-06-16,over_under_25,Yafoot FC,Bamboutos FC,Yafoot FC vs Bamboutos FC,Cm2,Under,True,True,0,2,,,,,,
2026-06-16,2026-06-16,over_under_25,Bafmeng United,Tonnerre Yaoundé,Bafmeng United vs Tonnerre Yaoundé,Cm2,Over,True,False,0,0,,,,,,
2026-06-16,2026-06-16,over_under_25,Heegan,Jubba,Heegan vs Jubba,So1,Over,True,True,7,1,,,,,,
2026-06-16,2026-06-16,over_under_25,Al Ahed Beirut,Al Hikma Beirut,Al Ahed Beirut vs Al Hikma Beirut,Lb,Over,True,False,1,0,,,,1.77,2.02,1.77
2026-06-16,2026-06-16,over_under_25,Shabab Al Sahel,Racing Beirut,Shabab Al Sahel vs Racing Beirut,Lb,Over,True,False,2,0,,,,2.12,1.63,2.12
2026-06-16,2026-06-16,over_under_25,Tadamon Sour,Al Mabarrah,Tadamon Sour vs Al Mabarrah,Lb,Under,True,True,1,1,,,,,,
2026-06-16,2026-06-16,over_under_25,Namungo,Kitayosce,Namungo vs Kitayosce,Tz1,Under,True,True,0,0,,,,1.92,1.78,1.78
2026-06-16,2026-06-16,over_under_25,Bahardar,Welayta Dicha,Bahardar vs Welayta Dicha,Et1,Under,True,True,0,2,,,,,,
2026-06-16,2026-06-16,over_under_25,Sheger Ketema,Welwalo Adigrat Uni,Sheger Ketema vs Welwalo Adigrat Uni,Et1,Under,True,True,0,0,,,,,,
2026-06-16,2026-06-16,over_under_25,Costa do Sol Maputo,Chingale de Tete,Costa do Sol Maputo vs Chingale de Tete,Mz1,Under,True,True,1,0,,,,1.61,2.1,2.1
2026-06-16,2026-06-16,over_under_25,Shahrdari Noshahr,Navad Urmia,Shahrdari Noshahr vs Navad Urmia,Ir2,Under,True,True,0,0,,,,1.33,3.25,3.25
2026-06-16,2026-06-16,over_under_25,AS Fap,Union Douala,AS Fap vs Union Douala,Cm2,Under,True,True,0,0,,,,,,
2026-06-16,2026-06-16,over_under_25,Ario Eslamshahr,Naft Bandar Abbas,Ario Eslamshahr vs Naft Bandar Abbas,Ir2,Under,True,True,1,0,,,,1.25,3.75,3.75
2026-06-16,2026-06-16,over_under_25,BFC Daugavpils,Supernova Riga,BFC Daugavpils vs Supernova Riga,Lv1,Under,True,True,0,0,,,,1.85,1.85,1.85
2026-06-16,2026-06-16,over_under_25,Transinvest,FK Riteriai,Transinvest vs FK Riteriai,Lt1,Over,False,,,,,,,2.15,1.67,2.15
2026-06-16,2026-06-16,over_under_25,Viking FK W,Hønefoss W,Viking FK W vs Hønefoss W,NoWC,Over,True,True,4,2,,,,2.25,1.53,2.25
2026-06-16,2026-06-16,over_under_25,Lyn W,Brann W,Lyn W vs Brann W,NoWC,Over,True,False,0,2,,,,1.97,1.82,1.97
2026-06-16,2026-06-16,over_under_25,FK Suduva,FA Siauliai,FK Suduva vs FA Siauliai,Lt1,Under,True,False,2,1,,,,1.77,2.02,2.02
2026-06-16,2026-06-16,over_under_25,Parnu,Flora Tallinn,Parnu vs Flora Tallinn,Ee1,Over,True,True,1,2,,,,2.5,1.48,2.5
2026-06-16,2026-06-16,over_under_25,FC Kuressaare,Trans Narva,FC Kuressaare vs Trans Narva,Ee1,Over,True,False,0,0,,,,2.05,1.7,2.05
2026-06-16,2026-06-16,over_under_25,Dila Gori,FC Spaeri,Dila Gori vs FC Spaeri,Ge1,Under,True,False,3,1,,,,1.83,1.77,1.77
2026-06-16,2026-06-16,over_under_25,Grobinas SC,FK Liepaja,Grobinas SC vs FK Liepaja,Lv1,Over,True,False,1,0,,,,1.85,1.85,1.85
2026-06-16,2026-06-16,over_under_25,FC Kose,Kummik,FC Kose vs Kummik,EeC,Over,True,True,8,0,,,,,,
2026-06-16,2026-06-16,over_under_25,Azam,Mashujaa,Azam vs Mashujaa,Tz1,Under,True,True,2,0,,,,1.8,2.0,2.0
2026-06-17,2026-06-17,1x2,Iraq,Norway,Iraq vs Norway,WC,2,True,True,1,4,12.0,6.5,1.22,,,1.22
2026-06-17,2026-06-17,1x2,Cleveland Force,Erie Sports Center,Cleveland Force vs Erie Sports Center,Us4,1,True,True,4,3,1.25,6.0,7.5,,,1.25
2026-06-17,2026-06-17,1x2,Fortaleza,América Mineiro,Fortaleza vs América Mineiro,Br2,1,True,False,0,3,1.57,3.9,6.0,,,1.57
2026-06-17,2026-06-17,1x2,Reading United AC,Real Central New Jersey,Reading United AC vs Real Central New Jersey,Us4,1,True,False,2,2,,,,,,
2026-06-17,2026-06-17,1x2,Eagle FC,Lehigh Valley Utd,Eagle FC vs Lehigh Valley Utd,Us4,2,True,True,1,3,,,,,,
2026-06-17,2026-06-17,1x2,Vermont Green,Seacoast Utd Phantoms,Vermont Green vs Seacoast Utd Phantoms,Us4,1,True,False,2,2,,,,,,
2026-06-17,2026-06-17,1x2,Boston Olympiakos,Boston City,Boston Olympiakos vs Boston City,Us4,1,True,True,4,2,1.3,5.0,6.5,,,1.3
2026-06-17,2026-06-17,1x2,Manhattan,Long Island RR,Manhattan vs Long Island RR,Us4,X,True,False,0,4,3.2,3.9,1.8,,,3.9
2026-06-17,2026-06-17,1x2,Atlantic,Union Abong-Mbang,Atlantic vs Union Abong-Mbang,Cm2,X,True,False,0,1,,,,,,
2026-06-17,2026-06-17,1x2,Les Astres FC,Avion Academy,Les Astres FC vs Avion Academy,Cm2,1,True,False,0,2,,,,,,
2026-06-17,2026-06-17,1x2,FC Motown II,Hudson Valley Hammers,FC Motown II vs Hudson Valley Hammers,Us4,2,True,False,3,1,,,,,,
2026-06-17,2026-06-17,1x2,Houston Sur,GFI,Houston Sur vs GFI,Us4,2,True,True,3,8,5.25,4.75,1.42,,,1.42
2026-06-17,2026-06-17,1x2,La Fama,Britannia,La Fama vs Britannia,Aw1,2,True,False,2,2,3.6,4.0,1.72,,,1.72
2026-06-17,2026-06-17,1x2,West Chester United II,Philadelphia Lone Star,West Chester United II vs Philadelphia Lone Star,Us4,1,True,True,3,1,1.75,4.0,3.4,,,1.75
2026-06-17,2026-06-17,1x2,Delaware FC,Pennsylvania Classics,Delaware FC vs Pennsylvania Classics,Us4,1,True,False,0,2,1.83,3.8,3.2,,,1.83
2026-06-17,2026-06-17,1x2,Argentina,Algeria,Argentina vs Algeria,WC,1,True,True,3,0,1.55,4.0,6.5,,,1.55
2026-06-17,2026-06-17,1x2,Austria,Jordan,Austria vs Jordan,WC,1,True,True,3,1,1.4,4.75,8.0,,,1.4
2026-06-17,2026-06-17,1x2,Tuv Azarganuud,FC Ulaanbaatar,Tuv Azarganuud vs FC Ulaanbaatar,Mn1,2,True,False,1,0,4.75,5.0,1.42,,,1.42
2026-06-17,2026-06-17,1x2,Canberra White Eagles,Canberra FC,Canberra White Eagles vs Canberra FC,AuA,2,True,True,1,2,23.0,13.0,1.06,,,1.06
2026-06-17,2026-06-17,1x2,Khoromkhon Club,Ulaangom City,Khoromkhon Club vs Ulaangom City,Mn1,1,True,False,2,5,,,,,,
2026-06-17,2026-06-17,1x2,Changnyeong W,Suwon FMC W,Changnyeong W vs Suwon FMC W,KrW,2,True,True,1,6,5.75,3.9,1.45,,,1.45
2026-06-17,2026-06-17,1x2,Gyeongju W,Hwacheon KSPO W,Gyeongju W vs Hwacheon KSPO W,KrW,2,True,True,0,1,3.6,3.9,1.72,,,1.72
2026-06-17,2026-06-17,1x2,Gumi Sportstoto W,Incheon Red Angels W,Gumi Sportstoto W vs Incheon Red Angels W,KrW,2,True,False,0,0,3.2,3.4,1.9,,,1.9
2026-06-17,2026-06-17,1x2,Seoul W,Boeun Sangmu W,Seoul W vs Boeun Sangmu W,KrW,2,True,False,2,1,2.05,3.4,3.0,,,3.0
2026-06-17,2026-06-17,1x2,AS Maniema Union,JSK,AS Maniema Union vs JSK,CD1,X,True,True,1,1,,,,,,
2026-06-17,2026-06-17,1x2,Simba(DRC),AS Vita Club,Simba(DRC) vs AS Vita Club,CD1,2,True,False,0,0,,,,,,
2026-06-17,2026-06-17,1x2,Mbeya City,Simba,Mbeya City vs Simba,Tz1,2,True,True,0,1,8.5,4.75,1.28,,,1.28
2026-06-17,2026-06-17,1x2,APEJES,Kumba City,APEJES vs Kumba City,Cm2,1,True,False,1,1,,,,,,
2026-06-17,2026-06-17,1x2,Gantaalaha,Raadsan,Gantaalaha vs Raadsan,So1,2,True,True,1,4,,,,,,
2026-06-17,2026-06-17,1x2,Gazelle,Canon Yaoundé,Gazelle vs Canon Yaoundé,Cm1,X,True,False,0,2,1.98,3.0,3.35,,,3.0
2026-06-17,2026-06-17,1x2,Saint Eloi Lupopo,Celeste,Saint Eloi Lupopo vs Celeste,CD1,1,True,False,1,1,,,,,,
2026-06-17,2026-06-17,1x2,CS Don Bosco,TP Mazembe,CS Don Bosco vs TP Mazembe,CD1,2,True,True,0,3,,,,,,
2026-06-17,2026-06-17,1x2,Merani Martvili,FC Samtredia,Merani Martvili vs FC Samtredia,Ge2,1,True,True,2,1,1.4,4.2,6.25,,,1.4
2026-06-17,2026-06-17,1x2,Gareji Sagarejo,Shturmi,Gareji Sagarejo vs Shturmi,Ge2,1,True,False,0,0,2.1,3.2,3.1,,,2.1
2026-06-17,2026-06-17,1x2,FC Molodechno,BATE Borisov,FC Molodechno vs BATE Borisov,ByC,X,True,False,1,4,7.0,4.0,1.4,,,4.0
2026-06-17,2026-06-17,1x2,Singida Black Stars,Dodoma Jiji,Singida Black Stars vs Dodoma Jiji,Tz1,1,True,True,5,0,1.33,4.49,7.17,,,1.33
2026-06-17,2026-06-17,1x2,CD Maxaquene,UD Songo,CD Maxaquene vs UD Songo,Mz1,2,True,True,1,2,5.5,3.25,1.6,,,1.6
2026-06-17,2026-06-17,1x2,Ferroviário Nampula,Ferroviário de Lichinga,Ferroviário Nampula vs Ferroviário de Lichinga,Mz1,X,True,False,2,1,,,,,,
2026-06-17,2026-06-17,1x2,Baía de Pemba,ENH Vilankulo,Baía de Pemba vs ENH Vilankulo,Mz1,X,True,True,2,2,2.7,2.8,2.6,,,2.8
2026-06-17,2026-06-17,1x2,Fjardab Höttur Leiknir W,Fram W,Fjardab Höttur Leiknir W vs Fram W,IsC,2,True,True,1,7,,,,,,
2026-06-17,2026-06-17,1x2,Gnistan W,KuPS W,Gnistan W vs KuPS W,FiWC,2,True,True,0,2,7.0,6.5,1.22,,,1.22
2026-06-17,2026-06-17,over_under_25,Iraq,Norway,Iraq vs Norway,WC,Under,True,False,1,4,,,,2.25,1.62,1.62
2026-06-17,2026-06-17,over_under_25,Cleveland Force,Erie Sports Center,Cleveland Force vs Erie Sports Center,Us4,Over,True,True,4,3,,,,,,
2026-06-17,2026-06-17,over_under_25,Fortaleza,América Mineiro,Fortaleza vs América Mineiro,Br2,Over,True,True,0,3,,,,1.85,1.93,1.85
2026-06-17,2026-06-17,over_under_25,Reading United AC,Real Central New Jersey,Reading United AC vs Real Central New Jersey,Us4,Over,True,True,2,2,,,,,,
2026-06-17,2026-06-17,over_under_25,Eagle FC,Lehigh Valley Utd,Eagle FC vs Lehigh Valley Utd,Us4,Over,True,True,1,3,,,,,,
2026-06-17,2026-06-17,over_under_25,Vermont Green,Seacoast Utd Phantoms,Vermont Green vs Seacoast Utd Phantoms,Us4,Over,True,True,2,2,,,,,,
2026-06-17,2026-06-17,over_under_25,Boston Olympiakos,Boston City,Boston Olympiakos vs Boston City,Us4,Over,True,True,4,2,,,,,,
2026-06-17,2026-06-17,over_under_25,Manhattan,Long Island RR,Manhattan vs Long Island RR,Us4,Over,True,True,0,4,,,,,,
2026-06-17,2026-06-17,over_under_25,Atlantic,Union Abong-Mbang,Atlantic vs Union Abong-Mbang,Cm2,Under,True,True,0,1,,,,,,
2026-06-17,2026-06-17,over_under_25,Les Astres FC,Avion Academy,Les Astres FC vs Avion Academy,Cm2,Over,True,False,0,2,,,,,,
2026-06-17,2026-06-17,over_under_25,FC Motown II,Hudson Valley Hammers,FC Motown II vs Hudson Valley Hammers,Us4,Over,True,True,3,1,,,,,,
2026-06-17,2026-06-17,over_under_25,Houston Sur,GFI,Houston Sur vs GFI,Us4,Over,True,True,3,8,,,,,,
2026-06-17,2026-06-17,over_under_25,La Fama,Britannia,La Fama vs Britannia,Aw1,Under,True,False,2,2,,,,2.2,1.55,1.55
2026-06-17,2026-06-17,over_under_25,West Chester United II,Philadelphia Lone Star,West Chester United II vs Philadelphia Lone Star,Us4,Over,True,True,3,1,,,,,,
2026-06-17,2026-06-17,over_under_25,Delaware FC,Pennsylvania Classics,Delaware FC vs Pennsylvania Classics,Us4,Over,True,False,0,2,,,,2.55,1.44,2.55
2026-06-17,2026-06-17,over_under_25,Argentina,Algeria,Argentina vs Algeria,WC,Under,True,False,3,0,,,,1.8,2.0,2.0
2026-06-17,2026-06-17,over_under_25,Austria,Jordan,Austria vs Jordan,WC,Under,True,False,3,1,,,,2.0,1.8,1.8
2026-06-17,2026-06-17,over_under_25,Tuv Azarganuud,FC Ulaanbaatar,Tuv Azarganuud vs FC Ulaanbaatar,Mn1,Over,True,False,1,0,,,,,,
2026-06-17,2026-06-17,over_under_25,Canberra White Eagles,Canberra FC,Canberra White Eagles vs Canberra FC,AuA,Over,True,True,1,2,,,,6.0,1.11,6.0
2026-06-17,2026-06-17,over_under_25,Khoromkhon Club,Ulaangom City,Khoromkhon Club vs Ulaangom City,Mn1,Over,True,True,2,5,,,,,,
2026-06-17,2026-06-17,over_under_25,Changnyeong W,Suwon FMC W,Changnyeong W vs Suwon FMC W,KrW,Over,True,True,1,6,,,,2.35,1.55,2.35
2026-06-17,2026-06-17,over_under_25,Gyeongju W,Hwacheon KSPO W,Gyeongju W vs Hwacheon KSPO W,KrW,Over,True,False,0,1,,,,1.97,1.82,1.97
2026-06-17,2026-06-17,over_under_25,Gumi Sportstoto W,Incheon Red Angels W,Gumi Sportstoto W vs Incheon Red Angels W,KrW,Over,True,False,0,0,,,,1.82,1.97,1.82
2026-06-17,2026-06-17,over_under_25,Seoul W,Boeun Sangmu W,Seoul W vs Boeun Sangmu W,KrW,Under,True,False,2,1,,,,1.9,1.74,1.74
2026-06-17,2026-06-17,over_under_25,AS Maniema Union,JSK,AS Maniema Union vs JSK,CD1,Under,True,True,1,1,,,,,,
2026-06-17,2026-06-17,over_under_25,Simba(DRC),AS Vita Club,Simba(DRC) vs AS Vita Club,CD1,Over,True,False,0,0,,,,,,
2026-06-17,2026-06-17,over_under_25,Mbeya City,Simba,Mbeya City vs Simba,Tz1,Under,True,True,0,1,,,,1.87,1.92,1.92
2026-06-17,2026-06-17,over_under_25,APEJES,Kumba City,APEJES vs Kumba City,Cm2,Under,True,True,1,1,,,,,,
2026-06-17,2026-06-17,over_under_25,Gantaalaha,Raadsan,Gantaalaha vs Raadsan,So1,Over,True,True,1,4,,,,,,
2026-06-17,2026-06-17,over_under_25,Gazelle,Canon Yaoundé,Gazelle vs Canon Yaoundé,Cm1,Under,True,True,0,2,,,,1.57,2.16,2.16
2026-06-17,2026-06-17,over_under_25,Saint Eloi Lupopo,Celeste,Saint Eloi Lupopo vs Celeste,CD1,Under,True,True,1,1,,,,,,
2026-06-17,2026-06-17,over_under_25,CS Don Bosco,TP Mazembe,CS Don Bosco vs TP Mazembe,CD1,Over,True,True,0,3,,,,,,
2026-06-17,2026-06-17,over_under_25,Merani Martvili,FC Samtredia,Merani Martvili vs FC Samtredia,Ge2,Over,True,True,2,1,,,,2.0,1.8,2.0
2026-06-17,2026-06-17,over_under_25,Gareji Sagarejo,Shturmi,Gareji Sagarejo vs Shturmi,Ge2,Over,True,False,0,0,,,,1.7,2.1,1.7
2026-06-17,2026-06-17,over_under_25,FC Molodechno,BATE Borisov,FC Molodechno vs BATE Borisov,ByC,Under,True,False,1,4,,,,1.83,1.8,1.8
2026-06-17,2026-06-17,over_under_25,Singida Black Stars,Dodoma Jiji,Singida Black Stars vs Dodoma Jiji,Tz1,Over,True,True,5,0,,,,1.98,1.77,1.98
2026-06-17,2026-06-17,over_under_25,CD Maxaquene,UD Songo,CD Maxaquene vs UD Songo,Mz1,Under,True,False,1,2,,,,1.5,2.3,2.3
2026-06-17,2026-06-17,over_under_25,Ferroviário Nampula,Ferroviário de Lichinga,Ferroviário Nampula vs Ferroviário de Lichinga,Mz1,Under,True,False,2,1,,,,,,
2026-06-17,2026-06-17,over_under_25,Baía de Pemba,ENH Vilankulo,Baía de Pemba vs ENH Vilankulo,Mz1,Under,True,False,2,2,,,,,,
2026-06-17,2026-06-17,over_under_25,Fjardab Höttur Leiknir W,Fram W,Fjardab Höttur Leiknir W vs Fram W,IsC,Over,True,True,1,7,,,,,,
2026-06-17,2026-06-17,over_under_25,Gnistan W,KuPS W,Gnistan W vs KuPS W,FiWC,Under,True,True,0,2,,,,,,
2026-06-18,2026-06-18,1x2,Mamoré,Boa Esporte,Mamoré vs Boa Esporte,BrM,2,True,True,0,1,,,,,,
2026-06-18,2026-06-18,1x2,Caldense MG,Guarani MG,Caldense MG vs Guarani MG,BrM,1,True,False,0,0,2.3,2.87,3.0,,,2.3
2026-06-18,2026-06-18,1x2,Bragantino U20,Fluminense U20,Bragantino U20 vs Fluminense U20,BrB,1,True,True,3,0,1.67,3.9,3.9,,,1.67
2026-06-18,2026-06-18,1x2,Brooke House,Inter Gainesville,Brooke House vs Inter Gainesville,Us4,X,True,False,4,1,,,,,,
2026-06-18,2026-06-18,1x2,Miami AC,Lakeland United,Miami AC vs Lakeland United,Us4,2,True,True,2,5,,,,,,
2026-06-18,2026-06-18,1x2,Louisville City 2,Dayton Dutch Lions,Louisville City 2 vs Dayton Dutch Lions,Us4,1,True,True,1,0,,,,,,
2026-06-18,2026-06-18,1x2,Rochester,RKC,Rochester vs RKC,Us4,2,True,False,2,1,5.0,4.75,1.42,,,1.42
2026-06-18,2026-06-18,1x2,Nação,Juventus SC,Nação vs Juventus SC,BrC,1,True,True,1,0,2.2,3.1,2.88,,,2.2
2026-06-18,2026-06-18,1x2,Uberaba MG,Patrocinense MG,Uberaba MG vs Patrocinense MG,BrM,2,True,False,1,1,1.91,3.0,3.8,,,3.8
2026-06-18,2026-06-18,1x2,Port City,Hickory,Port City vs Hickory,Us4,2,True,True,1,2,,,,,,
2026-06-18,2026-06-18,1x2,Ghana,Panama,Ghana vs Panama,WC,1,True,True,1,0,2.3,3.2,3.25,,,2.3
2026-06-18,2026-06-18,1x2,Indy Eleven,Brooklyn FC,Indy Eleven vs Brooklyn FC,Us2,1,False,,,,1.75,3.5,3.9,,,1.75
2026-06-18,2026-06-18,1x2,Valeriodoce,Aymorés,Valeriodoce vs Aymorés,BrM,2,True,False,0,0,2.45,3.0,2.7,,,2.7
2026-06-18,2026-06-18,1x2,Lionsbridge,Patuxent,Lionsbridge vs Patuxent,Us4,1,True,True,6,0,,,,,,
2026-06-18,2026-06-18,1x2,Annapolis Blues,Hill City,Annapolis Blues vs Hill City,Us4,1,True,True,5,2,1.85,3.8,3.25,,,1.85
2026-06-18,2026-06-18,1x2,Sporting Jax 2,Nona,Sporting Jax 2 vs Nona,Us4,X,True,False,0,3,4.5,3.9,1.57,,,3.9
2026-06-18,2026-06-18,1x2,SF Glens,Academica SC,SF Glens vs Academica SC,Us4,1,True,True,1,0,1.8,3.9,3.3,,,1.8
2026-06-18,2026-06-18,1x2,Christos,Northern Virginia,Christos vs Northern Virginia,Us4,1,True,False,1,5,2.62,3.9,2.05,,,2.62
2026-06-18,2026-06-18,1x2,Riverhounds II,Lorain County Leviathan,Riverhounds II vs Lorain County Leviathan,Us4,2,True,False,3,2,,,,,,
2026-06-18,2026-06-18,1x2,Toledo Villa,Kings Hammer Columbus,Toledo Villa vs Kings Hammer Columbus,Us4,1,True,False,1,2,,,,,,
2026-06-18,2026-06-18,1x2,Connecticut Rush,Western Mass Pioneers,Connecticut Rush vs Western Mass Pioneers,Us4,2,True,True,0,1,3.9,4.1,1.61,,,1.61
2026-06-18,2026-06-18,1x2,Blackwatch Rush,AC Connecticut,Blackwatch Rush vs AC Connecticut,Us4,1,True,True,1,0,,,,,,
2026-06-18,2026-06-18,1x2,Wake,North Carolina II,Wake vs North Carolina II,Us4,2,True,True,1,2,,,,,,
2026-06-18,2026-06-18,1x2,Tobacco Road,Appalachian,Tobacco Road vs Appalachian,Us4,2,True,False,1,1,,,,,,
2026-06-18,2026-06-18,1x2,Charlotte Independence 2,Carolina Dynamo,Charlotte Independence 2 vs Carolina Dynamo,Us4,2,True,False,3,1,,,,,,
2026-06-18,2026-06-18,1x2,Virginia Beach United,Bethesda SC,Virginia Beach United vs Bethesda SC,Us4,1,True,False,2,3,,,,,,
2026-06-18,2026-06-18,1x2,Westchester Flames,Ironbound,Westchester Flames vs Ironbound,Us4,2,True,False,3,3,,,,,,
2026-06-18,2026-06-18,1x2,East Atlanta,Montgomery United,East Atlanta vs Montgomery United,Us4,X,True,False,1,2,,,,,,
2026-06-18,2026-06-18,1x2,Apotheos,Southern Soccer Academy,Apotheos vs Southern Soccer Academy,Us4,X,True,False,0,3,,,,,,
2026-06-18,2026-06-18,1x2,Virginia Marauders,Charlottesville Blues,Virginia Marauders vs Charlottesville Blues,Us4,2,True,True,0,4,,,,,,
2026-06-18,2026-06-18,1x2,Columbus United,Birmingham Legion II,Columbus United vs Birmingham Legion II,Us4,1,True,False,3,3,,,,,,
2026-06-18,2026-06-18,1x2,Jackson Boom,Red River,Jackson Boom vs Red River,Us4,2,True,True,0,3,,,,,,
2026-06-18,2026-06-18,1x2,Weston,Miami FC,Weston vs Miami FC,Us4,1,True,True,3,1,2.25,3.9,2.4,,,2.25
2026-06-18,2026-06-18,1x2,Rockford Raptors,Sueno,Rockford Raptors vs Sueno,Us4,2,True,False,1,0,,,,,,
2026-06-18,2026-06-18,1x2,St. Louis Ambush,Des Moines Menace,St. Louis Ambush vs Des Moines Menace,Us4,2,True,True,0,1,,,,,,
2026-06-18,2026-06-18,1x2,Memphis,Little Rock Rangers,Memphis vs Little Rock Rangers,Us4,2,True,True,0,1,,,,,,
2026-06-18,2026-06-18,1x2,FC Tulsa,Monterey Bay,FC Tulsa vs Monterey Bay,Us2,1,True,True,2,0,1.65,3.75,4.1,,,1.65
2026-06-18,2026-06-18,1x2,Fort Worth Vaqueros,McKinney Chupacabras,Fort Worth Vaqueros vs McKinney Chupacabras,Us4,2,True,True,1,7,21.0,11.0,1.07,,,1.07
2026-06-18,2026-06-18,1x2,Forward Madison,Fort Wayne,Forward Madison vs Fort Wayne,Us4,X,True,True,1,1,1.85,3.25,3.9,,,3.25
2026-06-18,2026-06-18,1x2,Laredo Heat,Brazos Valley,Laredo Heat vs Brazos Valley,Us4,1,True,True,3,0,,,,,,
2026-06-18,2026-06-18,1x2,Springfield,Peoria,Springfield vs Peoria,Us4,2,True,True,0,5,,,,,,
2026-06-18,2026-06-18,over_under_25,Mamoré,Boa Esporte,Mamoré vs Boa Esporte,BrM,Under,True,True,0,1,,,,,,
2026-06-18,2026-06-18,over_under_25,Caldense MG,Guarani MG,Caldense MG vs Guarani MG,BrM,Under,True,True,0,0,,,,,,
2026-06-18,2026-06-18,over_under_25,Bragantino U20,Fluminense U20,Bragantino U20 vs Fluminense U20,BrB,Over,True,True,3,0,,,,2.25,1.5,2.25
2026-06-18,2026-06-18,over_under_25,Brooke House,Inter Gainesville,Brooke House vs Inter Gainesville,Us4,Over,True,True,4,1,,,,,,
2026-06-18,2026-06-18,over_under_25,Miami AC,Lakeland United,Miami AC vs Lakeland United,Us4,Over,True,True,2,5,,,,,,
2026-06-18,2026-06-18,over_under_25,Louisville City 2,Dayton Dutch Lions,Louisville City 2 vs Dayton Dutch Lions,Us4,Over,True,False,1,0,,,,,,
2026-06-18,2026-06-18,over_under_25,Rochester,RKC,Rochester vs RKC,Us4,Under,True,False,2,1,,,,,,
2026-06-18,2026-06-18,over_under_25,Nação,Juventus SC,Nação vs Juventus SC,BrC,Over,True,False,1,0,,,,1.55,2.15,1.55
2026-06-18,2026-06-18,over_under_25,Uberaba MG,Patrocinense MG,Uberaba MG vs Patrocinense MG,BrM,Under,True,True,1,1,,,,1.45,2.35,2.35
2026-06-18,2026-06-18,over_under_25,Port City,Hickory,Port City vs Hickory,Us4,Under,True,False,1,2,,,,,,
2026-06-18,2026-06-18,over_under_25,Ghana,Panama,Ghana vs Panama,WC,Under,True,True,1,0,,,,1.57,2.35,2.35
2026-06-18,2026-06-18,over_under_25,Indy Eleven,Brooklyn FC,Indy Eleven vs Brooklyn FC,Us2,Under,False,,,,,,,1.95,1.77,1.77
2026-06-18,2026-06-18,over_under_25,Valeriodoce,Aymorés,Valeriodoce vs Aymorés,BrM,Under,True,True,0,0,,,,1.57,2.35,2.35
2026-06-18,2026-06-18,over_under_25,Lionsbridge,Patuxent,Lionsbridge vs Patuxent,Us4,Over,True,True,6,0,,,,,,
2026-06-18,2026-06-18,over_under_25,Annapolis Blues,Hill City,Annapolis Blues vs Hill City,Us4,Over,True,True,5,2,,,,,,
2026-06-18,2026-06-18,over_under_25,Sporting Jax 2,Nona,Sporting Jax 2 vs Nona,Us4,Under,True,False,0,3,,,,2.0,1.8,1.8
2026-06-18,2026-06-18,over_under_25,SF Glens,Academica SC,SF Glens vs Academica SC,Us4,Over,True,False,1,0,,,,,,
2026-06-18,2026-06-18,over_under_25,Christos,Northern Virginia,Christos vs Northern Virginia,Us4,Over,True,True,1,5,,,,,,
2026-06-18,2026-06-18,over_under_25,Riverhounds II,Lorain County Leviathan,Riverhounds II vs Lorain County Leviathan,Us4,Over,True,True,3,2,,,,,,
2026-06-18,2026-06-18,over_under_25,Toledo Villa,Kings Hammer Columbus,Toledo Villa vs Kings Hammer Columbus,Us4,Under,True,False,1,2,,,,,,
2026-06-18,2026-06-18,over_under_25,Connecticut Rush,Western Mass Pioneers,Connecticut Rush vs Western Mass Pioneers,Us4,Over,True,False,0,1,,,,,,
2026-06-18,2026-06-18,over_under_25,Blackwatch Rush,AC Connecticut,Blackwatch Rush vs AC Connecticut,Us4,Over,True,False,1,0,,,,,,
2026-06-18,2026-06-18,over_under_25,Wake,North Carolina II,Wake vs North Carolina II,Us4,Over,True,True,1,2,,,,,,
2026-06-18,2026-06-18,over_under_25,Tobacco Road,Appalachian,Tobacco Road vs Appalachian,Us4,Under,True,True,1,1,,,,,,
2026-06-18,2026-06-18,over_under_25,Charlotte Independence 2,Carolina Dynamo,Charlotte Independence 2 vs Carolina Dynamo,Us4,Over,True,True,3,1,,,,,,
2026-06-18,2026-06-18,over_under_25,Virginia Beach United,Bethesda SC,Virginia Beach United vs Bethesda SC,Us4,Over,True,True,2,3,,,,,,
2026-06-18,2026-06-18,over_under_25,Westchester Flames,Ironbound,Westchester Flames vs Ironbound,Us4,Over,True,True,3,3,,,,,,
2026-06-18,2026-06-18,over_under_25,East Atlanta,Montgomery United,East Atlanta vs Montgomery United,Us4,Over,True,True,1,2,,,,,,
2026-06-18,2026-06-18,over_under_25,Apotheos,Southern Soccer Academy,Apotheos vs Southern Soccer Academy,Us4,Under,True,False,0,3,,,,,,
2026-06-18,2026-06-18,over_under_25,Virginia Marauders,Charlottesville Blues,Virginia Marauders vs Charlottesville Blues,Us4,Over,True,True,0,4,,,,,,
2026-06-18,2026-06-18,over_under_25,Columbus United,Birmingham Legion II,Columbus United vs Birmingham Legion II,Us4,Over,True,True,3,3,,,,,,
2026-06-18,2026-06-18,over_under_25,Jackson Boom,Red River,Jackson Boom vs Red River,Us4,Over,True,True,0,3,,,,,,
2026-06-18,2026-06-18,over_under_25,Weston,Miami FC,Weston vs Miami FC,Us4,Under,True,False,3,1,,,,,,
2026-06-18,2026-06-18,over_under_25,Rockford Raptors,Sueno,Rockford Raptors vs Sueno,Us4,Over,True,False,1,0,,,,,,
2026-06-18,2026-06-18,over_under_25,St. Louis Ambush,Des Moines Menace,St. Louis Ambush vs Des Moines Menace,Us4,Over,True,False,0,1,,,,,,
2026-06-18,2026-06-18,over_under_25,Memphis,Little Rock Rangers,Memphis vs Little Rock Rangers,Us4,Under,True,True,0,1,,,,,,
2026-06-18,2026-06-18,over_under_25,FC Tulsa,Monterey Bay,FC Tulsa vs Monterey Bay,Us2,Under,True,True,2,0,,,,1.93,1.8,1.8
2026-06-18,2026-06-18,over_under_25,Fort Worth Vaqueros,McKinney Chupacabras,Fort Worth Vaqueros vs McKinney Chupacabras,Us4,Over,True,True,1,7,,,,3.45,1.3,3.45
2026-06-18,2026-06-18,over_under_25,Forward Madison,Fort Wayne,Forward Madison vs Fort Wayne,Us4,Under,True,True,1,1,,,,1.9,1.9,1.9
2026-06-18,2026-06-18,over_under_25,Laredo Heat,Brazos Valley,Laredo Heat vs Brazos Valley,Us4,Under,True,False,3,0,,,,,,
2026-06-18,2026-06-18,over_under_25,Springfield,Peoria,Springfield vs Peoria,Us4,Under,True,False,0,5,,,,,,
2026-06-19,2026-06-19,1x2,Canada,Qatar,Canada vs Qatar,WC,1,True,True,6,0,1.28,5.75,10.0,,,1.28
2026-06-19,2026-06-19,1x2,Lansing City,Midwest United,Lansing City vs Midwest United,Us4,2,True,True,1,5,11.0,6.5,1.16,,,1.16
2026-06-19,2026-06-19,1x2,Real Central New Jersey,OC Nor'easters,Real Central New Jersey vs OC Nor'easters,Us4,2,True,True,1,4,3.5,4.0,1.72,,,1.72
2026-06-19,2026-06-19,1x2,Univ de Chile,O Higgins,Univ de Chile vs O Higgins,Cl1,1,True,True,2,0,2.05,3.3,3.5,,,2.05
2026-06-19,2026-06-19,1x2,Sport Recife,Atlético GO,Sport Recife vs Atlético GO,Br2,X,True,True,1,1,2.0,3.25,4.0,,,3.25
2026-06-19,2026-06-19,1x2,Texoma,West Texas,Texoma vs West Texas,Us4,2,True,False,1,0,1.75,3.7,3.7,,,3.7
2026-06-19,2026-06-19,1x2,Mexico,South Korea,Mexico vs South Korea,WC,1,True,True,1,0,2.1,3.2,3.75,,,2.1
2026-06-19,2026-06-19,1x2,Utah United,Atletico Union,Utah United vs Atletico Union,Us4,X,True,False,3,1,1.5,3.9,5.0,,,3.9
2026-06-19,2026-06-19,1x2,Flatirons Rush,Albion Colorado,Flatirons Rush vs Albion Colorado,Us4,2,True,True,0,3,,,,,,
2026-06-19,2026-06-19,1x2,Ballard,Bigfoot,Ballard vs Bigfoot,Us4,1,True,True,6,1,1.11,9.0,15.0,,,1.11
2026-06-19,2026-06-19,1x2,San Juan SC,San Francisco City,San Juan SC vs San Francisco City,Us4,2,True,True,2,6,,,,,,
2026-06-19,2026-06-19,1x2,Xi'an Ronghai,Dalian Kewei,Xi'an Ronghai vs Dalian Kewei,Cn3,X,False,,,,1.5,4.2,6.5,,,4.2
2026-06-19,2026-06-19,1x2,Auckland II,Western Springs,Auckland II vs Western Springs,Nz2,2,True,True,0,1,2.4,4.1,2.2,,,2.2
2026-06-19,2026-06-19,1x2,Xi'an Ronghai,Qingdao West Coast,Xi'an Ronghai vs Qingdao West Coast,CnC,2,True,False,1,1,4.75,4.0,1.65,,,1.65
2026-06-19,2026-06-19,1x2,Dalian Kewei,Shenyang City,Dalian Kewei vs Shenyang City,CnC,2,True,False,1,0,3.25,3.25,2.2,,,2.2
2026-06-19,2026-06-19,1x2,Shanghai Segenda,Shanghai SIPG,Shanghai Segenda vs Shanghai SIPG,CnC,2,True,True,1,2,9.0,6.25,1.22,,,1.22
2026-06-19,2026-06-19,1x2,Beijing Baxy W,Changchun Dazhong Zh. W,Beijing Baxy W vs Changchun Dazhong Zh. W,CnW,1,True,True,3,1,,,,,,
2026-06-19,2026-06-19,1x2,Bentleigh Greens,South Melbourne,Bentleigh Greens vs South Melbourne,AuV,2,True,True,1,5,3.9,3.6,1.8,,,1.8
2026-06-19,2026-06-19,1x2,Gold Coast Knights,Magic United,Gold Coast Knights vs Magic United,AuQ,1,True,True,2,1,1.2,6.5,9.5,,,1.2
2026-06-19,2026-06-19,1x2,Dalian Yingbo B,Nantong Haimen,Dalian Yingbo B vs Nantong Haimen,Cn3,X,True,False,2,1,3.25,2.9,2.15,,,2.9
2026-06-19,2026-06-19,1x2,Oakleigh Cannons,Melbourne City II,Oakleigh Cannons vs Melbourne City II,AuV,X,True,False,3,1,1.36,4.75,5.75,,,4.75
2026-06-19,2026-06-19,1x2,Guangzhou Dandelion,Hubei Chufeng Heli,Guangzhou Dandelion vs Hubei Chufeng Heli,Cn3,2,True,True,2,3,1.83,3.0,4.1,,,4.1
2026-06-19,2026-06-19,1x2,Shenzhen Juniors,Sichuan FC,Shenzhen Juniors vs Sichuan FC,CnC,X,True,False,1,3,4.33,3.6,1.8,,,3.6
2026-06-19,2026-06-19,1x2,Shaanxi Union,Zhejiang FC,Shaanxi Union vs Zhejiang FC,CnC,1,True,False,1,1,4.5,3.9,1.66,,,4.5
2026-06-19,2026-06-19,1x2,Rizhao Yuqi,Beijing BIT FC,Rizhao Yuqi vs Beijing BIT FC,Cn3,X,False,,,,4.5,3.7,1.75,,,3.7
2026-06-19,2026-06-19,1x2,Shangyu Pterosaur,Guangdong Mingtu,Shangyu Pterosaur vs Guangdong Mingtu,Cn3,X,True,False,0,2,2.3,3.0,2.9,,,3.0
2026-06-19,2026-06-19,1x2,Guizhou Zhicheng,Xiamen Feilu,Guizhou Zhicheng vs Xiamen Feilu,Cn3,2,True,False,1,0,1.67,3.4,4.5,,,4.5
2026-06-19,2026-06-19,1x2,Jiangxi Liansheng,Henan Jianye,Jiangxi Liansheng vs Henan Jianye,CnC,1,True,False,0,2,4.5,3.9,1.66,,,4.5
2026-06-19,2026-06-19,1x2,Guangdong GZ-Power,Beijing Guoan,Guangdong GZ-Power vs Beijing Guoan,CnC,2,True,True,1,2,6.0,4.2,1.5,,,1.5
2026-06-19,2026-06-19,1x2,Rizhao Yuqi,Tianjin Teda,Rizhao Yuqi vs Tianjin Teda,CnC,2,True,False,1,1,3.1,3.3,2.15,,,2.15
2026-06-19,2026-06-19,1x2,Langfang Glory City,Dalian Zhixing,Langfang Glory City vs Dalian Zhixing,CnC,X,True,True,1,1,8.5,4.5,1.38,,,4.5
2026-06-19,2026-06-19,1x2,Shanghai SVT W,Liaoning W,Shanghai SVT W vs Liaoning W,CnW,X,True,False,1,2,,,,,,
2026-06-19,2026-06-19,1x2,Wuhan W,Shaanxi W,Wuhan W vs Shaanxi W,CnW,1,True,True,1,0,,,,,,
2026-06-19,2026-06-19,1x2,Horseed,Gaadiidka,Horseed vs Gaadiidka,So1,2,True,False,1,1,,,,,,
2026-06-19,2026-06-19,1x2,FC Shakhter,Jaiyq,FC Shakhter vs Jaiyq,Kz2,1,True,True,3,0,1.13,7.0,13.0,,,1.13
2026-06-19,2026-06-19,1x2,Gala,Benfica de Macau,Gala vs Benfica de Macau,Mo1,2,True,False,5,0,1.9,4.33,2.8,,,2.8
2026-06-19,2026-06-19,1x2,FK Minsk-2,FK Volna Pinsk,FK Minsk-2 vs FK Volna Pinsk,By2,2,True,True,1,2,3.1,3.24,2.08,,,2.08
2026-06-19,2026-06-19,1x2,Jaish Damascus,Foutoua Club,Jaish Damascus vs Foutoua Club,Sy1,1,True,True,1,0,,,,,,
2026-06-19,2026-06-19,1x2,Hutteen Latakia,Khan Sheikhoun,Hutteen Latakia vs Khan Sheikhoun,Sy1,1,True,True,1,0,1.66,3.6,4.6,,,1.66
2026-06-19,2026-06-19,1x2,Jableh SC,Wathba Homs,Jableh SC vs Wathba Homs,Sy1,2,True,True,0,1,11.0,5.6,1.2,,,1.2
2026-06-19,2026-06-19,1x2,Hurriya Aleppo,Majd Damascus,Hurriya Aleppo vs Majd Damascus,Sy1,X,True,False,2,3,2.08,3.35,3.15,,,3.35
2026-06-19,2026-06-19,1x2,Wahda Damascus,Ittihad Aleppo,Wahda Damascus vs Ittihad Aleppo,Sy1,2,True,False,1,1,3.8,3.5,1.82,,,1.82
2026-06-19,2026-06-19,over_under_25,Canada,Qatar,Canada vs Qatar,WC,Under,True,False,6,0,,,,2.02,1.82,1.82
2026-06-19,2026-06-19,over_under_25,Lansing City,Midwest United,Lansing City vs Midwest United,Us4,Over,True,True,1,5,,,,,,
2026-06-19,2026-06-19,over_under_25,Real Central New Jersey,OC Nor'easters,Real Central New Jersey vs OC Nor'easters,Us4,Over,True,True,1,4,,,,,,
2026-06-19,2026-06-19,over_under_25,Univ de Chile,O Higgins,Univ de Chile vs O Higgins,Cl1,Over,True,False,2,0,,,,1.77,2.02,1.77
2026-06-19,2026-06-19,over_under_25,Sport Recife,Atlético GO,Sport Recife vs Atlético GO,Br2,Under,True,True,1,1,,,,1.65,2.14,2.14
2026-06-19,2026-06-19,over_under_25,Texoma,West Texas,Texoma vs West Texas,Us4,Over,True,False,1,0,,,,2.23,1.54,2.23
2026-06-19,2026-06-19,over_under_25,Mexico,South Korea,Mexico vs South Korea,WC,Under,True,True,1,0,,,,1.77,2.0,2.0
2026-06-19,2026-06-19,over_under_25,Utah United,Atletico Union,Utah United vs Atletico Union,Us4,Under,True,False,3,1,,,,,,
2026-06-19,2026-06-19,over_under_25,Flatirons Rush,Albion Colorado,Flatirons Rush vs Albion Colorado,Us4,Over,True,True,0,3,,,,,,
2026-06-19,2026-06-19,over_under_25,Ballard,Bigfoot,Ballard vs Bigfoot,Us4,Over,True,True,6,1,,,,,,
2026-06-19,2026-06-19,over_under_25,San Juan SC,San Francisco City,San Juan SC vs San Francisco City,Us4,Over,True,True,2,6,,,,,,
2026-06-19,2026-06-19,over_under_25,Xi'an Ronghai,Dalian Kewei,Xi'an Ronghai vs Dalian Kewei,Cn3,Under,False,,,,,,,1.7,2.1,2.1
2026-06-19,2026-06-19,over_under_25,Auckland II,Western Springs,Auckland II vs Western Springs,Nz2,Over,True,False,0,1,,,,,,
2026-06-19,2026-06-19,over_under_25,Xi'an Ronghai,Qingdao West Coast,Xi'an Ronghai vs Qingdao West Coast,CnC,Under,True,True,1,1,,,,1.9,1.71,1.71
2026-06-19,2026-06-19,over_under_25,Dalian Kewei,Shenyang City,Dalian Kewei vs Shenyang City,CnC,Under,True,True,1,0,,,,1.9,1.9,1.9
2026-06-19,2026-06-19,over_under_25,Shanghai Segenda,Shanghai SIPG,Shanghai Segenda vs Shanghai SIPG,CnC,Over,True,True,1,2,,,,2.34,1.53,2.34
2026-06-19,2026-06-19,over_under_25,Beijing Baxy W,Changchun Dazhong Zh. W,Beijing Baxy W vs Changchun Dazhong Zh. W,CnW,Over,True,True,3,1,,,,,,
2026-06-19,2026-06-19,over_under_25,Bentleigh Greens,South Melbourne,Bentleigh Greens vs South Melbourne,AuV,Over,True,True,1,5,,,,2.2,1.55,2.2
2026-06-19,2026-06-19,over_under_25,Gold Coast Knights,Magic United,Gold Coast Knights vs Magic United,AuQ,Over,True,True,2,1,,,,4.33,1.2,4.33
2026-06-19,2026-06-19,over_under_25,Dalian Yingbo B,Nantong Haimen,Dalian Yingbo B vs Nantong Haimen,Cn3,Under,True,False,2,1,,,,1.5,2.25,2.25
2026-06-19,2026-06-19,over_under_25,Oakleigh Cannons,Melbourne City II,Oakleigh Cannons vs Melbourne City II,AuV,Under,True,False,3,1,,,,4.33,1.2,1.2
2026-06-19,2026-06-19,over_under_25,Guangzhou Dandelion,Hubei Chufeng Heli,Guangzhou Dandelion vs Hubei Chufeng Heli,Cn3,Under,True,False,2,3,,,,1.5,2.25,2.25
2026-06-19,2026-06-19,over_under_25,Shenzhen Juniors,Sichuan FC,Shenzhen Juniors vs Sichuan FC,CnC,Over,True,True,1,3,,,,1.92,1.87,1.92
2026-06-19,2026-06-19,over_under_25,Shaanxi Union,Zhejiang FC,Shaanxi Union vs Zhejiang FC,CnC,Under,True,True,1,1,,,,2.0,1.8,1.8
2026-06-19,2026-06-19,over_under_25,Rizhao Yuqi,Beijing BIT FC,Rizhao Yuqi vs Beijing BIT FC,Cn3,Under,False,,,,,,,1.95,1.8,1.8
2026-06-19,2026-06-19,over_under_25,Shangyu Pterosaur,Guangdong Mingtu,Shangyu Pterosaur vs Guangdong Mingtu,Cn3,Under,True,True,0,2,,,,1.5,2.25,2.25
2026-06-19,2026-06-19,over_under_25,Guizhou Zhicheng,Xiamen Feilu,Guizhou Zhicheng vs Xiamen Feilu,Cn3,Over,True,False,1,0,,,,1.73,1.9,1.73
2026-06-19,2026-06-19,over_under_25,Jiangxi Liansheng,Henan Jianye,Jiangxi Liansheng vs Henan Jianye,CnC,Under,True,True,0,2,,,,1.85,1.95,1.95
2026-06-19,2026-06-19,over_under_25,Guangdong GZ-Power,Beijing Guoan,Guangdong GZ-Power vs Beijing Guoan,CnC,Over,True,True,1,2,,,,2.0,1.8,2.0
2026-06-19,2026-06-19,over_under_25,Rizhao Yuqi,Tianjin Teda,Rizhao Yuqi vs Tianjin Teda,CnC,Under,True,True,1,1,,,,1.52,2.23,2.23
2026-06-19,2026-06-19,over_under_25,Langfang Glory City,Dalian Zhixing,Langfang Glory City vs Dalian Zhixing,CnC,Over,True,False,1,1,,,,1.85,1.95,1.85
2026-06-19,2026-06-19,over_under_25,Shanghai SVT W,Liaoning W,Shanghai SVT W vs Liaoning W,CnW,Under,True,False,1,2,,,,,,
2026-06-19,2026-06-19,over_under_25,Wuhan W,Shaanxi W,Wuhan W vs Shaanxi W,CnW,Over,True,False,1,0,,,,,,
2026-06-19,2026-06-19,over_under_25,Horseed,Gaadiidka,Horseed vs Gaadiidka,So1,Over,True,False,1,1,,,,,,
2026-06-19,2026-06-19,over_under_25,FC Shakhter,Jaiyq,FC Shakhter vs Jaiyq,Kz2,Under,True,False,3,0,,,,,,
2026-06-19,2026-06-19,over_under_25,Gala,Benfica de Macau,Gala vs Benfica de Macau,Mo1,Over,True,True,5,0,,,,,,
2026-06-19,2026-06-19,over_under_25,FK Minsk-2,FK Volna Pinsk,FK Minsk-2 vs FK Volna Pinsk,By2,Over,True,True,1,2,,,,2.25,1.56,2.25
2026-06-19,2026-06-19,over_under_25,Jaish Damascus,Foutoua Club,Jaish Damascus vs Foutoua Club,Sy1,Under,True,True,1,0,,,,,,
2026-06-19,2026-06-19,over_under_25,Hutteen Latakia,Khan Sheikhoun,Hutteen Latakia vs Khan Sheikhoun,Sy1,Under,True,True,1,0,,,,1.61,2.18,2.18
2026-06-19,2026-06-19,over_under_25,Jableh SC,Wathba Homs,Jableh SC vs Wathba Homs,Sy1,Under,True,True,0,1,,,,2.38,1.52,1.52
2026-06-19,2026-06-19,over_under_25,Hurriya Aleppo,Majd Damascus,Hurriya Aleppo vs Majd Damascus,Sy1,Under,True,False,2,3,,,,,,
2026-06-19,2026-06-19,over_under_25,Wahda Damascus,Ittihad Aleppo,Wahda Damascus vs Ittihad Aleppo,Sy1,Over,True,False,1,1,,,,,,
2026-06-20,2026-06-20,1x2,Scotland,Morocco,Scotland vs Morocco,WC,2,True,True,0,1,6.0,3.6,1.65,,,1.65
2026-06-20,2026-06-20,1x2,Ituzaingó,Liniers,Ituzaingó vs Liniers,Ar3,X,True,True,1,1,3.0,2.7,2.4,,,2.7
2026-06-20,2026-06-20,1x2,Audax Italiano,Deportes Santa Cruz,Audax Italiano vs Deportes Santa Cruz,ClC,X,True,False,0,1,1.72,3.8,3.7,,,3.8
2026-06-20,2026-06-20,1x2,Westchester SC,Portland Hearts of Pine,Westchester SC vs Portland Hearts of Pine,Us4,X,True,False,5,1,2.45,3.5,2.45,,,3.5
2026-06-20,2026-06-20,1x2,Tobacco Road,Asheville City,Tobacco Road vs Asheville City,Us4,X,True,False,0,5,4.0,4.5,1.53,,,4.5
2026-06-20,2026-06-20,1x2,Loudoun United II,Bethesda SC,Loudoun United II vs Bethesda SC,Us4,2,True,False,3,2,3.1,3.9,1.85,,,1.85
2026-06-20,2026-06-20,1x2,Western Mass Pioneers,Boston Olympiakos,Western Mass Pioneers vs Boston Olympiakos,Us4,1,True,False,2,2,1.42,4.5,5.25,,,1.42
2026-06-20,2026-06-20,1x2,San Marcos Arica,Limache,San Marcos Arica vs Limache,ClC,1,True,True,1,3,3.25,3.1,2.1,,,3.25
2026-06-20,2026-06-20,1x2,Tormenta,Charlotte Independence,Tormenta vs Charlotte Independence,Us4,2,False,,,,,,,,,
2026-06-20,2026-06-20,1x2,FC Motown II,New Jersey Copa,FC Motown II vs New Jersey Copa,Us4,1,True,True,3,0,,,,,,
2026-06-20,2026-06-20,1x2,Houston Sur,Houston FC,Houston Sur vs Houston FC,Us4,2,True,True,0,3,3.6,4.33,1.66,,,1.66
2026-06-20,2026-06-20,1x2,Brazil,Haiti,Brazil vs Haiti,WC,1,True,True,3,0,1.08,11.0,23.0,,,1.08
2026-06-20,2026-06-20,1x2,Northern AFC,Ferrymead Bays,Northern AFC vs Ferrymead Bays,Nz2,2,True,False,2,0,4.33,4.75,1.5,,,1.5
2026-06-20,2026-06-20,1x2,Island Bay United,Napier City Rovers,Island Bay United vs Napier City Rovers,Nz2,2,True,True,0,1,11.0,6.0,1.2,,,1.2
2026-06-20,2026-06-20,1x2,Snohomish United,Bangers,Snohomish United vs Bangers,Us4,1,True,True,4,0,,,,,,
2026-06-20,2026-06-20,1x2,Nelson Suburbs,Wanaka,Nelson Suburbs vs Wanaka,Nz2,1,True,True,6,0,1.1,11.0,13.0,,,1.1
2026-06-20,2026-06-20,1x2,Türkiye,Paraguay,Türkiye vs Paraguay,WC,1,True,False,0,1,2.0,3.4,3.8,,,2.0
2026-06-20,2026-06-20,1x2,Tauranga City United,Bay Olympic,Tauranga City United vs Bay Olympic,Nz2,1,True,False,1,2,1.8,3.9,3.3,,,1.8
2026-06-20,2026-06-20,1x2,Auckland United,Eastern Suburbs (NZL),Auckland United vs Eastern Suburbs (NZL),Nz2,2,True,False,1,0,2.9,3.5,2.05,,,2.05
2026-06-20,2026-06-20,1x2,Upper Hutt City,Miramar,Upper Hutt City vs Miramar,Nz2,2,True,True,2,3,6.5,5.75,1.27,,,1.27
2026-06-20,2026-06-20,1x2,Wellington Phoenix (R),Waterside Karori,Wellington Phoenix (R) vs Waterside Karori,Nz2,1,True,False,0,0,1.42,4.5,5.25,,,1.42
2026-06-20,2026-06-20,1x2,Melville United,Fencibles United,Melville United vs Fencibles United,Nz2,2,True,True,2,3,4.5,5.25,1.42,,,1.42
2026-06-20,2026-06-20,1x2,Wellington Olympic,Western Suburbs,Wellington Olympic vs Western Suburbs,Nz2,2,True,False,2,1,1.53,4.33,4.5,,,4.5
2026-06-20,2026-06-20,1x2,Hume City FC,Green Gully SC,Hume City FC vs Green Gully SC,AuV,1,True,True,3,2,1.45,4.2,5.25,,,1.45
2026-06-20,2026-06-20,1x2,Lambton Jaffas,Adamstown FC,Lambton Jaffas vs Adamstown FC,AuN,1,True,False,1,1,1.44,4.75,4.75,,,1.44
2026-06-20,2026-06-20,1x2,Cooks Hill United,Lake Macquarie FC,Cooks Hill United vs Lake Macquarie FC,AuN,2,True,False,3,3,3.1,4.2,1.8,,,1.8
2026-06-20,2026-06-20,1x2,Ehime W,NGU Lublield Nagoya W,Ehime W vs NGU Lublield Nagoya W,JpW2,2,True,True,0,6,3.9,3.6,1.72,,,1.72
2026-06-20,2026-06-20,1x2,Diosa Izumo W,Veertien Mie W,Diosa Izumo W vs Veertien Mie W,JpW3,X,True,False,1,2,1.81,2.86,4.4,,,2.86
2026-06-20,2026-06-20,1x2,Riverside Olympic,Launceston City,Riverside Olympic vs Launceston City,AuT,2,False,,,,3.7,4.5,1.6,,,1.6
2026-06-20,2026-06-20,1x2,Devonport City,Hobart Zebras,Devonport City vs Hobart Zebras,AuT,1,True,False,2,2,1.3,5.25,5.75,,,1.3
2026-06-20,2026-06-20,1x2,South East United,Glenorchy Knights,South East United vs Glenorchy Knights,AuT,2,True,False,1,0,5.0,5.25,1.38,,,1.38
2026-06-20,2026-06-20,1x2,Launceston United,Ulverstone,Launceston United vs Ulverstone,AuT,1,True,True,3,2,2.05,4.5,2.5,,,2.05
2026-06-20,2026-06-20,1x2,Canberra Olympic,Monaro Panthers,Canberra Olympic vs Monaro Panthers,AuA,2,True,True,2,5,4.1,5.25,1.45,,,1.45
2026-06-20,2026-06-20,1x2,WS Wanderers Youth,Sutherland Sharks,WS Wanderers Youth vs Sutherland Sharks,AuN,2,True,True,0,3,2.0,3.5,3.0,,,3.0
2026-06-20,2026-06-20,1x2,Avondale FC,Thunder SC,Avondale FC vs Thunder SC,AuV,1,True,True,11,0,1.33,4.5,7.0,,,1.33
2026-06-20,2026-06-20,1x2,Heidelberg United,Preston Lions,Heidelberg United vs Preston Lions,AuV,1,True,False,0,1,1.9,3.5,3.25,,,1.9
2026-06-20,2026-06-20,1x2,Gold Coast United,Brisbane Roar U21,Gold Coast United vs Brisbane Roar U21,AuQ,1,True,False,1,4,1.9,4.0,2.9,,,1.9
2026-06-20,2026-06-20,1x2,Belmont Swansea,Broadmeadow,Belmont Swansea vs Broadmeadow,AuN,2,True,False,1,0,3.6,4.5,1.61,,,1.61
2026-06-20,2026-06-20,1x2,Incheon Seogot,Areum,Incheon Seogot vs Areum,KrC,2,True,False,2,1,,,,,,
2026-06-20,2026-06-20,1x2,Cheongju Showking,Together,Cheongju Showking vs Together,KrC,2,True,True,3,9,,,,,,
2026-06-20,2026-06-20,1x2,Yangsan Eogok,Anseong Citizens,Yangsan Eogok vs Anseong Citizens,KrC,2,True,True,1,2,,,,,,
2026-06-20,2026-06-20,over_under_25,Scotland,Morocco,Scotland vs Morocco,WC,Under,True,True,0,1,,,,1.67,2.15,2.15
2026-06-20,2026-06-20,over_under_25,Ituzaingó,Liniers,Ituzaingó vs Liniers,Ar3,Under,True,True,1,1,,,,1.33,3.1,3.1
2026-06-20,2026-06-20,over_under_25,Audax Italiano,Deportes Santa Cruz,Audax Italiano vs Deportes Santa Cruz,ClC,Under,True,True,0,1,,,,2.11,1.65,1.65
2026-06-20,2026-06-20,over_under_25,Westchester SC,Portland Hearts of Pine,Westchester SC vs Portland Hearts of Pine,Us4,Over,True,True,5,1,,,,1.97,1.82,1.97
2026-06-20,2026-06-20,over_under_25,Tobacco Road,Asheville City,Tobacco Road vs Asheville City,Us4,Under,True,False,0,5,,,,,,
2026-06-20,2026-06-20,over_under_25,Loudoun United II,Bethesda SC,Loudoun United II vs Bethesda SC,Us4,Over,True,True,3,2,,,,,,
2026-06-20,2026-06-20,over_under_25,Western Mass Pioneers,Boston Olympiakos,Western Mass Pioneers vs Boston Olympiakos,Us4,Over,True,True,2,2,,,,,,
2026-06-20,2026-06-20,over_under_25,San Marcos Arica,Limache,San Marcos Arica vs Limache,ClC,Under,True,False,1,3,,,,1.97,1.82,1.82
2026-06-20,2026-06-20,over_under_25,Tormenta,Charlotte Independence,Tormenta vs Charlotte Independence,Us4,Over,False,,,,,,,,,
2026-06-20,2026-06-20,over_under_25,FC Motown II,New Jersey Copa,FC Motown II vs New Jersey Copa,Us4,Over,True,True,3,0,,,,,,
2026-06-20,2026-06-20,over_under_25,Houston Sur,Houston FC,Houston Sur vs Houston FC,Us4,Over,True,True,0,3,,,,,,
2026-06-20,2026-06-20,over_under_25,Brazil,Haiti,Brazil vs Haiti,WC,Over,True,True,3,0,,,,3.35,1.3,3.35
2026-06-20,2026-06-20,over_under_25,Northern AFC,Ferrymead Bays,Northern AFC vs Ferrymead Bays,Nz2,Under,True,True,2,0,,,,,,
2026-06-20,2026-06-20,over_under_25,Island Bay United,Napier City Rovers,Island Bay United vs Napier City Rovers,Nz2,Over,True,False,0,1,,,,,,
2026-06-20,2026-06-20,over_under_25,Snohomish United,Bangers,Snohomish United vs Bangers,Us4,Under,True,False,4,0,,,,,,
2026-06-20,2026-06-20,over_under_25,Nelson Suburbs,Wanaka,Nelson Suburbs vs Wanaka,Nz2,Over,True,True,6,0,,,,,,
2026-06-20,2026-06-20,over_under_25,Türkiye,Paraguay,Türkiye vs Paraguay,WC,Over,True,False,0,1,,,,1.76,2.02,1.76
2026-06-20,2026-06-20,over_under_25,Tauranga City United,Bay Olympic,Tauranga City United vs Bay Olympic,Nz2,Over,True,True,1,2,,,,,,
2026-06-20,2026-06-20,over_under_25,Auckland United,Eastern Suburbs (NZL),Auckland United vs Eastern Suburbs (NZL),Nz2,Under,True,True,1,0,,,,1.87,1.92,1.92
2026-06-20,2026-06-20,over_under_25,Upper Hutt City,Miramar,Upper Hutt City vs Miramar,Nz2,Over,True,True,2,3,,,,,,
2026-06-20,2026-06-20,over_under_25,Wellington Phoenix (R),Waterside Karori,Wellington Phoenix (R) vs Waterside Karori,Nz2,Over,True,False,0,0,,,,,,
2026-06-20,2026-06-20,over_under_25,Melville United,Fencibles United,Melville United vs Fencibles United,Nz2,Over,True,True,2,3,,,,,,
2026-06-20,2026-06-20,over_under_25,Wellington Olympic,Western Suburbs,Wellington Olympic vs Western Suburbs,Nz2,Over,True,True,2,1,,,,,,
2026-06-20,2026-06-20,over_under_25,Hume City FC,Green Gully SC,Hume City FC vs Green Gully SC,AuV,Under,True,False,3,2,,,,2.21,1.58,1.58
2026-06-20,2026-06-20,over_under_25,Lambton Jaffas,Adamstown FC,Lambton Jaffas vs Adamstown FC,AuN,Over,True,False,1,1,,,,2.38,1.53,2.38
2026-06-20,2026-06-20,over_under_25,Cooks Hill United,Lake Macquarie FC,Cooks Hill United vs Lake Macquarie FC,AuN,Over,True,True,3,3,,,,2.38,1.53,2.38
2026-06-20,2026-06-20,over_under_25,Ehime W,NGU Lublield Nagoya W,Ehime W vs NGU Lublield Nagoya W,JpW2,Over,True,True,0,6,,,,1.9,1.9,1.9
2026-06-20,2026-06-20,over_under_25,Diosa Izumo W,Veertien Mie W,Diosa Izumo W vs Veertien Mie W,JpW3,Under,True,False,1,2,,,,,,
2026-06-20,2026-06-20,over_under_25,Riverside Olympic,Launceston City,Riverside Olympic vs Launceston City,AuT,Over,False,,,,,,,3.4,1.3,3.4
2026-06-20,2026-06-20,over_under_25,Devonport City,Hobart Zebras,Devonport City vs Hobart Zebras,AuT,Over,True,True,2,2,,,,3.75,1.25,3.75
2026-06-20,2026-06-20,over_under_25,South East United,Glenorchy Knights,South East United vs Glenorchy Knights,AuT,Over,True,False,1,0,,,,3.75,1.25,3.75
2026-06-20,2026-06-20,over_under_25,Launceston United,Ulverstone,Launceston United vs Ulverstone,AuT,Over,True,True,3,2,,,,3.75,1.25,3.75
2026-06-20,2026-06-20,over_under_25,Canberra Olympic,Monaro Panthers,Canberra Olympic vs Monaro Panthers,AuA,Over,True,True,2,5,,,,4.33,1.2,4.33
2026-06-20,2026-06-20,over_under_25,WS Wanderers Youth,Sutherland Sharks,WS Wanderers Youth vs Sutherland Sharks,AuN,Under,True,False,0,3,,,,2.25,1.56,1.56
2026-06-20,2026-06-20,over_under_25,Avondale FC,Thunder SC,Avondale FC vs Thunder SC,AuV,Over,True,True,11,0,,,,2.85,1.37,2.85
2026-06-20,2026-06-20,over_under_25,Heidelberg United,Preston Lions,Heidelberg United vs Preston Lions,AuV,Over,True,False,0,1,,,,1.98,1.72,1.98
2026-06-20,2026-06-20,over_under_25,Gold Coast United,Brisbane Roar U21,Gold Coast United vs Brisbane Roar U21,AuQ,Over,True,True,1,4,,,,2.6,1.45,2.6
2026-06-20,2026-06-20,over_under_25,Belmont Swansea,Broadmeadow,Belmont Swansea vs Broadmeadow,AuN,Over,True,False,1,0,,,,2.6,1.45,2.6
2026-06-20,2026-06-20,over_under_25,Incheon Seogot,Areum,Incheon Seogot vs Areum,KrC,Over,True,True,2,1,,,,,,
2026-06-20,2026-06-20,over_under_25,Cheongju Showking,Together,Cheongju Showking vs Together,KrC,Under,True,False,3,9,,,,,,
2026-06-20,2026-06-20,over_under_25,Yangsan Eogok,Anseong Citizens,Yangsan Eogok vs Anseong Citizens,KrC,Over,True,True,1,2,,,,,,
2026-06-21,2026-06-21,1x2,Ceará SC,Botafogo SP,Ceará SC vs Botafogo SP,Br2,1,True,False,0,1,1.9,3.3,4.33,,,1.9
2026-06-21,2026-06-21,1x2,Vila Nova FC,Nautico,Vila Nova FC vs Nautico,Br2,1,True,True,4,3,2.25,3.1,3.3,,,2.25
2026-06-21,2026-06-21,1x2,Santa Cruz,Ypiranga RS,Santa Cruz vs Ypiranga RS,Br3,1,True,False,0,1,1.75,3.2,4.33,,,1.75
2026-06-21,2026-06-21,1x2,Plaza Colonia,Atenas San Carlos,Plaza Colonia vs Atenas San Carlos,Uy2,1,True,False,1,2,1.83,3.2,4.0,,,1.83
2026-06-21,2026-06-21,1x2,Velo Clube,Agua Santa SP,Velo Clube vs Agua Santa SP,Br4,1,True,False,0,0,2.05,2.8,3.6,,,2.05
2026-06-21,2026-06-21,1x2,Everton de Vina,San Luis Quillota,Everton de Vina vs San Luis Quillota,ClC,X,True,True,2,2,1.65,3.7,4.5,,,3.7
2026-06-21,2026-06-21,1x2,Rangers Talca,Univ de Concepcion,Rangers Talca vs Univ de Concepcion,ClC,2,True,False,2,1,3.9,3.4,1.85,,,1.85
2026-06-21,2026-06-21,1x2,Minneapolis City,Edgewater Castle,Minneapolis City vs Edgewater Castle,Us4,1,True,True,3,1,,,,,,
2026-06-21,2026-06-21,1x2,Dayton Dutch Lions,Northern Indiana,Dayton Dutch Lions vs Northern Indiana,Us4,2,True,False,4,2,,,,,,
2026-06-21,2026-06-21,1x2,Springfield,Santafé Wanderers,Springfield vs Santafé Wanderers,Us4,2,True,True,0,3,,,,,,
2026-06-21,2026-06-21,1x2,Inter Gainesville,Sporting Jax 2,Inter Gainesville vs Sporting Jax 2,Us4,X,False,,,,,,,,,
2026-06-21,2026-06-21,1x2,North Carolina II,Port City,North Carolina II vs Port City,Us4,1,True,False,1,1,1.16,7.0,11.0,,,1.16
2026-06-21,2026-06-21,1x2,AC Connecticut,Black Rock,AC Connecticut vs Black Rock,Us4,2,True,True,1,2,4.1,4.1,1.57,,,1.57
2026-06-21,2026-06-21,1x2,Hartford Athletic,Pittsburgh Riverhounds,Hartford Athletic vs Pittsburgh Riverhounds,Us2,2,True,False,0,0,2.25,2.9,3.0,,,3.0
2026-06-21,2026-06-21,1x2,Brooklyn FC,Tampa Bay Rowdies,Brooklyn FC vs Tampa Bay Rowdies,Us2,2,True,True,0,2,4.5,3.7,1.57,,,1.57
2026-06-21,2026-06-21,1x2,Tucumán Central,Boca Unidos,Tucumán Central vs Boca Unidos,Ar3,1,True,True,2,0,2.2,2.87,3.2,,,2.2
2026-06-21,2026-06-21,1x2,Gimnasia Chivilcoy,Escobar FC,Gimnasia Chivilcoy vs Escobar FC,Ar3,1,True,True,2,0,1.45,3.4,8.0,,,1.45
2026-06-21,2026-06-21,1x2,Defensores Pto. Vilelas,Sol de América,Defensores Pto. Vilelas vs Sol de América,Ar3,2,True,False,2,1,2.7,2.87,2.55,,,2.55
2026-06-21,2026-06-21,1x2,Richmond Kickers,Fort Wayne,Richmond Kickers vs Fort Wayne,Us4,X,True,False,0,2,2.37,3.5,2.45,,,3.5
2026-06-21,2026-06-21,1x2,Greenville Triumph,Alta,Greenville Triumph vs Alta,Us4,2,True,True,1,2,1.83,3.5,3.5,,,3.5
2026-06-21,2026-06-21,1x2,Chattanooga RW,Naples,Chattanooga RW vs Naples,Us4,1,True,True,1,0,1.66,3.7,4.0,,,1.66
2026-06-21,2026-06-21,1x2,Buffalo,Riverhounds II,Buffalo vs Riverhounds II,Us4,X,True,False,3,1,,,,,,
2026-06-21,2026-06-21,1x2,Union Macomb,Oakland County,Union Macomb vs Oakland County,Us4,2,True,False,2,2,,,,,,
2026-06-21,2026-06-21,1x2,Akron City,Steel City,Akron City vs Steel City,Us4,2,True,True,0,1,4.5,3.75,1.61,,,1.61
2026-06-21,2026-06-21,1x2,Toledo Villa,WV Alliance FC,Toledo Villa vs WV Alliance FC,Us4,2,True,True,3,4,,,,,,
2026-06-21,2026-06-21,1x2,OC Nor'easters,Reading United AC,OC Nor'easters vs Reading United AC,Us4,1,True,True,3,0,,,,,,
2026-06-21,2026-06-21,1x2,Pennsylvania Classics,Real Central New Jersey,Pennsylvania Classics vs Real Central New Jersey,Us4,2,True,False,2,2,,,,,,
2026-06-21,2026-06-21,1x2,Vermont Green,Boston City,Vermont Green vs Boston City,Us4,1,True,True,10,1,,,,,,
2026-06-21,2026-06-21,1x2,Blackwatch Rush,Connecticut Rush,Blackwatch Rush vs Connecticut Rush,Us4,1,True,False,1,2,,,,,,
2026-06-21,2026-06-21,1x2,SC United Bantams,Charlotte Eagles,SC United Bantams vs Charlotte Eagles,Us4,1,True,False,0,0,2.05,3.5,2.87,,,2.05
2026-06-21,2026-06-21,1x2,Hickory,Wake,Hickory vs Wake,Us4,1,True,True,2,1,,,,,,
2026-06-21,2026-06-21,1x2,Manhattan,Hudson Valley Hammers,Manhattan vs Hudson Valley Hammers,Us4,1,True,False,3,3,,,,,,
2026-06-21,2026-06-21,1x2,Cedar Stars Rush,Morris Elite,Cedar Stars Rush vs Morris Elite,Us4,1,True,True,2,0,,,,,,
2026-06-21,2026-06-21,1x2,Lionsbridge,Virginia Beach United,Lionsbridge vs Virginia Beach United,Us4,1,True,True,2,0,,,,,,
2026-06-21,2026-06-21,1x2,Hill City,Christos,Hill City vs Christos,Us4,1,True,False,1,2,,,,,,
2026-06-21,2026-06-21,1x2,Shark Coast,The Villages,Shark Coast vs The Villages,Us4,2,True,False,3,3,,,,,,
2026-06-21,2026-06-21,1x2,Utah United,Colorado Storm,Utah United vs Colorado Storm,Us4,1,True,False,0,0,2.05,3.8,2.75,,,2.05
2026-06-21,2026-06-21,over_under_25,Ceará SC,Botafogo SP,Ceará SC vs Botafogo SP,Br2,Over,True,False,0,1,,,,1.58,2.25,1.58
2026-06-21,2026-06-21,over_under_25,Vila Nova FC,Nautico,Vila Nova FC vs Nautico,Br2,Over,True,True,4,3,,,,1.68,2.08,1.68
2026-06-21,2026-06-21,over_under_25,Santa Cruz,Ypiranga RS,Santa Cruz vs Ypiranga RS,Br3,Under,True,True,0,1,,,,1.57,2.2,2.2
2026-06-21,2026-06-21,over_under_25,Plaza Colonia,Atenas San Carlos,Plaza Colonia vs Atenas San Carlos,Uy2,Under,True,False,1,2,,,,1.63,2.06,2.06
2026-06-21,2026-06-21,over_under_25,Velo Clube,Agua Santa SP,Velo Clube vs Agua Santa SP,Br4,Under,True,True,0,0,,,,1.77,2.02,2.02
2026-06-21,2026-06-21,over_under_25,Everton de Vina,San Luis Quillota,Everton de Vina vs San Luis Quillota,ClC,Under,True,False,2,2,,,,1.88,1.76,1.76
2026-06-21,2026-06-21,over_under_25,Rangers Talca,Univ de Concepcion,Rangers Talca vs Univ de Concepcion,ClC,Under,True,False,2,1,,,,1.95,1.85,1.85
2026-06-21,2026-06-21,over_under_25,Minneapolis City,Edgewater Castle,Minneapolis City vs Edgewater Castle,Us4,Under,True,False,3,1,,,,,,
2026-06-21,2026-06-21,over_under_25,Dayton Dutch Lions,Northern Indiana,Dayton Dutch Lions vs Northern Indiana,Us4,Under,True,False,4,2,,,,,,
2026-06-21,2026-06-21,over_under_25,Springfield,Santafé Wanderers,Springfield vs Santafé Wanderers,Us4,Over,True,True,0,3,,,,,,
2026-06-21,2026-06-21,over_under_25,Inter Gainesville,Sporting Jax 2,Inter Gainesville vs Sporting Jax 2,Us4,Under,False,,,,,,,,,
2026-06-21,2026-06-21,over_under_25,North Carolina II,Port City,North Carolina II vs Port City,Us4,Over,True,False,1,1,,,,,,
2026-06-21,2026-06-21,over_under_25,AC Connecticut,Black Rock,AC Connecticut vs Black Rock,Us4,Over,True,True,1,2,,,,,,
2026-06-21,2026-06-21,over_under_25,Hartford Athletic,Pittsburgh Riverhounds,Hartford Athletic vs Pittsburgh Riverhounds,Us2,Under,True,True,0,0,,,,1.77,2.02,2.02
2026-06-21,2026-06-21,over_under_25,Brooklyn FC,Tampa Bay Rowdies,Brooklyn FC vs Tampa Bay Rowdies,Us2,Under,True,True,0,2,,,,2.18,1.56,1.56
2026-06-21,2026-06-21,over_under_25,Tucumán Central,Boca Unidos,Tucumán Central vs Boca Unidos,Ar3,Over,True,False,2,0,,,,1.5,2.38,1.5
2026-06-21,2026-06-21,over_under_25,Gimnasia Chivilcoy,Escobar FC,Gimnasia Chivilcoy vs Escobar FC,Ar3,Under,True,True,2,0,,,,1.45,2.38,2.38
2026-06-21,2026-06-21,over_under_25,Defensores Pto. Vilelas,Sol de América,Defensores Pto. Vilelas vs Sol de América,Ar3,Over,True,True,2,1,,,,1.85,1.85,1.85
2026-06-21,2026-06-21,over_under_25,Richmond Kickers,Fort Wayne,Richmond Kickers vs Fort Wayne,Us4,Under,True,True,0,2,,,,2.0,1.8,1.8
2026-06-21,2026-06-21,over_under_25,Greenville Triumph,Alta,Greenville Triumph vs Alta,Us4,Under,True,False,1,2,,,,2.0,1.8,1.8
2026-06-21,2026-06-21,over_under_25,Chattanooga RW,Naples,Chattanooga RW vs Naples,Us4,Over,True,False,1,0,,,,1.85,1.95,1.85
2026-06-21,2026-06-21,over_under_25,Buffalo,Riverhounds II,Buffalo vs Riverhounds II,Us4,Under,True,False,3,1,,,,,,
2026-06-21,2026-06-21,over_under_25,Union Macomb,Oakland County,Union Macomb vs Oakland County,Us4,Over,True,True,2,2,,,,,,
2026-06-21,2026-06-21,over_under_25,Akron City,Steel City,Akron City vs Steel City,Us4,Under,True,True,0,1,,,,2.07,1.62,1.62
2026-06-21,2026-06-21,over_under_25,Toledo Villa,WV Alliance FC,Toledo Villa vs WV Alliance FC,Us4,Over,True,True,3,4,,,,,,
2026-06-21,2026-06-21,over_under_25,OC Nor'easters,Reading United AC,OC Nor'easters vs Reading United AC,Us4,Under,True,False,3,0,,,,,,
2026-06-21,2026-06-21,over_under_25,Pennsylvania Classics,Real Central New Jersey,Pennsylvania Classics vs Real Central New Jersey,Us4,Over,True,True,2,2,,,,,,
2026-06-21,2026-06-21,over_under_25,Vermont Green,Boston City,Vermont Green vs Boston City,Us4,Over,True,True,10,1,,,,,,
2026-06-21,2026-06-21,over_under_25,Blackwatch Rush,Connecticut Rush,Blackwatch Rush vs Connecticut Rush,Us4,Under,True,False,1,2,,,,,,
2026-06-21,2026-06-21,over_under_25,SC United Bantams,Charlotte Eagles,SC United Bantams vs Charlotte Eagles,Us4,Over,True,False,0,0,,,,,,
2026-06-21,2026-06-21,over_under_25,Hickory,Wake,Hickory vs Wake,Us4,Under,True,False,2,1,,,,,,
2026-06-21,2026-06-21,over_under_25,Manhattan,Hudson Valley Hammers,Manhattan vs Hudson Valley Hammers,Us4,Over,True,True,3,3,,,,,,
2026-06-21,2026-06-21,over_under_25,Cedar Stars Rush,Morris Elite,Cedar Stars Rush vs Morris Elite,Us4,Over,True,False,2,0,,,,,,
2026-06-21,2026-06-21,over_under_25,Lionsbridge,Virginia Beach United,Lionsbridge vs Virginia Beach United,Us4,Over,True,False,2,0,,,,,,
2026-06-21,2026-06-21,over_under_25,Hill City,Christos,Hill City vs Christos,Us4,Under,True,False,1,2,,,,,,
2026-06-21,2026-06-21,over_under_25,Shark Coast,The Villages,Shark Coast vs The Villages,Us4,Under,True,False,3,3,,,,,,
2026-06-21,2026-06-21,over_under_25,Utah United,Colorado Storm,Utah United vs Colorado Storm,Us4,Over,True,False,0,0,,,,,,
2026-06-22,2026-06-22,1x2,Uruguay,Cape Verde,Uruguay vs Cape Verde,WC,1,True,False,2,2,1.4,4.33,9.0,,,1.4
2026-06-22,2026-06-22,1x2,Sueno,St. Croix,Sueno vs St. Croix,Us4,1,True,True,3,1,1.22,5.75,8.0,,,1.22
2026-06-22,2026-06-22,1x2,Annapolis Blues,Northern Virginia,Annapolis Blues vs Northern Virginia,Us4,2,True,True,0,3,1.9,3.75,3.2,,,3.2
2026-06-22,2026-06-22,1x2,O Higgins,Unión Española,O Higgins vs Unión Española,ClC,X,True,True,1,1,1.75,3.2,4.2,,,3.2
2026-06-22,2026-06-22,1x2,AHFC Royals,San Antonio FC 2,AHFC Royals vs San Antonio FC 2,Us4,1,True,True,5,2,1.5,4.2,4.75,,,1.5
2026-06-22,2026-06-22,1x2,West Seattle Junction,Ballard,West Seattle Junction vs Ballard,Us4,2,True,True,1,2,5.25,4.5,1.4,,,1.4
2026-06-22,2026-06-22,1x2,New Zealand,Egypt,New Zealand vs Egypt,WC,X,True,False,1,3,5.5,3.9,1.65,,,3.9
2026-06-22,2026-06-22,1x2,Albion Colorado,Colorado ISA,Albion Colorado vs Colorado ISA,Us4,1,True,False,3,3,,,,,,
2026-06-22,2026-06-22,1x2,AMSG,City SC,AMSG vs City SC,Us4,2,True,True,2,4,,,,,,
2026-06-22,2026-06-22,1x2,Hunters,Khoromkhon Club,Hunters vs Khoromkhon Club,Mn1,1,True,True,9,0,1.03,17.0,29.0,,,1.03
2026-06-22,2026-06-22,1x2,Khovd Western,Khovd FC,Khovd Western vs Khovd FC,Mn1,1,True,True,3,0,1.22,7.0,7.0,,,1.22
2026-06-22,2026-06-22,1x2,Fasil Kenema,Arba Minch Kenema,Fasil Kenema vs Arba Minch Kenema,Et1,1,True,True,2,0,2.44,2.59,3.15,,,2.44
2026-06-22,2026-06-22,1x2,Welayta Dicha,Mebrat Hayl,Welayta Dicha vs Mebrat Hayl,Et1,X,True,False,1,2,2.3,2.62,3.3,,,2.62
2026-06-22,2026-06-22,1x2,Jubba,Jeenyo,Jubba vs Jeenyo,So1,2,True,False,1,0,,,,,,
2026-06-22,2026-06-22,1x2,Merani Martvili,FC Gori,Merani Martvili vs FC Gori,Ge2,1,True,False,0,2,1.53,4.0,4.5,,,1.53
2026-06-22,2026-06-22,1x2,Gareji Sagarejo,FC Lazika,Gareji Sagarejo vs FC Lazika,Ge2,1,True,False,1,2,1.61,3.5,4.75,,,1.61
2026-06-22,2026-06-22,1x2,Kolkheti Poti,Shturmi,Kolkheti Poti vs Shturmi,Ge2,X,True,True,0,0,2.4,3.2,2.62,,,3.2
2026-06-22,2026-06-22,1x2,Asiagoal,Bishkek City,Asiagoal vs Bishkek City,Kg1,1,True,False,0,1,2.1,3.2,3.1,,,2.1
2026-06-22,2026-06-22,1x2,Asia Talas,Muras United,Asia Talas vs Muras United,Kg1,2,True,True,0,4,,,,,,
2026-06-22,2026-06-22,1x2,FC Alay Osh,OshMU-Aldier,FC Alay Osh vs OshMU-Aldier,Kg1,X,True,False,0,2,,,,,,
2026-06-22,2026-06-22,1x2,Dila Gori,Metalurgi Rustavi,Dila Gori vs Metalurgi Rustavi,Ge1,2,True,False,3,0,2.3,3.0,2.9,,,2.9
2026-06-22,2026-06-22,1x2,Rigas Futbola skola,FK Ogre,Rigas Futbola skola vs FK Ogre,Lv1,1,True,True,6,0,1.05,13.0,26.0,,,1.05
2026-06-22,2026-06-22,1x2,Welwalo Adigrat Uni,Hadiya Hosaena,Welwalo Adigrat Uni vs Hadiya Hosaena,Et1,X,True,False,0,1,2.6,2.5,3.0,,,2.5
2026-06-22,2026-06-22,1x2,FK Riteriai,Hegelmann Litauen,FK Riteriai vs Hegelmann Litauen,Lt1,X,False,,,,5.75,3.7,1.44,,,3.7
2026-06-22,2026-06-22,1x2,FC Elva,Flora Tallinn II,FC Elva vs Flora Tallinn II,Ee2,2,True,True,0,3,2.55,4.0,2.15,,,2.15
2026-06-22,2026-06-22,1x2,FC Maardu,Viimsi JK,FC Maardu vs Viimsi JK,Ee2,2,True,False,1,0,3.5,3.9,1.75,,,1.75
2026-06-22,2026-06-22,1x2,FC Telavi,Dusheti Aragvi,FC Telavi vs Dusheti Aragvi,Ge2,1,True,True,1,0,1.5,3.7,5.5,,,1.5
2026-06-22,2026-06-22,1x2,Salmiya SC,Fahaheel SC,Salmiya SC vs Fahaheel SC,KW,1,True,True,2,1,1.5,3.75,5.25,,,1.5
2026-06-22,2026-06-22,1x2,Real de Banjul,Greater Tomorrow,Real de Banjul vs Greater Tomorrow,Gm1,1,True,False,2,3,1.8,3.05,4.4,,,1.8
2026-06-22,2026-06-22,1x2,Team Rhino,TMT,Team Rhino vs TMT,Gm1,X,True,False,1,2,3.1,3.1,2.14,,,3.1
2026-06-22,2026-06-22,1x2,Hawks,Samger,Hawks vs Samger,Gm1,X,True,True,1,1,2.5,2.62,3.1,,,2.62
2026-06-22,2026-06-22,1x2,Dutch Lions,Brikama United,Dutch Lions vs Brikama United,Gm1,1,True,False,3,3,3.4,2.8,2.15,,,3.4
2026-06-22,2026-06-22,1x2,Fortune,Steve Biko FC,Fortune vs Steve Biko FC,Gm1,X,True,False,1,0,1.65,3.2,5.25,,,3.2
2026-06-22,2026-06-22,1x2,Gambia Ports A.,Medina United,Gambia Ports A. vs Medina United,Gm1,X,True,False,0,1,1.65,2.9,6.0,,,2.9
2026-06-22,2026-06-22,over_under_25,Uruguay,Cape Verde,Uruguay vs Cape Verde,WC,Under,True,False,2,2,,,,1.8,2.05,2.05
2026-06-22,2026-06-22,over_under_25,Sueno,St. Croix,Sueno vs St. Croix,Us4,Over,True,True,3,1,,,,,,
2026-06-22,2026-06-22,over_under_25,Annapolis Blues,Northern Virginia,Annapolis Blues vs Northern Virginia,Us4,Over,True,True,0,3,,,,2.16,1.57,2.16
2026-06-22,2026-06-22,over_under_25,O Higgins,Unión Española,O Higgins vs Unión Española,ClC,Under,True,True,1,1,,,,1.95,1.85,1.85
2026-06-22,2026-06-22,over_under_25,AHFC Royals,San Antonio FC 2,AHFC Royals vs San Antonio FC 2,Us4,Under,True,False,5,2,,,,,,
2026-06-22,2026-06-22,over_under_25,West Seattle Junction,Ballard,West Seattle Junction vs Ballard,Us4,Under,True,False,1,2,,,,,,
2026-06-22,2026-06-22,over_under_25,New Zealand,Egypt,New Zealand vs Egypt,WC,Under,True,False,1,3,,,,1.82,2.02,2.02
2026-06-22,2026-06-22,over_under_25,Albion Colorado,Colorado ISA,Albion Colorado vs Colorado ISA,Us4,Over,True,True,3,3,,,,,,
2026-06-22,2026-06-22,over_under_25,AMSG,City SC,AMSG vs City SC,Us4,Over,True,True,2,4,,,,,,
2026-06-22,2026-06-22,over_under_25,Hunters,Khoromkhon Club,Hunters vs Khoromkhon Club,Mn1,Over,True,True,9,0,,,,,,
2026-06-22,2026-06-22,over_under_25,Khovd Western,Khovd FC,Khovd Western vs Khovd FC,Mn1,Over,True,True,3,0,,,,,,
2026-06-22,2026-06-22,over_under_25,Fasil Kenema,Arba Minch Kenema,Fasil Kenema vs Arba Minch Kenema,Et1,Under,True,True,2,0,,,,,,
2026-06-22,2026-06-22,over_under_25,Welayta Dicha,Mebrat Hayl,Welayta Dicha vs Mebrat Hayl,Et1,Under,True,False,1,2,,,,,,
2026-06-22,2026-06-22,over_under_25,Jubba,Jeenyo,Jubba vs Jeenyo,So1,Over,True,False,1,0,,,,,,
2026-06-22,2026-06-22,over_under_25,Merani Martvili,FC Gori,Merani Martvili vs FC Gori,Ge2,Under,True,True,0,2,,,,2.0,1.8,1.8
2026-06-22,2026-06-22,over_under_25,Gareji Sagarejo,FC Lazika,Gareji Sagarejo vs FC Lazika,Ge2,Under,True,False,1,2,,,,1.72,1.98,1.98
2026-06-22,2026-06-22,over_under_25,Kolkheti Poti,Shturmi,Kolkheti Poti vs Shturmi,Ge2,Under,True,True,0,0,,,,1.7,2.01,2.01
2026-06-22,2026-06-22,over_under_25,Asiagoal,Bishkek City,Asiagoal vs Bishkek City,Kg1,Over,True,False,0,1,,,,,,
2026-06-22,2026-06-22,over_under_25,Asia Talas,Muras United,Asia Talas vs Muras United,Kg1,Under,True,False,0,4,,,,,,
2026-06-22,2026-06-22,over_under_25,FC Alay Osh,OshMU-Aldier,FC Alay Osh vs OshMU-Aldier,Kg1,Under,True,True,0,2,,,,,,
2026-06-22,2026-06-22,over_under_25,Dila Gori,Metalurgi Rustavi,Dila Gori vs Metalurgi Rustavi,Ge1,Over,True,True,3,0,,,,1.63,2.12,1.63
2026-06-22,2026-06-22,over_under_25,Rigas Futbola skola,FK Ogre,Rigas Futbola skola vs FK Ogre,Lv1,Over,True,True,6,0,,,,3.9,1.22,3.9
2026-06-22,2026-06-22,over_under_25,Welwalo Adigrat Uni,Hadiya Hosaena,Welwalo Adigrat Uni vs Hadiya Hosaena,Et1,Under,True,True,0,1,,,,,,
2026-06-22,2026-06-22,over_under_25,FK Riteriai,Hegelmann Litauen,FK Riteriai vs Hegelmann Litauen,Lt1,Under,False,,,,,,,1.85,1.79,1.79
2026-06-22,2026-06-22,over_under_25,FC Elva,Flora Tallinn II,FC Elva vs Flora Tallinn II,Ee2,Over,True,True,0,3,,,,2.15,1.65,2.15
2026-06-22,2026-06-22,over_under_25,FC Maardu,Viimsi JK,FC Maardu vs Viimsi JK,Ee2,Under,True,True,1,0,,,,2.15,1.65,1.65
2026-06-22,2026-06-22,over_under_25,FC Telavi,Dusheti Aragvi,FC Telavi vs Dusheti Aragvi,Ge2,Under,True,True,1,0,,,,1.77,2.02,2.02
2026-06-22,2026-06-22,over_under_25,Salmiya SC,Fahaheel SC,Salmiya SC vs Fahaheel SC,KW,Over,True,True,2,1,,,,2.0,1.8,2.0
2026-06-22,2026-06-22,over_under_25,Real de Banjul,Greater Tomorrow,Real de Banjul vs Greater Tomorrow,Gm1,Under,True,False,2,3,,,,,,
2026-06-22,2026-06-22,over_under_25,Team Rhino,TMT,Team Rhino vs TMT,Gm1,Under,True,False,1,2,,,,,,
2026-06-22,2026-06-22,over_under_25,Hawks,Samger,Hawks vs Samger,Gm1,Under,True,True,1,1,,,,,,
2026-06-22,2026-06-22,over_under_25,Dutch Lions,Brikama United,Dutch Lions vs Brikama United,Gm1,Over,True,True,3,3,,,,,,
2026-06-22,2026-06-22,over_under_25,Fortune,Steve Biko FC,Fortune vs Steve Biko FC,Gm1,Under,True,True,1,0,,,,1.47,2.38,2.38
2026-06-22,2026-06-22,over_under_25,Gambia Ports A.,Medina United,Gambia Ports A. vs Medina United,Gm1,Under,True,True,0,1,,,,1.5,2.3,2.3
2026-06-23,2026-06-23,1x2,Confiança,Guarani,Confiança vs Guarani,Br3,2,True,False,2,0,3.2,2.9,2.15,,,2.15
2026-06-23,2026-06-23,1x2,Ponte Preta,Novorizontino SP,Ponte Preta vs Novorizontino SP,Br2,2,True,True,0,2,4.33,3.3,1.85,,,1.85
2026-06-23,2026-06-23,1x2,9 de Julio Rafaela,El Linqueño,9 de Julio Rafaela vs El Linqueño,Ar3,1,True,True,3,2,1.65,3.25,5.0,,,1.65
2026-06-23,2026-06-23,1x2,Norway,Senegal,Norway vs Senegal,WC,X,True,False,3,2,2.5,3.4,2.8,,,3.4
2026-06-23,2026-06-23,1x2,Mogadishu City,Raadsan,Mogadishu City vs Raadsan,So1,1,True,True,1,0,,,,,,
2026-06-23,2026-06-23,1x2,Denton Diablos,McKinney Chupacabras,Denton Diablos vs McKinney Chupacabras,Us4,2,True,False,3,1,2.35,3.9,2.3,,,2.3
2026-06-23,2026-06-23,1x2,Flatirons Rush,Atletico Union,Flatirons Rush vs Atletico Union,Us4,1,True,False,1,2,,,,,,
2026-06-23,2026-06-23,1x2,Jordan,Algeria,Jordan vs Algeria,WC,X,True,False,1,2,6.5,4.33,1.5,,,4.33
2026-06-23,2026-06-23,1x2,Shanghai Second,Dalian Yingbo B,Shanghai Second vs Dalian Yingbo B,Cn3,2,True,True,1,2,3.0,2.8,2.35,,,2.35
2026-06-23,2026-06-23,1x2,Changchun Xidu,Rizhao Yuqi,Changchun Xidu vs Rizhao Yuqi,Cn3,X,True,True,0,0,3.7,2.25,2.05,,,2.25
2026-06-23,2026-06-23,1x2,Qingdao Red Lions,Dalian Kewei,Qingdao Red Lions vs Dalian Kewei,Cn3,2,True,False,0,0,3.4,3.0,2.05,,,2.05
2026-06-23,2026-06-23,1x2,Xiamen Feilu,Hubei Chufeng Heli,Xiamen Feilu vs Hubei Chufeng Heli,Cn3,X,True,True,0,0,1.9,3.2,3.7,,,3.2
2026-06-23,2026-06-23,1x2,Gold Coast Knights,Eastern Suburbs,Gold Coast Knights vs Eastern Suburbs,AuQ,2,True,False,4,1,2.0,4.0,2.75,,,2.75
2026-06-23,2026-06-23,1x2,Edgeworth Eagles,Lambton Jaffas,Edgeworth Eagles vs Lambton Jaffas,AuN,2,True,False,3,2,2.7,3.9,2.1,,,2.1
2026-06-23,2026-06-23,1x2,Zvezda SPb,Spartak-2 Moscow,Zvezda SPb vs Spartak-2 Moscow,Ru4,1,True,False,2,3,,,,,,
2026-06-23,2026-06-23,1x2,Guangdong Mingtu,Guizhou Zhicheng,Guangdong Mingtu vs Guizhou Zhicheng,Cn3,2,True,False,0,0,4.75,2.9,1.8,,,1.8
2026-06-23,2026-06-23,1x2,Nantong Haimen,Shanghai Port II,Nantong Haimen vs Shanghai Port II,Cn3,2,True,False,2,2,2.4,3.2,2.62,,,2.62
2026-06-23,2026-06-23,1x2,Neftchi Kochkor-Ata,FC Dordoi,Neftchi Kochkor-Ata vs FC Dordoi,Kg1,1,True,False,1,3,,,,,,
2026-06-23,2026-06-23,1x2,Alga Bishkek,Bars,Alga Bishkek vs Bars,Kg1,2,True,False,3,1,2.4,3.4,2.5,,,2.5
2026-06-23,2026-06-23,1x2,VPS Vaasa,AC Oulu,VPS Vaasa vs AC Oulu,Fi1,2,True,False,5,1,2.0,3.3,3.4,,,3.4
2026-06-23,2026-06-23,1x2,KuPS Kuopio,Ilves,KuPS Kuopio vs Ilves,Fi1,1,True,True,4,3,1.6,3.9,4.75,,,1.6
2026-06-23,2026-06-23,1x2,FC Lahti,TPS Turku,FC Lahti vs TPS Turku,Fi1,1,True,False,0,0,1.75,3.6,4.1,,,1.75
2026-06-23,2026-06-23,1x2,Saburtalo,Meshakhte Tkibuli,Saburtalo vs Meshakhte Tkibuli,Ge1,1,True,True,2,1,1.28,5.0,7.0,,,1.28
2026-06-23,2026-06-23,1x2,Vilniaus BFA,FK Kauno Zalgiris,Vilniaus BFA vs FK Kauno Zalgiris,LtC,2,True,True,0,3,19.0,8.0,1.11,,,1.11
2026-06-23,2026-06-23,1x2,FK Minija Kretinga,Panevezys,FK Minija Kretinga vs Panevezys,LtC,2,True,False,2,1,3.2,3.6,1.9,,,1.9
2026-06-23,2026-06-23,1x2,Inter Turku,Seinajoen JK,Inter Turku vs Seinajoen JK,Fi1,1,True,False,1,1,1.55,3.9,5.0,,,1.55
2026-06-23,2026-06-23,1x2,FF Jaro,IF Gnistan,FF Jaro vs IF Gnistan,Fi1,2,True,False,1,1,3.6,3.7,1.83,,,1.83
2026-06-23,2026-06-23,1x2,IFK Mariehamn,HJK Helsinki,IFK Mariehamn vs HJK Helsinki,Fi1,2,True,True,0,4,7.5,4.75,1.33,,,1.33
2026-06-23,2026-06-23,1x2,Portugal,Uzbekistan,Portugal vs Uzbekistan,WC,1,True,True,5,0,1.14,8.5,17.0,,,1.14
2026-06-23,2026-06-23,1x2,Dinamo Tbilisi,Dinamo Batumi,Dinamo Tbilisi vs Dinamo Batumi,Ge1,X,True,False,2,1,2.1,3.4,3.0,,,3.4
2026-06-23,2026-06-23,1x2,BK Astrio,Ängelholms FF,BK Astrio vs Ängelholms FF,SeC,X,True,False,0,3,7.0,5.0,1.33,,,5.0
2026-06-23,2026-06-23,1x2,Järfälla,FC Arlanda,Järfälla vs FC Arlanda,SeC,1,True,False,0,2,3.2,3.8,1.85,,,3.2
2026-06-23,2026-06-23,1x2,Olaria RJ,Duque de Caxias RJ,Olaria RJ vs Duque de Caxias RJ,BrC,1,True,True,4,0,1.5,4.33,4.75,,,1.5
2026-06-23,2026-06-23,1x2,Perolas Negras,Santa Cruz RJ,Perolas Negras vs Santa Cruz RJ,BrC,1,True,True,5,1,1.33,5.5,5.5,,,1.33
2026-06-23,2026-06-23,1x2,Americano RJ,Macaé RJ,Americano RJ vs Macaé RJ,BrC,1,True,True,2,1,1.2,5.25,11.0,,,1.2
2026-06-23,2026-06-23,1x2,Cabofriense RJ,Bonsucesso RJ,Cabofriense RJ vs Bonsucesso RJ,BrC,X,True,True,0,0,2.15,3.0,3.2,,,3.0
2026-06-23,2026-06-23,1x2,Cruzeiro U20,América Mineiro U20,Cruzeiro U20 vs América Mineiro U20,BrB,1,True,False,2,2,1.53,3.9,4.75,,,1.53
2026-06-23,2026-06-23,1x2,Sao Paulo U20,Fortaleza U20,Sao Paulo U20 vs Fortaleza U20,BrB,1,True,True,1,0,1.55,4.0,4.75,,,1.55
2026-06-23,2026-06-23,1x2,Gremio U20,Bahia U20,Gremio U20 vs Bahia U20,BrB,2,True,False,4,0,2.8,3.5,2.1,,,2.1
2026-06-23,2026-06-23,1x2,Vitoria U20,Santos U20,Vitoria U20 vs Santos U20,BrB,X,True,False,1,2,2.87,3.4,2.1,,,3.4
2026-06-23,2026-06-23,1x2,Coquimbo Unido,Limache,Coquimbo Unido vs Limache,ClC,1,True,False,1,1,1.6,4.1,4.1,,,1.6
2026-06-23,2026-06-23,over_under_25,Confiança,Guarani,Confiança vs Guarani,Br3,Under,True,True,2,0,,,,1.46,2.49,2.49
2026-06-23,2026-06-23,over_under_25,Ponte Preta,Novorizontino SP,Ponte Preta vs Novorizontino SP,Br2,Under,True,True,0,2,,,,1.63,2.17,2.17
2026-06-23,2026-06-23,over_under_25,9 de Julio Rafaela,El Linqueño,9 de Julio Rafaela vs El Linqueño,Ar3,Under,True,False,3,2,,,,1.6,2.08,2.08
2026-06-23,2026-06-23,over_under_25,Norway,Senegal,Norway vs Senegal,WC,Under,True,False,3,2,,,,2.02,1.82,1.82
2026-06-23,2026-06-23,over_under_25,Mogadishu City,Raadsan,Mogadishu City vs Raadsan,So1,Over,True,False,1,0,,,,,,
2026-06-23,2026-06-23,over_under_25,Denton Diablos,McKinney Chupacabras,Denton Diablos vs McKinney Chupacabras,Us4,Over,True,True,3,1,,,,2.25,1.53,2.25
2026-06-23,2026-06-23,over_under_25,Flatirons Rush,Atletico Union,Flatirons Rush vs Atletico Union,Us4,Under,True,False,1,2,,,,,,
2026-06-23,2026-06-23,over_under_25,Jordan,Algeria,Jordan vs Algeria,WC,Under,True,False,1,2,,,,1.87,1.97,1.97
2026-06-23,2026-06-23,over_under_25,Shanghai Second,Dalian Yingbo B,Shanghai Second vs Dalian Yingbo B,Cn3,Over,True,True,1,2,,,,1.48,2.3,1.48
2026-06-23,2026-06-23,over_under_25,Changchun Xidu,Rizhao Yuqi,Changchun Xidu vs Rizhao Yuqi,Cn3,Under,True,True,0,0,,,,1.36,3.0,3.0
2026-06-23,2026-06-23,over_under_25,Qingdao Red Lions,Dalian Kewei,Qingdao Red Lions vs Dalian Kewei,Cn3,Under,True,True,0,0,,,,1.5,2.25,2.25
2026-06-23,2026-06-23,over_under_25,Xiamen Feilu,Hubei Chufeng Heli,Xiamen Feilu vs Hubei Chufeng Heli,Cn3,Over,True,False,0,0,,,,1.6,2.05,1.6
2026-06-23,2026-06-23,over_under_25,Gold Coast Knights,Eastern Suburbs,Gold Coast Knights vs Eastern Suburbs,AuQ,Over,True,True,4,1,,,,2.9,1.36,2.9
2026-06-23,2026-06-23,over_under_25,Edgeworth Eagles,Lambton Jaffas,Edgeworth Eagles vs Lambton Jaffas,AuN,Over,True,True,3,2,,,,2.9,1.36,2.9
2026-06-23,2026-06-23,over_under_25,Zvezda SPb,Spartak-2 Moscow,Zvezda SPb vs Spartak-2 Moscow,Ru4,Over,True,True,2,3,,,,,,
2026-06-23,2026-06-23,over_under_25,Guangdong Mingtu,Guizhou Zhicheng,Guangdong Mingtu vs Guizhou Zhicheng,Cn3,Over,True,False,0,0,,,,1.57,2.1,1.57
2026-06-23,2026-06-23,over_under_25,Nantong Haimen,Shanghai Port II,Nantong Haimen vs Shanghai Port II,Cn3,Over,True,True,2,2,,,,1.6,2.05,1.6
2026-06-23,2026-06-23,over_under_25,Neftchi Kochkor-Ata,FC Dordoi,Neftchi Kochkor-Ata vs FC Dordoi,Kg1,Over,True,True,1,3,,,,,,
2026-06-23,2026-06-23,over_under_25,Alga Bishkek,Bars,Alga Bishkek vs Bars,Kg1,Under,True,False,3,1,,,,1.95,1.85,1.85
2026-06-23,2026-06-23,over_under_25,VPS Vaasa,AC Oulu,VPS Vaasa vs AC Oulu,Fi1,Under,True,False,5,1,,,,1.82,1.97,1.97
2026-06-23,2026-06-23,over_under_25,KuPS Kuopio,Ilves,KuPS Kuopio vs Ilves,Fi1,Over,True,True,4,3,,,,2.18,1.58,2.18
2026-06-23,2026-06-23,over_under_25,FC Lahti,TPS Turku,FC Lahti vs TPS Turku,Fi1,Over,True,False,0,0,,,,2.0,1.8,2.0
2026-06-23,2026-06-23,over_under_25,Saburtalo,Meshakhte Tkibuli,Saburtalo vs Meshakhte Tkibuli,Ge1,Over,True,True,2,1,,,,2.12,1.63,2.12
2026-06-23,2026-06-23,over_under_25,Vilniaus BFA,FK Kauno Zalgiris,Vilniaus BFA vs FK Kauno Zalgiris,LtC,Over,True,True,0,3,,,,2.3,1.5,2.3
2026-06-23,2026-06-23,over_under_25,FK Minija Kretinga,Panevezys,FK Minija Kretinga vs Panevezys,LtC,Over,True,True,2,1,,,,2.1,1.6,2.1
2026-06-23,2026-06-23,over_under_25,Inter Turku,Seinajoen JK,Inter Turku vs Seinajoen JK,Fi1,Over,True,False,1,1,,,,2.23,1.56,2.23
2026-06-23,2026-06-23,over_under_25,FF Jaro,IF Gnistan,FF Jaro vs IF Gnistan,Fi1,Over,True,False,1,1,,,,2.0,1.8,2.0
2026-06-23,2026-06-23,over_under_25,IFK Mariehamn,HJK Helsinki,IFK Mariehamn vs HJK Helsinki,Fi1,Over,True,True,0,4,,,,2.4,1.49,2.4
2026-06-23,2026-06-23,over_under_25,Portugal,Uzbekistan,Portugal vs Uzbekistan,WC,Over,True,True,5,0,,,,2.48,1.52,2.48
2026-06-23,2026-06-23,over_under_25,Dinamo Tbilisi,Dinamo Batumi,Dinamo Tbilisi vs Dinamo Batumi,Ge1,Over,True,True,2,1,,,,1.92,1.87,1.92
2026-06-23,2026-06-23,over_under_25,BK Astrio,Ängelholms FF,BK Astrio vs Ängelholms FF,SeC,Under,True,False,0,3,,,,2.4,1.53,1.53
2026-06-23,2026-06-23,over_under_25,Järfälla,FC Arlanda,Järfälla vs FC Arlanda,SeC,Over,True,False,0,2,,,,2.28,1.55,2.28
2026-06-23,2026-06-23,over_under_25,Olaria RJ,Duque de Caxias RJ,Olaria RJ vs Duque de Caxias RJ,BrC,Under,True,False,4,0,,,,1.82,1.97,1.97
2026-06-23,2026-06-23,over_under_25,Perolas Negras,Santa Cruz RJ,Perolas Negras vs Santa Cruz RJ,BrC,Over,True,True,5,1,,,,,,
2026-06-23,2026-06-23,over_under_25,Americano RJ,Macaé RJ,Americano RJ vs Macaé RJ,BrC,Under,True,False,2,1,,,,2.1,1.61,1.61
2026-06-23,2026-06-23,over_under_25,Cabofriense RJ,Bonsucesso RJ,Cabofriense RJ vs Bonsucesso RJ,BrC,Under,True,True,0,0,,,,1.49,2.33,2.33
2026-06-23,2026-06-23,over_under_25,Cruzeiro U20,América Mineiro U20,Cruzeiro U20 vs América Mineiro U20,BrB,Over,True,True,2,2,,,,1.97,1.82,1.97
2026-06-23,2026-06-23,over_under_25,Sao Paulo U20,Fortaleza U20,Sao Paulo U20 vs Fortaleza U20,BrB,Under,True,True,1,0,,,,1.97,1.82,1.82
2026-06-23,2026-06-23,over_under_25,Gremio U20,Bahia U20,Gremio U20 vs Bahia U20,BrB,Over,True,True,4,0,,,,2.25,1.56,2.25
2026-06-23,2026-06-23,over_under_25,Vitoria U20,Santos U20,Vitoria U20 vs Santos U20,BrB,Under,True,False,1,2,,,,2.17,1.57,1.57
2026-06-23,2026-06-23,over_under_25,Coquimbo Unido,Limache,Coquimbo Unido vs Limache,ClC,Over,True,False,1,1,,,,1.97,1.82,1.97
