page,is_premium,model,sport,league,match_date,home_team,away_team,market,market_key,outcome_name,odds,bookmaker,confidence,ev_pct,result,settled_at
1,False,,,FIFA World Cup,,Colombia,DR Congo,Match Result,,,1.59,1xBet,,0.4,,
1,False,,,FIFA World Cup,,Panama,Croatia,Match Result,,,1.58,Betsson,,0.4,,
1,True,,,Brazil Série B,,América Mineiro,Criciuma,Premium,,,,,,,,
1,False,,,Brazil Série B,,América Mineiro,Criciuma,Match Result,,,2.68,Betfair,,1.0,,
1,False,,,FIFA World Cup,,England,Ghana,Match Result,,,1.25,GTbets,,0.1,,
1,False,,,FIFA World Cup,,Portugal,Uzbekistan,Match Result,,,1.23,Betsson,,0.1,,
1,True,,,Veikkausliiga - Finland,,IFK Mariehamn,HJK Helsinki,Premium,,,,,,,,
1,False,,,Veikkausliiga - Finland,,IFK Mariehamn,HJK Helsinki,Match Result,,,1.42,GTbets,,0.3,,
1,True,,,Veikkausliiga - Finland,,Jaro,IF Gnistan,Premium,,,,,,,,
1,False,,,Veikkausliiga - Finland,,Jaro,IF Gnistan,Match Result,,,2.22,Betfair,,0.8,,
1,False,,,Veikkausliiga - Finland,,FC Inter Turku,SJK Seinäjoki,Match Result,,,1.56,GTbets,,0.4,,
1,True,,,Veikkausliiga - Finland,,FC Inter Turku,SJK Seinäjoki,Premium,,,,,,,,
2,False,,,Veikkausliiga - Finland,,VPS Vaasa,AC Oulu,Match Result,,,2.55,Coolbet,,0.8,,
2,True,,,Veikkausliiga - Finland,,VPS Vaasa,AC Oulu,Premium,,,,,,,,
2,False,,,Veikkausliiga - Finland,,FC Lahti,TPS Turku,Match Result,,,1.85,Coolbet,,0.7,,
2,True,,,Veikkausliiga - Finland,,KuPS Kuopio,Ilves Tampere,Premium,,,,,,,,
2,False,,,Veikkausliiga - Finland,,KuPS Kuopio,Ilves Tampere,Match Result,,,1.68,Betfair,,0.5,,
2,True,,,Veikkausliiga - Finland,,FC Lahti,TPS Turku,Premium,,,,,,,,
2,False,,,FIFA World Cup,,Jordan,Algeria,Match Result,,,1.61,1xBet,,0.3,,
2,False,,,FIFA World Cup,,Norway,Senegal,Match Result,,,2.36,Betfair,,1.0,,
2,True,,,Brazil Série B,,Ponte Preta,Grêmio Novorizontino,Premium,,,,,,,,
2,False,,,Brazil Série B,,Ponte Preta,Grêmio Novorizontino,Match Result,,,1.79,Matchbook,,0.6,,
2,False,,,FIFA World Cup,,France,Iraq,Match Result,,,3.52,Marathon Bet,,2.2,,
2,True,,,League of Ireland,,Shamrock Rovers,Derry City,Premium,,,,,,,,
3,False,,,League of Ireland,,Shelbourne Dublin,Bohemians,Match Result,,,2.82,Betfair,,1.1,,
3,True,,,League of Ireland,,Shelbourne Dublin,Bohemians,Premium,,,,,,,,
3,True,,,Superettan - Sweden,,Örebro SK,Sandvikens IF,Premium,,,,,,,,
3,False,,,Superettan - Sweden,,Örebro SK,Sandvikens IF,Match Result,,,2.8,Coolbet,,1.1,,
3,True,,,Superettan - Sweden,,IK Oddevold,Ljungskile SK,Premium,,,,,,,,
3,False,,,Superettan - Sweden,,IK Oddevold,Ljungskile SK,Match Result,,,2.08,Betsson,,0.9,,
3,False,,,Superettan - Sweden,,Varbergs BoIS,Landskrona BoIS,Match Result,,,1.98,Betfair,,0.8,,
3,False,,,FIFA World Cup,,Argentina,Austria,Match Result,,,1.61,GTbets,,0.4,,
3,True,,,Superettan - Sweden,,Varbergs BoIS,Landskrona BoIS,Premium,,,,,,,,
3,False,,,FIFA World Cup,,New Zealand,Egypt,Match Result,,,1.64,1xBet,,0.5,,
3,False,,,FIFA World Cup,,Uruguay,Cape Verde,Match Result,,,1.51,1xBet,,0.3,,
4,True,,,Brazil Série B,,Goiás,Operario PR,Premium,,,,,,,,
4,False,,,Brazil Série B,,Goiás,Operario PR,Match Result,,,2.2,BetUS,,0.8,,
4,True,,,Brazil Série B,,São Bernardo,Juventude,Premium,,,,,,,,
4,False,,,Brazil Série B,,São Bernardo,Juventude,Match Result,,,2.7,Matchbook,,1.0,,
4,False,,,FIFA World Cup,,Belgium,Iran,Match Result,,,1.48,Betfair,,0.3,,
4,True,,,Brazil Série B,,Clube de Regatas Brasil,Fortaleza,Premium,,,,,,,,
4,False,,,Brazil Série B,,Clube de Regatas Brasil,Fortaleza,Match Result,,,2.32,Matchbook,,0.9,,
4,False,,,FIFA World Cup,,Spain,Saudi Arabia,Match Result,,,3.42,Marathon Bet,,2.1,,
4,True,,,Superettan - Sweden,,Norrby IF,Nordic United FC,Premium,,,,,,,,
4,False,,,Superettan - Sweden,,Östersunds FK,IFK Norrkoping,Match Result,,,2.65,DraftKings,,0.9,,
4,True,,,Superettan - Sweden,,Östersunds FK,IFK Norrkoping,Premium,,,,,,,,
4,False,,,Superettan - Sweden,,Norrby IF,Nordic United FC,Match Result,,,2.45,Coolbet,,0.9,,
5,False,,,Brazil Série B,,Avai,Cuiabá,Match Result,,,2.62,Matchbook,,1.1,,
5,True,,,Brazil Série B,,Avai,Cuiabá,Premium,,,,,,,,
5,False,,,Superettan - Sweden,,Helsingborgs IF,GIF Sundsvall,Match Result,,,1.88,Betfair,,0.7,,
5,False,,,Superettan - Sweden,,Östers IF,Falkenbergs FF,Match Result,,,2.36,Betfair,,0.8,,
5,True,,,Superettan - Sweden,,IK Brage,IFK Värnamo,Premium,,,,,,,,
5,True,,,Superettan - Sweden,,Helsingborgs IF,GIF Sundsvall,Premium,,,,,,,,
5,False,,,Superettan - Sweden,,IK Brage,IFK Värnamo,Match Result,,,2.15,Coolbet,,0.8,,
5,True,,,Superettan - Sweden,,Östers IF,Falkenbergs FF,Premium,,,,,,,,
5,False,,,FIFA World Cup,,Tunisia,Japan,Match Result,,,1.63,1xBet,,0.5,,
5,False,,,FIFA World Cup,,Ecuador,Curaçao,Match Result,,,3.52,Marathon Bet,,2.2,,
5,True,,,Brazil Série B,,Ceará,Botafogo,Premium,,,,,,,,
5,False,,,Brazil Série B,,Vila Nova,Nautico PE,Match Result,,,2.46,Betfair,,1.0,,
6,False,,,Brazil Série B,,Ceará,Botafogo,Match Result,,,2.04,Smarkets,,0.8,,
6,False,,,FIFA World Cup,,Germany,Ivory Coast,Match Result,,,1.58,1xBet,,0.4,,
6,False,,,La Liga 2 - Spain,,Almería,Málaga,Match Result,,,2.18,Matchbook,,0.9,,
6,True,,,La Liga 2 - Spain,,Almería,Málaga,Premium,,,,,,,,
6,False,,,FIFA World Cup,,Netherlands,Sweden,Match Result,,,1.79,Coolbet,,0.6,,
6,True,,,Brazil Série B,,Londrina,Athletic Club (MG),Premium,,,,,,,,
6,False,,,Brazil Série B,,Londrina,Athletic Club (MG),Match Result,,,2.76,Matchbook,,1.0,,
6,False,,,FIFA World Cup,,Turkey,Paraguay,Match Result,,,2.12,1xBet,,0.8,,
6,False,,,FIFA World Cup,,Brazil,Haiti,Match Result,,,3.4,Marathon Bet,,2.0,,
6,False,,,FIFA World Cup,,Scotland,Morocco,Match Result,,,1.82,1xBet,,0.6,,
6,False,,,League of Ireland,,Bohemians,Dundalk,Match Result,,,1.92,LeoVegas,,0.7,,
7,False,,,FIFA World Cup,,USA,Australia,Match Result,,,1.66,Betfair,,0.5,,
7,True,,,League of Ireland,,Drogheda United,Shelbourne Dublin,Premium,,,,,,,,
7,True,,,League of Ireland,,St Patricks Athletic,Sligo Rovers,Premium,,,,,,,,
7,True,,,League of Ireland,,Galway United,Derry City,Premium,,,,,,,,
7,True,,,League of Ireland,,St Patricks Athletic,Sligo Rovers,Premium,,,,,,,,
7,False,,,League of Ireland,,St Patricks Athletic,Sligo Rovers,Match Result,,,1.28,Betfair,,0.1,,
7,False,,,League of Ireland,,Galway United,Derry City,Match Result,,,2.4,Betfair,,0.8,,
7,False,,,League of Ireland,,Waterford FC,Shamrock Rovers,Match Result,,,1.64,Betfair,,0.5,,
7,True,,,League of Ireland,,Waterford FC,Shamrock Rovers,Premium,,,,,,,,
7,False,,,League of Ireland,,Drogheda United,Shelbourne Dublin,Match Result,,,2.02,Betfair,,0.8,,
7,False,,,FIFA World Cup,,Mexico,South Korea,Match Result,,,2.12,Betfair,,0.8,,
8,False,,,Brazil Série B,,Sport Recife,Atletico Goianiense,Match Result,,,2.18,Matchbook,,0.9,,
8,True,,,Primera División - Chile,,Universidad de Chile,O'Higgins,Premium,,,,,,,,
8,True,,,Brazil Série B,,Sport Recife,Atletico Goianiense,Premium,,,,,,,,
8,False,,,Primera División - Chile,,Universidad de Chile,O'Higgins,Match Result,,,1.93,GTbets,,0.7,,
8,False,,,FIFA World Cup,,Canada,Qatar,Match Result,,,1.32,1xBet,,0.2,,
8,False,,,FIFA World Cup,,Switzerland,Bosnia & Herzegovina,Match Result,,,1.59,Coolbet,,0.5,,
8,False,,,FIFA World Cup,,Czech Republic,South Africa,Match Result,,,1.84,1xBet,,0.7,,
8,False,,,Veikkausliiga - Finland,,AC Oulu,IFK Mariehamn,Match Result,,,1.43,Betfair,,0.3,,
8,True,,,Veikkausliiga - Finland,,AC Oulu,IFK Mariehamn,Premium,,,,,,,,
8,True,,,Veikkausliiga - Finland,,AC Oulu,IFK Mariehamn,Premium,,,,,,,,
8,False,,,FIFA World Cup,,Uzbekistan,Colombia,Match Result,,,1.42,GTbets,,0.2,,
8,False,,,FIFA World Cup,,Ghana,Panama,Match Result,,,2.34,Betfair,,0.9,,
9,False,,,FIFA World Cup,,England,Croatia,Match Result,,,1.78,1xBet,,0.6,,
9,True,,,Veikkausliiga - Finland,,IF Gnistan,FC Lahti,Premium,,,,,,,,
9,True,,,Veikkausliiga - Finland,,SJK Seinäjoki,VPS Vaasa,Premium,,,,,,,,
9,False,,,Veikkausliiga - Finland,,IF Gnistan,FC Lahti,Match Result,,,2.54,Betfair,,1.0,,
9,False,,,Veikkausliiga - Finland,,SJK Seinäjoki,VPS Vaasa,Match Result,,,2.44,Betfair,,1.0,,
9,False,,,FIFA World Cup,,Portugal,DR Congo,Match Result,,,1.34,1xBet,,0.2,,
9,False,,,Veikkausliiga - Finland,,TPS Turku,KuPS Kuopio,Match Result,,,1.74,GTbets,,0.5,,
9,False,,,Veikkausliiga - Finland,,HJK Helsinki,FC Inter Turku,Match Result,,,2.7,Betfair,,0.9,,
9,True,,,Veikkausliiga - Finland,,HJK Helsinki,FC Inter Turku,Premium,,,,,,,,
9,True,,,Veikkausliiga - Finland,,Ilves Tampere,Jaro,Premium,,,,,,,,
9,True,,,Veikkausliiga - Finland,,TPS Turku,KuPS Kuopio,Premium,,,,,,,,
9,False,,,Veikkausliiga - Finland,,Ilves Tampere,Jaro,Match Result,,,1.79,GTbets,,0.6,,
10,False,,,FIFA World Cup,,Austria,Jordan,Match Result,,,1.38,1xBet,,0.2,,
10,False,,,FIFA World Cup,,Argentina,Algeria,Match Result,,,1.45,1xBet,,0.3,,
10,False,,,Brazil Série B,,Fortaleza,América Mineiro,Match Result,,,1.64,Matchbook,,0.5,,
10,True,,,Brazil Série B,,Fortaleza,América Mineiro,Premium,,,,,,,,
10,False,,,FIFA World Cup,,Iraq,Norway,Match Result,,,1.22,William Hill,,0.1,,
10,False,,,FIFA World Cup,,France,Senegal,Match Result,,,1.51,1xBet,,0.3,,
10,False,,,Superettan - Sweden,,Landskrona BoIS,Nordic United FC,Match Result,,,2.32,Coolbet,,0.9,,
10,True,,,Superettan - Sweden,,IFK Värnamo,Helsingborgs IF,Premium,,,,,,,,
10,False,,,Superettan - Sweden,,IFK Värnamo,Helsingborgs IF,Match Result,,,2.18,Betfair,,0.8,,
10,True,,,Superettan - Sweden,,Landskrona BoIS,Nordic United FC,Premium,,,,,,,,
10,False,,,FIFA World Cup,,Iran,New Zealand,Match Result,,,2.0,Nordic Bet,,0.8,,
10,True,,,Brazil Série B,,Londrina,Avai,Premium,,,,,,,,
11,False,,,Brazil Série B,,Criciuma,Ceará,Match Result,,,1.98,Matchbook,,0.7,,
11,False,,,Brazil Série B,,Londrina,Avai,Match Result,,,2.4,Betfair,,1.0,,
11,False,,,FIFA World Cup,,Saudi Arabia,Uruguay,Match Result,,,1.52,Matchbook,,0.4,,
11,False,,,FIFA World Cup,,Belgium,Egypt,Match Result,,,1.69,GTbets,,0.5,,
11,True,,,Superettan - Sweden,,IFK Norrkoping,Varbergs BoIS,Premium,,,,,,,,
11,False,,,Superettan - Sweden,,IFK Norrkoping,Varbergs BoIS,Match Result,,,2.16,Betfair,,0.9,,
11,False,,,Superettan - Sweden,,GIF Sundsvall,Östers IF,Match Result,,,2.2,Betfair,,0.9,,
11,True,,,Superettan - Sweden,,GIF Sundsvall,Östers IF,Premium,,,,,,,,
11,False,,,FIFA World Cup,,Spain,Cape Verde,Match Result,,,3.45,Marathon Bet,,2.1,,
11,False,,,FIFA World Cup,,Ivory Coast,Ecuador,Match Result,,,2.55,Tipico,,0.9,,
11,True,,,Brazil Série B,,Grêmio Novorizontino,Nautico PE,Premium,,,,,,,,
12,False,,,Brazil Série B,,Botafogo,Operario PR,Match Result,,,2.34,Matchbook,,0.8,,
12,False,,,Brazil Série B,,Grêmio Novorizontino,Nautico PE,Match Result,,,2.15,BetOnline.ag,,0.8,,
12,False,,,Primera División - Chile,,Universidad Católica (CHI),Universidad de Concepción,Match Result,,,1.58,GTbets,,0.4,,
12,True,,,Primera División - Chile,,Universidad Católica (CHI),Universidad de Concepción,Premium,,,,,,,,
12,False,,,FIFA World Cup,,Netherlands,Japan,Match Result,,,2.08,Betfair,,0.9,,
12,False,,,Brazil Série B,,Cuiabá,Vila Nova,Match Result,,,2.3,Coolbet,,0.9,,
12,True,,,Brazil Série B,,Cuiabá,Vila Nova,Premium,,,,,,,,
12,False,,,La Liga 2 - Spain,,Málaga,Almería,Match Result,,,2.32,Betfair,,0.9,,
12,True,,,Primera División - Chile,,Union La Calera,Universidad de Chile,Premium,,,,,,,,
12,False,,,Brazil Série B,,Athletic Club (MG),Goiás,Match Result,,,2.54,Betfair,,0.9,,
12,True,,,Brazil Série B,,Athletic Club (MG),Goiás,Premium,,,,,,,,
13,False,,,Primera División - Chile,,Union La Calera,Universidad de Chile,Match Result,,,2.16,Coolbet,,0.9,,
13,False,,,Primera División - Chile,,Deportes Concepción,Deportes Limache,Match Result,,,2.44,Betfair,,0.9,,
13,True,,,Primera División - Chile,,Deportes Concepción,Deportes Limache,Premium,,,,,,,,
13,False,,,Superettan - Sweden,,Sandvikens IF,IK Brage,Match Result,,,2.26,Betfair,,0.9,,
13,True,,,Superettan - Sweden,,Sandvikens IF,IK Brage,Premium,,,,,,,,
13,True,,,Brazil Série B,,São Bernardo,Sport Recife,Premium,,,,,,,,
13,True,,,Brazil Série B,,Juventude,Ponte Preta,Premium,,,,,,,,
13,False,,,Brazil Série B,,São Bernardo,Sport Recife,Match Result,,,2.5,Matchbook,,0.9,,
13,False,,,Brazil Série B,,Juventude,Ponte Preta,Match Result,,,1.59,Matchbook,,0.4,,
13,True,,,Superettan - Sweden,,Falkenbergs FF,Örebro SK,Premium,,,,,,,,
13,False,,,Superettan - Sweden,,Falkenbergs FF,Örebro SK,Match Result,,,1.94,Unibet (SE),,0.7,,
14,False,,,Superettan - Sweden,,Norrby IF,IK Oddevold,Match Result,,,2.1,Coolbet,,0.8,,
14,True,,,Superettan - Sweden,,Norrby IF,IK Oddevold,Premium,,,,,,,,
14,False,,,FIFA World Cup,,Australia,Turkey,Match Result,,,1.78,Matchbook,,0.6,,
14,False,,,FIFA World Cup,,Haiti,Scotland,Match Result,,,1.62,Betfair,,0.5,,
14,True,,,Primera División - Chile,,Ñublense,Huachipato,Premium,,,,,,,,
14,False,,,Primera División - Chile,,Ñublense,Huachipato,Match Result,,,2.04,Betfair,,0.8,,
14,False,,,FIFA World Cup,,Brazil,Morocco,Match Result,,,1.75,Matchbook,,0.6,,
14,False,,,Primera División - Chile,,Colo Colo,Cobresal,Match Result,,,1.31,BetMGM,,0.2,,
14,True,,,Primera División - Chile,,Colo Colo,Cobresal,Premium,,,,,,,,
14,True,,,Primera División - Chile,,Colo Colo,Cobresal,Premium,,,,,,,,
15,True,,,Primera División - Chile,,Everton de Viña del Mar,Palestino,Premium,,,,,,,,
15,False,,,FIFA World Cup,,Qatar,Switzerland,Match Result,,,1.24,GTbets,,0.1,,
15,False,,,Primera División - Chile,,Everton de Viña del Mar,Palestino,Match Result,,,2.84,Betfair,,1.0,,
15,True,,,Primera División - Chile,,Coquimbo Unido,O'Higgins,Premium,,,,,,,,
15,False,,,Primera División - Chile,,Coquimbo Unido,O'Higgins,Match Result,,,1.86,Betfair,,0.7,,
15,False,,,Veikkausliiga - Finland,,FC Lahti,SJK Seinäjoki,Match Result,,,2.36,Betfair,,0.8,,
15,True,,,Veikkausliiga - Finland,,IFK Mariehamn,IF Gnistan,Premium,,,,,,,,
15,False,,,Veikkausliiga - Finland,,IFK Mariehamn,IF Gnistan,Match Result,,,2.01,GTbets,,0.8,,
15,True,,,Veikkausliiga - Finland,,FC Lahti,SJK Seinäjoki,Premium,,,,,,,,
15,False,,,Veikkausliiga - Finland,,Jaro,HJK Helsinki,Match Result,,,1.75,Coolbet,,0.6,,
15,True,,,Veikkausliiga - Finland,,VPS Vaasa,KuPS Kuopio,Premium,,,,,,,,
15,False,,,Veikkausliiga - Finland,,VPS Vaasa,KuPS Kuopio,Match Result,,,2.28,GTbets,,1.0,,
16,True,,,Veikkausliiga - Finland,,Ilves Tampere,TPS Turku,Premium,,,,,,,,
16,True,,,Veikkausliiga - Finland,,FC Inter Turku,AC Oulu,Premium,,,,,,,,
16,False,,,Veikkausliiga - Finland,,Ilves Tampere,TPS Turku,Match Result,,,2.0,Coolbet,,0.8,,
16,False,,,Veikkausliiga - Finland,,FC Inter Turku,AC Oulu,Match Result,,,1.78,Unibet (SE),,0.6,,
16,False,,,FIFA World Cup,,USA,Paraguay,Match Result,,,2.02,Matchbook,,0.8,,
16,True,,,Primera División - Chile,,Audax Italiano,La Serena,Premium,,,,,,,,
16,False,,,Primera División - Chile,,Audax Italiano,La Serena,Match Result,,,2.0,Betfair,,0.8,,
16,False,,,Brazil Série B,,Atletico Goianiense,Clube de Regatas Brasil,Match Result,,,2.26,Matchbook,,0.9,,
16,True,,,Brazil Série B,,Atletico Goianiense,Clube de Regatas Brasil,Premium,,,,,,,,
16,True,,,League of Ireland,,Shelbourne Dublin,Shamrock Rovers,Premium,,,,,,,,
16,False,,,League of Ireland,,Shelbourne Dublin,Shamrock Rovers,Match Result,,,2.74,Betfair,,0.9,,
17,False,,,League of Ireland,,St Patricks Athletic,Drogheda United,Match Result,,,1.38,LeoVegas,,0.2,,
17,True,,,League of Ireland,,Galway United,Dundalk,Premium,,,,,,,,
17,True,,,League of Ireland,,St Patricks Athletic,Drogheda United,Premium,,,,,,,,
17,False,,,League of Ireland,,Derry City,Bohemians,Match Result,,,2.46,Betfair,,0.9,,
17,True,,,League of Ireland,,Derry City,Bohemians,Premium,,,,,,,,
17,True,,,League of Ireland,,St Patricks Athletic,Drogheda United,Premium,,,,,,,,
17,False,,,League of Ireland,,Galway United,Dundalk,Match Result,,,2.48,Unibet (NL),,0.9,,
17,False,,,League of Ireland,,Waterford FC,Sligo Rovers,Match Result,,,2.28,LeoVegas,,0.9,,
17,True,,,League of Ireland,,Waterford FC,Sligo Rovers,Premium,,,,,,,,
17,False,,,FIFA World Cup,,South Korea,Czech Republic,Match Result,,,2.82,Betfair,,0.9,,
17,False,,,FIFA World Cup,,Mexico,South Africa,Match Result,,,1.47,GTbets,,0.3,,
18,False,,,Superettan - Sweden,,Helsingborgs IF,Landskrona BoIS,Match Result,,,2.54,BetOnline.ag,,0.8,,
18,True,,,Superettan - Sweden,,Helsingborgs IF,Landskrona BoIS,Premium,,,,,,,,
18,False,,,Brazil Série B,,Sport Recife,Athletic Club (MG),Match Result,,,1.82,Unibet (SE),,0.6,,
18,True,,,Brazil Série B,,Sport Recife,Athletic Club (MG),Premium,,,,,,,,
18,True,,,Brazil Série B,,Ceará,Avai,Premium,,,,,,,,
18,False,,,Brazil Série B,,Goiás,Grêmio Novorizontino,Match Result,,,2.44,Matchbook,,0.8,,
18,True,,,Brazil Série B,,Goiás,Grêmio Novorizontino,Premium,,,,,,,,
18,False,,,Brazil Série B,,Ceará,Avai,Match Result,,,1.78,Unibet (SE),,0.6,,
18,True,,,La Liga 2 - Spain,,Málaga,Las Palmas,Premium,,,,,,,,
18,False,,,La Liga 2 - Spain,,Málaga,Las Palmas,Match Result,,,2.34,Betfair,,0.9,,
18,False,,,Superettan - Sweden,,Varbergs BoIS,Norrby IF,Match Result,,,1.73,Betfair,,0.6,,
18,False,,,Superettan - Sweden,,Örebro SK,GIF Sundsvall,Match Result,,,2.0,FanDuel,,0.8,,
19,True,,,Superettan - Sweden,,Örebro SK,GIF Sundsvall,Premium,,,,,,,,
19,False,,,Brazil Série B,,Ponte Preta,Cuiabá,Match Result,,,2.48,Unibet (SE),,0.9,,
19,False,,,Brazil Série B,,Nautico PE,Fortaleza,Match Result,,,2.34,Betfair,,0.9,,
19,True,,,Brazil Série B,,Ponte Preta,Cuiabá,Premium,,,,,,,,
19,True,,,Brazil Série B,,Nautico PE,Fortaleza,Premium,,,,,,,,
19,False,,,La Liga 2 - Spain,,Almería,CD Castellón,Match Result,,,2.44,Matchbook,,0.8,,
19,True,,,La Liga 2 - Spain,,Almería,CD Castellón,Premium,,,,,,,,
19,False,,,Superettan - Sweden,,IK Oddevold,IFK Norrkoping,Match Result,,,2.62,Betfair,,0.8,,
19,True,,,Superettan - Sweden,,Östers IF,IFK Värnamo,Premium,,,,,,,,
19,False,,,Superettan - Sweden,,IK Brage,Ljungskile SK,Match Result,,,2.68,Pinnacle,,0.9,,
19,True,,,Superettan - Sweden,,IK Brage,Ljungskile SK,Premium,,,,,,,,
20,True,,,Superettan - Sweden,,IK Oddevold,IFK Norrkoping,Premium,,,,,,,,
20,False,,,Superettan - Sweden,,Östers IF,IFK Värnamo,Match Result,,,1.97,Betfair,,0.8,,
20,False,,,Superettan - Sweden,,Nordic United FC,Östersunds FK,Match Result,,,2.26,Betfair,,0.9,,
20,False,,,Brazil Série B,,Vila Nova,Botafogo,Match Result,,,2.04,Matchbook,,0.8,,
20,True,,,Brazil Série B,,América Mineiro,Atletico Goianiense,Premium,,,,,,,,
20,False,,,Brazil Série B,,América Mineiro,Atletico Goianiense,Match Result,,,2.46,Matchbook,,0.9,,
20,True,,,Brazil Série B,,Vila Nova,Botafogo,Premium,,,,,,,,
20,False,,,Brazil Série B,,Clube de Regatas Brasil,São Bernardo,Match Result,,,1.92,Betfair,,0.7,,
20,True,,,Brazil Série B,,Clube de Regatas Brasil,São Bernardo,Premium,,,,,,,,
21,True,,,La Liga 2 - Spain,,Las Palmas,Málaga,Premium,,,,,,,,
21,True,,,La Liga 2 - Spain,,CD Castellón,Almería,Premium,,,,,,,,
21,False,,,La Liga 2 - Spain,,CD Castellón,Almería,Match Result,,,1.88,Betfair,,0.7,,
21,False,,,Brazil Série B,,Criciuma,Londrina,Match Result,,,1.67,Coolbet,,0.5,,
21,True,,,Brazil Série B,,Criciuma,Londrina,Premium,,,,,,,,
21,True,,,J League,,Kawasaki Frontale,Hiroshima Sanfrecce FC,Premium,,,,,,,,
21,False,,,J League,,Kawasaki Frontale,Hiroshima Sanfrecce FC,Match Result,,,2.03,Pinnacle,,0.7,,
21,False,,,J League,,Kashiwa Reysol,Kyoto Purple Sanga,Match Result,,,1.98,BetMGM,,0.8,,
21,True,,,J League,,Kashiwa Reysol,Kyoto Purple Sanga,Premium,,,,,,,,
21,False,,,J League,,Yokohama F Marinos,Shimizu S Pulse,Match Result,,,2.38,Unibet (UK),,0.9,,
21,True,,,J League,,Yokohama F Marinos,Shimizu S Pulse,Premium,,,,,,,,
22,True,,,J League,,Urawa Red Diamonds,Fagiano Okayama,Premium,,,,,,,,
22,False,,,J League,,Tokyo Verdy,Gamba Osaka,Match Result,,,2.64,Pinnacle,,1.0,,
22,True,,,J League,,Tokyo Verdy,Gamba Osaka,Premium,,,,,,,,
22,False,,,J League,,Urawa Red Diamonds,Fagiano Okayama,Match Result,,,1.98,Unibet (UK),,0.7,,
22,True,,,J League,,Mito HollyHock,V-Varen Nagasaki,Premium,,,,,,,,
22,False,,,J League,,Mito HollyHock,V-Varen Nagasaki,Match Result,,,2.3,DraftKings,,0.9,,
22,True,,,J League,,FC Machida Zelvia,Nagoya Grampus,Premium,,,,,,,,
22,False,,,J League,,FC Machida Zelvia,Nagoya Grampus,Match Result,,,2.15,BetMGM,,0.8,,
22,False,,,J League,,Kashima Antlers,Vissel Kobe,Match Result,,,2.5,Unibet (UK),,0.9,,
22,True,,,J League,,Kashima Antlers,Vissel Kobe,Premium,,,,,,,,
22,False,,,J League,,FC Tokyo,Cerezo Osaka,Match Result,,,1.89,Pinnacle,,0.7,,
22,True,,,J League,,JEF United Chiba,Avispa Fukuoka,Premium,,,,,,,,
23,True,,,J League,,FC Tokyo,Cerezo Osaka,Premium,,,,,,,,
23,True,,,Brazil Série B,,Operario PR,Juventude,Premium,,,,,,,,
23,False,,,Brazil Série B,,Operario PR,Juventude,Match Result,,,2.3,SportsBet,,0.7,,
23,False,,,Brazil Série B,,Ponte Preta,Botafogo,Match Result,,,2.98,Matchbook,,1.1,,
23,True,,,Brazil Série B,,Ponte Preta,Botafogo,Premium,,,,,,,,
23,False,,,Primera División - Chile,,Palestino,Audax Italiano,Match Result,,,1.98,Betfair,,0.6,,
23,True,,,Primera División - Chile,,Palestino,Audax Italiano,Premium,,,,,,,,
23,False,,,Brazil Série A,,Remo,Sao Paulo,Match Result,,,2.66,Matchbook,,0.9,,
23,True,,,Brazil Série B,,Cuiabá,Clube de Regatas Brasil,Premium,,,,,,,,
23,True,,,Brazil Série A,,Cruzeiro,Fluminense,Premium,,,,,,,,
23,True,,,Brazil Série A,,Remo,Sao Paulo,Premium,,,,,,,,
24,True,,,Primera División - Chile,,O'Higgins,Everton de Viña del Mar,Premium,,,,,,,,
24,False,,,Primera División - Chile,,O'Higgins,Everton de Viña del Mar,Match Result,,,2.0,TABtouch,,0.7,,
24,False,,,Brazil Série A,,Vasco da Gama,Atletico Mineiro,Match Result,,,2.15,Coolbet,,0.8,,
24,True,,,Brazil Série A,,Vasco da Gama,Atletico Mineiro,Premium,,,,,,,,
24,True,,,La Liga 2 - Spain,,Córdoba,SD Huesca,Premium,,,,,,,,
24,True,,,Primera División - Chile,,Huachipato,Universidad Católica (CHI),Premium,,,,,,,,
24,False,,,Brazil Série B,,Ceará,Operario PR,Match Result,,,2.06,Matchbook,,0.6,,
24,False,,,La Liga 2 - Spain,,Leganés,CD Mirandés,Match Result,,,2.12,Betfair,,0.7,,
24,True,,,Brazil Série A,,Palmeiras,Chapecoense,Premium,,,,,,,,
24,False,,,Brazil Série A,,Palmeiras,Chapecoense,Match Result,,,1.28,Matchbook,,0.2,,
25,True,,,Brazil Série A,,Palmeiras,Chapecoense,Premium,,,,,,,,
25,False,,,Eliteserien - Norway,,SK Brann,Sarpsborg FK,Match Result,,,1.68,BetRivers,,0.4,,
25,True,,,Eliteserien - Norway,,SK Brann,Sarpsborg FK,Premium,,,,,,,,
25,False,,,Eliteserien - Norway,,Vålerenga,HamKam,Match Result,,,1.72,LeoVegas (SE),,0.4,,
25,True,,,Eliteserien - Norway,,Vålerenga,HamKam,Premium,,,,,,,,
25,False,,,La Liga 2 - Spain,,CD Castellón,SD Eibar,Match Result,,,1.6,Matchbook,,0.2,,
25,True,,,La Liga 2 - Spain,,Real Racing Club de Santander,Cádiz CF,Premium,,,,,,,,
25,True,,,La Liga 2 - Spain,,Almería,Real Valladolid CF,Premium,,,,,,,,
26,False,,,La Liga 2 - Spain,,Almería,Real Valladolid CF,Match Result,,,1.43,Matchbook,,0.2,,
26,True,,,La Liga 2 - Spain,,Real Racing Club de Santander,Cádiz CF,Premium,,,,,,,,
26,True,,,La Liga 2 - Spain,,CD Castellón,SD Eibar,Premium,,,,,,,,
26,False,,,La Liga 2 - Spain,,Zaragoza,Málaga,Match Result,,,1.92,Betfair,,0.6,,
26,False,,,Belgium First Div,,Gent,Genk,Match Result,,,2.3,Betfair,,0.8,,
26,True,,,La Liga 2 - Spain,,Deportivo La Coruña,Las Palmas,Premium,,,,,,,,
26,True,,,Primera División - Chile,,Deportes Limache,Coquimbo Unido,Premium,,,,,,,,
26,True,,,Belgium First Div,,Gent,Genk,Premium,,,,,,,,
26,False,,,La Liga 2 - Spain,,Deportivo La Coruña,Las Palmas,Match Result,,,2.18,Betfair,,0.6,,
26,False,,,Primera División - Chile,,Deportes Limache,Coquimbo Unido,Match Result,,,2.65,Coolbet,,1.0,,
27,True,,,La Liga 2 - Spain,,Burgos CF,Andorra CF,Premium,,,,,,,,
27,True,,,La Liga 2 - Spain,,Zaragoza,Málaga,Premium,,,,,,,,
27,False,,,Superettan - Sweden,,Östersunds FK,Örebro SK,Match Result,,,1.86,Coolbet,,0.5,,
27,False,,,Superettan - Sweden,,Helsingborgs IF,IFK Norrkoping,Match Result,,,2.21,Coolbet,,0.6,,
27,True,,,Superettan - Sweden,,Östersunds FK,Örebro SK,Premium,,,,,,,,
27,True,,,Superettan - Sweden,,Helsingborgs IF,IFK Norrkoping,Premium,,,,,,,,
27,False,,,Allsvenskan - Sweden,,Mjällby AIF,Djurgardens IF,Match Result,,,2.8,Unibet (SE),,1.0,,
27,True,,,Allsvenskan - Sweden,,Mjällby AIF,Djurgardens IF,Premium,,,,,,,,
27,True,,,Brazil Série B,,Londrina,Vila Nova,Premium,,,,,,,,
27,False,,,Brazil Série B,,Londrina,Vila Nova,Match Result,,,2.62,Matchbook,,1.0,,
27,True,,,Brazil Série B,,São Bernardo,Grêmio Novorizontino,Premium,,,,,,,,
28,False,,,Brazil Série A,,Bragantino-SP,Internacional,Match Result,,,2.26,Matchbook,,0.9,,
28,False,,,Brazil Série B,,São Bernardo,Grêmio Novorizontino,Match Result,,,2.82,Matchbook,,1.0,,
28,True,,,Veikkausliiga - Finland,,AC Oulu,Jaro,Premium,,,,,,,,
28,True,,,Superettan - Sweden,,IFK Värnamo,Nordic United FC,Premium,,,,,,,,
28,False,,,Veikkausliiga - Finland,,AC Oulu,Jaro,Match Result,,,1.65,Betfair,,0.4,,
28,False,,,Superettan - Sweden,,IFK Värnamo,Nordic United FC,Match Result,,,2.4,Betfair,,0.9,,
28,True,,,Allsvenskan - Sweden,,Degerfors IF,IF Brommapojkarna,Premium,,,,,,,,
28,False,,,Allsvenskan - Sweden,,Degerfors IF,IF Brommapojkarna,Match Result,,,2.46,Betfair,,0.9,,
28,True,,,Allsvenskan - Sweden,,BK Hacken,Hammarby IF,Premium,,,,,,,,
28,False,,,Allsvenskan - Sweden,,BK Hacken,Hammarby IF,Match Result,,,2.25,Unibet (SE),,0.9,,
28,True,,,Allsvenskan - Sweden,,Västerås SK,IFK Goteborg,Premium,,,,,,,,
29,False,,,Super League - China,,Wuhan Three Towns,Yunnan Yukun,Match Result,,,2.45,betPARX,,0.8,,
29,True,,,Super League - China,,Wuhan Three Towns,Yunnan Yukun,Premium,,,,,,,,
29,False,,,Super League - China,,Tianjin Jinmen Tiger FC,Dalian Yingbo,Match Result,,,2.52,Betfair,,0.9,,
29,True,,,Super League - China,,Tianjin Jinmen Tiger FC,Dalian Yingbo,Premium,,,,,,,,
29,False,,,J League,,Fagiano Okayama,Urawa Red Diamonds,Match Result,,,2.47,Pinnacle,,0.9,,
29,True,,,J League,,Fagiano Okayama,Urawa Red Diamonds,Premium,,,,,,,,
29,True,,,J League,,Shimizu S Pulse,Yokohama F Marinos,Premium,,,,,,,,
29,False,,,J League,,Shimizu S Pulse,Yokohama F Marinos,Match Result,,,2.53,Pinnacle,,1.0,,
29,True,,,Brazil Série B,,Sport Recife,Nautico PE,Premium,,,,,,,,
29,False,,,Brazil Série B,,Sport Recife,Nautico PE,Match Result,,,2.4,Betfair,,0.7,,
29,True,,,Brazil Série A,,Santos,Vitoria,Premium,,,,,,,,
30,False,,,Brazil Série A,,Santos,Vitoria,Match Result,,,1.86,Smarkets,,0.6,,
30,True,,,Primera División - Chile,,Universidad de Chile,Deportes Concepción,Premium,,,,,,,,
30,False,,,Primera División - Chile,,Universidad de Chile,Deportes Concepción,Match Result,,,1.58,Unibet,,0.3,,
30,False,,,Brazil Série B,,Athletic Club (MG),Fortaleza,Match Result,,,2.64,Matchbook,,0.9,,
30,True,,,Brazil Série B,,Athletic Club (MG),Fortaleza,Premium,,,,,,,,
30,False,,,Brazil Série A,,Grêmio,Corinthians,Match Result,,,2.76,Betfair,,1.0,,
30,True,,,Brazil Série A,,Bahia,Botafogo,Premium,,,,,,,,
30,True,,,Brazil Série A,,Grêmio,Corinthians,Premium,,,,,,,,
30,False,,,Brazil Série A,,Bahia,Botafogo,Match Result,,,2.0,Smarkets,,0.5,,
30,False,,,Primera División - Chile,,La Serena,Colo Colo,Match Result,,,2.02,Betfair,,0.7,,
30,False,,,Brazil Série A,,Atletico Paranaense,Mirassol,Match Result,,,1.87,Matchbook,,0.5,,
30,True,,,Primera División - Chile,,La Serena,Colo Colo,Premium,,,,,,,,
31,True,,,Brazil Série B,,Avai,Criciuma,Premium,,,,,,,,
31,False,,,Brazil Série A,,Flamengo,Coritiba,Match Result,,,1.45,Betfair,,0.2,,
31,False,,,La Liga 2 - Spain,,Granada CF,Sporting Gijón,Match Result,,,2.54,Betfair,,0.8,,
31,True,,,Brazil Série A,,Atletico Paranaense,Mirassol,Premium,,,,,,,,
31,False,,,Brazil Série B,,Avai,Criciuma,Match Result,,,2.56,Matchbook,,0.8,,
31,False,,,Brazil Série B,,Atletico Goianiense,Goiás,Match Result,,,2.38,Pinnacle,,1.0,,
31,True,,,Brazil Série B,,Atletico Goianiense,Goiás,Premium,,,,,,,,
31,True,,,Brazil Série A,,Flamengo,Coritiba,Premium,,,,,,,,
31,True,,,La Liga 2 - Spain,,AD Ceuta FC,Albacete,Premium,,,,,,,,
31,False,,,La Liga 2 - Spain,,AD Ceuta FC,Albacete,Match Result,,,2.46,Matchbook,,1.0,,
31,False,,,UEFA Champions League,,Paris Saint Germain,Arsenal,Match Result,,,2.5,Unibet (NL),,0.9,,
32,True,,,UEFA Champions League,,Paris Saint Germain,Arsenal,Premium,,,,,,,,
32,False,,,Superettan - Sweden,,Östers IF,Norrby IF,Match Result,,,2.1,Coolbet,,0.7,,
32,True,,,Superettan - Sweden,,Östers IF,Norrby IF,Premium,,,,,,,,
32,True,,,La Liga 2 - Spain,,Real Sociedad B,Cultural Leonesa,Premium,,,,,,,,
32,False,,,La Liga 2 - Spain,,Real Sociedad B,Cultural Leonesa,Match Result,,,2.44,Matchbook,,1.0,,
32,False,,,Veikkausliiga - Finland,,IF Gnistan,SJK Seinäjoki,Match Result,,,2.6,Coolbet,,0.9,,
32,True,,,Veikkausliiga - Finland,,IF Gnistan,SJK Seinäjoki,Premium,,,,,,,,
32,False,,,Veikkausliiga - Finland,,TPS Turku,VPS Vaasa,Match Result,,,2.51,Coolbet,,0.8,,
32,False,,,Eliteserien - Norway,,Lillestrom,Viking FK,Match Result,,,2.15,GTbets,,0.8,,
32,False,,,Eliteserien - Norway,,Molde,Sandefjord,Match Result,,,1.66,Betfair,,0.4,,
32,True,,,Veikkausliiga - Finland,,FC Lahti,Ilves Tampere,Premium,,,,,,,,
32,True,,,Veikkausliiga - Finland,,KuPS Kuopio,FC Inter Turku,Premium,,,,,,,,
33,False,,,Veikkausliiga - Finland,,FC Lahti,Ilves Tampere,Match Result,,,2.6,Coolbet,,0.8,,
33,True,,,Eliteserien - Norway,,Molde,Sandefjord,Premium,,,,,,,,
33,False,,,Allsvenskan - Sweden,,Malmo FF,Halmstads BK,Match Result,,,1.53,GTbets,,0.3,,
33,False,,,Allsvenskan - Sweden,,GAIS,Kalmar FF,Match Result,,,1.93,Betfair,,0.5,,
33,True,,,Superettan - Sweden,,Falkenbergs FF,IK Oddevold,Premium,,,,,,,,
33,False,,,Allsvenskan - Sweden,,AIK,IK Sirius,Match Result,,,2.2,Unibet (SE),,0.7,,
33,True,,,Allsvenskan - Sweden,,GAIS,Kalmar FF,Premium,,,,,,,,
33,True,,,Allsvenskan - Sweden,,Malmo FF,Halmstads BK,Premium,,,,,,,,
33,True,,,Superettan - Sweden,,GIF Sundsvall,Sandvikens IF,Premium,,,,,,,,
34,False,,,Superettan - Sweden,,Falkenbergs FF,IK Oddevold,Match Result,,,2.48,LeoVegas (SE),,0.9,,
34,False,,,Superettan - Sweden,,GIF Sundsvall,Sandvikens IF,Match Result,,,2.45,Unibet (SE),,1.1,,
34,False,,,Veikkausliiga - Finland,,HJK Helsinki,IFK Mariehamn,Match Result,,,1.25,Betfair,,0.1,,
34,False,,,Super League - China,,Chongqing Tonglianglong FC,Beijing FC,Match Result,,,1.96,Unibet,,0.6,,
34,False,,,Super League - China,,Shenzhen Peng City FC,Qingdao Hainiu FC,Match Result,,,2.04,betPARX,,0.7,,
34,True,,,Veikkausliiga - Finland,,HJK Helsinki,IFK Mariehamn,Premium,,,,,,,,
34,True,,,Super League - China,,Shenzhen Peng City FC,Qingdao Hainiu FC,Premium,,,,,,,,
34,True,,,Super League - China,,Chongqing Tonglianglong FC,Beijing FC,Premium,,,,,,,,
34,True,,,Veikkausliiga - Finland,,HJK Helsinki,IFK Mariehamn,Premium,,,,,,,,
34,True,,,Super League - China,,Chengdu Rongcheng FC,Shandong Luneng Taishan FC,Premium,,,,,,,,
34,False,,,Super League - China,,Chengdu Rongcheng FC,Shandong Luneng Taishan FC,Match Result,,,2.16,Betfair,,0.8,,
35,False,,,Superettan - Sweden,,Landskrona BoIS,IK Brage,Match Result,,,2.3,Unibet (SE),,0.9,,
35,False,,,Super League - China,,Henan FC,Zhejiang,Match Result,,,1.85,Unibet,,0.6,,
35,True,,,Superettan - Sweden,,Ljungskile SK,Varbergs BoIS,Premium,,,,,,,,
35,False,,,Superettan - Sweden,,Ljungskile SK,Varbergs BoIS,Match Result,,,2.75,Coolbet,,1.0,,
35,True,,,Super League - China,,Henan FC,Zhejiang,Premium,,,,,,,,
35,True,,,Superettan - Sweden,,Landskrona BoIS,IK Brage,Premium,,,,,,,,
35,True,,,Super League - China,,Qingdao West Coast FC,Shanghai Shenhua FC,Premium,,,,,,,,
35,True,,,J League,,Kyoto Purple Sanga,Kashiwa Reysol,Premium,,,,,,,,
35,False,,,J League,,Kyoto Purple Sanga,Kashiwa Reysol,Match Result,,,2.34,Pinnacle,,0.8,,
35,False,,,Super League - China,,Qingdao West Coast FC,Shanghai Shenhua FC,Match Result,,,2.46,Betfair,,0.8,,
35,True,,,J League,,V-Varen Nagasaki,Mito HollyHock,Premium,,,,,,,,
35,False,,,J League,,V-Varen Nagasaki,Mito HollyHock,Match Result,,,2.37,Pinnacle,,1.0,,
36,False,,,J League,,Avispa Fukuoka,JEF United Chiba,Match Result,,,2.05,DraftKings,,0.5,,
36,False,,,J League,,Gamba Osaka,Tokyo Verdy,Match Result,,,1.91,Pinnacle,,0.6,,
36,True,,,J League,,Gamba Osaka,Tokyo Verdy,Premium,,,,,,,,
36,True,,,J League,,Avispa Fukuoka,JEF United Chiba,Premium,,,,,,,,
36,True,,,J League,,Cerezo Osaka,FC Tokyo,Premium,,,,,,,,
36,False,,,J League,,Cerezo Osaka,FC Tokyo,Match Result,,,2.43,Pinnacle,,1.0,,
36,True,,,J League,,Vissel Kobe,Kashima Antlers,Premium,,,,,,,,
36,True,,,J League,,Nagoya Grampus,FC Machida Zelvia,Premium,,,,,,,,
36,False,,,J League,,Nagoya Grampus,FC Machida Zelvia,Match Result,,,2.6,BetMGM,,1.1,,
36,False,,,J League,,Hiroshima Sanfrecce FC,Kawasaki Frontale,Match Result,,,1.65,Pinnacle,,0.4,,
36,False,,,J League,,Vissel Kobe,Kashima Antlers,Match Result,,,2.33,Pinnacle,,0.7,,
36,True,,,J League,,Hiroshima Sanfrecce FC,Kawasaki Frontale,Premium,,,,,,,,
37,True,,,Primera División - Chile,,Universidad de Concepción,Union La Calera,Premium,,,,,,,,
37,False,,,Primera División - Chile,,Universidad de Concepción,Union La Calera,Match Result,,,2.26,Smarkets,,0.7,,
37,False,,,Brazil Série B,,Juventude,América Mineiro,Match Result,,,1.94,Unibet,,0.6,,
37,True,,,Brazil Série B,,Juventude,América Mineiro,Premium,,,,,,,,
37,False,,,Primera División - Chile,,Cobresal,Ñublense,Match Result,,,2.43,LeoVegas (SE),,0.7,,
37,True,,,Primera División - Chile,,Cobresal,Ñublense,Premium,,,,,,,,
37,True,,,League of Ireland,,Shamrock Rovers,St Patricks Athletic,Premium,,,,,,,,
37,False,,,League of Ireland,,Shamrock Rovers,St Patricks Athletic,Match Result,,,2.4,Betfair,,0.9,,
37,False,,,League of Ireland,,Shelbourne Dublin,Galway United,Match Result,,,1.81,Betfair,,0.5,,
37,True,,,League of Ireland,,Shelbourne Dublin,Galway United,Premium,,,,,,,,
37,True,,,League of Ireland,,Sligo Rovers,Bohemians,Premium,,,,,,,,
37,True,,,League of Ireland,,Dundalk,Derry City,Premium,,,,,,,,
38,True,,,League of Ireland,,Drogheda United,Waterford FC,Premium,,,,,,,,
38,False,,,Ligue 1 - France,,Nice,Saint Etienne,Match Result,,,2.02,Betsson,,0.6,,
38,False,,,League of Ireland,,Sligo Rovers,Bohemians,Match Result,,,1.78,Betfair,,0.5,,
38,False,,,League of Ireland,,Drogheda United,Waterford FC,Match Result,,,1.92,Betfair,,0.5,,
38,True,,,Serie B - Italy,,Monza,US Catanzaro 1929,Premium,,,,,,,,
38,False,,,Serie B - Italy,,Monza,US Catanzaro 1929,Match Result,,,1.96,Betfair,,0.4,,
38,True,,,Eliteserien - Norway,,Vålerenga,Kristiansund BK,Premium,,,,,,,,
38,True,,,Eliteserien - Norway,,Aalesund,HamKam,Premium,,,,,,,,
38,False,,,Eliteserien - Norway,,Vålerenga,Kristiansund BK,Match Result,,,1.6,Betfair,,0.4,,
38,False,,,Eliteserien - Norway,,Aalesund,HamKam,Match Result,,,2.14,Betfair,,0.7,,
39,False,,,Eliteserien - Norway,,SK Brann,Sarpsborg FK,Match Result,,,1.68,Betfair,,0.4,,
39,False,,,Allsvenskan - Sweden,,Örgryte IS,IF Elfsborg,Match Result,,,1.98,Coolbet,,0.7,,
39,True,,,Eliteserien - Norway,,KFUM,Tromso,Premium,,,,,,,,
39,True,,,Eliteserien - Norway,,SK Brann,Sarpsborg FK,Premium,,,,,,,,
39,True,,,Eliteserien - Norway,,Rosenborg,Bodø/Glimt,Premium,,,,,,,,
39,False,,,Eliteserien - Norway,,Fredrikstad FK,IK Start,Match Result,,,1.85,Betway,,0.6,,
39,False,,,Eliteserien - Norway,,Rosenborg,Bodø/Glimt,Match Result,,,1.65,Betfair,,0.3,,
39,True,,,Super League - China,,Liaoning Tieren FC,Shanghai SIPG FC,Premium,,,,,,,,
39,False,,,Super League - China,,Liaoning Tieren FC,Shanghai SIPG FC,Match Result,,,2.43,Unibet (SE),,1.0,,
40,True,,,Copa Sudamericana,,CA Tigre BA,Alianza Atlético,Premium,,,,,,,,
40,False,,,Copa Libertadores,,Boca Juniors,Universidad Católica (CHI),Match Result,,,1.46,Betfair,,0.2,,
40,False,,,Copa Sudamericana,,CA Tigre BA,Alianza Atlético,Match Result,,,1.3,Unibet,,0.1,,
40,True,,,Copa Libertadores,,Cruzeiro,Barcelona SC,Premium,,,,,,,,
40,True,,,Copa Libertadores,,Cruzeiro,Barcelona SC,Premium,,,,,,,,
40,False,,,Copa Sudamericana,,América de Cali,Macará,Match Result,,,1.74,1xBet,,0.4,,
40,True,,,Copa Sudamericana,,CA Tigre BA,Alianza Atlético,Premium,,,,,,,,
40,True,,,Copa Sudamericana,,América de Cali,Macará,Premium,,,,,,,,
40,False,,,Copa Libertadores,,Cruzeiro,Barcelona SC,Match Result,,,1.27,Betfair,,0.1,,
40,True,,,Copa Libertadores,,Boca Juniors,Universidad Católica (CHI),Premium,,,,,,,,
40,True,,,Copa Libertadores,,Palmeiras-SP,Junior FC,Premium,,,,,,,,
40,False,,,Copa Libertadores,,Cerro Porteño,Sporting Cristal,Match Result,,,1.68,BetUS,,0.4,,
41,True,,,Copa Libertadores,,Cerro Porteño,Sporting Cristal,Premium,,,,,,,,
41,False,,,Copa Sudamericana,,Bragantino-SP,Carabobo FC,Match Result,,,1.35,Betfair,,0.1,,
41,True,,,Copa Sudamericana,,Bragantino-SP,Carabobo FC,Premium,,,,,,,,
41,True,,,Copa Libertadores,,Club Bolívar,Independiente Rivadavia,Premium,,,,,,,,
41,False,,,Copa Libertadores,,Peñarol Montevideo,Independiente Santa Fe,Match Result,,,1.93,Coolbet,,0.6,,
41,True,,,Copa Libertadores,,Corinthians-SP,Platense,Premium,,,,,,,,
41,True,,,Copa Sudamericana,,Bragantino-SP,Carabobo FC,Premium,,,,,,,,
41,False,,,Copa Libertadores,,Club Bolívar,Independiente Rivadavia,Match Result,,,2.52,Betfair,,1.1,,
41,True,,,Copa Libertadores,,Peñarol Montevideo,Independiente Santa Fe,Premium,,,,,,,,
41,True,,,Copa Sudamericana,,River Plate,Blooming,Premium,,,,,,,,
42,True,,,Copa Sudamericana,,Racing Club,Club Independiente Petrolero,Premium,,,,,,,,
42,False,,,Copa Sudamericana,,Caracas FC,Botafogo,Match Result,,,2.34,Betfair,,0.6,,
42,False,,,Copa Sudamericana,,Vasco da Gama,Barracas Central,Match Result,,,1.41,Betfair,,0.2,,
42,True,,,Copa Libertadores,,Independiente del Valle,Rosario Central,Premium,,,,,,,,
42,True,,,Copa Sudamericana,,Clube Atlético Mineiro,Puerto Cabello,Premium,,,,,,,,
42,True,,,Copa Sudamericana,,Vasco da Gama,Barracas Central,Premium,,,,,,,,
42,True,,,Copa Libertadores,,Libertad Asuncion,UCV FC,Premium,,,,,,,,
42,True,,,Copa Sudamericana,,Caracas FC,Botafogo,Premium,,,,,,,,
42,True,,,Copa Sudamericana,,Vasco da Gama,Barracas Central,Premium,,,,,,,,
42,False,,,Copa Sudamericana,,Clube Atlético Mineiro,Puerto Cabello,Match Result,,,1.29,Coolbet,,0.1,,
43,True,,,Copa Sudamericana,,Clube Atlético Mineiro,Puerto Cabello,Premium,,,,,,,,
43,False,,,Copa Libertadores,,Independiente del Valle,Rosario Central,Match Result,,,1.95,Smarkets,,0.5,,
43,False,,,Copa Sudamericana,,Olimpia Asunción,Audax Italiano,Match Result,,,1.67,1xBet,,0.4,,
43,True,,,Copa Sudamericana,,Club Cienciano,CA Juventud,Premium,,,,,,,,
43,False,,,Copa Sudamericana,,Club Cienciano,CA Juventud,Match Result,,,1.65,Betfair,,0.4,,
43,True,,,Copa Sudamericana,,Olimpia Asunción,Audax Italiano,Premium,,,,,,,,
43,False,,,UEFA Europa Conference League,,Crystal Palace,Rayo Vallecano,Match Result,,,2.0,Betfair,,0.6,,
43,True,,,UEFA Europa Conference League,,Crystal Palace,Rayo Vallecano,Premium,,,,,,,,
43,True,,,Copa Libertadores,,Estudiantes La Plata,Independiente Medellín,Premium,,,,,,,,
43,True,,,Copa Libertadores,,Club Universitario de Deportes,Deportes Tolima,Premium,,,,,,,,
43,False,,,Copa Libertadores,,Nacional de Montevideo,Coquimbo Unido,Match Result,,,1.88,Coolbet,,0.6,,
44,True,,,Copa Sudamericana,,Santos,C.D. Cuenca,Premium,,,,,,,,
44,False,,,Copa Sudamericana,,San Lorenzo,Recoleta FC,Match Result,,,1.42,Matchbook,,0.2,,
44,True,,,Copa Libertadores,,Nacional de Montevideo,Coquimbo Unido,Premium,,,,,,,,
44,True,,,Copa Sudamericana,,San Lorenzo,Recoleta FC,Premium,,,,,,,,
44,True,,,Copa Sudamericana,,Santos,C.D. Cuenca,Premium,,,,,,,,
44,False,,,Copa Libertadores,,Estudiantes La Plata,Independiente Medellín,Match Result,,,1.66,Betfair,,0.4,,
44,False,,,Copa Sudamericana,,Santos,C.D. Cuenca,Match Result,,,1.39,1xBet,,0.2,,
44,True,,,Copa Libertadores,,LDU Quito,Club Always Ready,Premium,,,,,,,,
44,True,,,Copa Libertadores,,LDU Quito,Club Always Ready,Premium,,,,,,,,
44,True,,,Copa Sudamericana,,Palestino,Deportivo Riestra,Premium,,,,,,,,
45,True,,,Copa Sudamericana,,Grêmio,Montevideo City Torque,Premium,,,,,,,,
45,False,,,Copa Sudamericana,,Palestino,Deportivo Riestra,Match Result,,,2.38,Matchbook,,0.9,,
45,False,,,Copa Libertadores,,Lanus,Mirassol,Match Result,,,1.9,Betfair,,0.4,,
45,True,,,Copa Sudamericana,,Millonarios,O'Higgins,Premium,,,,,,,,
45,True,,,Copa Sudamericana,,Sao Paulo,CA Boston River,Premium,,,,,,,,
45,False,,,Copa Libertadores,,LDU Quito,Club Always Ready,Match Result,,,1.42,1xBet,,0.2,,
45,False,,,Copa Sudamericana,,Sao Paulo,CA Boston River,Match Result,,,1.2,Betfair,,0.0,,
45,False,,,Copa Sudamericana,,Grêmio,Montevideo City Torque,Match Result,,,1.54,1xBet,,0.3,,
45,True,,,Ligue 1 - France,,Saint Etienne,Nice,Premium,,,,,,,,
46,False,,,Bundesliga 2 - Germany,,Greuther Fürth,Rot-Weiss Essen,Match Result,,,1.78,Winamax (DE),,0.5,,
46,True,,,Bundesliga 2 - Germany,,Greuther Fürth,Rot-Weiss Essen,Premium,,,,,,,,
46,False,,,Superettan - Sweden,,Örebro SK,Helsingborgs IF,Match Result,,,2.3,Unibet (SE),,0.8,,
46,True,,,Superettan - Sweden,,Örebro SK,Helsingborgs IF,Premium,,,,,,,,
46,True,,,Brazil Série A,,Coritiba,Bahia,Premium,,,,,,,,
46,False,,,Brazil Série A,,Coritiba,Bahia,Match Result,,,2.74,Betfair,,1.0,,
46,True,,,Brazil Série B,,Botafogo,Athletic Club (MG),Premium,,,,,,,,
46,False,,,Brazil Série B,,Botafogo,Athletic Club (MG),Match Result,,,2.1,Matchbook,,0.7,,
46,True,,,Premiership - Scotland,,St Mirren,Partick Thistle,Premium,,,,,,,,
46,False,,,League of Ireland,,Bohemians,Shamrock Rovers,Match Result,,,2.48,Betfair,,0.8,,
46,False,,,Premiership - Scotland,,St Mirren,Partick Thistle,Match Result,,,1.78,Pinnacle,,0.3,,
47,True,,,League of Ireland,,Bohemians,Shamrock Rovers,Premium,,,,,,,,
47,True,,,League of Ireland,,Derry City,Shelbourne Dublin,Premium,,,,,,,,
47,False,,,League of Ireland,,Derry City,Shelbourne Dublin,Match Result,,,2.54,Betfair,,1.0,,
47,True,,,Bundesliga - Germany,,SC Paderborn,VfL Wolfsburg,Premium,,,,,,,,
47,False,,,Bundesliga - Germany,,SC Paderborn,VfL Wolfsburg,Match Result,,,2.12,Marathon Bet,,0.7,,
47,True,,,Eliteserien - Norway,,Sandefjord,Fredrikstad FK,Premium,,,,,,,,
47,False,,,Eliteserien - Norway,,Sandefjord,Fredrikstad FK,Match Result,,,1.9,Betfair,,0.6,,
47,True,,,Superettan - Sweden,,IFK Norrkoping,Östers IF,Premium,,,,,,,,
47,False,,,Superettan - Sweden,,IFK Norrkoping,Östers IF,Match Result,,,1.71,Coolbet,,0.3,,
47,True,,,Allsvenskan - Sweden,,IFK Goteborg,Mjällby AIF,Premium,,,,,,,,
47,True,,,Allsvenskan - Sweden,,IF Elfsborg,BK Hacken,Premium,,,,,,,,
47,False,,,Allsvenskan - Sweden,,IFK Goteborg,Mjällby AIF,Match Result,,,2.72,Betfair,,0.9,,
48,False,,,Allsvenskan - Sweden,,IF Elfsborg,BK Hacken,Match Result,,,2.48,Matchbook,,0.8,,
48,False,,,Eliteserien - Norway,,Sarpsborg FK,Molde,Match Result,,,2.54,GTbets,,0.8,,
48,True,,,Austrian Football Bundesliga,,Rapid Wien,Ried,Premium,,,,,,,,
48,False,,,Austrian Football Bundesliga,,Rapid Wien,Ried,Match Result,,,2.1,Unibet (UK),,0.8,,
48,True,,,Eliteserien - Norway,,Sarpsborg FK,Molde,Premium,,,,,,,,
48,False,,,Eliteserien - Norway,,Tromso,Aalesund,Match Result,,,1.48,Betfair,,0.3,,
48,True,,,Eliteserien - Norway,,Tromso,Aalesund,Premium,,,,,,,,
48,True,,,Eliteserien - Norway,,KFUM,Rosenborg,Premium,,,,,,,,
48,True,,,Eliteserien - Norway,,HamKam,Lillestrom,Premium,,,,,,,,
48,False,,,Eliteserien - Norway,,KFUM,Rosenborg,Match Result,,,2.38,Betfair,,0.9,,
48,False,,,Eliteserien - Norway,,HamKam,Lillestrom,Match Result,,,2.36,Betfair,,0.9,,
48,True,,,League 2,,Notts County,Salford City,Premium,,,,,,,,
49,False,,,League 2,,Notts County,Salford City,Match Result,,,2.92,Betfair,,1.2,,
49,True,,,Eliteserien - Norway,,IK Start,Vålerenga,Premium,,,,,,,,
49,False,,,Eliteserien - Norway,,IK Start,Vålerenga,Match Result,,,2.28,Betfair,,0.8,,
49,False,,,MLS,,Los Angeles FC,Seattle Sounders FC,Match Result,,,2.0,Betfair,,0.6,,
49,True,,,MLS,,Los Angeles FC,Seattle Sounders FC,Premium,,,,,,,,
49,True,,,Liga MX,,Pumas,Cruz Azul,Premium,,,,,,,,
49,False,,,Liga MX,,Pumas,Cruz Azul,Match Result,,,2.56,Betfair,,0.8,,
49,False,,,Brazil Série A,,Vasco da Gama,Bragantino-SP,Match Result,,,2.05,1xBet,,0.7,,
49,False,,,Brazil Série B,,Operario PR,Criciuma,Match Result,,,2.32,Matchbook,,0.9,,
49,True,,,Brazil Série A,,Vasco da Gama,Bragantino-SP,Premium,,,,,,,,
49,True,,,Brazil Série B,,Operario PR,Criciuma,Premium,,,,,,,,
49,False,,,MLS,,Inter Miami CF,Philadelphia Union,Match Result,,,1.45,1xBet,,0.2,,
50,True,,,Brazil Série B,,Avai,Goiás,Premium,,,,,,,,
50,False,,,Brazil Série B,,Avai,Goiás,Match Result,,,2.48,Betfair,,0.8,,
50,False,,,Primera División - Chile,,Universidad Católica (CHI),Colo Colo,Match Result,,,2.65,Coolbet,,0.9,,
50,True,,,Primera División - Chile,,Universidad Católica (CHI),Colo Colo,Premium,,,,,,,,
50,False,,,Brazil Série B,,América Mineiro,Vila Nova,Match Result,,,2.26,Smarkets,,0.8,,
50,False,,,Brazil Série A,,Corinthians,Atletico Mineiro,Match Result,,,1.91,Matchbook,,0.6,,
50,True,,,Brazil Série A,,Corinthians,Atletico Mineiro,Premium,,,,,,,,
50,True,,,Brazil Série B,,América Mineiro,Vila Nova,Premium,,,,,,,,
50,False,,,MLS,,Columbus Crew SC,Atlanta United FC,Match Result,,,1.57,Betfair,,0.3,,
50,True,,,MLS,,Columbus Crew SC,Atlanta United FC,Premium,,,,,,,,
50,True,,,Brazil Série B,,Clube de Regatas Brasil,Ponte Preta,Premium,,,,,,,,
51,False,,,Brazil Série A,,Cruzeiro,Chapecoense,Match Result,,,1.4,Coral,,0.2,,
51,True,,,Brazil Série A,,Cruzeiro,Chapecoense,Premium,,,,,,,,
51,True,,,Brazil Série A,,Cruzeiro,Chapecoense,Premium,,,,,,,,
51,False,,,La Liga - Spain,,Villarreal,Atlético Madrid,Match Result,,,2.6,Betfair,,0.9,,
51,True,,,La Liga - Spain,,Villarreal,Atlético Madrid,Premium,,,,,,,,
51,False,,,Primera División - Chile,,La Serena,Deportes Limache,Match Result,,,2.6,Coolbet,,1.1,,
51,True,,,Brazil Série A,,Remo,Atletico Paranaense,Premium,,,,,,,,
51,True,,,Primera División - Chile,,La Serena,Deportes Limache,Premium,,,,,,,,
51,False,,,Brazil Série A,,Remo,Atletico Paranaense,Match Result,,,2.88,Matchbook,,1.1,,
51,False,,,Brazil Série B,,Atletico Goianiense,São Bernardo,Match Result,,,1.95,Smarkets,,0.5,,
51,True,,,Brazil Série B,,Atletico Goianiense,São Bernardo,Premium,,,,,,,,
52,False,,,Serie A - Italy,,AC Milan,Cagliari,Match Result,,,1.32,GTbets,,0.1,,
52,False,,,Serie A - Italy,,Lecce,Genoa,Match Result,,,1.82,Matchbook,,0.6,,
52,True,,,Serie A - Italy,,AC Milan,Cagliari,Premium,,,,,,,,
52,True,,,Serie A - Italy,,Lecce,Genoa,Premium,,,,,,,,
52,True,,,Serie A - Italy,,Cremonese,Como,Premium,,,,,,,,
52,False,,,Serie A - Italy,,Torino,Juventus,Match Result,,,1.5,Betfair,,0.2,,
52,False,,,Serie A - Italy,,Hellas Verona,AS Roma,Match Result,,,1.36,GTbets,,0.2,,
52,False,,,Serie A - Italy,,Cremonese,Como,Match Result,,,1.64,Betfair,,0.3,,
52,True,,,Serie A - Italy,,Torino,Juventus,Premium,,,,,,,,
52,True,,,Serie A - Italy,,Hellas Verona,AS Roma,Premium,,,,,,,,
52,True,,,Serie A - Italy,,Hellas Verona,AS Roma,Premium,,,,,,,,
52,True,,,Serie A - Italy,,AC Milan,Cagliari,Premium,,,,,,,,
53,False,,,Primera División - Argentina,,River Plate,Belgrano de Cordoba,Match Result,,,2.1,Ladbrokes,,0.7,,
53,True,,,Primera División - Argentina,,River Plate,Belgrano de Cordoba,Premium,,,,,,,,
53,True,,,Serie B - Italy,,US Catanzaro 1929,Monza,Premium,,,,,,,,
53,False,,,Serie B - Italy,,US Catanzaro 1929,Monza,Match Result,,,2.72,Matchbook,,1.1,,
53,True,,,La Liga 2 - Spain,,Las Palmas,Zaragoza,Premium,,,,,,,,
53,False,,,La Liga 2 - Spain,,Cultural Leonesa,Burgos CF,Match Result,,,2.55,Unibet (SE),,0.8,,
53,True,,,La Liga 2 - Spain,,SD Huesca,CD Castellón,Premium,,,,,,,,
53,False,,,La Liga 2 - Spain,,CD Mirandés,Granada CF,Match Result,,,1.52,Coolbet,,0.2,,
53,True,,,Primera División - Chile,,Deportes Concepción,Huachipato,Premium,,,,,,,,
53,True,,,La Liga 2 - Spain,,CD Mirandés,Granada CF,Premium,,,,,,,,
53,False,,,La Liga 2 - Spain,,SD Eibar,Córdoba,Match Result,,,1.75,Unibet,,0.3,,
53,True,,,La Liga 2 - Spain,,SD Eibar,Córdoba,Premium,,,,,,,,
54,True,,,La Liga 2 - Spain,,Sporting Gijón,Almería,Premium,,,,,,,,
54,False,,,Primera División - Chile,,Deportes Concepción,Huachipato,Match Result,,,2.24,Betfair,,0.8,,
54,False,,,La Liga 2 - Spain,,SD Huesca,CD Castellón,Match Result,,,1.75,Unibet (SE),,0.5,,
54,True,,,Belgium First Div,,Union Saint-Gilloise,Anderlecht,Premium,,,,,,,,
54,False,,,Belgium First Div,,Club Brugge,Gent,Match Result,,,1.75,Coral,,0.4,,
54,True,,,La Liga 2 - Spain,,Real Valladolid CF,Deportivo La Coruña,Premium,,,,,,,,
54,False,,,La Liga 2 - Spain,,Real Valladolid CF,Deportivo La Coruña,Match Result,,,1.73,Betway,,0.4,,
54,False,,,Belgium First Div,,Union Saint-Gilloise,Anderlecht,Match Result,,,1.6,Betfair,,0.3,,
54,True,,,Belgium First Div,,Club Brugge,Gent,Premium,,,,,,,,
55,True,,,La Liga 2 - Spain,,Málaga,Real Racing Club de Santander,Premium,,,,,,,,
55,False,,,La Liga 2 - Spain,,Málaga,Real Racing Club de Santander,Match Result,,,1.67,Matchbook,,0.3,,
55,True,,,Eliteserien - Norway,,Kristiansund BK,Viking FK,Premium,,,,,,,,
55,True,,,Serie A - Italy,,Napoli,Udinese,Premium,,,,,,,,
55,False,,,Serie A - Italy,,Napoli,Udinese,Match Result,,,1.53,1xBet,,0.3,,
55,False,,,Eliteserien - Norway,,Kristiansund BK,Viking FK,Match Result,,,1.52,Betfair,,0.2,,
55,True,,,EPL,,Brighton and Hove Albion,Manchester United,Premium,,,,,,,,
55,False,,,EPL,,Tottenham Hotspur,Everton,Match Result,,,1.95,1xBet,,0.6,,
56,False,,,EPL,,Liverpool,Brentford,Match Result,,,1.88,Betfair,,0.6,,
56,True,,,EPL,,Liverpool,Brentford,Premium,,,,,,,,
56,True,,,EPL,,Nottingham Forest,Bournemouth,Premium,,,,,,,,
56,False,,,EPL,,Manchester City,Aston Villa,Match Result,,,1.34,GTbets,,0.1,,
56,False,,,EPL,,Nottingham Forest,Bournemouth,Match Result,,,2.1,Ladbrokes,,0.8,,
56,True,,,EPL,,Burnley,Wolverhampton Wanderers,Premium,,,,,,,,
56,False,,,EPL,,Burnley,Wolverhampton Wanderers,Match Result,,,2.44,Betfair,,1.0,,
56,True,,,EPL,,Tottenham Hotspur,Everton,Premium,,,,,,,,
56,False,,,EPL,,Crystal Palace,Arsenal,Match Result,,,1.83,Matchbook,,0.5,,
56,False,,,EPL,,West Ham United,Leeds United,Match Result,,,1.85,Betfair,,0.5,,
56,False,,,EPL,,Fulham,Newcastle United,Match Result,,,2.42,Smarkets,,0.9,,
57,True,,,EPL,,West Ham United,Leeds United,Premium,,,,,,,,
57,False,,,EPL,,Brighton and Hove Albion,Manchester United,Match Result,,,1.9,Betfair,,0.6,,
57,True,,,EPL,,Sunderland,Chelsea,Premium,,,,,,,,
57,True,,,Allsvenskan - Sweden,,Malmo FF,Västerås SK,Premium,,,,,,,,
57,False,,,Allsvenskan - Sweden,,Malmo FF,Västerås SK,Match Result,,,1.7,Coolbet,,0.4,,
57,False,,,La Liga 2 - Spain,,Andorra CF,AD Ceuta FC,Match Result,,,1.58,Betfair,,0.3,,
58,False,,,La Liga 2 - Spain,,Albacete,Real Sociedad B,Match Result,,,1.92,Matchbook,,0.6,,
58,True,,,La Liga 2 - Spain,,Andorra CF,AD Ceuta FC,Premium,,,,,,,,
58,True,,,Eliteserien - Norway,,Bodø/Glimt,SK Brann,Premium,,,,,,,,
58,False,,,Eliteserien - Norway,,Bodø/Glimt,SK Brann,Match Result,,,1.39,GTbets,,0.2,,
58,True,,,Eliteserien - Norway,,Bodø/Glimt,SK Brann,Premium,,,,,,,,
58,True,,,Serie A - Italy,,Parma,Sassuolo,Premium,,,,,,,,
58,False,,,Serie A - Italy,,Parma,Sassuolo,Match Result,,,2.72,LowVig.ag,,1.0,,
58,True,,,Superettan - Sweden,,Varbergs BoIS,GIF Sundsvall,Premium,,,,,,,,
58,False,,,Superettan - Sweden,,Varbergs BoIS,GIF Sundsvall,Match Result,,,1.66,LeoVegas (SE),,0.4,,
58,True,,,Allsvenskan - Sweden,,Hammarby IF,AIK,Premium,,,,,,,,
58,False,,,Allsvenskan - Sweden,,Hammarby IF,AIK,Match Result,,,1.53,GTbets,,0.3,,
59,True,,,League 1,,Bolton Wanderers,Stockport County FC,Premium,,,,,,,,
59,True,,,Super League - China,,Shanghai Shenhua FC,Shenzhen Peng City FC,Premium,,,,,,,,
59,True,,,Allsvenskan - Sweden,,IK Sirius,GAIS,Premium,,,,,,,,
59,False,,,League 1,,Bolton Wanderers,Stockport County FC,Match Result,,,2.65,LeoVegas,,1.2,,
59,False,,,Allsvenskan - Sweden,,IK Sirius,GAIS,Match Result,,,1.79,Matchbook,,0.5,,
59,True,,,Super League - China,,Shandong Luneng Taishan FC,Wuhan Three Towns,Premium,,,,,,,,
59,True,,,Super League - China,,Zhejiang,Liaoning Tieren FC,Premium,,,,,,,,
59,False,,,Super League - China,,Shandong Luneng Taishan FC,Wuhan Three Towns,Match Result,,,1.36,Betfair,,0.2,,
59,True,,,Super League - China,,Shandong Luneng Taishan FC,Wuhan Three Towns,Premium,,,,,,,,
59,False,,,Super League - China,,Zhejiang,Liaoning Tieren FC,Match Result,,,1.71,Unibet (NL),,0.5,,
59,False,,,Super League - China,,Yunnan Yukun,Qingdao West Coast FC,Match Result,,,1.96,Matchbook,,0.5,,
60,True,,,Super League - China,,Yunnan Yukun,Qingdao West Coast FC,Premium,,,,,,,,
60,True,,,Dutch Eredivisie,,Ajax,FC Utrecht,Premium,,,,,,,,
60,False,,,Dutch Eredivisie,,Ajax,FC Utrecht,Match Result,,,1.9,LowVig.ag,,0.5,,
60,True,,,Super League - China,,Qingdao Hainiu FC,Chongqing Tonglianglong FC,Premium,,,,,,,,
60,False,,,Super League - China,,Qingdao Hainiu FC,Chongqing Tonglianglong FC,Match Result,,,2.5,Betfair,,1.1,,
60,True,,,J League,,Shimizu S Pulse,Gamba Osaka,Premium,,,,,,,,
60,False,,,J League,,Shimizu S Pulse,Gamba Osaka,Match Result,,,2.48,Pinnacle,,0.9,,
60,False,,,J League,,Mito HollyHock,Kawasaki Frontale,Match Result,,,2.3,Pinnacle,,0.9,,
60,True,,,J League,,Mito HollyHock,Kawasaki Frontale,Premium,,,,,,,,
60,False,,,J League,,Tokyo Verdy,Yokohama F Marinos,Match Result,,,2.7,Pinnacle,,0.9,,
60,True,,,J League,,Tokyo Verdy,Yokohama F Marinos,Premium,,,,,,,,
60,True,,,J League,,Fagiano Okayama,Cerezo Osaka,Premium,,,,,,,,
61,False,,,J League,,Fagiano Okayama,Cerezo Osaka,Match Result,,,2.53,Pinnacle,,1.1,,
61,True,,,MLS,,LA Galaxy,Houston Dynamo,Premium,,,,,,,,
61,False,,,MLS,,LA Galaxy,Houston Dynamo,Match Result,,,2.06,Betfair,,0.6,,
61,False,,,MLS,,Colorado Rapids,FC Dallas,Match Result,,,2.52,Betfair,,1.0,,
61,False,,,MLS,,San Diego FC,Vancouver Whitecaps FC,Match Result,,,2.04,Betfair,,0.6,,
61,True,,,MLS,,Colorado Rapids,FC Dallas,Premium,,,,,,,,
61,True,,,MLS,,San Diego FC,Vancouver Whitecaps FC,Premium,,,,,,,,
61,False,,,MLS,,Portland Timbers,San Jose Earthquakes,Match Result,,,2.66,Betfair,,0.9,,
61,True,,,MLS,,Portland Timbers,San Jose Earthquakes,Premium,,,,,,,,
61,False,,,MLS,,Sporting Kansas City,New York Red Bulls,Match Result,,,2.16,Betfair,,0.7,,
61,True,,,MLS,,Chicago Fire,Toronto FC,Premium,,,,,,,,
61,False,,,MLS,,Chicago Fire,Toronto FC,Match Result,,,1.53,GTbets,,0.2,,
62,True,,,MLS,,Sporting Kansas City,New York Red Bulls,Premium,,,,,,,,
62,False,,,MLS,,Nashville SC,New York City FC,Match Result,,,1.8,1xBet,,0.5,,
62,False,,,Primera División - Chile,,Union La Calera,Palestino,Match Result,,,2.8,Betfair,,1.0,,
62,False,,,Brazil Série A,,Flamengo,Palmeiras,Match Result,,,1.88,Matchbook,,0.6,,
62,True,,,Primera División - Chile,,Union La Calera,Palestino,Premium,,,,,,,,
62,True,,,Brazil Série A,,Flamengo,Palmeiras,Premium,,,,,,,,
62,False,,,MLS,,D.C. United,CF Montreal,Match Result,,,2.02,Betfair,,0.5,,
62,False,,,MLS,,FC Cincinnati,Orlando City SC,Match Result,,,1.67,Betfair,,0.4,,
62,False,,,MLS,,Charlotte FC,New England Revolution,Match Result,,,1.88,LeoVegas (SE),,0.6,,
62,False,,,Brazil Série B,,Juventude,Sport Recife,Match Result,,,2.3,Matchbook,,0.9,,
62,True,,,Brazil Série B,,Juventude,Sport Recife,Premium,,,,,,,,
63,True,,,MLS,,FC Cincinnati,Orlando City SC,Premium,,,,,,,,
63,True,,,MLS,,D.C. United,CF Montreal,Premium,,,,,,,,
63,False,,,Brazil Série A,,Grêmio,Santos,Match Result,,,2.28,Matchbook,,0.8,,
63,True,,,Brazil Série A,,Mirassol,Fluminense,Premium,,,,,,,,
63,True,,,Brazil Série A,,Grêmio,Santos,Premium,,,,,,,,
63,False,,,Brazil Série A,,Mirassol,Fluminense,Match Result,,,2.76,Matchbook,,1.0,,
63,True,,,Primera División - Chile,,Universidad de Chile,O'Higgins,Premium,,,,,,,,
63,True,,,Brazil Série B,,Fortaleza,Londrina,Premium,,,,,,,,
63,False,,,Primera División - Chile,,Universidad de Chile,O'Higgins,Match Result,,,1.72,TABtouch,,0.4,,
63,False,,,Brazil Série B,,Fortaleza,Londrina,Match Result,,,1.61,Betfair,,0.3,,
63,False,,,MLS,,Minnesota United FC,Real Salt Lake,Match Result,,,2.14,LeoVegas,,0.8,,
64,True,,,MLS,,Minnesota United FC,Real Salt Lake,Premium,,,,,,,,
64,False,,,Brazil Série A,,Sao Paulo,Botafogo,Match Result,,,1.98,GTbets,,0.5,,
64,True,,,Brazil Série A,,Sao Paulo,Botafogo,Premium,,,,,,,,
64,True,,,Brazil Série A,,Vitoria,Internacional,Premium,,,,,,,,
64,False,,,Brazil Série A,,Vitoria,Internacional,Match Result,,,2.62,Matchbook,,1.0,,
64,True,,,La Liga - Spain,,Real Betis,Levante,Premium,,,,,,,,
64,True,,,La Liga - Spain,,Celta Vigo,Sevilla,Premium,,,,,,,,
64,False,,,La Liga - Spain,,Mallorca,Oviedo,Match Result,,,1.53,1xBet,,0.3,,
64,False,,,Brazil Série B,,Grêmio Novorizontino,Ceará,Match Result,,,2.24,Matchbook,,0.8,,
64,True,,,Brazil Série B,,Grêmio Novorizontino,Ceará,Premium,,,,,,,,
64,False,,,La Liga - Spain,,Girona,Elche CF,Match Result,,,1.88,1xBet,,0.6,,
64,False,,,Primera División - Chile,,Ñublense,Universidad de Concepción,Match Result,,,1.83,Grosvenor,,0.5,,
65,False,,,La Liga - Spain,,Getafe,CA Osasuna,Match Result,,,2.74,Betfair,,1.0,,
65,True,,,La Liga - Spain,,Alavés,Rayo Vallecano,Premium,,,,,,,,
65,False,,,La Liga - Spain,,Real Betis,Levante,Match Result,,,2.36,1xBet,,0.9,,
65,False,,,La Liga - Spain,,Celta Vigo,Sevilla,Match Result,,,1.81,Matchbook,,0.5,,
65,True,,,Primera División - Chile,,Ñublense,Universidad de Concepción,Premium,,,,,,,,
65,True,,,La Liga - Spain,,Valencia,Barcelona,Premium,,,,,,,,
65,False,,,La Liga - Spain,,Valencia,Barcelona,Match Result,,,1.95,Fanatics,,0.4,,
66,False,,,La Liga - Spain,,Alavés,Rayo Vallecano,Match Result,,,2.56,Betfair,,1.1,,
66,False,,,Serie A - Italy,,Lazio,Pisa,Match Result,,,1.61,1xBet,,0.3,,
66,True,,,Belgium First Div,,Leuven,Genk,Premium,,,,,,,,
66,False,,,Belgium First Div,,Royal Antwerp,Westerlo,Match Result,,,2.05,BetAnything,,0.7,,
66,True,,,MLS,,St. Louis City SC,Austin FC,Premium,,,,,,,,
66,True,,,Belgium First Div,,Royal Antwerp,Westerlo,Premium,,,,,,,,
66,True,,,Serie A - Italy,,Lazio,Pisa,Premium,,,,,,,,
66,True,,,Belgium First Div,,Standard Liege,Charleroi,Premium,,,,,,,,
66,False,,,MLS,,St. Louis City SC,Austin FC,Match Result,,,1.73,Matchbook,,0.3,,
66,False,,,Belgium First Div,,Standard Liege,Charleroi,Match Result,,,2.2,Betfair,,0.6,,
67,False,,,Belgium First Div,,Leuven,Genk,Match Result,,,1.92,Betfair,,0.6,,
67,True,,,Dutch Eredivisie,,FC Volendam,Willem II,Premium,,,,,,,,
67,False,,,Dutch Eredivisie,,FC Volendam,Willem II,Match Result,,,2.2,Unibet (UK),,0.8,,
67,False,,,Primera División - Chile,,Audax Italiano,Cobresal,Match Result,,,1.85,Unibet (SE),,0.5,,
67,True,,,Primera División - Chile,,Audax Italiano,Cobresal,Premium,,,,,,,,
67,True,,,Belgium First Div,,Dender,Lommel SK,Premium,,,,,,,,
67,False,,,Belgium First Div,,Dender,Lommel SK,Match Result,,,2.15,BetMGM,,0.7,,
67,True,,,Serie A - Italy,,Bologna,Inter Milan,Premium,,,,,,,,
67,True,,,UEFA Champions League Women,,Barcelona,Lyon,Premium,,,,,,,,
67,False,,,Serie A - Italy,,Bologna,Inter Milan,Match Result,,,2.32,Betfair,,0.9,,
67,True,,,UEFA Champions League Women,,Barcelona,Lyon,Premium,,,,,,,,
67,False,,,UEFA Champions League Women,,Barcelona,Lyon,Match Result,,,1.37,Coolbet,,0.2,,
68,True,,,Ekstraklasa - Poland,,Lech Poznań,Wisła Płock,Premium,,,,,,,,
68,True,,,Ekstraklasa - Poland,,Lech Poznań,Wisła Płock,Premium,,,,,,,,
68,True,,,Ekstraklasa - Poland,,Jagiellonia Białystok,Zagłębie Lubin,Premium,,,,,,,,
68,True,,,Ekstraklasa - Poland,,Legia Warszawa,Motor Lublin,Premium,,,,,,,,
68,True,,,Ekstraklasa - Poland,,Górnik Zabrze,Radomiak Radom,Premium,,,,,,,,
68,True,,,Ekstraklasa - Poland,,Widzew Łódź,Piast Gliwice,Premium,,,,,,,,
68,False,,,Ekstraklasa - Poland,,Nieciecza,Lechia Gdańsk,Match Result,,,1.78,Coolbet,,0.5,,
68,True,,,Ekstraklasa - Poland,,Cracovia Kraków,Korona Kielce,Premium,,,,,,,,
68,False,,,Ekstraklasa - Poland,,Pogoń Szczecin,GKS Katowice,Match Result,,,2.43,Unibet,,1.0,,
68,True,,,Ekstraklasa - Poland,,Raków Częstochowa,Arka Gdynia,Premium,,,,,,,,
68,False,,,Ekstraklasa - Poland,,Raków Częstochowa,Arka Gdynia,Match Result,,,1.38,Betfair,,0.2,,
68,True,,,Ekstraklasa - Poland,,Pogoń Szczecin,GKS Katowice,Premium,,,,,,,,
69,False,,,Ekstraklasa - Poland,,Cracovia Kraków,Korona Kielce,Match Result,,,2.24,Smarkets,,0.9,,
69,True,,,Championship,,Hull City,Southampton,Premium,,,,,,,,
69,True,,,Premier League - Russia,,FC Akron Tolyatti,FC Rotor Volgograd,Premium,,,,,,,,
69,False,,,Ekstraklasa - Poland,,Jagiellonia Białystok,Zagłębie Lubin,Match Result,,,1.68,Unibet (NL),,0.4,,
69,False,,,Ekstraklasa - Poland,,Górnik Zabrze,Radomiak Radom,Match Result,,,1.48,BetMGM,,0.2,,
70,False,,,Superettan - Sweden,,Falkenbergs FF,IFK Värnamo,Match Result,,,2.47,Coolbet,,0.9,,
70,True,,,Superettan - Sweden,,Falkenbergs FF,IFK Värnamo,Premium,,,,,,,,
70,True,,,Championship,,Hull City,Middlesbrough,Premium,,,,,,,,
70,False,,,Championship,,Hull City,Middlesbrough,Match Result,,,1.98,Smarkets,,0.6,,
70,True,,,Veikkausliiga - Finland,,SJK Seinäjoki,AC Oulu,Premium,,,,,,,,
70,True,,,Veikkausliiga - Finland,,Ilves Tampere,IF Gnistan,Premium,,,,,,,,
70,False,,,Veikkausliiga - Finland,,KuPS Kuopio,FC Lahti,Match Result,,,1.63,Betfair,,0.3,,
70,False,,,Veikkausliiga - Finland,,Jaro,IFK Mariehamn,Match Result,,,2.0,Betfair,,0.6,,
70,True,,,Veikkausliiga - Finland,,KuPS Kuopio,FC Lahti,Premium,,,,,,,,
70,True,,,Veikkausliiga - Finland,,Jaro,IFK Mariehamn,Premium,,,,,,,,
70,False,,,Veikkausliiga - Finland,,Ilves Tampere,IF Gnistan,Match Result,,,2.14,Betfair,,0.7,,
70,False,,,Veikkausliiga - Finland,,SJK Seinäjoki,AC Oulu,Match Result,,,2.68,Betfair,,0.9,,
71,True,,,Premier League - Russia,,FC Dynamo Makhachkala,Ural Sverdlovsk Oblast,Premium,,,,,,,,
71,True,,,Superettan - Sweden,,IK Oddevold,Östersunds FK,Premium,,,,,,,,
71,True,,,Allsvenskan - Sweden,,Halmstads BK,Örgryte IS,Premium,,,,,,,,
71,False,,,Premier League - Russia,,FC Dynamo Makhachkala,Ural Sverdlovsk Oblast,Match Result,,,2.0,BetOnline.ag,,0.7,,
71,True,,,Allsvenskan - Sweden,,Kalmar FF,Degerfors IF,Premium,,,,,,,,
71,False,,,Superettan - Sweden,,IK Oddevold,Östersunds FK,Match Result,,,2.12,Unibet (SE),,0.8,,
71,False,,,Superettan - Sweden,,Nordic United FC,IK Brage,Match Result,,,2.25,Unibet (SE),,0.8,,
71,True,,,Superettan - Sweden,,Nordic United FC,IK Brage,Premium,,,,,,,,
71,False,,,Allsvenskan - Sweden,,Halmstads BK,Örgryte IS,Match Result,,,2.28,Unibet (SE),,0.8,,
71,False,,,Allsvenskan - Sweden,,Kalmar FF,Degerfors IF,Match Result,,,2.1,Unibet (SE),,0.8,,
71,True,,,Super League - China,,Dalian Yingbo,Chengdu Rongcheng FC,Premium,,,,,,,,
71,False,,,Super League - China,,Dalian Yingbo,Chengdu Rongcheng FC,Match Result,,,1.92,Betfair,,0.6,,
72,False,,,Super League - China,,Beijing FC,Henan FC,Match Result,,,1.7,Unibet,,0.4,,
72,True,,,Super League - China,,Beijing FC,Henan FC,Premium,,,,,,,,
72,True,,,Super League - China,,Shanghai SIPG FC,Tianjin Jinmen Tiger FC,Premium,,,,,,,,
72,True,,,Superettan - Sweden,,Norrby IF,Ljungskile SK,Premium,,,,,,,,
72,False,,,Super League - China,,Shanghai SIPG FC,Tianjin Jinmen Tiger FC,Match Result,,,1.77,Matchbook,,0.5,,
72,False,,,Superettan - Sweden,,Norrby IF,Ljungskile SK,Match Result,,,2.42,Coolbet,,1.0,,
72,False,,,Veikkausliiga - Finland,,FC Inter Turku,TPS Turku,Match Result,,,1.56,Coolbet,,0.3,,
72,True,,,Veikkausliiga - Finland,,FC Inter Turku,TPS Turku,Premium,,,,,,,,
72,True,,,J League,,Kyoto Purple Sanga,V-Varen Nagasaki,Premium,,,,,,,,
72,False,,,J League,,Kyoto Purple Sanga,V-Varen Nagasaki,Match Result,,,1.95,Unibet (UK),,0.5,,
72,False,,,J League,,Kashiwa Reysol,JEF United Chiba,Match Result,,,1.54,Unibet (UK),,0.3,,
72,True,,,J League,,Kashiwa Reysol,JEF United Chiba,Premium,,,,,,,,
73,True,,,J League,,Kashima Antlers,FC Tokyo,Premium,,,,,,,,
73,False,,,J League,,Kashima Antlers,FC Tokyo,Match Result,,,2.58,Pinnacle,,0.9,,
73,False,,,A-League,,Auckland FC,Sydney FC,Match Result,,,2.22,Betfair,,0.7,,
73,True,,,A-League,,Auckland FC,Sydney FC,Premium,,,,,,,,
73,False,,,J League,,Avispa Fukuoka,Vissel Kobe,Match Result,,,1.78,Pinnacle,,0.5,,
73,False,,,J League,,Hiroshima Sanfrecce FC,Nagoya Grampus,Match Result,,,1.71,Pinnacle,,0.4,,
73,True,,,J League,,Avispa Fukuoka,Vissel Kobe,Premium,,,,,,,,
73,True,,,J League,,Hiroshima Sanfrecce FC,Nagoya Grampus,Premium,,,,,,,,
73,True,,,Brazil Série B,,Avai,Goiás,Premium,,,,,,,,
73,False,,,Brazil Série B,,Avai,Goiás,Match Result,,,2.42,BetOnline.ag,,0.7,,
73,True,,,Championship,,Hull City,Middlesbrough,Premium,,,,,,,,
73,False,,,Championship,,Hull City,Middlesbrough,Match Result,,,2.02,Matchbook,,0.6,,
74,True,,,Brazil Série B,,Nautico PE,Cuiabá,Premium,,,,,,,,
74,False,,,Brazil Série B,,Nautico PE,Cuiabá,Match Result,,,1.98,Betfair,,0.7,,
74,True,,,League of Ireland,,Drogheda United,Dundalk,Premium,,,,,,,,
74,True,,,League of Ireland,,Shamrock Rovers,Sligo Rovers,Premium,,,,,,,,
74,False,,,League of Ireland,,Drogheda United,Dundalk,Match Result,,,2.2,LeoVegas,,0.9,,
74,True,,,Primera División - Chile,,Everton de Viña del Mar,Coquimbo Unido,Premium,,,,,,,,
74,True,,,League of Ireland,,Shamrock Rovers,Sligo Rovers,Premium,,,,,,,,
74,True,,,Coupe de France,,RC Lens,Nice,Premium,,,,,,,,
74,False,,,Primera División - Chile,,Everton de Viña del Mar,Coquimbo Unido,Match Result,,,2.52,Betfair,,1.1,,
74,False,,,Coupe de France,,RC Lens,Nice,Match Result,,,1.52,Betfair,,0.2,,
74,False,,,League of Ireland,,Shamrock Rovers,Sligo Rovers,Match Result,,,1.35,Betfair,,0.1,,
74,False,,,League of Ireland,,Derry City,St Patricks Athletic,Match Result,,,2.54,Betfair,,0.8,,
75,True,,,Serie A - Italy,,Fiorentina,Atalanta BC,Premium,,,,,,,,
75,False,,,Serie A - Italy,,Fiorentina,Atalanta BC,Match Result,,,2.7,Unibet (NL),,1.2,,
75,False,,,League of Ireland,,Shelbourne Dublin,Waterford FC,Match Result,,,1.37,Betfair,,0.1,,
75,True,,,League of Ireland,,Shelbourne Dublin,Waterford FC,Premium,,,,,,,,
75,True,,,League of Ireland,,Derry City,St Patricks Athletic,Premium,,,,,,,,
75,True,,,League of Ireland,,Shelbourne Dublin,Waterford FC,Premium,,,,,,,,
75,True,,,League of Ireland,,Galway United,Bohemians,Premium,,,,,,,,
75,False,,,Bundesliga 2 - Germany,,Rot-Weiss Essen,Greuther Fürth,Match Result,,,2.5,Winamax (DE),,0.8,,
75,True,,,Bundesliga 2 - Germany,,Rot-Weiss Essen,Greuther Fürth,Premium,,,,,,,,
75,False,,,Serie B - Italy,,Südtirol,Bari,Match Result,,,2.04,Matchbook,,0.7,,
75,True,,,Serie B - Italy,,Südtirol,Bari,Premium,,,,,,,,
76,True,,,Austrian Football Bundesliga,,Ried,Rapid Wien,Premium,,,,,,,,
76,False,,,Austrian Football Bundesliga,,Ried,Rapid Wien,Match Result,,,2.6,Matchbook,,0.9,,
76,False,,,Allsvenskan - Sweden,,Djurgardens IF,IF Brommapojkarna,Match Result,,,1.47,Coolbet,,0.2,,
76,True,,,Allsvenskan - Sweden,,Djurgardens IF,IF Brommapojkarna,Premium,,,,,,,,
76,False,,,Veikkausliiga - Finland,,VPS Vaasa,HJK Helsinki,Match Result,,,2.02,Betfair,,0.7,,
76,True,,,Veikkausliiga - Finland,,VPS Vaasa,HJK Helsinki,Premium,,,,,,,,
76,True,,,J League,,FC Machida Zelvia,Urawa Red Diamonds,Premium,,,,,,,,
76,False,,,J League,,FC Machida Zelvia,Urawa Red Diamonds,Match Result,,,2.35,Pinnacle,,0.8,,
76,True,,,Copa Sudamericana,,Macará,Alianza Atlético,Premium,,,,,,,,
76,False,,,Copa Sudamericana,,Macará,Alianza Atlético,Match Result,,,1.5,Casumo,,0.3,,
76,True,,,Liga MX,,Cruz Azul,Pumas,Premium,,,,,,,,
76,True,,,Copa Sudamericana,,Macará,Alianza Atlético,Premium,,,,,,,,
77,True,,,Copa Libertadores,,Peñarol Montevideo,Corinthians-SP,Premium,,,,,,,,
77,False,,,Copa Libertadores,,Peñarol Montevideo,Corinthians-SP,Match Result,,,2.65,Unibet (NL),,1.0,,
77,True,,,Copa Sudamericana,,Blooming,Carabobo FC,Premium,,,,,,,,
77,False,,,Copa Libertadores,,Universidad Católica (CHI),Barcelona SC,Match Result,,,1.77,Bovada,,0.5,,
77,False,,,Copa Sudamericana,,Blooming,Carabobo FC,Match Result,,,2.42,Matchbook,,0.7,,
77,True,,,Copa Libertadores,,Universidad Católica (CHI),Barcelona SC,Premium,,,,,,,,
77,False,,,Copa Sudamericana,,Racing Club,Caracas FC,Match Result,,,1.2,Smarkets,,0.0,,
77,True,,,Copa Sudamericana,,Racing Club,Caracas FC,Premium,,,,,,,,
77,True,,,Copa Sudamericana,,Racing Club,Caracas FC,Premium,,,,,,,,
77,True,,,Copa Sudamericana,,Clube Atlético Mineiro,Club Cienciano,Premium,,,,,,,,
77,True,,,Copa Libertadores,,Deportivo La Guaira,Independiente Rivadavia,Premium,,,,,,,,
78,True,,,Copa Sudamericana,,Puerto Cabello,CA Juventud,Premium,,,,,,,,
78,False,,,Copa Libertadores,,Deportivo La Guaira,Independiente Rivadavia,Match Result,,,1.87,Bovada,,0.4,,
78,False,,,Copa Sudamericana,,Clube Atlético Mineiro,Club Cienciano,Match Result,,,1.23,Matchbook,,0.0,,
78,False,,,Copa Sudamericana,,Puerto Cabello,CA Juventud,Match Result,,,2.3,Matchbook,,0.9,,
78,False,,,Premiership - Scotland,,Partick Thistle,St Mirren,Match Result,,,2.63,Pinnacle,,1.1,,
78,False,,,Dutch Eredivisie,,FC Utrecht,Heerenveen,Match Result,,,2.04,Smarkets,,0.7,,
78,True,,,Dutch Eredivisie,,FC Utrecht,Heerenveen,Premium,,,,,,,,
78,True,,,Premiership - Scotland,,Partick Thistle,St Mirren,Premium,,,,,,,,
78,False,,,Belgium First Div,,KV Mechelen,Club Brugge,Match Result,,,1.37,Betfair,,0.2,,
78,True,,,Belgium First Div,,KV Mechelen,Club Brugge,Premium,,,,,,,,
78,True,,,Bundesliga 2 - Germany,,VfL Wolfsburg,SC Paderborn,Premium,,,,,,,,
79,True,,,Belgium First Div,,Gent,Union Saint-Gilloise,Premium,,,,,,,,
79,False,,,Belgium First Div,,Anderlecht,Sint Truiden,Match Result,,,2.28,Betfair,,0.9,,
79,True,,,Belgium First Div,,Anderlecht,Sint Truiden,Premium,,,,,,,,
79,False,,,Saudi Pro League,,Al-Riyadh,Al-Okhdood,Match Result,,,1.44,Coral,,0.2,,
79,False,,,Saudi Pro League,,Al-Kholood,Al-Fateh,Match Result,,,2.5,Coral,,0.8,,
79,True,,,Saudi Pro League,,Al-Riyadh,Al-Okhdood,Premium,,,,,,,,
79,False,,,Saudi Pro League,,Al-Ittihad,Al-Qadsiah,Match Result,,,2.46,Betfair,,0.9,,
79,False,,,Saudi Pro League,,Al-Hazem,Al-Taawoun,Match Result,,,1.83,Coral,,0.5,,
79,False,,,Saudi Pro League,,Neom,Al-Ettifaq,Match Result,,,1.91,Ladbrokes,,0.6,,
80,True,,,Saudi Pro League,,Al-Fayha,Al-Hilal,Premium,,,,,,,,
80,True,,,Saudi Pro League,,Al-Fayha,Al-Hilal,Premium,,,,,,,,
80,True,,,Saudi Pro League,,Al-Nassr,Damac,Premium,,,,,,,,
80,True,,,Saudi Pro League,,Al-Kholood,Al-Fateh,Premium,,,,,,,,
80,True,,,Saudi Pro League,,Al-Hazem,Al-Taawoun,Premium,,,,,,,,
80,True,,,Allsvenskan - Sweden,,IF Elfsborg,Mjällby AIF,Premium,,,,,,,,
80,False,,,Allsvenskan - Sweden,,IF Elfsborg,Mjällby AIF,Match Result,,,2.6,Matchbook,,0.9,,
80,True,,,Dutch Eredivisie,,Ajax,Groningen,Premium,,,,,,,,
81,False,,,Denmark Superliga,,Brondby IF,FC Copenhagen,Match Result,,,2.34,Betfair,,0.8,,
81,True,,,Denmark Superliga,,Brondby IF,FC Copenhagen,Premium,,,,,,,,
81,True,,,Super League - Greece,,Panetolikos Agrinio,Asteras Tripolis,Premium,,,,,,,,
81,False,,,Super League - Greece,,AE Kifisia FC,AEL,Match Result,,,2.26,Betfair,,0.7,,
81,True,,,Super League - Greece,,Atromitos Athens,Panserraikos FC,Premium,,,,,,,,
81,False,,,Super League - Greece,,Panetolikos Agrinio,Asteras Tripolis,Match Result,,,2.66,Betfair,,0.9,,
81,False,,,Super League - Greece,,Atromitos Athens,Panserraikos FC,Match Result,,,1.59,BetOnline.ag,,0.3,,
81,True,,,Super League - Greece,,AE Kifisia FC,AEL,Premium,,,,,,,,
81,True,,,Copa Libertadores,,Cusco FC,Independiente Medellín,Premium,,,,,,,,
81,True,,,Copa Libertadores,,Junior FC,Sporting Cristal,Premium,,,,,,,,
81,False,,,Copa Libertadores,,Junior FC,Sporting Cristal,Match Result,,,1.77,1xBet,,0.5,,
82,False,,,Copa Libertadores,,Cusco FC,Independiente Medellín,Match Result,,,2.45,GTbets,,0.8,,
82,False,,,Copa Libertadores,,Flamengo-RJ,Estudiantes La Plata,Match Result,,,1.46,Betfair,,0.2,,
82,False,,,Copa Sudamericana,,River Plate,Bragantino-SP,Match Result,,,2.68,Betfair,,0.9,,
82,False,,,Copa Libertadores,,Palmeiras-SP,Cerro Porteño,Match Result,,,1.33,BetUS,,0.1,,
82,False,,,Copa Libertadores,,LDU Quito,Lanus,Match Result,,,1.95,Betr,,0.6,,
82,True,,,Copa Libertadores,,Palmeiras-SP,Cerro Porteño,Premium,,,,,,,,
82,True,,,Copa Libertadores,,Palmeiras-SP,Cerro Porteño,Premium,,,,,,,,
82,True,,,Copa Libertadores,,Flamengo-RJ,Estudiantes La Plata,Premium,,,,,,,,
82,True,,,Copa Sudamericana,,River Plate,Bragantino-SP,Premium,,,,,,,,
82,True,,,Copa Libertadores,,LDU Quito,Lanus,Premium,,,,,,,,
82,False,,,Copa Sudamericana,,Grêmio,Palestino,Match Result,,,1.4,Casumo,,0.1,,
82,False,,,Liga MX,,Cruz Azul,Pumas,Match Result,,,1.75,Pinnacle,,0.5,,
83,True,,,Copa Sudamericana,,Grêmio,Palestino,Premium,,,,,,,,
83,True,,,Copa Sudamericana,,Club Independiente Petrolero,Botafogo,Premium,,,,,,,,
83,True,,,Liga MX,,Cruz Azul,Pumas,Premium,,,,,,,,
83,True,,,Copa Sudamericana,,Grêmio,Palestino,Premium,,,,,,,,
83,True,,,Copa Sudamericana,,CA Boston River,O'Higgins,Premium,,,,,,,,
83,True,,,Copa Sudamericana,,Olimpia Asunción,Vasco da Gama,Premium,,,,,,,,
83,False,,,Copa Sudamericana,,CA Boston River,O'Higgins,Match Result,,,2.05,Coolbet,,0.7,,
83,False,,,Copa Sudamericana,,Santos,San Lorenzo,Match Result,,,1.85,1xBet,,0.6,,
83,False,,,Copa Libertadores,,Nacional de Montevideo,Club Universitario de Deportes,Match Result,,,1.91,BetUS,,0.6,,
83,True,,,Copa Sudamericana,,Santos,San Lorenzo,Premium,,,,,,,,
84,True,,,Copa Libertadores,,Nacional de Montevideo,Club Universitario de Deportes,Premium,,,,,,,,
84,False,,,UEFA Europa League,,SC Freiburg,Aston Villa,Match Result,,,1.75,Betsson,,0.4,,
84,True,,,UEFA Europa League,,SC Freiburg,Aston Villa,Premium,,,,,,,,
84,True,,,Saudi Pro League,,Al-Khaleej,Al-Ahli,Premium,,,,,,,,
84,False,,,Serie B - Italy,,Palermo,US Catanzaro 1929,Match Result,,,1.9,Coolbet,,0.5,,
84,True,,,Saudi Pro League,,Al-Najma,Al-Shabab,Premium,,,,,,,,
84,False,,,Eliteserien - Norway,,Aalesund,SK Brann,Match Result,,,1.93,Betfair,,0.6,,
84,False,,,Saudi Pro League,,Al-Najma,Al-Shabab,Match Result,,,1.5,Coral,,0.2,,
84,True,,,Serie B - Italy,,Palermo,US Catanzaro 1929,Premium,,,,,,,,
84,False,,,Saudi Pro League,,Al-Khaleej,Al-Ahli,Match Result,,,1.5,Coral,,0.2,,
84,True,,,Eliteserien - Norway,,Aalesund,SK Brann,Premium,,,,,,,,
85,True,,,Eliteserien - Norway,,Lillestrom,Kristiansund BK,Premium,,,,,,,,
85,False,,,Eliteserien - Norway,,Lillestrom,Kristiansund BK,Match Result,,,1.43,Betfair,,0.2,,
85,True,,,Allsvenskan - Sweden,,GAIS,Hammarby IF,Premium,,,,,,,,
85,False,,,Allsvenskan - Sweden,,GAIS,Hammarby IF,Match Result,,,2.18,Betfair,,0.6,,
85,False,,,Dutch Eredivisie,,Willem II,FC Volendam,Match Result,,,2.18,Pinnacle,,0.8,,
85,True,,,Dutch Eredivisie,,Willem II,FC Volendam,Premium,,,,,,,,
85,False,,,Premier League - Russia,,FC Rotor Volgograd,FC Akron Tolyatti,Match Result,,,2.54,Pinnacle,,0.9,,
85,True,,,Premier League - Russia,,FC Rotor Volgograd,FC Akron Tolyatti,Premium,,,,,,,,
85,True,,,Veikkausliiga - Finland,,KuPS Kuopio,Jaro,Premium,,,,,,,,
85,True,,,Eliteserien - Norway,,IK Start,Bodø/Glimt,Premium,,,,,,,,
85,True,,,Eliteserien - Norway,,IK Start,Bodø/Glimt,Premium,,,,,,,,
85,False,,,Veikkausliiga - Finland,,KuPS Kuopio,Jaro,Match Result,,,1.41,Nordic Bet,,0.2,,
86,True,,,Veikkausliiga - Finland,,Ilves Tampere,FC Inter Turku,Premium,,,,,,,,
86,False,,,Veikkausliiga - Finland,,Ilves Tampere,FC Inter Turku,Match Result,,,2.1,Betfair,,0.6,,
86,False,,,Premier League - Russia,,Ural Sverdlovsk Oblast,FC Dynamo Makhachkala,Match Result,,,2.55,Marathon Bet,,1.0,,
86,True,,,Premier League - Russia,,Ural Sverdlovsk Oblast,FC Dynamo Makhachkala,Premium,,,,,,,,
86,False,,,Super League - China,,Zhejiang,Shandong Luneng Taishan FC,Match Result,,,2.34,Betfair,,0.8,,
86,True,,,Super League - China,,Zhejiang,Shandong Luneng Taishan FC,Premium,,,,,,,,
86,False,,,Super League - China,,Chongqing Tonglianglong FC,Yunnan Yukun,Match Result,,,2.7,Grosvenor,,0.9,,
86,True,,,Super League - China,,Chongqing Tonglianglong FC,Yunnan Yukun,Premium,,,,,,,,
86,False,,,Super League - China,,Shanghai Shenhua FC,Wuhan Three Towns,Match Result,,,1.6,Betfair,,0.3,,
86,True,,,Super League - China,,Shanghai Shenhua FC,Wuhan Three Towns,Premium,,,,,,,,
86,True,,,Super League - China,,Liaoning Tieren FC,Qingdao Hainiu FC,Premium,,,,,,,,
87,False,,,Super League - China,,Liaoning Tieren FC,Qingdao Hainiu FC,Match Result,,,2.28,TABtouch,,0.8,,
87,True,,,Copa Sudamericana,,América de Cali,CA Tigre BA,Premium,,,,,,,,
87,True,,,Copa Libertadores,,Independiente del Valle,Libertad Asuncion,Premium,,,,,,,,
87,False,,,Copa Libertadores,,Independiente del Valle,Libertad Asuncion,Match Result,,,1.36,theScore Bet,,0.2,,
87,False,,,Copa Sudamericana,,América de Cali,CA Tigre BA,Match Result,,,2.04,Matchbook,,0.6,,
87,False,,,Copa Sudamericana,,C.D. Cuenca,Recoleta FC,Match Result,,,1.68,Unibet (NL),,0.4,,
87,True,,,Copa Libertadores,,Independiente del Valle,Libertad Asuncion,Premium,,,,,,,,
87,True,,,Copa Sudamericana,,C.D. Cuenca,Recoleta FC,Premium,,,,,,,,
87,False,,,Copa Libertadores,,Boca Juniors,Cruzeiro,Match Result,,,2.01,1xBet,,0.6,,
87,True,,,Copa Libertadores,,Boca Juniors,Cruzeiro,Premium,,,,,,,,
87,True,,,Copa Sudamericana,,Sao Paulo,Millonarios,Premium,,,,,,,,
87,False,,,Copa Sudamericana,,Sao Paulo,Millonarios,Match Result,,,1.65,Unibet,,0.4,,
88,True,,,Copa Libertadores,,Club Always Ready,Mirassol,Premium,,,,,,,,
88,False,,,Copa Libertadores,,Independiente Santa Fe,Platense,Match Result,,,2.25,Coolbet,,0.8,,
88,True,,,Copa Libertadores,,Independiente Santa Fe,Platense,Premium,,,,,,,,
88,False,,,Copa Libertadores,,Club Always Ready,Mirassol,Match Result,,,1.7,Unibet (UK),,0.4,,
88,False,,,Copa Libertadores,,Coquimbo Unido,Deportes Tolima,Match Result,,,2.22,Betfair,,0.7,,
88,True,,,Copa Libertadores,,Fluminense-RJ,Club Bolívar,Premium,,,,,,,,
88,False,,,Copa Sudamericana,,Montevideo City Torque,Deportivo Riestra,Match Result,,,2.22,Matchbook,,0.8,,
88,False,,,Copa Sudamericana,,Audax Italiano,Barracas Central,Match Result,,,2.52,Matchbook,,0.8,,
88,False,,,Copa Libertadores,,Fluminense-RJ,Club Bolívar,Match Result,,,1.25,Smarkets,,0.1,,
88,True,,,Copa Libertadores,,Rosario Central,UCV FC,Premium,,,,,,,,
88,True,,,Copa Sudamericana,,Audax Italiano,Barracas Central,Premium,,,,,,,,
88,True,,,Copa Sudamericana,,Montevideo City Torque,Deportivo Riestra,Premium,,,,,,,,
89,True,,,Copa Libertadores,,Rosario Central,UCV FC,Premium,,,,,,,,
89,True,,,Copa Libertadores,,Fluminense-RJ,Club Bolívar,Premium,,,,,,,,
89,False,,,EPL,,Chelsea,Tottenham Hotspur,Match Result,,,2.06,1xBet,,0.7,,
89,True,,,EPL,,Chelsea,Tottenham Hotspur,Premium,,,,,,,,
89,True,,,Belgium First Div,,Charleroi,Leuven,Premium,,,,,,,,
89,False,,,Belgium First Div,,Westerlo,Standard Liege,Match Result,,,2.02,Betfair,,0.5,,
89,True,,,Belgium First Div,,Westerlo,Standard Liege,Premium,,,,,,,,
89,False,,,Belgium First Div,,Genk,Royal Antwerp,Match Result,,,1.65,Coral,,0.3,,
89,False,,,Belgium First Div,,Charleroi,Leuven,Match Result,,,1.79,Betfair,,0.5,,
89,True,,,EPL,,Bournemouth,Manchester City,Premium,,,,,,,,
90,True,,,Serie B - Italy,,Monza,Juve Stabia,Premium,,,,,,,,
90,False,,,Serie B - Italy,,Monza,Juve Stabia,Match Result,,,1.72,Betfair,,0.5,,
90,True,,,Superettan - Sweden,,Helsingborgs IF,Varbergs BoIS,Premium,,,,,,,,
90,False,,,Superettan - Sweden,,Helsingborgs IF,Varbergs BoIS,Match Result,,,2.67,Coolbet,,1.0,,
90,False,,,Austrian Football Bundesliga,,Ried,Wolfsberger AC,Match Result,,,2.3,Betfair,,0.8,,
90,True,,,Austrian Football Bundesliga,,Ried,Wolfsberger AC,Premium,,,,,,,,
90,True,,,Super League - China,,Chengdu Rongcheng FC,Shanghai SIPG FC,Premium,,,,,,,,
90,True,,,Super League - China,,Qingdao West Coast FC,Beijing FC,Premium,,,,,,,,
90,False,,,Super League - China,,Qingdao West Coast FC,Beijing FC,Match Result,,,2.1,Betfair,,0.6,,
90,False,,,Super League - China,,Chengdu Rongcheng FC,Shanghai SIPG FC,Match Result,,,1.55,Betfair,,0.2,,
91,True,,,Super League - China,,Shenzhen Peng City FC,Dalian Yingbo,Premium,,,,,,,,
91,False,,,Super League - China,,Shenzhen Peng City FC,Dalian Yingbo,Match Result,,,2.8,Betfair,,1.0,,
91,True,,,Super League - China,,Tianjin Jinmen Tiger FC,Henan FC,Premium,,,,,,,,
91,False,,,Super League - China,,Tianjin Jinmen Tiger FC,Henan FC,Match Result,,,2.6,BetRivers,,0.9,,
91,False,,,Brazil Série B,,Ponte Preta,Londrina,Match Result,,,2.3,Smarkets,,0.9,,
91,True,,,Brazil Série B,,Ponte Preta,Londrina,Premium,,,,,,,,
91,True,,,EPL,,Arsenal,Burnley,Premium,,,,,,,,
91,False,,,League of Ireland,,Waterford FC,Drogheda United,Match Result,,,2.46,Betfair,,1.0,,
91,True,,,League of Ireland,,Waterford FC,Drogheda United,Premium,,,,,,,,
91,True,,,La Liga 2 - Spain,,Leganés,SD Huesca,Premium,,,,,,,,
91,False,,,La Liga 2 - Spain,,Leganés,SD Huesca,Match Result,,,2.0,Nordic Bet,,0.6,,
91,False,,,Superettan - Sweden,,IK Oddevold,Örebro SK,Match Result,,,2.09,Coolbet,,0.5,,
92,True,,,Superettan - Sweden,,IK Oddevold,Örebro SK,Premium,,,,,,,,
92,True,,,Ekstraklasa - Poland,,Arka Gdynia,Nieciecza,Premium,,,,,,,,
92,False,,,Superettan - Sweden,,GIF Sundsvall,Landskrona BoIS,Match Result,,,2.44,Coolbet,,0.9,,
92,True,,,Superettan - Sweden,,GIF Sundsvall,Landskrona BoIS,Premium,,,,,,,,
92,False,,,Allsvenskan - Sweden,,Örgryte IS,IFK Goteborg,Match Result,,,1.95,Betfair,,0.5,,
92,True,,,Allsvenskan - Sweden,,Djurgardens IF,IK Sirius,Premium,,,,,,,,
92,False,,,Ekstraklasa - Poland,,Arka Gdynia,Nieciecza,Match Result,,,1.75,Unibet (UK),,0.4,,
92,False,,,Allsvenskan - Sweden,,Djurgardens IF,IK Sirius,Match Result,,,2.36,Betfair,,0.7,,
92,True,,,Allsvenskan - Sweden,,Örgryte IS,IFK Goteborg,Premium,,,,,,,,
92,False,,,Veikkausliiga - Finland,,FC Lahti,VPS Vaasa,Match Result,,,2.41,GTbets,,0.9,,
92,True,,,Veikkausliiga - Finland,,FC Lahti,VPS Vaasa,Premium,,,,,,,,
92,True,,,Liga MX,,Pumas,Pachuca,Premium,,,,,,,,
93,False,,,MLS,,Nashville SC,Los Angeles FC,Match Result,,,2.17,LeoVegas (SE),,0.7,,
93,True,,,MLS,,Nashville SC,Los Angeles FC,Premium,,,,,,,,
93,False,,,Primera División - Chile,,Deportes Concepción,Everton de Viña del Mar,Match Result,,,2.62,Betfair,,0.9,,
93,True,,,Primera División - Chile,,Deportes Concepción,Everton de Viña del Mar,Premium,,,,,,,,
93,True,,,Brazil Série B,,Sport Recife,Clube de Regatas Brasil,Premium,,,,,,,,
93,False,,,Brazil Série B,,Sport Recife,Clube de Regatas Brasil,Match Result,,,2.04,Matchbook,,0.7,,
93,True,,,Brazil Série A,,Atletico Paranaense,Flamengo,Premium,,,,,,,,
93,False,,,Brazil Série A,,Atletico Paranaense,Flamengo,Match Result,,,2.3,Matchbook,,0.9,,
93,False,,,MLS,,Inter Miami CF,Portland Timbers,Match Result,,,1.37,GTbets,,0.2,,
93,True,,,MLS,,Inter Miami CF,Portland Timbers,Premium,,,,,,,,
93,True,,,MLS,,Inter Miami CF,Portland Timbers,Premium,,,,,,,,
94,False,,,Brazil Série B,,Ceará,Fortaleza,Match Result,,,2.55,BetOnline.ag,,1.0,,
94,False,,,Brazil Série A,,Bragantino-SP,Vitoria,Match Result,,,1.74,Matchbook,,0.4,,
94,False,,,Brazil Série B,,Criciuma,Atletico Goianiense,Match Result,,,2.06,Matchbook,,0.6,,
94,True,,,Brazil Série A,,Bragantino-SP,Vitoria,Premium,,,,,,,,
94,False,,,Primera División - Chile,,Colo Colo,Ñublense,Match Result,,,1.72,GTbets,,0.3,,
94,True,,,Brazil Série B,,Criciuma,Atletico Goianiense,Premium,,,,,,,,
94,True,,,Brazil Série B,,Ceará,Fortaleza,Premium,,,,,,,,
94,True,,,Primera División - Chile,,Colo Colo,Ñublense,Premium,,,,,,,,
94,False,,,Brazil Série A,,Chapecoense,Remo,Match Result,,,2.48,Matchbook,,1.0,,
94,True,,,Brazil Série A,,Chapecoense,Remo,Premium,,,,,,,,
94,True,,,Brazil Série B,,Vila Nova,Avai,Premium,,,,,,,,
94,False,,,Brazil Série B,,Vila Nova,Avai,Match Result,,,2.1,Betfair,,0.7,,
95,False,,,Primera División - Argentina,,Argentinos Juniors,Belgrano de Cordoba,Match Result,,,2.04,Matchbook,,0.7,,
95,True,,,Primera División - Argentina,,Argentinos Juniors,Belgrano de Cordoba,Premium,,,,,,,,
95,True,,,La Liga 2 - Spain,,Zaragoza,Sporting Gijón,Premium,,,,,,,,
95,True,,,La Liga - Spain,,Barcelona,Real Betis,Premium,,,,,,,,
95,True,,,La Liga - Spain,,Barcelona,Real Betis,Premium,,,,,,,,
95,False,,,La Liga 2 - Spain,,Zaragoza,Sporting Gijón,Match Result,,,1.89,Unibet,,0.5,,
95,False,,,La Liga - Spain,,Barcelona,Real Betis,Match Result,,,1.35,Unibet (SE),,0.1,,
95,True,,,Ligue 1 - France,,Nice,Metz,Premium,,,,,,,,
95,False,,,Ligue 1 - France,,Marseille,Rennes,Match Result,,,2.16,Betfair,,0.7,,
95,False,,,Brazil Série A,,Botafogo,Corinthians,Match Result,,,2.42,Matchbook,,0.7,,
95,False,,,Ligue 1 - France,,Brest,Angers,Match Result,,,1.93,Betfair,,0.4,,
95,True,,,Ligue 1 - France,,Brest,Angers,Premium,,,,,,,,
96,True,,,Brazil Série A,,Bahia,Grêmio,Premium,,,,,,,,
96,True,,,Brazil Série B,,Athletic Club (MG),Juventude,Premium,,,,,,,,
96,True,,,Ligue 1 - France,,Marseille,Rennes,Premium,,,,,,,,
96,True,,,Ligue 1 - France,,Nice,Metz,Premium,,,,,,,,
96,True,,,Ligue 1 - France,,Lorient,Le Havre,Premium,,,,,,,,
96,True,,,Ligue 1 - France,,Lille,Auxerre,Premium,,,,,,,,
96,True,,,Ligue 1 - France,,Nantes,Toulouse,Premium,,,,,,,,
96,False,,,Ligue 1 - France,,Strasbourg,AS Monaco,Match Result,,,2.22,1xBet,,0.8,,
96,False,,,Ligue 1 - France,,Nice,Metz,Match Result,,,1.39,GTbets,,0.1,,
97,True,,,Ligue 1 - France,,Lyon,RC Lens,Premium,,,,,,,,
97,True,,,Ligue 1 - France,,Paris FC,Paris Saint Germain,Premium,,,,,,,,
97,False,,,Ligue 1 - France,,Lille,Auxerre,Match Result,,,1.41,Betfair,,0.2,,
97,True,,,Serie A - Italy,,Udinese,Cremonese,Premium,,,,,,,,
97,False,,,Serie A - Italy,,Sassuolo,Lecce,Match Result,,,2.82,GTbets,,1.0,,
98,False,,,Serie A - Italy,,Udinese,Cremonese,Match Result,,,2.52,Betfair,,1.0,,
98,True,,,Serie A - Italy,,Cagliari,Torino,Premium,,,,,,,,
98,True,,,Serie A - Italy,,Sassuolo,Lecce,Premium,,,,,,,,
98,True,,,Serie B - Italy,,US Catanzaro 1929,Palermo,Premium,,,,,,,,
98,False,,,Serie B - Italy,,US Catanzaro 1929,Palermo,Match Result,,,2.42,Matchbook,,0.7,,
98,True,,,La Liga - Spain,,Atlético Madrid,Girona,Premium,,,,,,,,
98,False,,,Turkey Super League,,Trabzonspor,Genclerbirligi SK,Match Result,,,2.26,Betfair,,0.8,,
98,False,,,La Liga - Spain,,Sevilla,Real Madrid,Match Result,,,2.3,1xBet,,0.9,,
98,True,,,La Liga - Spain,,CA Osasuna,Espanyol,Premium,,,,,,,,
98,False,,,La Liga - Spain,,CA Osasuna,Espanyol,Match Result,,,2.23,1xBet,,0.8,,
98,False,,,La Liga - Spain,,Oviedo,Alavés,Match Result,,,2.0,Coolbet,,0.6,,
99,False,,,La Liga - Spain,,Real Sociedad,Valencia,Match Result,,,2.26,1xBet,,0.9,,
99,True,,,Turkey Super League,,Antalyaspor,Kocaelispor,Premium,,,,,,,,
99,False,,,La Liga - Spain,,Elche CF,Getafe,Match Result,,,2.39,1xBet,,1.0,,
99,False,,,La Liga - Spain,,Rayo Vallecano,Villarreal,Match Result,,,2.43,1xBet,,1.0,,
99,True,,,La Liga - Spain,,Rayo Vallecano,Villarreal,Premium,,,,,,,,
99,True,,,La Liga - Spain,,Elche CF,Getafe,Premium,,,,,,,,
99,True,,,Turkey Super League,,Fenerbahce,Eyüpspor,Premium,,,,,,,,
99,True,,,Turkey Super League,,Fenerbahce,Eyüpspor,Premium,,,,,,,,
99,True,,,Turkey Super League,,Trabzonspor,Genclerbirligi SK,Premium,,,,,,,,
99,True,,,Turkey Super League,,Kasimpasa SK,Galatasaray,Premium,,,,,,,,
99,False,,,Turkey Super League,,Kasimpasa SK,Galatasaray,Match Result,,,2.42,Betfair,,0.7,,
100,True,,,La Liga - Spain,,Oviedo,Alavés,Premium,,,,,,,,
100,False,,,Turkey Super League,,Fenerbahce,Eyüpspor,Match Result,,,1.29,Betfair,,0.1,,
100,False,,,La Liga - Spain,,Athletic Bilbao,Celta Vigo,Match Result,,,2.29,1xBet,,0.8,,
100,True,,,Belgium First Div,,Club Brugge,Union Saint-Gilloise,Premium,,,,,,,,
100,False,,,EPL,,Newcastle United,West Ham United,Match Result,,,2.28,Betfair,,0.9,,
100,False,,,Super League - Greece,,AEK Athens,Olympiakos Piraeus,Match Result,,,2.36,Betfair,,0.7,,
101,True,,,Super League - Greece,,Panathinaikos,PAOK Thessaloniki,Premium,,,,,,,,
101,False,,,Belgium First Div,,Club Brugge,Union Saint-Gilloise,Match Result,,,2.15,BetMGM,,0.8,,
101,True,,,EPL,,Newcastle United,West Ham United,Premium,,,,,,,,
101,False,,,Super League - Greece,,Panathinaikos,PAOK Thessaloniki,Match Result,,,2.06,Nordic Bet,,0.6,,
101,True,,,Primera División - Chile,,Huachipato,Union La Calera,Premium,,,,,,,,
101,False,,,Primera División - Chile,,Huachipato,Union La Calera,Match Result,,,2.18,BetOnline.ag,,0.7,,
101,True,,,Serie A - Italy,,Atalanta BC,Bologna,Premium,,,,,,,,
101,False,,,Denmark Superliga,,AGF Aarhus,Viborg FF,Match Result,,,2.16,Betfair,,0.7,,
101,True,,,Denmark Superliga,,SonderjyskE,FC Nordsjaelland,Premium,,,,,,,,
101,True,,,Denmark Superliga,,AGF Aarhus,Viborg FF,Premium,,,,,,,,
101,False,,,Denmark Superliga,,SonderjyskE,FC Nordsjaelland,Match Result,,,2.18,Betfair,,0.7,,
102,False,,,Ekstraklasa - Poland,,Lechia Gdańsk,Legia Warszawa,Match Result,,,2.45,Unibet,,0.8,,
102,True,,,Ekstraklasa - Poland,,Lechia Gdańsk,Legia Warszawa,Premium,,,,,,,,
102,False,,,Premier League - Russia,,FC Krasnodar,Gazovik Orenburg,Match Result,,,1.31,1xBet,,0.1,,
102,True,,,Premier League - Russia,,FC Krasnodar,Gazovik Orenburg,Premium,,,,,,,,
102,True,,,Superettan - Sweden,,IFK Värnamo,Norrby IF,Premium,,,,,,,,
102,False,,,Superettan - Sweden,,IFK Värnamo,Norrby IF,Match Result,,,1.94,Betfair,,0.5,,
102,False,,,Premier League - Russia,,Rubin Kazan,FC Nizhny Novgorod,Match Result,,,2.17,1xBet,,0.9,,
102,False,,,Premier League - Russia,,FC Dynamo Makhachkala,Spartak Moscow,Match Result,,,2.0,1xBet,,0.5,,
102,True,,,Premier League - Russia,,FK Sochi,FC Akhmat Grozny,Premium,,,,,,,,
103,True,,,Premier League - Russia,,FK Rostov,Zenit St Petersburg,Premium,,,,,,,,
103,False,,,Premier League - Russia,,FK Rostov,Zenit St Petersburg,Match Result,,,1.45,1xBet,,0.2,,
103,True,,,Premier League - Russia,,Kryliya Sovetov,FC Akron Tolyatti,Premium,,,,,,,,
103,True,,,Premier League - Russia,,CSKA Moscow,Lokomotiv Moscow,Premium,,,,,,,,
103,True,,,Premier League - Russia,,FC Krasnodar,Gazovik Orenburg,Premium,,,,,,,,
103,True,,,Premier League - Russia,,Rubin Kazan,FC Nizhny Novgorod,Premium,,,,,,,,
104,True,,,Swiss Superleague,,FC St Gallen,FC Thun,Premium,,,,,,,,
104,False,,,Swiss Superleague,,FC Lugano,FC Basel,Match Result,,,1.95,Virgin Bet,,0.5,,
104,False,,,Allsvenskan - Sweden,,Västerås SK,AIK,Match Result,,,2.28,Matchbook,,0.6,,
104,True,,,Swiss Superleague,,FC Lugano,FC Basel,Premium,,,,,,,,
104,False,,,Swiss Superleague,,FC St Gallen,FC Thun,Match Result,,,1.91,Betfair,,0.6,,
104,True,,,Allsvenskan - Sweden,,Västerås SK,AIK,Premium,,,,,,,,
104,True,,,Allsvenskan - Sweden,,Mjällby AIF,BK Hacken,Premium,,,,,,,,
104,False,,,Allsvenskan - Sweden,,Mjällby AIF,BK Hacken,Match Result,,,2.18,Matchbook,,0.7,,
104,False,,,Swiss Superleague,,BSC Young Boys,FC Sion,Match Result,,,2.48,Grosvenor,,0.8,,
104,True,,,Swiss Superleague,,BSC Young Boys,FC Sion,Premium,,,,,,,,
104,False,,,EPL,,Leeds United,Brighton and Hove Albion,Match Result,,,2.23,GTbets,,0.8,,
104,False,,,EPL,,Wolverhampton Wanderers,Fulham,Match Result,,,1.99,Matchbook,,0.6,,
105,True,,,EPL,,Everton,Sunderland,Premium,,,,,,,,
105,True,,,Turkey Super League,,Kayserispor,Torku Konyaspor,Premium,,,,,,,,
105,False,,,Super League - Greece,,OFI Crete,Volos FC,Match Result,,,1.91,Unibet (NL),,0.6,,
105,False,,,EPL,,Everton,Sunderland,Match Result,,,1.89,1xBet,,0.5,,
105,False,,,EPL,,Brentford,Crystal Palace,Match Result,,,1.7,Betfair,,0.4,,
105,True,,,EPL,,Leeds United,Brighton and Hove Albion,Premium,,,,,,,,
105,True,,,EPL,,Wolverhampton Wanderers,Fulham,Premium,,,,,,,,
105,False,,,Super League - Greece,,Aris Thessaloniki,Levadiakos,Match Result,,,2.0,Smarkets,,0.6,,
105,True,,,Super League - Greece,,OFI Crete,Volos FC,Premium,,,,,,,,
105,False,,,Brazil Série A,,Santos,Coritiba,Match Result,,,1.8,BetOnline.ag,,0.4,,
106,True,,,Super League - Greece,,Aris Thessaloniki,Levadiakos,Premium,,,,,,,,
106,True,,,Belgium First Div,,Lommel SK,Dender,Premium,,,,,,,,
106,False,,,Bundesliga 2 - Germany,,Dynamo Dresden,Holstein Kiel,Match Result,,,1.75,Matchbook,,0.4,,
106,False,,,Bundesliga 2 - Germany,,Arminia Bielefeld,Hertha Berlin,Match Result,,,1.8,PlayUp,,0.5,,
106,True,,,Bundesliga 2 - Germany,,FC Schalke 04,Eintracht Braunschweig,Premium,,,,,,,,
106,True,,,Bundesliga 2 - Germany,,Dynamo Dresden,Holstein Kiel,Premium,,,,,,,,
106,True,,,Bundesliga 2 - Germany,,Karlsruher SC,VfL Bochum,Premium,,,,,,,,
106,False,,,Bundesliga 2 - Germany,,Elversberg,SC Preußen Münster,Match Result,,,1.24,BetMGM,,0.1,,
106,False,,,Bundesliga 2 - Germany,,Karlsruher SC,VfL Bochum,Match Result,,,2.54,Matchbook,,0.8,,
106,True,,,Bundesliga 2 - Germany,,Elversberg,SC Preußen Münster,Premium,,,,,,,,
107,False,,,Bundesliga 2 - Germany,,FC Schalke 04,Eintracht Braunschweig,Match Result,,,1.94,Matchbook,,0.5,,
107,True,,,Bundesliga 2 - Germany,,Arminia Bielefeld,Hertha Berlin,Premium,,,,,,,,
107,False,,,Bundesliga 2 - Germany,,Hannover 96,1. FC Nürnberg,Match Result,,,1.5,Betway,,0.3,,
107,True,,,Bundesliga 2 - Germany,,Hannover 96,1. FC Nürnberg,Premium,,,,,,,,
107,False,,,Bundesliga 2 - Germany,,SV Darmstadt 98,SC Paderborn,Match Result,,,1.92,Coolbet,,0.5,,
107,True,,,Bundesliga 2 - Germany,,SV Darmstadt 98,SC Paderborn,Premium,,,,,,,,
107,True,,,Bundesliga 2 - Germany,,1. FC Magdeburg,1. FC Kaiserslautern,Premium,,,,,,,,
107,True,,,Premiership - Scotland,,Livingston,Kilmarnock,Premium,,,,,,,,
108,True,,,Premiership - Scotland,,Dundee FC,Aberdeen,Premium,,,,,,,,
108,False,,,Premiership - Scotland,,Dundee FC,Aberdeen,Match Result,,,2.44,Pinnacle,,0.8,,
108,False,,,Premiership - Scotland,,Livingston,Kilmarnock,Match Result,,,2.42,Smarkets,,1.0,,
108,False,,,Superettan - Sweden,,Östers IF,Ljungskile SK,Match Result,,,2.32,Nordic Bet,,0.9,,
108,True,,,Serie A - Italy,,Inter Milan,Hellas Verona,Premium,,,,,,,,
108,True,,,Superettan - Sweden,,Nordic United FC,Falkenbergs FF,Premium,,,,,,,,
108,False,,,Serie A - Italy,,Inter Milan,Hellas Verona,Match Result,,,1.25,Coral,,0.0,,
108,True,,,Superettan - Sweden,,Östers IF,Ljungskile SK,Premium,,,,,,,,
108,False,,,Premiership - Scotland,,St Mirren,Dundee United,Match Result,,,2.32,Betfair,,0.9,,
108,False,,,Superettan - Sweden,,Nordic United FC,Falkenbergs FF,Match Result,,,2.16,LeoVegas (SE),,0.8,,
108,True,,,Serie A - Italy,,Inter Milan,Hellas Verona,Premium,,,,,,,,
109,False,,,Ekstraklasa - Poland,,GKS Katowice,Jagiellonia Białystok,Match Result,,,2.56,Pinnacle,,0.8,,
109,True,,,Ekstraklasa - Poland,,GKS Katowice,Jagiellonia Białystok,Premium,,,,,,,,
109,False,,,Dutch Eredivisie,,AZ Alkmaar,NAC Breda,Match Result,,,1.39,1xBet,,0.2,,
109,True,,,Dutch Eredivisie,,FC Utrecht,Fortuna Sittard,Premium,,,,,,,,
109,True,,,Austrian Football Bundesliga,,Sturm Graz,Rapid Wien,Premium,,,,,,,,
109,True,,,Dutch Eredivisie,,NEC Nijmegen,Go Ahead Eagles,Premium,,,,,,,,
109,False,,,Dutch Eredivisie,,Sparta Rotterdam,Excelsior,Match Result,,,2.12,Nordic Bet,,0.8,,
109,False,,,Austrian Football Bundesliga,,Austria Wien,LASK,Match Result,,,2.3,FanDuel,,0.9,,
109,False,,,Dutch Eredivisie,,FC Utrecht,Fortuna Sittard,Match Result,,,1.53,BetMGM,,0.3,,
109,True,,,Dutch Eredivisie,,AZ Alkmaar,NAC Breda,Premium,,,,,,,,
109,True,,,Dutch Eredivisie,,Heerenveen,Ajax,Premium,,,,,,,,
109,False,,,Dutch Eredivisie,,Heracles Almelo,Groningen,Match Result,,,1.61,BetMGM,,0.3,,
110,True,,,Dutch Eredivisie,,Sparta Rotterdam,Excelsior,Premium,,,,,,,,
110,True,,,Dutch Eredivisie,,Heracles Almelo,Groningen,Premium,,,,,,,,
110,True,,,Austrian Football Bundesliga,,RB Salzburg,Hartberg,Premium,,,,,,,,
110,False,,,Dutch Eredivisie,,Heerenveen,Ajax,Match Result,,,2.18,Betfair,,0.7,,
110,True,,,Dutch Eredivisie,,AZ Alkmaar,NAC Breda,Premium,,,,,,,,
110,True,,,Dutch Eredivisie,,PSV Eindhoven,FC Twente Enschede,Premium,,,,,,,,
110,True,,,Dutch Eredivisie,,NEC Nijmegen,Go Ahead Eagles,Premium,,,,,,,,
111,True,,,Austrian Football Bundesliga,,RB Salzburg,Hartberg,Premium,,,,,,,,
111,False,,,Frauen-Bundesliga,,Eintracht Frankfurt,Union Berlin,Match Result,,,1.29,Unibet (UK),,0.1,,
111,True,,,Frauen-Bundesliga,,Eintracht Frankfurt,Union Berlin,Premium,,,,,,,,
111,False,,,Frauen-Bundesliga,,TSG Hoffenheim,RB Leipzig,Match Result,,,1.47,Grosvenor,,0.1,,
111,False,,,La Liga 2 - Spain,,Deportivo La Coruña,Andorra CF,Match Result,,,1.63,Matchbook,,0.3,,
111,True,,,Super League - Greece,,Panserraikos FC,Panetolikos Agrinio,Premium,,,,,,,,
111,False,,,Frauen-Bundesliga,,Bayer Leverkusen,Werder Bremen,Match Result,,,1.58,Unibet (UK),,0.3,,
111,False,,,Frauen-Bundesliga,,SGS Essen,SC Freiburg,Match Result,,,1.85,Unibet (NL),,0.5,,
112,False,,,Allsvenskan - Sweden,,IF Brommapojkarna,Kalmar FF,Match Result,,,2.66,Betfair,,0.9,,
112,False,,,Denmark Superliga,,OB Odense BK,Vejle Boldklub,Match Result,,,1.55,Nordic Bet,,0.3,,
112,True,,,Frauen-Bundesliga,,TSG Hoffenheim,RB Leipzig,Premium,,,,,,,,
112,False,,,Denmark Superliga,,FC Copenhagen,Randers FC,Match Result,,,1.59,1xBet,,0.3,,
112,True,,,Allsvenskan - Sweden,,IF Brommapojkarna,Kalmar FF,Premium,,,,,,,,
112,True,,,Denmark Superliga,,OB Odense BK,Vejle Boldklub,Premium,,,,,,,,
112,False,,,Super League - Greece,,Panserraikos FC,Panetolikos Agrinio,Match Result,,,2.68,Betfair,,0.9,,
113,True,,,Allsvenskan - Sweden,,Hammarby IF,Malmo FF,Premium,,,,,,,,
113,True,,,Frauen-Bundesliga,,SGS Essen,SC Freiburg,Premium,,,,,,,,
113,True,,,La Liga 2 - Spain,,Deportivo La Coruña,Andorra CF,Premium,,,,,,,,
113,True,,,Belgium First Div,,Anderlecht,KV Mechelen,Premium,,,,,,,,
113,False,,,EPL,,Manchester United,Nottingham Forest,Match Result,,,1.68,BetOnline.ag,,0.4,,
113,True,,,EPL,,Manchester United,Nottingham Forest,Premium,,,,,,,,
113,False,,,Belgium First Div,,Anderlecht,KV Mechelen,Match Result,,,1.9,Betfair,,0.5,,
113,False,,,Superettan - Sweden,,Östersunds FK,Sandvikens IF,Match Result,,,2.02,Nordic Bet,,0.7,,
113,True,,,Superettan - Sweden,,Östersunds FK,Sandvikens IF,Premium,,,,,,,,
114,True,,,Ekstraklasa - Poland,,Piast Gliwice,Raków Częstochowa,Premium,,,,,,,,
114,False,,,Ekstraklasa - Poland,,Piast Gliwice,Raków Częstochowa,Match Result,,,2.77,Pinnacle,,1.0,,
114,True,,,Serie A - Italy,,Como,Parma,Premium,,,,,,,,
114,True,,,Serie A - Italy,,Genoa,AC Milan,Premium,,,,,,,,
114,False,,,J League,,Kawasaki Frontale,FC Machida Zelvia,Match Result,,,2.45,Pinnacle,,0.8,,
114,True,,,Serie A - Italy,,Juventus,Fiorentina,Premium,,,,,,,,
114,False,,,Serie A - Italy,,Como,Parma,Match Result,,,1.29,BetMGM,,0.1,,
114,True,,,Serie A - Italy,,Pisa,Napoli,Premium,,,,,,,,
114,True,,,Serie A - Italy,,Como,Parma,Premium,,,,,,,,
114,False,,,Serie A - Italy,,Juventus,Fiorentina,Match Result,,,1.37,GTbets,,0.2,,
114,True,,,J League,,Kawasaki Frontale,FC Machida Zelvia,Premium,,,,,,,,
114,False,,,K League 1,,Gangwon FC,Ulsan Hyundai FC,Match Result,,,2.15,PointsBet (AU),,0.8,,
115,True,,,Serie A - Italy,,Juventus,Fiorentina,Premium,,,,,,,,
115,True,,,K League 1,,Gangwon FC,Ulsan Hyundai FC,Premium,,,,,,,,
115,False,,,Serie A - Italy,,Genoa,AC Milan,Match Result,,,1.83,1xBet,,0.4,,
115,True,,,Serie A - Italy,,AS Roma,Lazio,Premium,,,,,,,,
115,True,,,Serie A - Italy,,Pisa,Napoli,Premium,,,,,,,,
115,True,,,K League 1,,Jeonbuk Hyundai Motors,Sangju Sangmu FC,Premium,,,,,,,,
115,False,,,K League 1,,Jeonbuk Hyundai Motors,Sangju Sangmu FC,Match Result,,,1.77,LeoVegas (SE),,0.4,,
115,False,,,K League 1,,Jeju United FC,FC Anyang,Match Result,,,2.55,Casumo,,0.8,,
115,True,,,K League 1,,Jeju United FC,FC Anyang,Premium,,,,,,,,
115,True,,,J League,,Cerezo Osaka,Nagoya Grampus,Premium,,,,,,,,
116,True,,,J League,,Kyoto Purple Sanga,Hiroshima Sanfrecce FC,Premium,,,,,,,,
116,False,,,J League,,Kyoto Purple Sanga,Hiroshima Sanfrecce FC,Match Result,,,1.99,Pinnacle,,0.6,,
116,True,,,J League,,JEF United Chiba,Kashima Antlers,Premium,,,,,,,,
116,False,,,J League,,JEF United Chiba,Kashima Antlers,Match Result,,,1.68,Pinnacle,,0.4,,
116,True,,,J League,,Fagiano Okayama,Shimizu S Pulse,Premium,,,,,,,,
116,False,,,J League,,Fagiano Okayama,Shimizu S Pulse,Match Result,,,2.49,Pinnacle,,0.8,,
116,True,,,J League,,V-Varen Nagasaki,Vissel Kobe,Premium,,,,,,,,
116,False,,,J League,,V-Varen Nagasaki,Vissel Kobe,Match Result,,,1.75,888sport,,0.4,,
116,False,,,MLS,,San Jose Earthquakes,FC Dallas,Match Result,,,1.87,1xBet,,0.5,,
116,True,,,MLS,,San Jose Earthquakes,FC Dallas,Premium,,,,,,,,
116,True,,,MLS,,San Diego FC,FC Cincinnati,Premium,,,,,,,,
117,True,,,MLS,,Real Salt Lake,Colorado Rapids,Premium,,,,,,,,
117,False,,,MLS,,Real Salt Lake,Colorado Rapids,Match Result,,,1.72,1xBet,,0.4,,
117,False,,,MLS,,Seattle Sounders FC,LA Galaxy,Match Result,,,1.68,GTbets,,0.4,,
117,True,,,MLS,,Seattle Sounders FC,LA Galaxy,Premium,,,,,,,,
117,False,,,Liga MX,,Guadalajara,Cruz Azul,Match Result,,,2.32,Betfair,,0.9,,
117,True,,,Liga MX,,Guadalajara,Cruz Azul,Premium,,,,,,,,
117,False,,,MLS,,Austin FC,Sporting Kansas City,Match Result,,,1.54,1xBet,,0.3,,
117,True,,,MLS,,Austin FC,Sporting Kansas City,Premium,,,,,,,,
117,False,,,MLS,,Houston Dynamo,Vancouver Whitecaps FC,Match Result,,,2.0,Betfair,,0.5,,
117,True,,,MLS,,Houston Dynamo,Vancouver Whitecaps FC,Premium,,,,,,,,
117,True,,,Primera División - Chile,,Deportes Limache,Universidad Católica (CHI),Premium,,,,,,,,
118,False,,,Primera División - Chile,,Deportes Limache,Universidad Católica (CHI),Match Result,,,2.56,Betfair,,0.8,,
118,True,,,Brazil Série A,,Palmeiras,Cruzeiro,Premium,,,,,,,,
118,True,,,Brazil Série B,,Cuiabá,Grêmio Novorizontino,Premium,,,,,,,,
118,False,,,MLS,,Charlotte FC,Toronto FC,Match Result,,,1.86,GTbets,,0.5,,
118,True,,,MLS,,D.C. United,St. Louis City SC,Premium,,,,,,,,
118,False,,,MLS,,Philadelphia Union,Columbus Crew SC,Match Result,,,2.42,Betfair,,1.0,,
118,False,,,Brazil Série B,,Cuiabá,Grêmio Novorizontino,Match Result,,,2.52,Matchbook,,1.0,,
118,True,,,MLS,,New York Red Bulls,New York City FC,Premium,,,,,,,,
118,True,,,MLS,,Charlotte FC,Toronto FC,Premium,,,,,,,,
118,False,,,MLS,,D.C. United,St. Louis City SC,Match Result,,,2.46,Matchbook,,1.0,,
118,False,,,MLS,,New York Red Bulls,New York City FC,Match Result,,,2.66,GTbets,,0.9,,
119,True,,,MLS,,New England Revolution,Minnesota United FC,Premium,,,,,,,,
119,False,,,MLS,,New England Revolution,Minnesota United FC,Match Result,,,2.28,LeoVegas,,0.8,,
119,False,,,Primera División - Argentina,,River Plate,Rosario Central,Match Result,,,2.05,1xBet,,0.5,,
119,True,,,Primera División - Argentina,,River Plate,Rosario Central,Premium,,,,,,,,
119,True,,,Brazil Série A,,Fluminense,Sao Paulo,Premium,,,,,,,,
119,False,,,Brazil Série A,,Fluminense,Sao Paulo,Match Result,,,1.93,Unibet (SE),,0.6,,
119,True,,,Brazil Série A,,Internacional,Vasco da Gama,Premium,,,,,,,,
119,False,,,Brazil Série B,,Goiás,Botafogo,Match Result,,,1.93,Betfair,,0.6,,
119,False,,,Brazil Série A,,Internacional,Vasco da Gama,Match Result,,,2.08,Betfair,,0.8,,
120,True,,,Primera División - Chile,,O'Higgins,Universidad de Concepción,Premium,,,,,,,,
120,False,,,Brazil Série A,,Atletico Mineiro,Mirassol,Match Result,,,2.16,Matchbook,,0.8,,
120,False,,,Primera División - Chile,,O'Higgins,Universidad de Concepción,Match Result,,,1.82,GTbets,,0.5,,
120,False,,,MLS,,CF Montreal,Chicago Fire,Match Result,,,2.4,Matchbook,,0.9,,
120,True,,,MLS,,CF Montreal,Chicago Fire,Premium,,,,,,,,
120,True,,,Primeira Liga - Portugal,,Famalicão,Alverca,Premium,,,,,,,,
120,False,,,Primeira Liga - Portugal,,Famalicão,Alverca,Match Result,,,1.67,GTbets,,0.4,,
120,False,,,Primeira Liga - Portugal,,Sporting Lisbon,Gil Vicente,Match Result,,,1.28,Neds,,0.1,,
120,True,,,Primeira Liga - Portugal,,Sporting Lisbon,Gil Vicente,Premium,,,,,,,,
120,True,,,Primeira Liga - Portugal,,Estoril,Benfica,Premium,,,,,,,,
121,False,,,Brazil Série B,,Operario PR,Nautico PE,Match Result,,,2.14,Betfair,,0.7,,
121,True,,,Brazil Série B,,São Bernardo,América Mineiro,Premium,,,,,,,,
121,True,,,Brazil Série B,,Operario PR,Nautico PE,Premium,,,,,,,,
121,False,,,Brazil Série B,,São Bernardo,América Mineiro,Match Result,,,1.88,Matchbook,,0.5,,
121,True,,,League of Ireland,,Sligo Rovers,Galway United,Premium,,,,,,,,
121,False,,,League of Ireland,,Sligo Rovers,Galway United,Match Result,,,2.7,Betfair,,0.9,,
121,False,,,Belgium First Div,,Sint Truiden,Gent,Match Result,,,2.08,Betfair,,0.7,,
121,True,,,Belgium First Div,,Sint Truiden,Gent,Premium,,,,,,,,
121,False,,,Ekstraklasa - Poland,,Radomiak Radom,Lech Poznań,Match Result,,,1.95,BetMGM,,0.7,,
122,True,,,Saudi Pro League,,Al-Ahli,Al-Kholood,Premium,,,,,,,,
122,True,,,Eliteserien - Norway,,Vålerenga,Sarpsborg FK,Premium,,,,,,,,
122,False,,,Serie B - Italy,,Juve Stabia,Monza,Match Result,,,2.08,Betfair,,0.8,,
122,False,,,Saudi Pro League,,Al-Ahli,Al-Kholood,Match Result,,,1.3,Ladbrokes,,0.1,,
122,False,,,Eliteserien - Norway,,Vålerenga,Sarpsborg FK,Match Result,,,1.95,Betsson,,0.5,,
122,True,,,Saudi Pro League,,Al-Ahli,Al-Kholood,Premium,,,,,,,,
122,True,,,Serie B - Italy,,Juve Stabia,Monza,Premium,,,,,,,,
122,True,,,Primeira Liga - Portugal,,Arouca,Tondela,Premium,,,,,,,,
122,True,,,Primeira Liga - Portugal,,Braga,CF Estrela,Premium,,,,,,,,
122,False,,,Primeira Liga - Portugal,,Braga,CF Estrela,Match Result,,,1.72,Betfair,,0.5,,
122,False,,,Turkey Super League,,Samsunspor,Goztepe,Match Result,,,2.5,Betfair,,0.9,,
123,False,,,Turkey Super League,,Gazişehir Gaziantep,Basaksehir,Match Result,,,1.83,1xBet,,0.5,,
123,False,,,Primeira Liga - Portugal,,Arouca,Tondela,Match Result,,,2.28,Matchbook,,0.9,,
123,True,,,Primeira Liga - Portugal,,Casa Pia,Rio Ave FC,Premium,,,,,,,,
123,True,,,Primeira Liga - Portugal,,Nacional,Vitória SC,Premium,,,,,,,,
123,False,,,Primeira Liga - Portugal,,Casa Pia,Rio Ave FC,Match Result,,,1.71,1xBet,,0.4,,
123,True,,,Turkey Super League,,Samsunspor,Goztepe,Premium,,,,,,,,
123,True,,,La Liga 2 - Spain,,Real Racing Club de Santander,Real Valladolid CF,Premium,,,,,,,,
123,True,,,La Liga 2 - Spain,,Almería,Las Palmas,Premium,,,,,,,,
123,False,,,La Liga 2 - Spain,,Almería,Las Palmas,Match Result,,,2.08,Betfair,,0.6,,
123,False,,,La Liga 2 - Spain,,Granada CF,Burgos CF,Match Result,,,2.62,Betfair,,1.0,,
124,True,,,Belgium First Div,,Standard Liege,Genk,Premium,,,,,,,,
124,False,,,Belgium First Div,,Standard Liege,Genk,Match Result,,,2.2,LowVig.ag,,0.7,,
124,True,,,Saudi Pro League,,Al-Okhdood,Al-Khaleej,Premium,,,,,,,,
124,False,,,Saudi Pro League,,Al-Okhdood,Al-Khaleej,Match Result,,,1.76,Betfair,,0.4,,
124,True,,,Saudi Pro League,,Al-Hilal,Neom,Premium,,,,,,,,
124,False,,,Saudi Pro League,,Al-Hilal,Neom,Match Result,,,1.28,Coral,,0.0,,
124,True,,,Saudi Pro League,,Al-Hilal,Neom,Premium,,,,,,,,
124,True,,,Eliteserien - Norway,,Bodø/Glimt,Tromso,Premium,,,,,,,,
124,True,,,Swiss Superleague,,FC Zurich,Servette,Premium,,,,,,,,
124,False,,,Veikkausliiga - Finland,,AC Oulu,TPS Turku,Match Result,,,1.71,Betfair,,0.5,,
125,True,,,Swiss Superleague,,FC Winterthur,FC Luzern,Premium,,,,,,,,
125,False,,,Super League - Greece,,AEL,Atromitos Athens,Match Result,,,2.4,Betfair,,0.9,,
125,True,,,Swiss Superleague,,FC Lausanne-Sport,Grasshopper Zürich,Premium,,,,,,,,
125,True,,,Super League - Greece,,AEL,Atromitos Athens,Premium,,,,,,,,
125,False,,,Swiss Superleague,,FC Lausanne-Sport,Grasshopper Zürich,Match Result,,,1.55,Unibet (SE),,0.3,,
125,False,,,Veikkausliiga - Finland,,IF Gnistan,Jaro,Match Result,,,2.34,Betfair,,0.9,,
125,False,,,Super League - Greece,,Asteras Tripolis,AE Kifisia FC,Match Result,,,1.67,BetMGM,,0.4,,
125,True,,,Swiss Superleague,,FC Lausanne-Sport,Grasshopper Zürich,Premium,,,,,,,,
125,True,,,Veikkausliiga - Finland,,AC Oulu,TPS Turku,Premium,,,,,,,,
126,False,,,Swiss Superleague,,FC Winterthur,FC Luzern,Match Result,,,2.0,Nordic Bet,,0.6,,
126,True,,,Ekstraklasa - Poland,,Wisła Płock,Górnik Zabrze,Premium,,,,,,,,
126,False,,,Ekstraklasa - Poland,,Wisła Płock,Górnik Zabrze,Match Result,,,2.18,Unibet (SE),,0.6,,
126,False,,,Austrian Football Bundesliga,,Rheindorf Altach,Ried,Match Result,,,1.79,Betfair,,0.5,,
126,True,,,Austrian Football Bundesliga,,Rheindorf Altach,Ried,Premium,,,,,,,,
126,True,,,Austrian Football Bundesliga,,FC Blau-Weiß Linz,Grazer AK,Premium,,,,,,,,
126,False,,,Austrian Football Bundesliga,,Wolfsberger AC,WSG Tirol,Match Result,,,2.1,theScore Bet,,0.6,,
126,False,,,Austrian Football Bundesliga,,FC Blau-Weiß Linz,Grazer AK,Match Result,,,2.08,Betfair,,0.8,,
126,True,,,Austrian Football Bundesliga,,Wolfsberger AC,WSG Tirol,Premium,,,,,,,,
126,True,,,Superettan - Sweden,,IK Brage,IFK Norrkoping,Premium,,,,,,,,
126,False,,,Superettan - Sweden,,IK Brage,IFK Norrkoping,Match Result,,,2.26,Betfair,,0.9,,
127,True,,,Primeira Liga - Portugal,,Moreirense FC,AVS Futebol SAD,Premium,,,,,,,,
127,True,,,Primeira Liga - Portugal,,FC Porto,Santa Clara,Premium,,,,,,,,
127,True,,,Primeira Liga - Portugal,,FC Porto,Santa Clara,Premium,,,,,,,,
127,False,,,Primeira Liga - Portugal,,FC Porto,Santa Clara,Match Result,,,1.36,Betfair,,0.1,,
127,False,,,Primeira Liga - Portugal,,Moreirense FC,AVS Futebol SAD,Match Result,,,1.83,betPARX,,0.4,,
127,False,,,La Liga 2 - Spain,,AD Ceuta FC,Málaga,Match Result,,,1.99,Betfair,,0.6,,
127,True,,,La Liga 2 - Spain,,AD Ceuta FC,Málaga,Premium,,,,,,,,
127,False,,,La Liga 2 - Spain,,Cultural Leonesa,SD Eibar,Match Result,,,2.62,Betfair,,1.0,,
127,True,,,La Liga 2 - Spain,,Cultural Leonesa,SD Eibar,Premium,,,,,,,,
127,True,,,Veikkausliiga - Finland,,SJK Seinäjoki,FC Inter Turku,Premium,,,,,,,,
127,True,,,Eliteserien - Norway,,Lillestrom,Sandefjord,Premium,,,,,,,,
127,False,,,Eliteserien - Norway,,Lillestrom,Sandefjord,Match Result,,,1.85,Betfair,,0.4,,
128,False,,,Eliteserien - Norway,,Molde,Kristiansund BK,Match Result,,,1.43,DraftKings,,0.2,,
128,False,,,Veikkausliiga - Finland,,IFK Mariehamn,KuPS Kuopio,Match Result,,,1.48,Betfair,,0.3,,
128,False,,,FA Cup,,Chelsea,Manchester City,Match Result,,,1.74,1xBet,,0.4,,
128,True,,,Eliteserien - Norway,,Molde,Kristiansund BK,Premium,,,,,,,,
128,True,,,Eliteserien - Norway,,Viking FK,IK Start,Premium,,,,,,,,
128,False,,,Eliteserien - Norway,,Fredrikstad FK,HamKam,Match Result,,,2.1,Betfair,,0.6,,
128,True,,,FA Cup,,Chelsea,Manchester City,Premium,,,,,,,,
128,False,,,Veikkausliiga - Finland,,SJK Seinäjoki,FC Inter Turku,Match Result,,,2.17,GTbets,,0.6,,
128,True,,,Eliteserien - Norway,,Rosenborg,Aalesund,Premium,,,,,,,,
128,True,,,Eliteserien - Norway,,Viking FK,IK Start,Premium,,,,,,,,
129,False,,,Belgium First Div,,Charleroi,Westerlo,Match Result,,,2.05,Ladbrokes,,0.7,,
129,False,,,Eliteserien - Norway,,Viking FK,IK Start,Match Result,,,1.25,GTbets,,0.1,,
129,True,,,Bundesliga - Germany,,Union Berlin,Augsburg,Premium,,,,,,,,
129,True,,,Bundesliga - Germany,,1. FC Heidenheim,FSV Mainz 05,Premium,,,,,,,,
129,True,,,Bundesliga - Germany,,FC St. Pauli,VfL Wolfsburg,Premium,,,,,,,,
129,True,,,Bundesliga - Germany,,Bayer Leverkusen,Hamburger SV,Premium,,,,,,,,
129,False,,,Bundesliga - Germany,,FC St. Pauli,VfL Wolfsburg,Match Result,,,2.44,Betfair,,1.1,,
129,True,,,Bundesliga - Germany,,Bayern Munich,1. FC Köln,Premium,,,,,,,,
130,False,,,Bundesliga - Germany,,Werder Bremen,Borussia Dortmund,Match Result,,,2.04,Betfair,,0.7,,
130,False,,,Bundesliga - Germany,,1. FC Heidenheim,FSV Mainz 05,Match Result,,,1.98,GTbets,,0.5,,
130,False,,,Bundesliga - Germany,,Bayer Leverkusen,Hamburger SV,Match Result,,,1.32,GTbets,,0.1,,
130,False,,,Bundesliga - Germany,,Union Berlin,Augsburg,Match Result,,,2.53,GTbets,,0.8,,
130,False,,,Bundesliga - Germany,,SC Freiburg,RB Leipzig,Match Result,,,2.42,Betfair,,0.9,,
130,True,,,Bundesliga - Germany,,Bayern Munich,1. FC Köln,Premium,,,,,,,,
130,True,,,Bundesliga - Germany,,Eintracht Frankfurt,VfB Stuttgart,Premium,,,,,,,,
130,True,,,Bundesliga - Germany,,Werder Bremen,Borussia Dortmund,Premium,,,,,,,,
131,False,,,Allsvenskan - Sweden,,GAIS,Degerfors IF,Match Result,,,1.71,Matchbook,,0.5,,
131,True,,,Allsvenskan - Sweden,,GAIS,Degerfors IF,Premium,,,,,,,,
131,True,,,Allsvenskan - Sweden,,Halmstads BK,IF Elfsborg,Premium,,,,,,,,
131,False,,,Allsvenskan - Sweden,,Halmstads BK,IF Elfsborg,Match Result,,,2.08,Betfair,,0.7,,
131,False,,,Ekstraklasa - Poland,,Motor Lublin,Cracovia Kraków,Match Result,,,2.55,Unibet (NL),,0.8,,
131,True,,,Ekstraklasa - Poland,,Motor Lublin,Cracovia Kraków,Premium,,,,,,,,
131,False,,,La Liga 2 - Spain,,Real Sociedad B,CD Mirandés,Match Result,,,2.22,Matchbook,,0.6,,
131,False,,,Super League - China,,Yunnan Yukun,Shanghai Shenhua FC,Match Result,,,2.26,Betfair,,0.6,,
131,True,,,Eliteserien - Norway,,SK Brann,KFUM,Premium,,,,,,,,
131,True,,,Super League - China,,Yunnan Yukun,Shanghai Shenhua FC,Premium,,,,,,,,
132,False,,,Eliteserien - Norway,,SK Brann,KFUM,Match Result,,,1.48,Unibet (SE),,0.3,,
132,True,,,Super League - China,,Shandong Luneng Taishan FC,Chongqing Tonglianglong FC,Premium,,,,,,,,
132,False,,,Super League - China,,Shandong Luneng Taishan FC,Chongqing Tonglianglong FC,Match Result,,,1.61,Matchbook,,0.3,,
132,True,,,3. Liga - Germany,,FC Ingolstadt 04,Waldhof Mannheim,Premium,,,,,,,,
132,True,,,3. Liga - Germany,,1. FC Saarbrücken,Hansa Rostock,Premium,,,,,,,,
132,True,,,3. Liga - Germany,,Schweinfurt,Erzgebirge Aue,Premium,,,,,,,,
132,False,,,3. Liga - Germany,,Wehen Wiesbaden,TSG Hoffenheim II,Match Result,,,1.95,LeoVegas,,0.6,,
132,False,,,3. Liga - Germany,,Jahn Regensburg,FC Energie Cottbus,Match Result,,,1.72,Betfair,,0.5,,
132,True,,,Premiership - Scotland,,Celtic,Hearts,Premium,,,,,,,,
132,False,,,3. Liga - Germany,,Schweinfurt,Erzgebirge Aue,Match Result,,,1.98,LowVig.ag,,0.6,,
132,True,,,3. Liga - Germany,,Jahn Regensburg,FC Energie Cottbus,Premium,,,,,,,,
133,True,,,3. Liga - Germany,,SC Verl,TSV 1860 München,Premium,,,,,,,,
133,True,,,Premiership - Scotland,,Hibernian,Motherwell,Premium,,,,,,,,
133,False,,,3. Liga - Germany,,SSV Ulm 1846,Rot-Weiss Essen,Match Result,,,1.63,LeoVegas,,0.3,,
133,False,,,3. Liga - Germany,,SC Verl,TSV 1860 München,Match Result,,,1.73,LeoVegas,,0.3,,
133,False,,,3. Liga - Germany,,FC Ingolstadt 04,Waldhof Mannheim,Match Result,,,2.08,LowVig.ag,,0.6,,
133,False,,,3. Liga - Germany,,VfB Stuttgart II,VfL Osnabrück,Match Result,,,2.05,LeoVegas,,0.6,,
133,False,,,Premiership - Scotland,,Hibernian,Motherwell,Match Result,,,2.75,Paddy Power,,1.3,,
133,True,,,3. Liga - Germany,,VfB Stuttgart II,VfL Osnabrück,Premium,,,,,,,,
133,False,,,3. Liga - Germany,,MSV Duisburg,FC Viktoria Köln 1904,Match Result,,,1.46,Unibet,,0.2,,
134,True,,,3. Liga - Germany,,MSV Duisburg,FC Viktoria Köln 1904,Premium,,,,,,,,
134,True,,,3. Liga - Germany,,SSV Ulm 1846,Rot-Weiss Essen,Premium,,,,,,,,
134,True,,,3. Liga - Germany,,Alemannia Aachen,TSV Havelse,Premium,,,,,,,,
134,True,,,3. Liga - Germany,,Alemannia Aachen,TSV Havelse,Premium,,,,,,,,
134,False,,,Premiership - Scotland,,Falkirk F.C.,Rangers,Match Result,,,1.91,Ladbrokes,,0.5,,
134,True,,,Super League - China,,Wuhan Three Towns,Liaoning Tieren FC,Premium,,,,,,,,
134,True,,,Veikkausliiga - Finland,,HJK Helsinki,Ilves Tampere,Premium,,,,,,,,
134,False,,,Super League - China,,Wuhan Three Towns,Liaoning Tieren FC,Match Result,,,2.47,1xBet,,0.9,,
134,False,,,Veikkausliiga - Finland,,HJK Helsinki,Ilves Tampere,Match Result,,,1.72,Coolbet,,0.4,,
135,False,,,K League 1,,Incheon United,Gwangju FC,Match Result,,,1.53,LeoVegas,,0.3,,
135,True,,,K League 1,,Incheon United,Gwangju FC,Premium,,,,,,,,
135,False,,,A-League,,Newcastle Jets FC,Sydney FC,Match Result,,,2.38,Paddy Power,,0.8,,
135,True,,,A-League,,Newcastle Jets FC,Sydney FC,Premium,,,,,,,,
135,True,,,J League,,Yokohama F Marinos,Kashiwa Reysol,Premium,,,,,,,,
135,False,,,J League,,Yokohama F Marinos,Kashiwa Reysol,Match Result,,,2.28,Pinnacle,,0.8,,
135,True,,,K League 1,,Daejeon Citizen,FC Seoul,Premium,,,,,,,,
135,False,,,K League 1,,Daejeon Citizen,FC Seoul,Match Result,,,2.72,Betfair,,1.1,,
135,False,,,J League,,Urawa Red Diamonds,FC Tokyo,Match Result,,,2.55,Pinnacle,,1.0,,
135,True,,,J League,,Urawa Red Diamonds,FC Tokyo,Premium,,,,,,,,
135,True,,,J League,,Mito HollyHock,Tokyo Verdy,Premium,,,,,,,,
135,False,,,J League,,Mito HollyHock,Tokyo Verdy,Match Result,,,2.76,Pinnacle,,1.0,,
136,False,,,Primera División - Chile,,Palestino,La Serena,Match Result,,,1.98,Unibet (UK),,0.7,,
136,True,,,Primera División - Chile,,Coquimbo Unido,Audax Italiano,Premium,,,,,,,,
136,True,,,Primera División - Chile,,Palestino,La Serena,Premium,,,,,,,,
136,False,,,Primera División - Chile,,Coquimbo Unido,Audax Italiano,Match Result,,,1.91,Fanatics,,0.6,,
136,False,,,League of Ireland,,Dundalk,Shamrock Rovers,Match Result,,,2.33,LeoVegas,,0.7,,
136,True,,,League of Ireland,,Dundalk,Shamrock Rovers,Premium,,,,,,,,
136,False,,,La Liga 2 - Spain,,Córdoba,Albacete,Match Result,,,1.71,Betfair,,0.4,,
136,True,,,League 2,,Notts County,Chesterfield FC,Premium,,,,,,,,
136,False,,,League 2,,Notts County,Chesterfield FC,Match Result,,,2.38,Matchbook,,1.0,,
136,True,,,La Liga 2 - Spain,,Córdoba,Albacete,Premium,,,,,,,,
136,False,,,EPL,,Aston Villa,Liverpool,Match Result,,,2.56,Betfair,,0.8,,
136,True,,,EPL,,Aston Villa,Liverpool,Premium,,,,,,,,
137,False,,,League of Ireland,,Bohemians,Drogheda United,Match Result,,,1.56,Betfair,,0.3,,
137,True,,,League of Ireland,,Bohemians,Drogheda United,Premium,,,,,,,,
137,True,,,League of Ireland,,St Patricks Athletic,Shelbourne Dublin,Premium,,,,,,,,
137,True,,,League of Ireland,,Waterford FC,Derry City,Premium,,,,,,,,
137,False,,,League of Ireland,,Waterford FC,Derry City,Match Result,,,1.76,Betfair,,0.5,,
137,False,,,League of Ireland,,St Patricks Athletic,Shelbourne Dublin,Match Result,,,2.0,Betfair,,0.6,,
137,False,,,Belgium First Div,,Leuven,Royal Antwerp,Match Result,,,2.6,Betfair,,1.1,,
137,True,,,Belgium First Div,,Leuven,Royal Antwerp,Premium,,,,,,,,
137,True,,,La Liga 2 - Spain,,CD Castellón,Cádiz CF,Premium,,,,,,,,
137,True,,,La Liga 2 - Spain,,CD Castellón,Cádiz CF,Premium,,,,,,,,
137,True,,,Ligue 2 - France,,Saint Etienne,Rodez AF,Premium,,,,,,,,
137,True,,,Ekstraklasa - Poland,,Korona Kielce,Widzew Łódź,Premium,,,,,,,,
138,True,,,League 2,,Salford City,Grimsby Town,Premium,,,,,,,,
138,False,,,League 2,,Salford City,Grimsby Town,Match Result,,,2.44,Betfair,,0.7,,
138,True,,,Serie B - Italy,,Bari,Südtirol,Premium,,,,,,,,
138,False,,,Saudi Pro League,,Al-Taawoun,Al-Riyadh,Match Result,,,1.75,Ladbrokes,,0.5,,
138,False,,,Serie B - Italy,,Bari,Südtirol,Match Result,,,2.62,Betfair,,0.9,,
138,True,,,Saudi Pro League,,Al-Taawoun,Al-Riyadh,Premium,,,,,,,,
138,False,,,Turkey Super League,,Çaykur Rizespor,Besiktas JK,Match Result,,,2.0,1xBet,,0.6,,
138,True,,,Turkey Super League,,Çaykur Rizespor,Besiktas JK,Premium,,,,,,,,
138,False,,,Saudi Pro League,,Damac,Al-Fayha,Match Result,,,1.85,Ladbrokes,,0.4,,
139,False,,,Ekstraklasa - Poland,,Zagłębie Lubin,Pogoń Szczecin,Match Result,,,2.64,Betfair,,0.9,,
139,True,,,Ekstraklasa - Poland,,Zagłębie Lubin,Pogoń Szczecin,Premium,,,,,,,,
139,True,,,Super League - China,,Beijing FC,Qingdao Hainiu FC,Premium,,,,,,,,
139,True,,,Super League - China,,Dalian Yingbo,Qingdao West Coast FC,Premium,,,,,,,,
139,False,,,Super League - China,,Beijing FC,Qingdao Hainiu FC,Match Result,,,1.45,GTbets,,0.2,,
139,True,,,Super League - China,,Beijing FC,Qingdao Hainiu FC,Premium,,,,,,,,
139,False,,,Super League - China,,Dalian Yingbo,Qingdao West Coast FC,Match Result,,,1.77,Betfair,,0.4,,
139,True,,,Super League - China,,Tianjin Jinmen Tiger FC,Chengdu Rongcheng FC,Premium,,,,,,,,
139,False,,,Super League - China,,Shanghai SIPG FC,Zhejiang,Match Result,,,1.99,Matchbook,,0.6,,
139,False,,,Super League - China,,Tianjin Jinmen Tiger FC,Chengdu Rongcheng FC,Match Result,,,1.65,1xBet,,0.4,,
139,False,,,Super League - China,,Henan FC,Shenzhen Peng City FC,Match Result,,,1.66,1xBet,,0.3,,
140,True,,,A-League,,Adelaide United,Auckland FC,Premium,,,,,,,,
140,False,,,A-League,,Adelaide United,Auckland FC,Match Result,,,2.42,Betfair,,0.8,,
140,False,,,Liga MX,,Pachuca,Pumas,Match Result,,,2.13,Bovada,,0.7,,
140,True,,,Liga MX,,Pachuca,Pumas,Premium,,,,,,,,
140,True,,,La Liga - Spain,,Real Madrid,Oviedo,Premium,,,,,,,,
140,True,,,La Liga - Spain,,Real Madrid,Oviedo,Premium,,,,,,,,
140,False,,,La Liga - Spain,,Real Madrid,Oviedo,Match Result,,,1.33,1xBet,,0.1,,
140,True,,,League 1,,Bradford City,Bolton Wanderers,Premium,,,,,,,,
140,False,,,League 1,,Bradford City,Bolton Wanderers,Match Result,,,2.66,Betfair,,0.9,,
140,False,,,Saudi Pro League,,Al-Ettifaq,Al-Ittihad,Match Result,,,1.89,Betfair,,0.3,,
141,False,,,Saudi Pro League,,Al-Qadsiah,Al-Hazem,Match Result,,,1.25,Ladbrokes,,0.1,,
141,True,,,Saudi Pro League,,Al-Qadsiah,Al-Hazem,Premium,,,,,,,,
141,False,,,La Liga - Spain,,Girona,Real Sociedad,Match Result,,,2.06,Unibet (SE),,0.6,,
141,True,,,Saudi Pro League,,Al-Qadsiah,Al-Hazem,Premium,,,,,,,,
141,True,,,Saudi Pro League,,Al-Ettifaq,Al-Ittihad,Premium,,,,,,,,
141,False,,,La Liga - Spain,,Valencia,Rayo Vallecano,Match Result,,,2.34,Betfair,,1.0,,
141,True,,,La Liga - Spain,,Valencia,Rayo Vallecano,Premium,,,,,,,,
141,False,,,Saudi Pro League,,Al-Fateh,Al-Najma,Match Result,,,1.5,Ladbrokes,,0.2,,
141,True,,,Saudi Pro League,,Al-Fateh,Al-Najma,Premium,,,,,,,,
141,False,,,Superettan - Sweden,,Ljungskile SK,GIF Sundsvall,Match Result,,,1.82,Unibet (SE),,0.5,,
141,True,,,Superettan - Sweden,,Ljungskile SK,GIF Sundsvall,Premium,,,,,,,,
142,True,,,Swiss Superleague,,FC Basel,FC St Gallen,Premium,,,,,,,,
142,False,,,Swiss Superleague,,FC Thun,BSC Young Boys,Match Result,,,2.06,Betfair,,0.6,,
142,True,,,Swiss Superleague,,FC Thun,BSC Young Boys,Premium,,,,,,,,
142,False,,,Swiss Superleague,,FC Basel,FC St Gallen,Match Result,,,2.58,Betfair,,0.9,,
142,False,,,Swiss Superleague,,FC Sion,FC Lugano,Match Result,,,2.25,Coolbet,,0.8,,
142,True,,,Swiss Superleague,,FC Sion,FC Lugano,Premium,,,,,,,,
142,True,,,Liga MX,,Cruz Azul,Guadalajara,Premium,,,,,,,,
142,False,,,Liga MX,,Cruz Azul,Guadalajara,Match Result,,,2.12,Betfair,,0.7,,
142,False,,,MLS,,Seattle Sounders FC,San Jose Earthquakes,Match Result,,,2.02,LeoVegas,,0.7,,
142,False,,,MLS,,Real Salt Lake,Houston Dynamo,Match Result,,,1.83,GTbets,,0.5,,
142,True,,,MLS,,Seattle Sounders FC,San Jose Earthquakes,Premium,,,,,,,,
142,True,,,MLS,,Real Salt Lake,Houston Dynamo,Premium,,,,,,,,
143,True,,,MLS,,San Diego FC,Austin FC,Premium,,,,,,,,
143,False,,,MLS,,Sporting Kansas City,LA Galaxy,Match Result,,,1.96,LeoVegas,,0.6,,
143,True,,,MLS,,Sporting Kansas City,LA Galaxy,Premium,,,,,,,,
143,False,,,MLS,,St. Louis City SC,Los Angeles FC,Match Result,,,2.6,Matchbook,,0.9,,
143,True,,,MLS,,St. Louis City SC,Los Angeles FC,Premium,,,,,,,,
143,True,,,MLS,,FC Dallas,Vancouver Whitecaps FC,Premium,,,,,,,,
143,False,,,Primera División - Argentina,,River Plate,Gimnasia La Plata,Match Result,,,1.53,Betfair,,0.3,,
143,True,,,Primera División - Argentina,,River Plate,Gimnasia La Plata,Premium,,,,,,,,
143,False,,,MLS,,FC Dallas,Vancouver Whitecaps FC,Match Result,,,2.04,Matchbook,,0.6,,
143,True,,,MLS,,Minnesota United FC,Colorado Rapids,Premium,,,,,,,,
143,False,,,MLS,,Minnesota United FC,Colorado Rapids,Match Result,,,1.84,GTbets,,0.6,,
144,True,,,MLS,,CF Montreal,Portland Timbers,Premium,,,,,,,,
144,False,,,MLS,,D.C. United,Chicago Fire,Match Result,,,2.62,Matchbook,,0.9,,
144,False,,,MLS,,New England Revolution,Nashville SC,Match Result,,,2.5,Betfair,,1.1,,
144,False,,,MLS,,CF Montreal,Portland Timbers,Match Result,,,2.0,Betfair,,0.6,,
144,False,,,MLS,,Orlando City SC,Philadelphia Union,Match Result,,,2.3,Matchbook,,1.0,,
144,False,,,MLS,,New York Red Bulls,Columbus Crew SC,Match Result,,,2.35,LeoVegas (SE),,0.9,,
144,True,,,MLS,,D.C. United,Chicago Fire,Premium,,,,,,,,
144,False,,,MLS,,FC Cincinnati,Inter Miami CF,Match Result,,,2.18,Betfair,,0.9,,
144,True,,,MLS,,FC Cincinnati,Inter Miami CF,Premium,,,,,,,,
144,True,,,MLS,,Orlando City SC,Philadelphia Union,Premium,,,,,,,,
144,True,,,MLS,,New York Red Bulls,Columbus Crew SC,Premium,,,,,,,,
144,True,,,MLS,,New England Revolution,Nashville SC,Premium,,,,,,,,
145,True,,,MLS,,Charlotte FC,New York City FC,Premium,,,,,,,,
145,False,,,MLS,,Charlotte FC,New York City FC,Match Result,,,2.3,LeoVegas (SE),,0.7,,
145,True,,,Primera División - Argentina,,Rosario Central,Racing Club,Premium,,,,,,,,
145,False,,,Primera División - Argentina,,Rosario Central,Racing Club,Match Result,,,2.38,Betway,,0.9,,
145,False,,,Liga MX,,Pachuca,Pumas,Match Result,,,2.2,Betfair,,0.7,,
145,True,,,Liga MX,,Pachuca,Pumas,Premium,,,,,,,,
145,True,,,La Liga - Spain,,Alavés,Barcelona,Premium,,,,,,,,
145,False,,,La Liga - Spain,,Getafe,Mallorca,Match Result,,,2.32,1xBet,,0.8,,
145,True,,,La Liga - Spain,,Getafe,Mallorca,Premium,,,,,,,,
145,False,,,La Liga - Spain,,Alavés,Barcelona,Match Result,,,2.17,1xBet,,0.9,,
145,True,,,Premiership - Scotland,,Rangers,Hibernian,Premium,,,,,,,,
145,False,,,EPL,,Manchester City,Crystal Palace,Match Result,,,1.22,Betfair,,0.0,,
146,False,,,Ligue 1 - France,,RC Lens,Paris Saint Germain,Match Result,,,2.1,Betfair,,0.8,,
146,False,,,Premiership - Scotland,,Hearts,Falkirk F.C.,Match Result,,,1.46,Betsson,,0.1,,
146,True,,,EPL,,Manchester City,Crystal Palace,Premium,,,,,,,,
146,False,,,Coppa Italia,,Lazio,Inter Milan,Match Result,,,1.71,Betfair,,0.4,,
146,False,,,League 1,,Stockport County FC,Stevenage,Match Result,,,1.92,Betfair,,0.6,,
146,True,,,Ligue 1 - France,,RC Lens,Paris Saint Germain,Premium,,,,,,,,
146,True,,,Coppa Italia,,Lazio,Inter Milan,Premium,,,,,,,,
146,True,,,Premiership - Scotland,,Motherwell,Celtic,Premium,,,,,,,,
146,False,,,Premiership - Scotland,,Rangers,Hibernian,Match Result,,,1.56,Smarkets,,0.3,,
146,True,,,League 1,,Stockport County FC,Stevenage,Premium,,,,,,,,
147,True,,,Ekstraklasa - Poland,,Raków Częstochowa,Jagiellonia Białystok,Premium,,,,,,,,
147,False,,,Ekstraklasa - Poland,,Raków Częstochowa,Jagiellonia Białystok,Match Result,,,2.15,Unibet,,0.5,,
147,True,,,Superettan - Sweden,,Falkenbergs FF,Varbergs BoIS,Premium,,,,,,,,
147,True,,,Superettan - Sweden,,Helsingborgs IF,IK Oddevold,Premium,,,,,,,,
147,False,,,La Liga - Spain,,Villarreal,Sevilla,Match Result,,,2.12,1xBet,,0.7,,
147,False,,,Ligue 1 - France,,Brest,Strasbourg,Match Result,,,2.58,LowVig.ag,,1.1,,
147,False,,,Superettan - Sweden,,IK Brage,Östersunds FK,Match Result,,,2.22,Betfair,,0.8,,
147,True,,,La Liga - Spain,,Villarreal,Sevilla,Premium,,,,,,,,
147,True,,,Ligue 1 - France,,Brest,Strasbourg,Premium,,,,,,,,
147,True,,,Superettan - Sweden,,IK Brage,Östersunds FK,Premium,,,,,,,,
147,False,,,Superettan - Sweden,,Östers IF,Sandvikens IF,Match Result,,,2.04,Betfair,,0.6,,
148,True,,,Superettan - Sweden,,Östers IF,Sandvikens IF,Premium,,,,,,,,
148,False,,,Super League - Greece,,Olympiakos Piraeus,Panathinaikos,Match Result,,,1.5,Betfair,,0.3,,
148,True,,,Super League - Greece,,Olympiakos Piraeus,Panathinaikos,Premium,,,,,,,,
148,False,,,Super League - Greece,,PAOK Thessaloniki,AEK Athens,Match Result,,,1.74,Unibet (NL),,0.4,,
148,True,,,Super League - Greece,,PAOK Thessaloniki,AEK Athens,Premium,,,,,,,,
148,False,,,Ekstraklasa - Poland,,Arka Gdynia,Górnik Zabrze,Match Result,,,2.17,Unibet (NL),,0.8,,
149,True,,,Super League - Greece,,Levadiakos,OFI Crete,Premium,,,,,,,,
149,False,,,Super League - Greece,,Volos FC,Aris Thessaloniki,Match Result,,,2.0,Coolbet,,0.5,,
149,True,,,Super League - Greece,,Volos FC,Aris Thessaloniki,Premium,,,,,,,,
149,False,,,Super League - Greece,,Levadiakos,OFI Crete,Match Result,,,1.68,Casumo,,0.4,,
149,True,,,K League 1,,FC Anyang,Sangju Sangmu FC,Premium,,,,,,,,
149,True,,,K League 1,,Ulsan Hyundai FC,Jeju United FC,Premium,,,,,,,,
149,False,,,K League 1,,FC Anyang,Sangju Sangmu FC,Match Result,,,2.54,Betfair,,0.8,,
149,False,,,K League 1,,Ulsan Hyundai FC,Jeju United FC,Match Result,,,1.93,Betfair,,0.6,,
149,False,,,J League,,Vissel Kobe,Kyoto Purple Sanga,Match Result,,,1.74,BetMGM,,0.5,,
149,True,,,J League,,Vissel Kobe,Kyoto Purple Sanga,Premium,,,,,,,,
149,False,,,J League,,FC Machida Zelvia,Tokyo Verdy,Match Result,,,1.91,Pinnacle,,0.6,,
150,True,,,Primera División - Argentina,,Argentinos Juniors,Atlético Huracán,Premium,,,,,,,,
150,False,,,Primera División - Argentina,,Argentinos Juniors,Atlético Huracán,Match Result,,,1.94,Betfair,,0.5,,
150,True,,,Brazil Série B,,Londrina,São Bernardo,Premium,,,,,,,,
150,False,,,Brazil Série B,,Londrina,São Bernardo,Match Result,,,2.38,Matchbook,,1.0,,
150,False,,,Primera División - Argentina,,Belgrano de Cordoba,Union Santa Fe,Match Result,,,2.5,Matchbook,,0.8,,
150,True,,,Primera División - Argentina,,Belgrano de Cordoba,Union Santa Fe,Premium,,,,,,,,
150,True,,,La Liga - Spain,,CA Osasuna,Atlético Madrid,Premium,,,,,,,,
150,False,,,La Liga - Spain,,CA Osasuna,Atlético Madrid,Match Result,,,2.58,Matchbook,,1.1,,
150,False,,,Championship,,Southampton,Middlesbrough,Match Result,,,2.56,Matchbook,,0.8,,
150,True,,,Championship,,Southampton,Middlesbrough,Premium,,,,,,,,
150,False,,,Serie B - Italy,,US Catanzaro 1929,Avellino,Match Result,,,2.22,Matchbook,,0.9,,
151,False,,,Premiership - Scotland,,Aberdeen,St Mirren,Match Result,,,2.22,Smarkets,,0.6,,
151,True,,,Premiership - Scotland,,Dundee United,Livingston,Premium,,,,,,,,
151,False,,,Premiership - Scotland,,Dundee United,Livingston,Match Result,,,1.75,SportsBet,,0.4,,
151,True,,,Premiership - Scotland,,Kilmarnock,Dundee FC,Premium,,,,,,,,
151,True,,,Premiership - Scotland,,Aberdeen,St Mirren,Premium,,,,,,,,
151,False,,,Premiership - Scotland,,Kilmarnock,Dundee FC,Match Result,,,2.0,Paddy Power,,0.6,,
151,False,,,Swiss Superleague,,Grasshopper Zürich,FC Winterthur,Match Result,,,1.88,Betfair,,0.5,,
151,False,,,Swiss Superleague,,FC Luzern,FC Zurich,Match Result,,,1.55,Smarkets,,0.3,,
151,True,,,Ligue 2 - France,,Red Star,Rodez AF,Premium,,,,,,,,
151,False,,,Ligue 2 - France,,Red Star,Rodez AF,Match Result,,,1.94,Matchbook,,0.6,,
151,True,,,Swiss Superleague,,FC Luzern,FC Zurich,Premium,,,,,,,,
152,True,,,Swiss Superleague,,Grasshopper Zürich,FC Winterthur,Premium,,,,,,,,
152,False,,,Saudi Pro League,,Al-Nassr,Al-Hilal,Match Result,,,2.42,Betfair,,0.7,,
152,True,,,La Liga - Spain,,Real Betis,Elche CF,Premium,,,,,,,,
152,False,,,La Liga - Spain,,Real Betis,Elche CF,Match Result,,,1.66,1xBet,,0.4,,
152,True,,,Saudi Pro League,,Al-Nassr,Al-Hilal,Premium,,,,,,,,
152,True,,,Superettan - Sweden,,Landskrona BoIS,Norrby IF,Premium,,,,,,,,
152,False,,,Superettan - Sweden,,IFK Värnamo,Örebro SK,Match Result,,,2.0,FanDuel,,0.6,,
152,True,,,La Liga - Spain,,Celta Vigo,Levante,Premium,,,,,,,,
152,False,,,Superettan - Sweden,,Landskrona BoIS,Norrby IF,Match Result,,,2.1,Betfair,,0.8,,
152,False,,,La Liga - Spain,,Celta Vigo,Levante,Match Result,,,1.84,Betfair,,0.6,,
153,True,,,Superettan - Sweden,,IFK Värnamo,Örebro SK,Premium,,,,,,,,
153,True,,,Serie B - Italy,,Modena,Juve Stabia,Premium,,,,,,,,
153,False,,,Serie B - Italy,,Modena,Juve Stabia,Match Result,,,2.24,Matchbook,,0.8,,
153,False,,,Saudi Pro League,,Al-Kholood,Al-Okhdood,Match Result,,,1.61,Coral,,0.3,,
153,True,,,Saudi Pro League,,Al-Kholood,Al-Okhdood,Premium,,,,,,,,
153,True,,,Super League - Greece,,Panetolikos Agrinio,AEL,Premium,,,,,,,,
153,True,,,Super League - Greece,,Asteras Tripolis,Panserraikos FC,Premium,,,,,,,,
153,False,,,Super League - Greece,,Asteras Tripolis,Panserraikos FC,Match Result,,,1.82,LowVig.ag,,0.5,,
153,False,,,Super League - Greece,,AE Kifisia FC,Atromitos Athens,Match Result,,,2.3,Betfair,,0.9,,
153,True,,,Super League - Greece,,AE Kifisia FC,Atromitos Athens,Premium,,,,,,,,
153,False,,,Super League - Greece,,Panetolikos Agrinio,AEL,Match Result,,,2.4,Betfair,,1.0,,
153,True,,,K League 1,,Gangwon FC,Daejeon Citizen,Premium,,,,,,,,
154,False,,,K League 1,,Incheon United,Pohang Steelers,Match Result,,,2.7,LeoVegas,,0.9,,
154,True,,,K League 1,,Gwangju FC,FC Seoul,Premium,,,,,,,,
154,False,,,K League 1,,Gangwon FC,Daejeon Citizen,Match Result,,,2.28,LeoVegas (SE),,0.6,,
154,True,,,K League 1,,Incheon United,Pohang Steelers,Premium,,,,,,,,
154,False,,,K League 1,,Gwangju FC,FC Seoul,Match Result,,,1.42,Betfair,,0.2,,
154,True,,,Brazil Série B,,Grêmio Novorizontino,Botafogo,Premium,,,,,,,,
154,False,,,Brazil Série B,,Grêmio Novorizontino,Botafogo,Match Result,,,1.83,William Hill,,0.5,,
154,True,,,Primeira Liga - Portugal,,CF Estrela,Famalicão,Premium,,,,,,,,
154,False,,,Primeira Liga - Portugal,,Vitória SC,Casa Pia,Match Result,,,1.8,GTbets,,0.5,,
154,True,,,Primeira Liga - Portugal,,Tondela,Moreirense FC,Premium,,,,,,,,
154,False,,,Primeira Liga - Portugal,,Tondela,Moreirense FC,Match Result,,,2.04,Matchbook,,0.7,,
155,False,,,Primeira Liga - Portugal,,Santa Clara,Nacional,Match Result,,,2.22,1xBet,,0.7,,
155,True,,,Primeira Liga - Portugal,,Gil Vicente,Arouca,Premium,,,,,,,,
155,True,,,Primeira Liga - Portugal,,Benfica,Braga,Premium,,,,,,,,
155,True,,,Primeira Liga - Portugal,,Rio Ave FC,Sporting Lisbon,Premium,,,,,,,,
155,False,,,Primeira Liga - Portugal,,Benfica,Braga,Match Result,,,1.48,Betfair,,0.2,,
155,True,,,Primeira Liga - Portugal,,Vitória SC,Casa Pia,Premium,,,,,,,,
155,False,,,Primeira Liga - Portugal,,CF Estrela,Famalicão,Match Result,,,2.04,Matchbook,,0.7,,
155,True,,,EPL,,Tottenham Hotspur,Leeds United,Premium,,,,,,,,
156,False,,,Championship,,Millwall,Hull City,Match Result,,,1.82,1xBet,,0.5,,
156,True,,,La Liga - Spain,,Rayo Vallecano,Girona,Premium,,,,,,,,
156,False,,,EPL,,Tottenham Hotspur,Leeds United,Match Result,,,1.88,Unibet (NL),,0.5,,
156,False,,,La Liga - Spain,,Rayo Vallecano,Girona,Match Result,,,2.55,1xBet,,1.1,,
156,False,,,Serie A - Italy,,Napoli,Bologna,Match Result,,,1.62,Betfair,,0.4,,
156,True,,,Serie A - Italy,,Napoli,Bologna,Premium,,,,,,,,
156,False,,,La Liga 2 - Spain,,SD Huesca,Real Sociedad B,Match Result,,,1.92,Betfair,,0.6,,
156,True,,,La Liga 2 - Spain,,SD Huesca,Real Sociedad B,Premium,,,,,,,,
156,False,,,Saudi Pro League,,Al-Taawoun,Al-Ahli,Match Result,,,1.83,Coral,,0.5,,
156,True,,,Saudi Pro League,,Al-Taawoun,Al-Ahli,Premium,,,,,,,,
156,True,,,Denmark Superliga,,Randers FC,OB Odense BK,Premium,,,,,,,,
157,False,,,Ekstraklasa - Poland,,Cracovia Kraków,Radomiak Radom,Match Result,,,2.04,Unibet (SE),,0.7,,
157,True,,,Allsvenskan - Sweden,,IK Sirius,Örgryte IS,Premium,,,,,,,,
157,False,,,Allsvenskan - Sweden,,IK Sirius,Örgryte IS,Match Result,,,1.29,Matchbook,,0.1,,
157,False,,,Premier League - Russia,,Dinamo Moscow,FC Krasnodar,Match Result,,,1.91,1xBet,,0.6,,
157,False,,,Denmark Superliga,,Randers FC,OB Odense BK,Match Result,,,2.28,Betfair,,0.9,,
157,True,,,Allsvenskan - Sweden,,IK Sirius,Örgryte IS,Premium,,,,,,,,
157,True,,,Premier League - Russia,,Dinamo Moscow,FC Krasnodar,Premium,,,,,,,,
157,False,,,Saudi Pro League,,Neom,Al-Shabab,Match Result,,,2.3,Betfair,,0.8,,
157,True,,,Saudi Pro League,,Neom,Al-Shabab,Premium,,,,,,,,
157,True,,,Frauen-Bundesliga,,RB Leipzig,Bayer Leverkusen,Premium,,,,,,,,
157,False,,,Frauen-Bundesliga,,RB Leipzig,Bayer Leverkusen,Match Result,,,1.58,Unibet (UK),,0.3,,
158,True,,,Premier League - Russia,,Spartak Moscow,Rubin Kazan,Premium,,,,,,,,
158,False,,,Premier League - Russia,,Spartak Moscow,Rubin Kazan,Match Result,,,1.6,1xBet,,0.3,,
158,False,,,Premier League - Russia,,FC Nizhny Novgorod,CSKA Moscow,Match Result,,,2.1,1xBet,,0.8,,
158,True,,,Premier League - Russia,,FC Nizhny Novgorod,CSKA Moscow,Premium,,,,,,,,
158,True,,,Premier League - Russia,,FC Akron Tolyatti,FK Rostov,Premium,,,,,,,,
158,False,,,Premier League - Russia,,FC Akron Tolyatti,FK Rostov,Match Result,,,2.6,1xBet,,0.9,,
158,False,,,Liga MX,,Pumas,América,Match Result,,,2.64,Betfair,,0.9,,
158,True,,,Liga MX,,Pumas,América,Premium,,,,,,,,
158,True,,,MLS,,Los Angeles FC,Houston Dynamo,Premium,,,,,,,,
158,False,,,MLS,,Los Angeles FC,Houston Dynamo,Match Result,,,1.68,Betsson,,0.4,,
158,False,,,Primera División - Argentina,,Velez Sarsfield BA,Gimnasia La Plata,Match Result,,,1.88,Betfair,,0.5,,
158,True,,,Primera División - Argentina,,Velez Sarsfield BA,Gimnasia La Plata,Premium,,,,,,,,
159,True,,,Brazil Série A,,Vasco da Gama,Atletico Paranaense,Premium,,,,,,,,
159,False,,,Brazil Série A,,Vasco da Gama,Atletico Paranaense,Match Result,,,1.95,Matchbook,,0.6,,
159,True,,,Liga MX,,Pachuca,Toluca,Premium,,,,,,,,
159,False,,,Liga MX,,Pachuca,Toluca,Match Result,,,2.17,Casumo,,0.8,,
159,True,,,MLS,,Minnesota United FC,Austin FC,Premium,,,,,,,,
159,False,,,MLS,,Minnesota United FC,Austin FC,Match Result,,,1.75,1xBet,,0.5,,
159,True,,,Brazil Série B,,Grêmio Novorizontino,Botafogo,Premium,,,,,,,,
159,True,,,Brazil Série A,,Grêmio,Flamengo,Premium,,,,,,,,
159,False,,,Brazil Série A,,Grêmio,Flamengo,Match Result,,,2.02,Betfair,,0.7,,
159,False,,,Brazil Série B,,Grêmio Novorizontino,Botafogo,Match Result,,,1.83,William Hill,,0.6,,
159,False,,,Primera División - Argentina,,River Plate,San Lorenzo,Match Result,,,1.67,Unibet,,0.4,,
159,True,,,Primera División - Argentina,,River Plate,San Lorenzo,Premium,,,,,,,,
160,True,,,Brazil Série A,,Mirassol,Chapecoense,Premium,,,,,,,,
160,False,,,Brazil Série A,,Mirassol,Chapecoense,Match Result,,,1.53,Ladbrokes,,0.3,,
160,False,,,Brazil Série A,,Corinthians,Sao Paulo,Match Result,,,2.15,Betway,,0.8,,
160,True,,,Brazil Série B,,Avai,Fortaleza,Premium,,,,,,,,
160,True,,,Brazil Série A,,Corinthians,Sao Paulo,Premium,,,,,,,,
160,False,,,Brazil Série A,,Santos,Bragantino-SP,Match Result,,,2.3,Coral,,1.0,,
160,False,,,Brazil Série B,,Avai,Fortaleza,Match Result,,,2.74,Betfair,,1.1,,
160,True,,,Brazil Série A,,Santos,Bragantino-SP,Premium,,,,,,,,
160,True,,,MLS,,New York City FC,Columbus Crew SC,Premium,,,,,,,,
160,False,,,MLS,,New York City FC,Columbus Crew SC,Match Result,,,2.54,Betfair,,1.0,,
160,True,,,Primera División - Argentina,,Estudiantes,Racing Club,Premium,,,,,,,,
160,False,,,Primera División - Argentina,,Estudiantes,Racing Club,Match Result,,,2.42,Matchbook,,0.7,,
161,False,,,Primeira Liga - Portugal,,Alverca,Estoril,Match Result,,,2.52,Matchbook,,1.1,,
161,True,,,Primeira Liga - Portugal,,Alverca,Estoril,Premium,,,,,,,,
161,True,,,Primeira Liga - Portugal,,Santa Clara,Nacional,Premium,,,,,,,,
161,False,,,Primeira Liga - Portugal,,Santa Clara,Nacional,Match Result,,,2.12,Pinnacle,,0.5,,
161,True,,,Ligue 1 - France,,Paris Saint Germain,Brest,Premium,,,,,,,,
161,True,,,Ligue 1 - France,,Rennes,Paris FC,Premium,,,,,,,,
161,True,,,Ligue 1 - France,,Toulouse,Lyon,Premium,,,,,,,,
161,False,,,Ligue 1 - France,,Toulouse,Lyon,Match Result,,,1.89,Matchbook,,0.5,,
161,True,,,Brazil Série A,,Remo,Palmeiras,Premium,,,,,,,,
161,False,,,Ligue 1 - France,,Le Havre,Marseille,Match Result,,,2.1,Betfair,,0.7,,
161,False,,,La Liga - Spain,,Barcelona,Real Madrid,Match Result,,,1.69,Betfair,,0.3,,
161,True,,,La Liga - Spain,,Barcelona,Real Madrid,Premium,,,,,,,,
162,False,,,Ligue 1 - France,,Angers,Strasbourg,Match Result,,,2.62,Matchbook,,0.9,,
162,False,,,Brazil Série A,,Remo,Palmeiras,Match Result,,,1.86,Betfair,,0.5,,
162,True,,,Ligue 1 - France,,Metz,Lorient,Premium,,,,,,,,
162,False,,,Ligue 1 - France,,Auxerre,Nice,Match Result,,,2.54,Matchbook,,1.1,,
162,False,,,Brazil Série B,,Nautico PE,América Mineiro,Match Result,,,2.0,Betfair,,0.6,,
162,True,,,Ligue 1 - France,,Le Havre,Marseille,Premium,,,,,,,,
162,False,,,Ligue 1 - France,,Metz,Lorient,Match Result,,,2.22,Betfair,,0.8,,
162,True,,,Ligue 1 - France,,Angers,Strasbourg,Premium,,,,,,,,
162,False,,,Brazil Série A,,Atletico Mineiro,Botafogo,Match Result,,,2.22,Matchbook,,0.9,,
163,False,,,Ligue 1 - France,,AS Monaco,Lille,Match Result,,,2.53,1xBet,,1.0,,
163,True,,,Ligue 1 - France,,AS Monaco,Lille,Premium,,,,,,,,
163,True,,,Ligue 1 - France,,Paris Saint Germain,Brest,Premium,,,,,,,,
163,False,,,Serie A - Italy,,AC Milan,Atalanta BC,Match Result,,,2.17,1xBet,,0.8,,
163,True,,,Serie A - Italy,,AC Milan,Atalanta BC,Premium,,,,,,,,
163,True,,,Primera División - Argentina,,Rosario Central,Independiente,Premium,,,,,,,,
163,False,,,Primera División - Argentina,,Rosario Central,Independiente,Match Result,,,2.36,Betfair,,0.8,,
163,False,,,Saudi Pro League,,Al-Ittihad,Damac,Match Result,,,1.5,Coral,,0.2,,
163,True,,,Saudi Pro League,,Al-Ittihad,Damac,Premium,,,,,,,,
163,True,,,Bundesliga - Germany,,FSV Mainz 05,Union Berlin,Premium,,,,,,,,
164,False,,,3. Liga - Germany,,TSG Hoffenheim II,1. FC Saarbrücken,Match Result,,,2.23,LeoVegas,,0.6,,
164,False,,,Bundesliga - Germany,,FSV Mainz 05,Union Berlin,Match Result,,,1.8,Betfair,,0.5,,
164,True,,,3. Liga - Germany,,TSG Hoffenheim II,1. FC Saarbrücken,Premium,,,,,,,,
164,False,,,Belgium First Div,,Genk,Westerlo,Match Result,,,1.7,Betsson,,0.4,,
164,True,,,Belgium First Div,,Genk,Westerlo,Premium,,,,,,,,
164,True,,,Primeira Liga - Portugal,,AVS Futebol SAD,FC Porto,Premium,,,,,,,,
164,True,,,Primeira Liga - Portugal,,AVS Futebol SAD,FC Porto,Premium,,,,,,,,
164,False,,,League 2,,Chesterfield FC,Notts County,Match Result,,,2.18,Nordic Bet,,0.7,,
164,True,,,League 2,,Chesterfield FC,Notts County,Premium,,,,,,,,
164,False,,,Primeira Liga - Portugal,,AVS Futebol SAD,FC Porto,Match Result,,,1.24,Matchbook,,0.1,,
164,False,,,Super League - Greece,,Olympiakos Piraeus,PAOK Thessaloniki,Match Result,,,1.69,Betfair,,0.4,,
164,False,,,Super League - Greece,,AEK Athens,Panathinaikos,Match Result,,,1.52,Unibet,,0.3,,
165,True,,,La Liga 2 - Spain,,Córdoba,Granada CF,Premium,,,,,,,,
165,False,,,La Liga 2 - Spain,,Córdoba,Granada CF,Match Result,,,1.79,Unibet (SE),,0.4,,
165,True,,,Super League - Greece,,AEK Athens,Panathinaikos,Premium,,,,,,,,
165,True,,,Premier League - Russia,,Lokomotiv Moscow,FC Baltika Kaliningrad,Premium,,,,,,,,
165,False,,,La Liga - Spain,,Oviedo,Getafe,Match Result,,,2.7,Betfair,,1.3,,
165,True,,,La Liga - Spain,,Oviedo,Getafe,Premium,,,,,,,,
165,False,,,Premier League - Russia,,Lokomotiv Moscow,FC Baltika Kaliningrad,Match Result,,,2.08,1xBet,,0.7,,
165,True,,,Belgium First Div,,Union Saint-Gilloise,KV Mechelen,Premium,,,,,,,,
165,True,,,La Liga 2 - Spain,,CD Mirandés,SD Eibar,Premium,,,,,,,,
165,True,,,Belgium First Div,,Union Saint-Gilloise,KV Mechelen,Premium,,,,,,,,
165,False,,,La Liga 2 - Spain,,CD Mirandés,SD Eibar,Match Result,,,2.62,Betfair,,0.9,,
166,False,,,Saudi Pro League,,Al-Riyadh,Al-Fateh,Match Result,,,2.23,Unibet (SE),,0.8,,
166,True,,,Saudi Pro League,,Al-Riyadh,Al-Fateh,Premium,,,,,,,,
166,False,,,Serie A - Italy,,Parma,AS Roma,Match Result,,,1.59,GTbets,,0.3,,
166,True,,,Serie A - Italy,,Parma,AS Roma,Premium,,,,,,,,
166,True,,,Denmark Superliga,,Brondby IF,AGF Aarhus,Premium,,,,,,,,
166,False,,,Denmark Superliga,,Brondby IF,AGF Aarhus,Match Result,,,2.33,GTbets,,0.8,,
166,True,,,Bundesliga - Germany,,1. FC Köln,1. FC Heidenheim,Premium,,,,,,,,
166,True,,,EPL,,West Ham United,Arsenal,Premium,,,,,,,,
166,True,,,Ekstraklasa - Poland,,Nieciecza,Legia Warszawa,Premium,,,,,,,,
166,False,,,Bundesliga - Germany,,1. FC Köln,1. FC Heidenheim,Match Result,,,2.04,Betfair,,0.7,,
166,False,,,EPL,,West Ham United,Arsenal,Match Result,,,1.65,GTbets,,0.4,,
167,False,,,Primeira Liga - Portugal,,Benfica,Braga,Match Result,,,1.38,Betway,,0.1,,
167,False,,,Primeira Liga - Portugal,,CF Estrela,Famalicão,Match Result,,,2.0,DraftKings,,0.6,,
167,True,,,Primeira Liga - Portugal,,Rio Ave FC,Sporting Lisbon,Premium,,,,,,,,
167,True,,,Primeira Liga - Portugal,,Benfica,Braga,Premium,,,,,,,,
167,False,,,Primeira Liga - Portugal,,Tondela,Moreirense FC,Match Result,,,2.03,Pinnacle,,0.5,,
167,False,,,Primeira Liga - Portugal,,Rio Ave FC,Sporting Lisbon,Match Result,,,1.24,Fanatics,,0.1,,
167,True,,,Eliteserien - Norway,,Tromso,Molde,Premium,,,,,,,,
167,False,,,Eliteserien - Norway,,Sandefjord,Kristiansund BK,Match Result,,,1.69,GTbets,,0.3,,
167,False,,,Primeira Liga - Portugal,,Gil Vicente,Arouca,Match Result,,,1.7,Pinnacle,,0.4,,
167,True,,,Primeira Liga - Portugal,,Vitória SC,Casa Pia,Premium,,,,,,,,
167,True,,,Primeira Liga - Portugal,,CF Estrela,Famalicão,Premium,,,,,,,,
168,False,,,Austrian Football Bundesliga,,Rapid Wien,Austria Wien,Match Result,,,2.2,Betfair,,0.9,,
168,False,,,Austrian Football Bundesliga,,LASK,RB Salzburg,Match Result,,,2.44,Pinnacle,,1.1,,
168,True,,,Eliteserien - Norway,,Sandefjord,Kristiansund BK,Premium,,,,,,,,
168,True,,,Eliteserien - Norway,,KFUM,Viking FK,Premium,,,,,,,,
168,True,,,Primeira Liga - Portugal,,Rio Ave FC,Sporting Lisbon,Premium,,,,,,,,
168,True,,,Primeira Liga - Portugal,,Benfica,Braga,Premium,,,,,,,,
168,False,,,Eliteserien - Norway,,KFUM,Viking FK,Match Result,,,1.67,BetMGM,,0.4,,
169,True,,,Austrian Football Bundesliga,,Rapid Wien,Austria Wien,Premium,,,,,,,,
169,False,,,Dutch Eredivisie,,Feyenoord,AZ Alkmaar,Match Result,,,1.9,Nordic Bet,,0.6,,
169,False,,,Dutch Eredivisie,,NAC Breda,Heerenveen,Match Result,,,2.6,Unibet (NL),,0.9,,
169,True,,,Dutch Eredivisie,,Ajax,FC Utrecht,Premium,,,,,,,,
169,True,,,Dutch Eredivisie,,Excelsior,FC Volendam,Premium,,,,,,,,
169,False,,,Dutch Eredivisie,,Excelsior,FC Volendam,Match Result,,,1.82,Nordic Bet,,0.5,,
169,False,,,Dutch Eredivisie,,FC Twente Enschede,Sparta Rotterdam,Match Result,,,1.4,Coral,,0.2,,
169,True,,,Dutch Eredivisie,,SC Telstar,Heracles Almelo,Premium,,,,,,,,
169,False,,,Dutch Eredivisie,,Go Ahead Eagles,PSV Eindhoven,Match Result,,,1.66,Betfair,,0.4,,
169,True,,,Dutch Eredivisie,,Go Ahead Eagles,PSV Eindhoven,Premium,,,,,,,,
170,True,,,Dutch Eredivisie,,SC Telstar,Heracles Almelo,Premium,,,,,,,,
170,True,,,Dutch Eredivisie,,Groningen,NEC Nijmegen,Premium,,,,,,,,
170,False,,,Dutch Eredivisie,,Fortuna Sittard,FC Zwolle,Match Result,,,2.18,Betsson,,0.8,,
170,True,,,Dutch Eredivisie,,FC Twente Enschede,Sparta Rotterdam,Premium,,,,,,,,
170,True,,,Dutch Eredivisie,,Fortuna Sittard,FC Zwolle,Premium,,,,,,,,
170,False,,,3. Liga - Germany,,FC Viktoria Köln 1904,Alemannia Aachen,Match Result,,,2.32,LeoVegas,,0.7,,
171,False,,,Swiss Superleague,,BSC Young Boys,FC Basel,Match Result,,,2.04,Betfair,,0.7,,
171,True,,,3. Liga - Germany,,FC Viktoria Köln 1904,Alemannia Aachen,Premium,,,,,,,,
171,True,,,Allsvenskan - Sweden,,BK Hacken,Malmo FF,Premium,,,,,,,,
171,True,,,Swiss Superleague,,BSC Young Boys,FC Basel,Premium,,,,,,,,
171,False,,,Swiss Superleague,,FC Sion,FC Thun,Match Result,,,1.81,Unibet (NL),,0.5,,
171,True,,,Swiss Superleague,,FC Sion,FC Thun,Premium,,,,,,,,
171,True,,,Premier League - Russia,,FC Akhmat Grozny,FC Dynamo Makhachkala,Premium,,,,,,,,
171,False,,,La Liga 2 - Spain,,Leganés,Real Racing Club de Santander,Match Result,,,2.43,Unibet (SE),,0.8,,
171,True,,,La Liga - Spain,,Athletic Bilbao,Valencia,Premium,,,,,,,,
171,False,,,Premier League - Russia,,FC Akhmat Grozny,FC Dynamo Makhachkala,Match Result,,,2.6,1xBet,,0.9,,
171,True,,,La Liga 2 - Spain,,Leganés,Real Racing Club de Santander,Premium,,,,,,,,
172,True,,,Super League - Greece,,Aris Thessaloniki,OFI Crete,Premium,,,,,,,,
172,True,,,Denmark Superliga,,Silkeborg IF,FC Copenhagen,Premium,,,,,,,,
172,False,,,Super League - Greece,,Volos FC,Levadiakos,Match Result,,,2.63,Pinnacle,,0.9,,
172,True,,,Belgium First Div,,Royal Antwerp,Charleroi,Premium,,,,,,,,
172,True,,,League 2,,Grimsby Town,Salford City,Premium,,,,,,,,
172,True,,,Frauen-Bundesliga,,Union Berlin,TSG Hoffenheim,Premium,,,,,,,,
172,True,,,Super League - Greece,,Volos FC,Levadiakos,Premium,,,,,,,,
172,False,,,Denmark Superliga,,Silkeborg IF,FC Copenhagen,Match Result,,,1.88,Betsson,,0.5,,
172,False,,,Super League - Greece,,Aris Thessaloniki,OFI Crete,Match Result,,,1.65,888sport,,0.4,,
172,False,,,League 2,,Grimsby Town,Salford City,Match Result,,,2.2,Ladbrokes,,0.8,,
172,False,,,Belgium First Div,,Royal Antwerp,Charleroi,Match Result,,,2.55,Pinnacle,,0.8,,
173,True,,,Bundesliga - Germany,,Hamburger SV,SC Freiburg,Premium,,,,,,,,
173,False,,,Bundesliga - Germany,,Hamburger SV,SC Freiburg,Match Result,,,2.58,Betfair,,1.0,,
173,True,,,EPL,,Nottingham Forest,Newcastle United,Premium,,,,,,,,
173,False,,,EPL,,Nottingham Forest,Newcastle United,Match Result,,,2.6,Betfair,,1.2,,
173,False,,,EPL,,Crystal Palace,Everton,Match Result,,,2.65,Unibet (SE),,1.1,,
173,True,,,EPL,,Burnley,Aston Villa,Premium,,,,,,,,
173,False,,,EPL,,Burnley,Aston Villa,Match Result,,,1.67,1xBet,,0.4,,
173,True,,,Serie A - Italy,,Cremonese,Pisa,Premium,,,,,,,,
173,False,,,Serie A - Italy,,Cremonese,Pisa,Match Result,,,1.77,1xBet,,0.4,,
173,False,,,Serie A - Italy,,Fiorentina,Genoa,Match Result,,,2.2,Matchbook,,0.9,,
173,True,,,Serie A - Italy,,Fiorentina,Genoa,Premium,,,,,,,,
174,True,,,Ekstraklasa - Poland,,Wisła Płock,Motor Lublin,Premium,,,,,,,,
174,False,,,Ekstraklasa - Poland,,Wisła Płock,Motor Lublin,Match Result,,,2.4,Unibet (SE),,0.7,,
174,False,,,Eliteserien - Norway,,Rosenborg,Lillestrom,Match Result,,,2.39,GTbets,,0.9,,
174,True,,,Eliteserien - Norway,,Rosenborg,Lillestrom,Premium,,,,,,,,
174,False,,,Denmark Superliga,,FC Nordsjaelland,FC Midtjylland,Match Result,,,2.25,Nordic Bet,,0.6,,
174,True,,,Swiss Superleague,,FC Lugano,FC St Gallen,Premium,,,,,,,,
174,False,,,Allsvenskan - Sweden,,Kalmar FF,Halmstads BK,Match Result,,,1.82,Betfair,,0.5,,
174,False,,,La Liga - Spain,,Mallorca,Villarreal,Match Result,,,2.45,Coolbet,,1.0,,
174,False,,,Allsvenskan - Sweden,,AIK,Djurgardens IF,Match Result,,,2.85,Unibet (SE),,1.0,,
174,True,,,La Liga 2 - Spain,,Andorra CF,Las Palmas,Premium,,,,,,,,
174,False,,,Veikkausliiga - Finland,,FC Lahti,IFK Mariehamn,Match Result,,,1.63,Betfair,,0.3,,
175,True,,,Allsvenskan - Sweden,,Kalmar FF,Halmstads BK,Premium,,,,,,,,
175,True,,,Frauen-Bundesliga,,Werder Bremen,Carl Zeiss Jena,Premium,,,,,,,,
175,True,,,La Liga - Spain,,Mallorca,Villarreal,Premium,,,,,,,,
175,False,,,Denmark Superliga,,Vejle Boldklub,FC Fredericia,Match Result,,,2.22,GTbets,,0.8,,
175,False,,,Swiss Superleague,,FC Lugano,FC St Gallen,Match Result,,,2.25,GTbets,,0.8,,
175,True,,,Denmark Superliga,,FC Nordsjaelland,FC Midtjylland,Premium,,,,,,,,
175,True,,,Denmark Superliga,,Vejle Boldklub,FC Fredericia,Premium,,,,,,,,
175,True,,,Allsvenskan - Sweden,,AIK,Djurgardens IF,Premium,,,,,,,,
176,False,,,La Liga 2 - Spain,,Andorra CF,Las Palmas,Match Result,,,2.63,Unibet (SE),,1.2,,
176,True,,,Super League - China,,Zhejiang,Tianjin Jinmen Tiger FC,Premium,,,,,,,,
176,False,,,Super League - China,,Beijing FC,Shanghai SIPG FC,Match Result,,,1.78,Coolbet,,0.5,,
176,False,,,Super League - China,,Zhejiang,Tianjin Jinmen Tiger FC,Match Result,,,1.75,Grosvenor,,0.5,,
176,True,,,Super League - China,,Beijing FC,Shanghai SIPG FC,Premium,,,,,,,,
176,True,,,Bundesliga 2 - Germany,,Hertha Berlin,Greuther Fürth,Premium,,,,,,,,
176,True,,,Bundesliga 2 - Germany,,SC Preußen Münster,SV Darmstadt 98,Premium,,,,,,,,
176,False,,,Bundesliga 2 - Germany,,SC Preußen Münster,SV Darmstadt 98,Match Result,,,2.38,Betfair,,1.0,,
177,True,,,3. Liga - Germany,,TSV Havelse,Schweinfurt,Premium,,,,,,,,
177,True,,,Belgium First Div,,Gent,Anderlecht,Premium,,,,,,,,
177,False,,,3. Liga - Germany,,TSV Havelse,Schweinfurt,Match Result,,,2.05,Fanatics,,0.7,,
177,False,,,Bundesliga 2 - Germany,,Fortuna Düsseldorf,Elversberg,Match Result,,,2.1,BetMGM,,0.6,,
177,True,,,Premiership - Scotland,,Celtic,Rangers,Premium,,,,,,,,
177,True,,,Super League - China,,Liaoning Tieren FC,Yunnan Yukun,Premium,,,,,,,,
177,False,,,Super League - China,,Liaoning Tieren FC,Yunnan Yukun,Match Result,,,2.57,1xBet,,1.0,,
177,False,,,Premiership - Scotland,,Celtic,Rangers,Match Result,,,2.04,Unibet (NL),,0.7,,
177,True,,,Serie A - Italy,,Hellas Verona,Como,Premium,,,,,,,,
178,True,,,Ekstraklasa - Poland,,Piast Gliwice,GKS Katowice,Premium,,,,,,,,
178,False,,,Ekstraklasa - Poland,,Piast Gliwice,GKS Katowice,Match Result,,,2.2,Coolbet,,0.9,,
178,True,,,Super League - China,,Shenzhen Peng City FC,Shandong Luneng Taishan FC,Premium,,,,,,,,
178,False,,,Super League - China,,Shenzhen Peng City FC,Shandong Luneng Taishan FC,Match Result,,,2.0,Betway,,0.6,,
178,True,,,Premier League - Russia,,Gazovik Orenburg,Kryliya Sovetov,Premium,,,,,,,,
178,False,,,Super League - China,,Qingdao West Coast FC,Wuhan Three Towns,Match Result,,,2.04,Pinnacle,,0.5,,
178,False,,,Premier League - Russia,,Gazovik Orenburg,Kryliya Sovetov,Match Result,,,2.09,1xBet,,0.6,,
178,True,,,Super League - China,,Qingdao West Coast FC,Wuhan Three Towns,Premium,,,,,,,,
178,False,,,J League,,JEF United Chiba,FC Machida Zelvia,Match Result,,,1.8,888sport,,0.5,,
178,True,,,J League,,JEF United Chiba,FC Machida Zelvia,Premium,,,,,,,,
178,False,,,K League 1,,FC Anyang,Jeonbuk Hyundai Motors,Match Result,,,2.15,Unibet (UK),,0.8,,
179,True,,,J League,,Nagoya Grampus,Kyoto Purple Sanga,Premium,,,,,,,,
179,True,,,J League,,Kashiwa Reysol,Kawasaki Frontale,Premium,,,,,,,,
179,False,,,J League,,Nagoya Grampus,Kyoto Purple Sanga,Match Result,,,2.3,BetMGM,,0.9,,
179,False,,,J League,,Kashiwa Reysol,Kawasaki Frontale,Match Result,,,2.02,Unibet (UK),,0.6,,
179,False,,,J League,,FC Tokyo,Tokyo Verdy,Match Result,,,1.85,Pinnacle,,0.4,,
179,True,,,J League,,Gamba Osaka,Hiroshima Sanfrecce FC,Premium,,,,,,,,
179,True,,,J League,,FC Tokyo,Tokyo Verdy,Premium,,,,,,,,
179,False,,,J League,,Gamba Osaka,Hiroshima Sanfrecce FC,Match Result,,,2.14,BetAnything,,0.5,,
179,False,,,J League,,Yokohama F Marinos,Kashima Antlers,Match Result,,,2.05,Pinnacle,,0.7,,
179,False,,,J League,,Vissel Kobe,Fagiano Okayama,Match Result,,,1.67,BetAnything,,0.4,,
179,True,,,J League,,Shimizu S Pulse,Avispa Fukuoka,Premium,,,,,,,,
180,True,,,J League,,Yokohama F Marinos,Kashima Antlers,Premium,,,,,,,,
180,True,,,Liga MX,,Cruz Azul,Atlas,Premium,,,,,,,,
180,False,,,Liga MX,,Cruz Azul,Atlas,Match Result,,,1.48,Coolbet,,0.3,,
180,True,,,MLS,,San Jose Earthquakes,Vancouver Whitecaps FC,Premium,,,,,,,,
180,False,,,MLS,,San Jose Earthquakes,Vancouver Whitecaps FC,Match Result,,,2.32,Betfair,,1.0,,
180,False,,,MLS,,Portland Timbers,Sporting Kansas City,Match Result,,,1.57,Betfair,,0.2,,
180,True,,,MLS,,Seattle Sounders FC,San Diego FC,Premium,,,,,,,,
180,True,,,MLS,,Portland Timbers,Sporting Kansas City,Premium,,,,,,,,
180,False,,,MLS,,Seattle Sounders FC,San Diego FC,Match Result,,,1.77,LeoVegas (SE),,0.5,,
180,True,,,MLS,,Colorado Rapids,St. Louis City SC,Premium,,,,,,,,
181,True,,,Primera División - Argentina,,Argentinos Juniors,Lanus,Premium,,,,,,,,
181,False,,,MLS,,Nashville SC,D.C. United,Match Result,,,1.7,Betfair,,0.4,,
181,True,,,MLS,,Nashville SC,D.C. United,Premium,,,,,,,,
181,False,,,Primera División - Argentina,,Argentinos Juniors,Lanus,Match Result,,,2.0,FanDuel,,0.5,,
181,True,,,Liga MX,,Guadalajara,Tigres,Premium,,,,,,,,
181,False,,,Liga MX,,Guadalajara,Tigres,Match Result,,,2.2,Coolbet,,0.5,,
181,False,,,Primera División - Argentina,,Independiente Rivadavia,Union Santa Fe,Match Result,,,2.45,Unibet,,1.0,,
181,True,,,Primera División - Argentina,,Independiente Rivadavia,Union Santa Fe,Premium,,,,,,,,
181,True,,,MLS,,FC Dallas,Real Salt Lake,Premium,,,,,,,,
181,False,,,MLS,,FC Dallas,Real Salt Lake,Match Result,,,2.38,LeoVegas (SE),,0.8,,
181,True,,,Brazil Série B,,Juventude,Criciuma,Premium,,,,,,,,
182,True,,,Primeira Liga - Portugal,,Vitória SC,Casa Pia,Premium,,,,,,,,
182,False,,,Primeira Liga - Portugal,,CF Estrela,Famalicão,Match Result,,,1.88,TABtouch,,0.6,,
182,False,,,Primeira Liga - Portugal,,Alverca,Estoril,Match Result,,,2.4,Grosvenor,,0.8,,
182,False,,,Primeira Liga - Portugal,,Rio Ave FC,Sporting Lisbon,Match Result,,,1.22,Casumo,,0.1,,
182,True,,,Primeira Liga - Portugal,,Rio Ave FC,Sporting Lisbon,Premium,,,,,,,,
182,True,,,Primeira Liga - Portugal,,Santa Clara,Nacional,Premium,,,,,,,,
182,False,,,Primeira Liga - Portugal,,Benfica,Braga,Match Result,,,1.43,Casumo,,0.2,,
182,True,,,Primeira Liga - Portugal,,AVS Futebol SAD,FC Porto,Premium,,,,,,,,
182,False,,,Primeira Liga - Portugal,,Santa Clara,Nacional,Match Result,,,1.83,BetRivers,,0.5,,
182,True,,,Primeira Liga - Portugal,,CF Estrela,Famalicão,Premium,,,,,,,,
182,True,,,Primeira Liga - Portugal,,Tondela,Moreirense FC,Premium,,,,,,,,
183,True,,,Primeira Liga - Portugal,,Gil Vicente,Arouca,Premium,,,,,,,,
183,True,,,Primeira Liga - Portugal,,Benfica,Braga,Premium,,,,,,,,
183,False,,,Primeira Liga - Portugal,,Vitória SC,Casa Pia,Match Result,,,1.7,Casumo,,0.4,,
183,False,,,Primeira Liga - Portugal,,Tondela,Moreirense FC,Match Result,,,2.02,betPARX,,0.6,,
183,True,,,MLS,,Charlotte FC,FC Cincinnati,Premium,,,,,,,,
183,True,,,MLS,,New England Revolution,Philadelphia Union,Premium,,,,,,,,
183,True,,,Brazil Série B,,Clube de Regatas Brasil,Operario PR,Premium,,,,,,,,
184,False,,,MLS,,New England Revolution,Philadelphia Union,Match Result,,,2.76,Betfair,,1.3,,
184,True,,,MLS,,Atlanta United FC,LA Galaxy,Premium,,,,,,,,
184,False,,,Brazil Série B,,Clube de Regatas Brasil,Operario PR,Match Result,,,2.14,Betfair,,0.7,,
184,False,,,MLS,,Charlotte FC,FC Cincinnati,Match Result,,,2.2,Betway,,0.8,,
184,True,,,Brazil Série B,,Ceará,Atletico Goianiense,Premium,,,,,,,,
184,True,,,Primera División - Argentina,,Boca Juniors,Atlético Huracán,Premium,,,,,,,,
184,False,,,Brazil Série B,,Ceará,Atletico Goianiense,Match Result,,,2.02,Matchbook,,0.7,,
184,False,,,Primera División - Argentina,,Boca Juniors,Atlético Huracán,Match Result,,,1.93,Betfair,,0.6,,
184,False,,,Brazil Série B,,Ponte Preta,Sport Recife,Match Result,,,2.74,Matchbook,,1.2,,
184,True,,,Brazil Série B,,Ponte Preta,Sport Recife,Premium,,,,,,,,
184,True,,,Brazil Série A,,Fluminense,Vitoria,Premium,,,,,,,,
185,False,,,Brazil Série A,,Fluminense,Vitoria,Match Result,,,1.55,Matchbook,,0.2,,
185,False,,,Brazil Série B,,Athletic Club (MG),Cuiabá,Match Result,,,2.56,Betfair,,0.8,,
185,False,,,MLS,,CF Montreal,Orlando City SC,Match Result,,,1.98,Matchbook,,0.5,,
185,True,,,MLS,,CF Montreal,Orlando City SC,Premium,,,,,,,,
185,False,,,Primera División - Argentina,,Talleres,Belgrano de Cordoba,Match Result,,,2.42,Matchbook,,0.9,,
185,True,,,Primera División - Argentina,,Talleres,Belgrano de Cordoba,Premium,,,,,,,,
185,True,,,La Liga 2 - Spain,,Málaga,Sporting Gijón,Premium,,,,,,,,
185,False,,,League 1,,Bolton Wanderers,Bradford City,Match Result,,,1.87,Matchbook,,0.5,,
185,True,,,Primera División - Argentina,,River Plate,San Lorenzo,Premium,,,,,,,,
185,True,,,Brazil Série B,,Goiás,Vila Nova,Premium,,,,,,,,
185,False,,,La Liga 2 - Spain,,Málaga,Sporting Gijón,Match Result,,,1.58,Betfair,,0.3,,
186,True,,,League 1,,Bolton Wanderers,Bradford City,Premium,,,,,,,,
186,False,,,La Liga - Spain,,Real Sociedad,Real Betis,Match Result,,,2.7,Matchbook,,0.9,,
186,False,,,Brazil Série A,,Coritiba,Internacional,Match Result,,,2.92,Betfair,,1.1,,
186,True,,,Brazil Série A,,Coritiba,Internacional,Premium,,,,,,,,
186,True,,,La Liga - Spain,,Real Sociedad,Real Betis,Premium,,,,,,,,
186,False,,,Premiership - Scotland,,Motherwell,Hearts,Match Result,,,2.52,Matchbook,,0.8,,
186,True,,,Serie A - Italy,,Lecce,Juventus,Premium,,,,,,,,
186,False,,,Serie A - Italy,,Lecce,Juventus,Match Result,,,1.54,GTbets,,0.3,,
186,True,,,Belgium First Div,,Club Brugge,Sint Truiden,Premium,,,,,,,,
187,True,,,MLS,,Chicago Fire,New York Red Bulls,Premium,,,,,,,,
187,False,,,Swiss Superleague,,FC Luzern,Servette,Match Result,,,2.12,Betfair,,0.8,,
187,True,,,Bundesliga 2 - Germany,,1. FC Nürnberg,FC Schalke 04,Premium,,,,,,,,
187,True,,,Swiss Superleague,,FC Luzern,Servette,Premium,,,,,,,,
187,False,,,MLS,,Chicago Fire,New York Red Bulls,Match Result,,,1.59,Matchbook,,0.3,,
187,False,,,Bundesliga 2 - Germany,,1. FC Nürnberg,FC Schalke 04,Match Result,,,2.0,Betfair,,0.6,,
187,True,,,Ekstraklasa - Poland,,Górnik Zabrze,Zagłębie Lubin,Premium,,,,,,,,
187,False,,,Ekstraklasa - Poland,,Górnik Zabrze,Zagłębie Lubin,Match Result,,,1.71,Unibet,,0.3,,
187,False,,,Ligue 2 - France,,Stade Lavallois,Boulogne,Match Result,,,1.65,Unibet (UK),,0.4,,
187,False,,,Ligue 2 - France,,Clermont,Guingamp,Match Result,,,2.2,Matchbook,,0.7,,
187,False,,,Ligue 2 - France,,SC Bastia,Le Mans FC,Match Result,,,2.5,PMU (FR),,1.1,,
188,False,,,Ligue 2 - France,,Stade de Reims,Pau FC,Match Result,,,1.4,BetMGM,,0.1,,
188,True,,,Ligue 2 - France,,Nancy,USL Dunkerque,Premium,,,,,,,,
188,True,,,Ligue 2 - France,,Stade Lavallois,Boulogne,Premium,,,,,,,,
188,False,,,Saudi Pro League,,Al-Fayha,Al-Qadsiah,Match Result,,,1.53,Unibet (NL),,0.3,,
188,True,,,Ligue 2 - France,,Red Star,Montpellier,Premium,,,,,,,,
188,False,,,Ligue 2 - France,,Nancy,USL Dunkerque,Match Result,,,2.55,Unibet (UK),,0.8,,
188,False,,,Ligue 2 - France,,Red Star,Montpellier,Match Result,,,1.87,Fanatics,,0.3,,
188,True,,,Saudi Pro League,,Al-Fayha,Al-Qadsiah,Premium,,,,,,,,
188,True,,,Ligue 2 - France,,Annecy FC,Rodez AF,Premium,,,,,,,,
188,True,,,Ligue 2 - France,,Grenoble,Troyes,Premium,,,,,,,,
189,True,,,Ligue 2 - France,,Stade de Reims,Pau FC,Premium,,,,,,,,
189,False,,,Ligue 2 - France,,Annecy FC,Rodez AF,Match Result,,,2.26,Matchbook,,0.7,,
189,False,,,Turkey Super League,,Galatasaray,Antalyaspor,Match Result,,,1.2,Ladbrokes,,0.0,,
189,False,,,Turkey Super League,,Kocaelispor,Fatih Karagümrük,Match Result,,,2.08,Betfair,,0.5,,
189,True,,,Turkey Super League,,Torku Konyaspor,Fenerbahce,Premium,,,,,,,,
189,True,,,Turkey Super League,,Besiktas JK,Trabzonspor,Premium,,,,,,,,
189,True,,,MLS,,Toronto FC,Inter Miami CF,Premium,,,,,,,,
189,False,,,Turkey Super League,,Alanyaspor,Kayserispor,Match Result,,,2.38,Betfair,,0.9,,
190,False,,,Turkey Super League,,Besiktas JK,Trabzonspor,Match Result,,,2.1,Coolbet,,0.6,,
190,True,,,Turkey Super League,,Galatasaray,Antalyaspor,Premium,,,,,,,,
190,False,,,Turkey Super League,,Goztepe,Gazişehir Gaziantep,Match Result,,,1.53,Casumo,,0.3,,
190,True,,,Turkey Super League,,Eyüpspor,Çaykur Rizespor,Premium,,,,,,,,
190,False,,,Turkey Super League,,Torku Konyaspor,Fenerbahce,Match Result,,,1.54,1xBet,,0.3,,
190,True,,,Turkey Super League,,Kocaelispor,Fatih Karagümrük,Premium,,,,,,,,
190,True,,,Turkey Super League,,Goztepe,Gazişehir Gaziantep,Premium,,,,,,,,
190,True,,,Turkey Super League,,Alanyaspor,Kayserispor,Premium,,,,,,,,
191,False,,,Turkey Super League,,Basaksehir,Samsunspor,Match Result,,,1.89,GTbets,,0.6,,
191,False,,,Turkey Super League,,Genclerbirligi SK,Kasimpasa SK,Match Result,,,2.48,1xBet,,1.0,,
191,True,,,Super League - Greece,,Atromitos Athens,Panetolikos Agrinio,Premium,,,,,,,,
191,True,,,EPL,,Manchester City,Brentford,Premium,,,,,,,,
191,False,,,EPL,,Manchester City,Brentford,Match Result,,,1.4,1xBet,,0.2,,
191,True,,,EPL,,Manchester City,Brentford,Premium,,,,,,,,
191,False,,,Super League - Greece,,Atromitos Athens,Panetolikos Agrinio,Match Result,,,2.32,Betfair,,0.8,,
191,True,,,La Liga 2 - Spain,,Real Valladolid CF,Zaragoza,Premium,,,,,,,,
191,False,,,La Liga - Spain,,Atlético Madrid,Celta Vigo,Match Result,,,2.23,Unibet (NL),,0.8,,
191,True,,,La Liga - Spain,,Atlético Madrid,Celta Vigo,Premium,,,,,,,,
191,True,,,Bundesliga - Germany,,VfL Wolfsburg,Bayern Munich,Premium,,,,,,,,
192,False,,,Bundesliga - Germany,,VfL Wolfsburg,Bayern Munich,Match Result,,,1.68,Betsson,,0.4,,
192,False,,,Saudi Pro League,,Al-Najma,Al-Hazem,Match Result,,,2.09,Pinnacle,,0.7,,
192,True,,,Saudi Pro League,,Al-Najma,Al-Hazem,Premium,,,,,,,,
192,False,,,Swiss Superleague,,FC Zurich,Grasshopper Zürich,Match Result,,,2.42,Betfair,,1.0,,
192,True,,,Swiss Superleague,,FC Winterthur,FC Lausanne-Sport,Premium,,,,,,,,
192,False,,,Serie A - Italy,,Lazio,Inter Milan,Match Result,,,1.9,1xBet,,0.6,,
192,True,,,Serie A - Italy,,Lazio,Inter Milan,Premium,,,,,,,,
192,False,,,Swiss Superleague,,FC Winterthur,FC Lausanne-Sport,Match Result,,,1.82,Coolbet,,0.5,,
192,True,,,Swiss Superleague,,FC Zurich,Grasshopper Zürich,Premium,,,,,,,,
192,False,,,Saudi Pro League,,Al-Khaleej,Al-Ettifaq,Match Result,,,2.22,Pinnacle,,0.6,,
192,True,,,Saudi Pro League,,Al-Khaleej,Al-Ettifaq,Premium,,,,,,,,
193,False,,,Ekstraklasa - Poland,,Jagiellonia Białystok,Pogoń Szczecin,Match Result,,,1.91,Unibet (NL),,0.6,,
193,True,,,Ekstraklasa - Poland,,Jagiellonia Białystok,Pogoń Szczecin,Premium,,,,,,,,
193,True,,,Austrian Football Bundesliga,,WSG Tirol,FC Blau-Weiß Linz,Premium,,,,,,,,
193,False,,,Austrian Football Bundesliga,,WSG Tirol,FC Blau-Weiß Linz,Match Result,,,2.76,Matchbook,,1.1,,
193,True,,,Austrian Football Bundesliga,,Grazer AK,Rheindorf Altach,Premium,,,,,,,,
193,True,,,Superettan - Sweden,,Sandvikens IF,Ljungskile SK,Premium,,,,,,,,
193,False,,,Superettan - Sweden,,Sandvikens IF,Ljungskile SK,Match Result,,,2.6,LeoVegas (SE),,0.9,,
193,False,,,Austrian Football Bundesliga,,Grazer AK,Rheindorf Altach,Match Result,,,2.35,Grosvenor,,0.7,,
193,False,,,Austrian Football Bundesliga,,Ried,Wolfsberger AC,Match Result,,,2.38,Betsson,,0.9,,
193,True,,,Superettan - Sweden,,GIF Sundsvall,IFK Norrkoping,Premium,,,,,,,,
193,False,,,Superettan - Sweden,,GIF Sundsvall,IFK Norrkoping,Match Result,,,1.9,Betfair,,0.6,,
193,True,,,Austrian Football Bundesliga,,Ried,Wolfsberger AC,Premium,,,,,,,,
194,False,,,3. Liga - Germany,,Waldhof Mannheim,Jahn Regensburg,Match Result,,,2.4,Tipico,,1.0,,
194,True,,,3. Liga - Germany,,Waldhof Mannheim,Jahn Regensburg,Premium,,,,,,,,
194,False,,,La Liga 2 - Spain,,Albacete,Cultural Leonesa,Match Result,,,2.26,Betfair,,0.7,,
194,False,,,La Liga - Spain,,Sevilla,Espanyol,Match Result,,,2.12,Betfair,,0.8,,
194,False,,,La Liga 2 - Spain,,Burgos CF,Almería,Match Result,,,2.7,Unibet (NL),,1.1,,
194,True,,,La Liga 2 - Spain,,Albacete,Cultural Leonesa,Premium,,,,,,,,
194,True,,,La Liga 2 - Spain,,Burgos CF,Almería,Premium,,,,,,,,
194,True,,,La Liga - Spain,,Sevilla,Espanyol,Premium,,,,,,,,
194,False,,,EPL,,Brighton and Hove Albion,Wolverhampton Wanderers,Match Result,,,1.3,1xBet,,0.1,,
194,True,,,EPL,,Fulham,Bournemouth,Premium,,,,,,,,
194,False,,,Premiership - Scotland,,Dundee FC,Livingston,Match Result,,,1.83,William Hill,,0.5,,
194,True,,,EPL,,Sunderland,Manchester United,Premium,,,,,,,,
195,False,,,Veikkausliiga - Finland,,VPS Vaasa,IF Gnistan,Match Result,,,2.0,Betfair,,0.6,,
195,False,,,Belgium First Div,,RAAL La Louvière,Cercle Brugge KSV,Match Result,,,2.23,Unibet (SE),,0.6,,
195,False,,,EPL,,Sunderland,Manchester United,Match Result,,,1.94,Matchbook,,0.6,,
195,False,,,Premiership - Scotland,,St Mirren,Kilmarnock,Match Result,,,2.06,Matchbook,,0.8,,
195,True,,,EPL,,Brighton and Hove Albion,Wolverhampton Wanderers,Premium,,,,,,,,
195,True,,,Premiership - Scotland,,Aberdeen,Dundee United,Premium,,,,,,,,
195,True,,,Super League - Greece,,AEL,Asteras Tripolis,Premium,,,,,,,,
195,True,,,Veikkausliiga - Finland,,VPS Vaasa,IF Gnistan,Premium,,,,,,,,
195,True,,,Premiership - Scotland,,Falkirk F.C.,Hibernian,Premium,,,,,,,,
196,True,,,Premiership - Scotland,,St Mirren,Kilmarnock,Premium,,,,,,,,
196,True,,,EPL,,Brighton and Hove Albion,Wolverhampton Wanderers,Premium,,,,,,,,
196,False,,,EPL,,Fulham,Bournemouth,Match Result,,,2.48,1xBet,,1.0,,
196,False,,,Belgium First Div,,SV Zulte-Waregem,Dender,Match Result,,,1.58,Unibet (UK),,0.3,,
196,True,,,Frauen-Bundesliga,,Bayern Munich,Eintracht Frankfurt,Premium,,,,,,,,
196,False,,,Frauen-Bundesliga,,Bayern Munich,Eintracht Frankfurt,Match Result,,,1.47,LiveScore Bet,,0.2,,
196,True,,,Bundesliga - Germany,,RB Leipzig,FC St. Pauli,Premium,,,,,,,,
197,False,,,Bundesliga - Germany,,VfB Stuttgart,Bayer Leverkusen,Match Result,,,2.26,Betfair,,0.9,,
197,False,,,Bundesliga - Germany,,RB Leipzig,FC St. Pauli,Match Result,,,1.34,1xBet,,0.1,,
197,True,,,Bundesliga - Germany,,RB Leipzig,FC St. Pauli,Premium,,,,,,,,
197,False,,,Bundesliga - Germany,,TSG Hoffenheim,Werder Bremen,Match Result,,,1.5,Betfair,,0.3,,
197,True,,,Bundesliga - Germany,,VfB Stuttgart,Bayer Leverkusen,Premium,,,,,,,,
197,False,,,Bundesliga - Germany,,Augsburg,Borussia Monchengladbach,Match Result,,,2.18,Betfair,,0.8,,
197,True,,,Bundesliga - Germany,,Augsburg,Borussia Monchengladbach,Premium,,,,,,,,
197,False,,,Allsvenskan - Sweden,,Västerås SK,GAIS,Match Result,,,2.32,Coolbet,,0.8,,
197,True,,,Allsvenskan - Sweden,,Degerfors IF,Mjällby AIF,Premium,,,,,,,,
197,True,,,Allsvenskan - Sweden,,IFK Goteborg,Hammarby IF,Premium,,,,,,,,
197,True,,,Serie A - Italy,,Cagliari,Udinese,Premium,,,,,,,,
198,False,,,Allsvenskan - Sweden,,Degerfors IF,Mjällby AIF,Match Result,,,2.14,Betfair,,0.5,,
198,False,,,Serie A - Italy,,Cagliari,Udinese,Match Result,,,2.66,Smarkets,,1.0,,
198,False,,,Super League - Greece,,Panserraikos FC,AE Kifisia FC,Match Result,,,2.38,Betfair,,1.0,,
198,True,,,Super League - Greece,,Panserraikos FC,AE Kifisia FC,Premium,,,,,,,,
198,False,,,Allsvenskan - Sweden,,IFK Goteborg,Hammarby IF,Match Result,,,1.75,GTbets,,0.5,,
198,False,,,Ekstraklasa - Poland,,Widzew Łódź,Lechia Gdańsk,Match Result,,,2.02,Betfair,,0.7,,
198,True,,,Ekstraklasa - Poland,,Widzew Łódź,Lechia Gdańsk,Premium,,,,,,,,
198,False,,,3. Liga - Germany,,Rot-Weiss Essen,SC Verl,Match Result,,,2.56,Betfair,,0.8,,
198,False,,,La Liga 2 - Spain,,AD Ceuta FC,CD Castellón,Match Result,,,1.71,Unibet,,0.3,,
199,True,,,3. Liga - Germany,,Hansa Rostock,VfB Stuttgart II,Premium,,,,,,,,
199,True,,,La Liga 2 - Spain,,AD Ceuta FC,CD Castellón,Premium,,,,,,,,
199,True,,,La Liga - Spain,,Elche CF,Alavés,Premium,,,,,,,,
199,False,,,Veikkausliiga - Finland,,FC Inter Turku,Jaro,Match Result,,,1.54,Betfair,,0.3,,
199,False,,,Super League - China,,Chengdu Rongcheng FC,Henan FC,Match Result,,,1.58,GTbets,,0.3,,
199,False,,,3. Liga - Germany,,VfL Osnabrück,SSV Ulm 1846,Match Result,,,1.53,LeoVegas,,0.3,,
199,True,,,3. Liga - Germany,,Rot-Weiss Essen,SC Verl,Premium,,,,,,,,
199,True,,,Veikkausliiga - Finland,,FC Inter Turku,Jaro,Premium,,,,,,,,
199,False,,,3. Liga - Germany,,TSV 1860 München,FC Ingolstadt 04,Match Result,,,2.3,Unibet (UK),,1.0,,
199,True,,,Super League - China,,Chengdu Rongcheng FC,Henan FC,Premium,,,,,,,,
200,True,,,Frauen-Bundesliga,,SC Freiburg,VfL Wolfsburg,Premium,,,,,,,,
200,False,,,3. Liga - Germany,,FC Energie Cottbus,Wehen Wiesbaden,Match Result,,,1.54,LeoVegas,,0.3,,
200,True,,,3. Liga - Germany,,TSV 1860 München,FC Ingolstadt 04,Premium,,,,,,,,
200,True,,,Super League - China,,Shanghai Shenhua FC,Chongqing Tonglianglong FC,Premium,,,,,,,,
200,False,,,Super League - China,,Shanghai Shenhua FC,Chongqing Tonglianglong FC,Match Result,,,1.58,Betfair,,0.3,,
200,True,,,EPL,,Liverpool,Chelsea,Premium,,,,,,,,
200,False,,,Championship,,Middlesbrough,Southampton,Match Result,,,2.38,Betfair,,0.9,,
201,False,,,EPL,,Liverpool,Chelsea,Match Result,,,1.94,1xBet,,0.6,,
201,True,,,Superettan - Sweden,,Nordic United FC,Östers IF,Premium,,,,,,,,
201,True,,,Superettan - Sweden,,IK Oddevold,Landskrona BoIS,Premium,,,,,,,,
201,False,,,Superettan - Sweden,,Nordic United FC,Östers IF,Match Result,,,2.5,FanDuel,,1.1,,
201,False,,,Superettan - Sweden,,Östersunds FK,Falkenbergs FF,Match Result,,,2.2,LeoVegas (SE),,0.7,,
201,True,,,Superettan - Sweden,,Östersunds FK,Falkenbergs FF,Premium,,,,,,,,
201,False,,,Bundesliga 2 - Germany,,Eintracht Braunschweig,Dynamo Dresden,Match Result,,,2.67,Pinnacle,,0.9,,
201,False,,,Superettan - Sweden,,IK Oddevold,Landskrona BoIS,Match Result,,,2.3,Nordic Bet,,0.7,,
201,True,,,Bundesliga 2 - Germany,,Eintracht Braunschweig,Dynamo Dresden,Premium,,,,,,,,
201,True,,,Bundesliga 2 - Germany,,VfL Bochum,Hannover 96,Premium,,,,,,,,
201,False,,,Bundesliga 2 - Germany,,VfL Bochum,Hannover 96,Match Result,,,2.17,Coolbet,,0.7,,
202,False,,,Frauen-Bundesliga,,1. FC Köln,Hamburger SV,Match Result,,,1.66,Grosvenor,,0.3,,
202,False,,,K League 1,,Daejeon Citizen,Pohang Steelers,Match Result,,,2.4,LeoVegas (SE),,0.9,,
202,True,,,Frauen-Bundesliga,,1. FC Köln,Hamburger SV,Premium,,,,,,,,
202,True,,,K League 1,,Daejeon Citizen,Pohang Steelers,Premium,,,,,,,,
202,False,,,A-League,,Sydney FC,Newcastle Jets FC,Match Result,,,2.42,Betfair,,0.7,,
202,True,,,A-League,,Sydney FC,Newcastle Jets FC,Premium,,,,,,,,
202,True,,,K League 1,,Gwangju FC,Gangwon FC,Premium,,,,,,,,
202,True,,,K League 1,,Sangju Sangmu FC,Incheon United,Premium,,,,,,,,
202,False,,,K League 1,,Gwangju FC,Gangwon FC,Match Result,,,1.44,LeoVegas,,0.2,,
202,False,,,K League 1,,Sangju Sangmu FC,Incheon United,Match Result,,,2.42,LowVig.ag,,1.0,,
203,False,,,J League,,Cerezo Osaka,V-Varen Nagasaki,Match Result,,,1.87,DraftKings,,0.5,,
203,True,,,J League,,Cerezo Osaka,V-Varen Nagasaki,Premium,,,,,,,,
203,True,,,A-League,,Auckland FC,Adelaide United,Premium,,,,,,,,
203,False,,,A-League,,Auckland FC,Adelaide United,Match Result,,,2.2,Betfair,,0.5,,
203,True,,,J League,,Mito HollyHock,Urawa Red Diamonds,Premium,,,,,,,,
203,True,,,K League 1,,Jeju United FC,FC Seoul,Premium,,,,,,,,
203,False,,,J League,,Mito HollyHock,Urawa Red Diamonds,Match Result,,,2.33,BetAnything,,0.9,,
203,False,,,K League 1,,Jeju United FC,FC Seoul,Match Result,,,2.06,Betfair,,0.6,,
203,True,,,Primera División - Argentina,,Rosario Central,Independiente,Premium,,,,,,,,
203,False,,,Primera División - Argentina,,Rosario Central,Independiente,Match Result,,,2.4,Bovada,,1.0,,
203,False,,,Primera División - Argentina,,Estudiantes,Racing Club,Match Result,,,2.47,Pinnacle,,0.9,,
204,True,,,League of Ireland,,St Patricks Athletic,Waterford FC,Premium,,,,,,,,
204,False,,,League of Ireland,,St Patricks Athletic,Waterford FC,Match Result,,,1.24,Betfair,,0.1,,
204,True,,,Championship,,Hull City,Millwall,Premium,,,,,,,,
204,True,,,League of Ireland,,St Patricks Athletic,Waterford FC,Premium,,,,,,,,
204,False,,,La Liga - Spain,,Levante,CA Osasuna,Match Result,,,2.68,Betfair,,1.1,,
204,True,,,La Liga - Spain,,Levante,CA Osasuna,Premium,,,,,,,,
204,False,,,Championship,,Hull City,Millwall,Match Result,,,2.56,Betfair,,0.8,,
204,True,,,League of Ireland,,Galway United,Shamrock Rovers,Premium,,,,,,,,
204,True,,,League of Ireland,,Dundalk,Bohemians,Premium,,,,,,,,
204,True,,,League of Ireland,,Shelbourne Dublin,Sligo Rovers,Premium,,,,,,,,
204,True,,,Ligue 1 - France,,RC Lens,Nantes,Premium,,,,,,,,
205,False,,,Serie A - Italy,,Torino,Sassuolo,Match Result,,,2.6,Matchbook,,1.1,,
205,False,,,League of Ireland,,Galway United,Shamrock Rovers,Match Result,,,2.0,Betfair,,0.7,,
205,False,,,Ligue 1 - France,,RC Lens,Nantes,Match Result,,,1.48,Matchbook,,0.2,,
205,True,,,League of Ireland,,Drogheda United,Derry City,Premium,,,,,,,,
205,True,,,Belgium First Div,,Standard Liege,Leuven,Premium,,,,,,,,
205,False,,,Belgium First Div,,Standard Liege,Leuven,Match Result,,,2.2,BetMGM,,0.8,,
205,True,,,Serie B - Italy,,US Catanzaro 1929,Bari,Premium,,,,,,,,
205,True,,,Serie B - Italy,,Venezia,Palermo,Premium,,,,,,,,
206,False,,,Serie B - Italy,,Frosinone,Mantova,Match Result,,,1.65,Betfair,,0.4,,
206,True,,,Serie B - Italy,,Reggiana,Sampdoria,Premium,,,,,,,,
206,False,,,Serie B - Italy,,Venezia,Palermo,Match Result,,,1.69,BetMGM,,0.4,,
206,True,,,Bundesliga - Germany,,Borussia Dortmund,Eintracht Frankfurt,Premium,,,,,,,,
206,True,,,Serie B - Italy,,Frosinone,Mantova,Premium,,,,,,,,
206,False,,,Serie B - Italy,,Pescara,Spezia,Match Result,,,2.2,Matchbook,,0.8,,
206,True,,,Serie B - Italy,,Avellino,Modena,Premium,,,,,,,,
206,False,,,Bundesliga - Germany,,Borussia Dortmund,Eintracht Frankfurt,Match Result,,,1.55,Unibet (NL),,0.3,,
206,True,,,La Liga 2 - Spain,,Cádiz CF,Deportivo La Coruña,Premium,,,,,,,,
206,False,,,Serie B - Italy,,Avellino,Modena,Match Result,,,1.8,Coolbet,,0.5,,
207,True,,,Ekstraklasa - Poland,,Lech Poznań,Arka Gdynia,Premium,,,,,,,,
207,False,,,Ekstraklasa - Poland,,Lech Poznań,Arka Gdynia,Match Result,,,1.42,Unibet (NL),,0.2,,
207,False,,,Serie B - Italy,,US Catanzaro 1929,Bari,Match Result,,,2.65,Codere (IT),,0.9,,
207,True,,,Serie B - Italy,,Südtirol,Juve Stabia,Premium,,,,,,,,
207,True,,,Serie B - Italy,,Virtus Entella,Carrarese,Premium,,,,,,,,
207,True,,,Serie B - Italy,,Monza,Empoli,Premium,,,,,,,,
207,True,,,Serie B - Italy,,Pescara,Spezia,Premium,,,,,,,,
207,False,,,Serie B - Italy,,Monza,Empoli,Match Result,,,1.73,Betfair,,0.3,,
208,False,,,3. Liga - Germany,,Erzgebirge Aue,MSV Duisburg,Match Result,,,1.6,LeoVegas,,0.3,,
208,True,,,Superettan - Sweden,,Örebro SK,IK Brage,Premium,,,,,,,,
208,False,,,Superettan - Sweden,,Örebro SK,IK Brage,Match Result,,,2.46,Betfair,,0.9,,
208,True,,,Veikkausliiga - Finland,,KuPS Kuopio,SJK Seinäjoki,Premium,,,,,,,,
208,True,,,Superettan - Sweden,,Varbergs BoIS,IFK Värnamo,Premium,,,,,,,,
208,True,,,Denmark Superliga,,Viborg FF,SonderjyskE,Premium,,,,,,,,
208,False,,,Veikkausliiga - Finland,,KuPS Kuopio,SJK Seinäjoki,Match Result,,,1.65,GTbets,,0.3,,
208,True,,,3. Liga - Germany,,Erzgebirge Aue,MSV Duisburg,Premium,,,,,,,,
208,True,,,Allsvenskan - Sweden,,IF Elfsborg,IF Brommapojkarna,Premium,,,,,,,,
208,False,,,Allsvenskan - Sweden,,IF Elfsborg,IF Brommapojkarna,Match Result,,,2.18,Betfair,,0.7,,
208,True,,,Eliteserien - Norway,,HamKam,Vålerenga,Premium,,,,,,,,
209,False,,,Eliteserien - Norway,,HamKam,Vålerenga,Match Result,,,2.59,GTbets,,0.9,,
209,False,,,Bundesliga 2 - Germany,,1. FC Kaiserslautern,Arminia Bielefeld,Match Result,,,2.3,Tipico,,0.8,,
209,False,,,Bundesliga 2 - Germany,,SC Paderborn,Karlsruher SC,Match Result,,,1.44,Betfair,,0.2,,
209,True,,,Bundesliga 2 - Germany,,SC Paderborn,Karlsruher SC,Premium,,,,,,,,
209,True,,,Bundesliga 2 - Germany,,1. FC Kaiserslautern,Arminia Bielefeld,Premium,,,,,,,,
209,False,,,Frauen-Bundesliga,,1. FC Nürnberg,SGS Essen,Match Result,,,2.5,Unibet (NL),,0.8,,
209,True,,,Frauen-Bundesliga,,1. FC Nürnberg,SGS Essen,Premium,,,,,,,,
209,True,,,Ekstraklasa - Poland,,Raków Częstochowa,Korona Kielce,Premium,,,,,,,,
209,False,,,Ekstraklasa - Poland,,Raków Częstochowa,Korona Kielce,Match Result,,,1.83,Coolbet,,0.6,,
209,True,,,Veikkausliiga - Finland,,TPS Turku,HJK Helsinki,Premium,,,,,,,,
210,True,,,Veikkausliiga - Finland,,Ilves Tampere,AC Oulu,Premium,,,,,,,,
210,False,,,Veikkausliiga - Finland,,TPS Turku,HJK Helsinki,Match Result,,,1.75,Betfair,,0.4,,
210,True,,,Copa Libertadores,,Junior FC,Cerro Porteño,Premium,,,,,,,,
210,False,,,Copa Libertadores,,Junior FC,Cerro Porteño,Match Result,,,2.08,1xBet,,0.6,,
210,True,,,Copa Sudamericana,,Carabobo FC,River Plate,Premium,,,,,,,,
210,True,,,Copa Libertadores,,Independiente Medellín,Flamengo-RJ,Premium,,,,,,,,
210,True,,,Copa Sudamericana,,Blooming,Bragantino-SP,Premium,,,,,,,,
210,False,,,Copa Libertadores,,Independiente Medellín,Flamengo-RJ,Match Result,,,1.85,BetRivers,,0.6,,
210,False,,,Copa Sudamericana,,Blooming,Bragantino-SP,Match Result,,,1.88,Unibet (UK),,0.6,,
210,False,,,Copa Sudamericana,,Carabobo FC,River Plate,Match Result,,,1.97,Matchbook,,0.6,,
210,True,,,Copa Libertadores,,Coquimbo Unido,Club Universitario de Deportes,Premium,,,,,,,,
211,False,,,Copa Libertadores,,Coquimbo Unido,Club Universitario de Deportes,Match Result,,,2.2,Coolbet,,0.8,,
211,True,,,Copa Sudamericana,,O'Higgins,Sao Paulo,Premium,,,,,,,,
211,True,,,Copa Libertadores,,Mirassol,LDU Quito,Premium,,,,,,,,
211,True,,,Copa Libertadores,,Platense,Peñarol Montevideo,Premium,,,,,,,,
211,False,,,Copa Libertadores,,Mirassol,LDU Quito,Match Result,,,1.6,Betfair,,0.3,,
211,False,,,Copa Sudamericana,,CA Boston River,Millonarios,Match Result,,,1.9,Coolbet,,0.6,,
211,False,,,Copa Sudamericana,,O'Higgins,Sao Paulo,Match Result,,,2.58,Matchbook,,0.9,,
211,True,,,Copa Sudamericana,,CA Boston River,Millonarios,Premium,,,,,,,,
211,False,,,Copa Libertadores,,Platense,Peñarol Montevideo,Match Result,,,2.28,BetOnline.ag,,0.9,,
211,True,,,UEFA Europa Conference League,,Crystal Palace,Shakhtar Donetsk,Premium,,,,,,,,
211,True,,,UEFA Europa League,,Aston Villa,Nottingham Forest,Premium,,,,,,,,
211,True,,,UEFA Europa Conference League,,Strasbourg,Rayo Vallecano,Premium,,,,,,,,
212,False,,,UEFA Europa League,,Aston Villa,Nottingham Forest,Match Result,,,1.79,Betfair,,0.5,,
212,True,,,UEFA Europa League,,SC Freiburg,SC Braga,Premium,,,,,,,,
212,False,,,UEFA Europa Conference League,,Crystal Palace,Shakhtar Donetsk,Match Result,,,1.65,Betsson,,0.2,,
212,False,,,UEFA Europa Conference League,,Strasbourg,Rayo Vallecano,Match Result,,,2.0,Betfair,,0.6,,
212,False,,,UEFA Europa League,,SC Freiburg,SC Braga,Match Result,,,1.83,Betfair,,0.6,,
212,False,,,Saudi Pro League,,Al-Shabab,Al-Nassr,Match Result,,,1.35,Coral,,0.1,,
212,True,,,Saudi Pro League,,Al-Shabab,Al-Nassr,Premium,,,,,,,,
212,True,,,Saudi Pro League,,Al-Shabab,Al-Nassr,Premium,,,,,,,,
212,False,,,Copa Libertadores,,Deportes Tolima,Nacional de Montevideo,Match Result,,,2.15,theScore Bet,,0.8,,
212,True,,,Copa Libertadores,,Universidad Católica (CHI),Cruzeiro,Premium,,,,,,,,
212,True,,,Copa Libertadores,,Deportes Tolima,Nacional de Montevideo,Premium,,,,,,,,
212,True,,,Copa Sudamericana,,Alianza Atlético,América de Cali,Premium,,,,,,,,
213,False,,,Copa Sudamericana,,Alianza Atlético,América de Cali,Match Result,,,2.35,Coolbet,,0.9,,
213,True,,,Copa Libertadores,,Independiente Santa Fe,Corinthians-SP,Premium,,,,,,,,
213,True,,,Copa Libertadores,,Independiente Rivadavia,Fluminense-RJ,Premium,,,,,,,,
213,False,,,Copa Libertadores,,Independiente Santa Fe,Corinthians-SP,Match Result,,,2.75,Coolbet,,0.9,,
213,True,,,Copa Sudamericana,,Botafogo,Racing Club,Premium,,,,,,,,
213,False,,,Copa Libertadores,,Independiente Rivadavia,Fluminense-RJ,Match Result,,,2.55,Unibet,,0.8,,
213,False,,,Copa Sudamericana,,Botafogo,Racing Club,Match Result,,,2.32,Matchbook,,0.8,,
213,True,,,Copa Sudamericana,,Macará,CA Tigre BA,Premium,,,,,,,,
213,False,,,Copa Sudamericana,,Barracas Central,Olimpia Asunción,Match Result,,,2.82,Betfair,,1.0,,
213,False,,,Copa Sudamericana,,Macará,CA Tigre BA,Match Result,,,2.8,Unibet (NL),,1.0,,
213,True,,,Copa Sudamericana,,Barracas Central,Olimpia Asunción,Premium,,,,,,,,
214,False,,,Copa Sudamericana,,Audax Italiano,Vasco da Gama,Match Result,,,2.55,Unibet,,0.8,,
214,True,,,Copa Libertadores,,Cusco FC,Estudiantes La Plata,Premium,,,,,,,,
214,True,,,Copa Libertadores,,Deportivo La Guaira,Club Bolívar,Premium,,,,,,,,
214,False,,,Copa Sudamericana,,Montevideo City Torque,Palestino,Match Result,,,1.95,Betfair,,0.5,,
214,False,,,Copa Libertadores,,Cusco FC,Estudiantes La Plata,Match Result,,,2.4,Casumo,,0.9,,
214,True,,,Copa Sudamericana,,Montevideo City Torque,Palestino,Premium,,,,,,,,
214,False,,,Copa Libertadores,,Deportivo La Guaira,Club Bolívar,Match Result,,,2.76,Betfair,,0.9,,
214,True,,,Copa Sudamericana,,Audax Italiano,Vasco da Gama,Premium,,,,,,,,
214,True,,,UEFA Champions League,,Bayern Munich,Paris Saint Germain,Premium,,,,,,,,
214,False,,,UEFA Champions League,,Bayern Munich,Paris Saint Germain,Match Result,,,1.66,Unibet (FR),,0.4,,
214,True,,,Saudi Pro League,,Al-Ahli,Al-Fateh,Premium,,,,,,,,
214,True,,,Saudi Pro League,,Al-Ahli,Al-Fateh,Premium,,,,,,,,
215,False,,,Frauen-Bundesliga,,Bayern Munich,TSG Hoffenheim,Match Result,,,1.23,Unibet (SE),,0.0,,
215,True,,,Frauen-Bundesliga,,Bayern Munich,TSG Hoffenheim,Premium,,,,,,,,
215,True,,,Frauen-Bundesliga,,Bayern Munich,TSG Hoffenheim,Premium,,,,,,,,
215,True,,,Super League - China,,Yunnan Yukun,Zhejiang,Premium,,,,,,,,
215,False,,,Super League - China,,Yunnan Yukun,Zhejiang,Match Result,,,2.28,Matchbook,,0.8,,
215,True,,,Super League - China,,Shanghai SIPG FC,Shenzhen Peng City FC,Premium,,,,,,,,
215,False,,,Super League - China,,Shanghai SIPG FC,Shenzhen Peng City FC,Match Result,,,1.69,Matchbook,,0.4,,
215,False,,,Super League - China,,Beijing FC,Dalian Yingbo,Match Result,,,1.7,GTbets,,0.4,,
215,True,,,Super League - China,,Beijing FC,Dalian Yingbo,Premium,,,,,,,,
215,False,,,Super League - China,,Wuhan Three Towns,Qingdao Hainiu FC,Match Result,,,2.16,Betfair,,0.8,,
215,True,,,Super League - China,,Wuhan Three Towns,Qingdao Hainiu FC,Premium,,,,,,,,
216,False,,,J League,,Kashiwa Reysol,Urawa Red Diamonds,Match Result,,,2.2,BetAnything,,0.8,,
216,True,,,J League,,Kashiwa Reysol,Urawa Red Diamonds,Premium,,,,,,,,
216,False,,,J League,,Kawasaki Frontale,Tokyo Verdy,Match Result,,,2.1,Betway,,0.7,,
216,True,,,J League,,Kawasaki Frontale,Tokyo Verdy,Premium,,,,,,,,
216,False,,,J League,,Kashima Antlers,Mito HollyHock,Match Result,,,1.67,Betfred (UK),,0.4,,
216,False,,,J League,,FC Machida Zelvia,Yokohama F Marinos,Match Result,,,1.8,BetAnything,,0.5,,
216,True,,,J League,,FC Machida Zelvia,Yokohama F Marinos,Premium,,,,,,,,
216,True,,,J League,,Kashima Antlers,Mito HollyHock,Premium,,,,,,,,
216,True,,,J League,,Hiroshima Sanfrecce FC,Vissel Kobe,Premium,,,,,,,,
216,True,,,J League,,FC Tokyo,JEF United Chiba,Premium,,,,,,,,
216,False,,,J League,,FC Tokyo,JEF United Chiba,Match Result,,,1.49,Pinnacle,,0.2,,
216,False,,,J League,,Hiroshima Sanfrecce FC,Vissel Kobe,Match Result,,,2.1,Betway,,0.6,,
217,True,,,J League,,Avispa Fukuoka,Kyoto Purple Sanga,Premium,,,,,,,,
217,False,,,J League,,Nagoya Grampus,Gamba Osaka,Match Result,,,2.45,BetMGM,,0.9,,
217,False,,,J League,,Avispa Fukuoka,Kyoto Purple Sanga,Match Result,,,2.43,Pinnacle,,0.7,,
217,True,,,J League,,Nagoya Grampus,Gamba Osaka,Premium,,,,,,,,
217,False,,,J League,,V-Varen Nagasaki,Fagiano Okayama,Match Result,,,2.62,Pinnacle,,0.9,,
217,True,,,J League,,Shimizu S Pulse,Cerezo Osaka,Premium,,,,,,,,
217,True,,,J League,,V-Varen Nagasaki,Fagiano Okayama,Premium,,,,,,,,
217,False,,,J League,,Shimizu S Pulse,Cerezo Osaka,Match Result,,,2.57,Pinnacle,,1.0,,
217,True,,,Copa Sudamericana,,C.D. Cuenca,San Lorenzo,Premium,,,,,,,,
217,False,,,Copa Sudamericana,,C.D. Cuenca,San Lorenzo,Match Result,,,2.72,Betfair,,1.0,,
217,True,,,Copa Sudamericana,,Recoleta FC,Santos,Premium,,,,,,,,
217,False,,,Copa Sudamericana,,Recoleta FC,Santos,Match Result,,,1.55,Nordic Bet,,0.2,,
218,True,,,Copa Sudamericana,,Puerto Cabello,Club Cienciano,Premium,,,,,,,,
218,False,,,Copa Libertadores,,Club Always Ready,Lanus,Match Result,,,1.81,Betfair,,0.5,,
218,True,,,Copa Libertadores,,Club Always Ready,Lanus,Premium,,,,,,,,
218,True,,,Copa Libertadores,,Barcelona SC,Boca Juniors,Premium,,,,,,,,
218,True,,,Copa Libertadores,,UCV FC,Independiente del Valle,Premium,,,,,,,,
218,False,,,Copa Libertadores,,Barcelona SC,Boca Juniors,Match Result,,,2.15,Coolbet,,0.8,,
218,False,,,Copa Libertadores,,UCV FC,Independiente del Valle,Match Result,,,1.85,Coolbet,,0.5,,
218,False,,,Copa Libertadores,,Sporting Cristal,Palmeiras-SP,Match Result,,,1.72,Coolbet,,0.4,,
218,False,,,Copa Sudamericana,,Deportivo Pereira,Grêmio,Match Result,,,2.96,Matchbook,,1.1,,
218,False,,,Copa Sudamericana,,Deportivo Riestra,Grêmio,Match Result,,,2.96,Betfair,,1.1,,
218,True,,,Copa Sudamericana,,Club Independiente Petrolero,Caracas FC,Premium,,,,,,,,
219,True,,,Copa Sudamericana,,CA Juventud,Clube Atlético Mineiro,Premium,,,,,,,,
219,False,,,Copa Sudamericana,,CA Juventud,Clube Atlético Mineiro,Match Result,,,2.24,Betfair,,0.8,,
219,True,,,Copa Libertadores,,Rosario Central,Libertad Asuncion,Premium,,,,,,,,
219,False,,,Copa Sudamericana,,Club Independiente Petrolero,Caracas FC,Match Result,,,2.43,Casumo,,0.7,,
219,True,,,Copa Sudamericana,,Deportivo Pereira,Grêmio,Premium,,,,,,,,
219,True,,,Copa Sudamericana,,Deportivo Riestra,Grêmio,Premium,,,,,,,,
219,False,,,UEFA Champions League,,Arsenal,Atlético Madrid,Match Result,,,1.65,GTbets,,0.4,,
219,True,,,UEFA Champions League,,Arsenal,Atlético Madrid,Premium,,,,,,,,
219,True,,,Saudi Pro League,,Al-Khaleej,Al-Hilal,Premium,,,,,,,,
220,True,,,Saudi Pro League,,Al-Khaleej,Al-Hilal,Premium,,,,,,,,
220,False,,,Saudi Pro League,,Al-Khaleej,Al-Hilal,Match Result,,,1.29,Smarkets,,0.1,,
220,False,,,Superettan - Sweden,,Falkenbergs FF,IFK Norrkoping,Match Result,,,2.66,Betfair,,0.9,,
220,True,,,Superettan - Sweden,,Falkenbergs FF,IFK Norrkoping,Premium,,,,,,,,
220,False,,,Veikkausliiga - Finland,,IF Gnistan,FC Inter Turku,Match Result,,,1.75,Betfair,,0.4,,
220,True,,,Veikkausliiga - Finland,,IF Gnistan,FC Inter Turku,Premium,,,,,,,,
220,False,,,Super League - China,,Chongqing Tonglianglong FC,Henan FC,Match Result,,,2.7,Unibet (NL),,1.0,,
220,True,,,Super League - China,,Chongqing Tonglianglong FC,Henan FC,Premium,,,,,,,,
220,True,,,Super League - China,,Liaoning Tieren FC,Chengdu Rongcheng FC,Premium,,,,,,,,
220,True,,,Super League - China,,Shandong Luneng Taishan FC,Shanghai Shenhua FC,Premium,,,,,,,,
220,False,,,Super League - China,,Shandong Luneng Taishan FC,Shanghai Shenhua FC,Match Result,,,2.4,GTbets,,0.9,,
220,False,,,Super League - China,,Liaoning Tieren FC,Chengdu Rongcheng FC,Match Result,,,1.55,Unibet (SE),,0.2,,
221,False,,,Super League - China,,Qingdao West Coast FC,Tianjin Jinmen Tiger FC,Match Result,,,2.45,GTbets,,0.8,,
221,True,,,Super League - China,,Qingdao West Coast FC,Tianjin Jinmen Tiger FC,Premium,,,,,,,,
221,True,,,K League 1,,FC Seoul,FC Anyang,Premium,,,,,,,,
221,False,,,K League 1,,FC Seoul,FC Anyang,Match Result,,,1.78,Coolbet,,0.5,,
221,True,,,K League 1,,Sangju Sangmu FC,Ulsan Hyundai FC,Premium,,,,,,,,
221,False,,,K League 1,,Gangwon FC,Pohang Steelers,Match Result,,,2.17,LeoVegas,,0.8,,
221,True,,,K League 1,,Gangwon FC,Pohang Steelers,Premium,,,,,,,,
221,False,,,K League 1,,Sangju Sangmu FC,Ulsan Hyundai FC,Match Result,,,2.72,Betfair,,1.0,,
221,True,,,K League 1,,Daejeon Citizen,Incheon United,Premium,,,,,,,,
221,False,,,K League 1,,Daejeon Citizen,Incheon United,Match Result,,,2.24,Betfair,,0.7,,
221,False,,,K League 1,,Jeonbuk Hyundai Motors,Gwangju FC,Match Result,,,1.38,LeoVegas,,0.2,,
221,True,,,K League 1,,Jeonbuk Hyundai Motors,Gwangju FC,Premium,,,,,,,,
222,True,,,K League 1,,Jeonbuk Hyundai Motors,Gwangju FC,Premium,,,,,,,,
222,True,,,Primera División - Argentina,,Estudiantes de Río Cuarto,Instituto de Córdoba,Premium,,,,,,,,
222,False,,,Primera División - Argentina,,Estudiantes de Río Cuarto,Instituto de Córdoba,Match Result,,,2.42,Betfair,,1.0,,
222,True,,,Primera División - Argentina,,Velez Sarsfield BA,Newells Old Boys,Premium,,,,,,,,
222,False,,,Primera División - Argentina,,Velez Sarsfield BA,Newells Old Boys,Match Result,,,1.68,Unibet (SE),,0.4,,
222,True,,,Brazil Série B,,Vila Nova,Athletic Club (MG),Premium,,,,,,,,
222,False,,,Brazil Série B,,Vila Nova,Athletic Club (MG),Match Result,,,1.84,Matchbook,,0.5,,
222,False,,,Primera División - Argentina,,Gimnasia Mendoza,Defensa y Justicia,Match Result,,,2.44,Matchbook,,1.0,,
222,True,,,Primera División - Argentina,,Gimnasia Mendoza,Defensa y Justicia,Premium,,,,,,,,
222,False,,,Primeira Liga - Portugal,,Sporting Lisbon,Vitória SC,Match Result,,,1.27,Unibet (UK),,0.1,,
222,True,,,Primeira Liga - Portugal,,Sporting Lisbon,Vitória SC,Premium,,,,,,,,
222,True,,,Primeira Liga - Portugal,,Sporting Lisbon,Vitória SC,Premium,,,,,,,,
223,True,,,EPL,,Everton,Manchester City,Premium,,,,,,,,
223,True,,,La Liga - Spain,,Sevilla,Real Sociedad,Premium,,,,,,,,
223,False,,,La Liga - Spain,,Sevilla,Real Sociedad,Match Result,,,2.54,Betfair,,1.0,,
223,False,,,EPL,,Everton,Manchester City,Match Result,,,1.51,Matchbook,,0.3,,
223,False,,,Serie A - Italy,,AS Roma,Fiorentina,Match Result,,,1.64,Unibet (SE),,0.4,,
223,True,,,Serie A - Italy,,AS Roma,Fiorentina,Premium,,,,,,,,
223,True,,,La Liga 2 - Spain,,Almería,CD Mirandés,Premium,,,,,,,,
223,False,,,La Liga 2 - Spain,,Almería,CD Mirandés,Match Result,,,1.5,Betfair,,0.3,,
223,True,,,Austrian Football Bundesliga,,LASK,Rapid Wien,Premium,,,,,,,,
223,False,,,Austrian Football Bundesliga,,LASK,Rapid Wien,Match Result,,,2.05,FanDuel,,0.7,,
223,False,,,Saudi Pro League,,Al-Ittihad,Al-Kholood,Match Result,,,1.52,Betfair,,0.2,,
223,True,,,Saudi Pro League,,Al-Ittihad,Al-Kholood,Premium,,,,,,,,
224,True,,,Saudi Pro League,,Al-Ettifaq,Al-Najma,Premium,,,,,,,,
224,False,,,Superettan - Sweden,,Landskrona BoIS,Östers IF,Match Result,,,2.75,LeoVegas (SE),,0.9,,
224,True,,,Superettan - Sweden,,Landskrona BoIS,Östers IF,Premium,,,,,,,,
224,False,,,Allsvenskan - Sweden,,Halmstads BK,IF Brommapojkarna,Match Result,,,2.64,Smarkets,,0.9,,
224,True,,,Eliteserien - Norway,,Bodø/Glimt,Molde,Premium,,,,,,,,
224,True,,,Ekstraklasa - Poland,,Radomiak Radom,Lechia Gdańsk,Premium,,,,,,,,
224,True,,,Denmark Superliga,,FC Midtjylland,Viborg FF,Premium,,,,,,,,
224,False,,,Allsvenskan - Sweden,,Djurgardens IF,IFK Goteborg,Match Result,,,1.76,Matchbook,,0.5,,
224,False,,,Eliteserien - Norway,,Bodø/Glimt,Molde,Match Result,,,1.37,GTbets,,0.1,,
224,True,,,Allsvenskan - Sweden,,Halmstads BK,IF Brommapojkarna,Premium,,,,,,,,
224,False,,,Ekstraklasa - Poland,,Radomiak Radom,Lechia Gdańsk,Match Result,,,2.33,Unibet (SE),,0.9,,
225,True,,,Austrian Football Bundesliga,,Rheindorf Altach,Wolfsberger AC,Premium,,,,,,,,
225,False,,,Austrian Football Bundesliga,,Rheindorf Altach,Wolfsberger AC,Match Result,,,2.52,Matchbook,,0.9,,
225,False,,,Premiership - Scotland,,Hearts,Rangers,Match Result,,,2.52,Betfair,,1.1,,
225,False,,,Serie A - Italy,,Cremonese,Lazio,Match Result,,,2.65,BetOnline.ag,,1.2,,
225,True,,,Serie A - Italy,,Cremonese,Lazio,Premium,,,,,,,,
225,True,,,Premiership - Scotland,,Hearts,Rangers,Premium,,,,,,,,
225,False,,,Saudi Pro League,,Al-Fayha,Al-Riyadh,Match Result,,,2.37,Ladbrokes,,0.7,,
225,True,,,Saudi Pro League,,Al-Fayha,Al-Riyadh,Premium,,,,,,,,
225,False,,,Veikkausliiga - Finland,,HJK Helsinki,FC Lahti,Match Result,,,1.48,Betfair,,0.3,,
226,False,,,League of Ireland,,Bohemians,Shelbourne Dublin,Match Result,,,2.1,Betfair,,0.6,,
226,False,,,League of Ireland,,Sligo Rovers,St Patricks Athletic,Match Result,,,1.73,Coolbet,,0.4,,
226,True,,,League of Ireland,,Sligo Rovers,St Patricks Athletic,Premium,,,,,,,,
226,True,,,Frauen-Bundesliga,,Eintracht Frankfurt,1. FC Nürnberg,Premium,,,,,,,,
226,False,,,League of Ireland,,Shamrock Rovers,Drogheda United,Match Result,,,1.54,Betfair,,0.3,,
226,True,,,League of Ireland,,Waterford FC,Dundalk,Premium,,,,,,,,
226,False,,,League of Ireland,,Derry City,Galway United,Match Result,,,1.85,Betfair,,0.3,,
226,True,,,Veikkausliiga - Finland,,HJK Helsinki,FC Lahti,Premium,,,,,,,,
226,False,,,League of Ireland,,Waterford FC,Dundalk,Match Result,,,1.66,Betfair,,0.3,,
226,True,,,League of Ireland,,Derry City,Galway United,Premium,,,,,,,,
226,True,,,League of Ireland,,Shamrock Rovers,Drogheda United,Premium,,,,,,,,
227,True,,,EPL,,Chelsea,Nottingham Forest,Premium,,,,,,,,
227,False,,,EPL,,Chelsea,Nottingham Forest,Match Result,,,1.71,Smarkets,,0.5,,
227,False,,,Liga MX,,Toluca,Pachuca,Match Result,,,1.89,Matchbook,,0.5,,
227,True,,,Liga MX,,Toluca,Pachuca,Premium,,,,,,,,
227,True,,,Brazil Série B,,Avai,Grêmio Novorizontino,Premium,,,,,,,,
227,False,,,Brazil Série B,,América Mineiro,Clube de Regatas Brasil,Match Result,,,2.3,Betfair,,0.8,,
227,True,,,Brazil Série A,,Mirassol,Corinthians,Premium,,,,,,,,
227,False,,,Brazil Série B,,Avai,Grêmio Novorizontino,Match Result,,,2.8,Betfair,,1.0,,
227,False,,,Brazil Série A,,Mirassol,Corinthians,Match Result,,,2.48,Betfair,,1.0,,
227,True,,,Brazil Série B,,América Mineiro,Clube de Regatas Brasil,Premium,,,,,,,,
227,False,,,Liga MX,,América,Pumas,Match Result,,,2.0,Betfair,,0.6,,
227,True,,,Liga MX,,América,Pumas,Premium,,,,,,,,
228,True,,,Primera División - Chile,,Colo Colo,Coquimbo Unido,Premium,,,,,,,,
228,False,,,Brazil Série A,,Internacional,Fluminense,Match Result,,,2.3,Coral,,0.8,,
228,False,,,Brazil Série B,,Atletico Goianiense,Juventude,Match Result,,,2.36,Matchbook,,0.9,,
228,True,,,MLS,,Austin FC,St. Louis City SC,Premium,,,,,,,,
228,False,,,MLS,,Austin FC,St. Louis City SC,Match Result,,,2.7,Matchbook,,0.9,,
228,True,,,Brazil Série A,,Chapecoense,Bragantino-SP,Premium,,,,,,,,
228,True,,,Primera División - Argentina,,River Plate,Atlético Tucuman,Premium,,,,,,,,
228,False,,,Brazil Série A,,Chapecoense,Bragantino-SP,Match Result,,,2.15,GTbets,,0.5,,
228,True,,,Brazil Série B,,Atletico Goianiense,Juventude,Premium,,,,,,,,
228,False,,,Primera División - Argentina,,River Plate,Atlético Tucuman,Match Result,,,1.51,Betfair,,0.3,,
228,False,,,Primera División - Chile,,Colo Colo,Coquimbo Unido,Match Result,,,1.98,Unibet,,0.6,,
228,True,,,Brazil Série A,,Internacional,Fluminense,Premium,,,,,,,,
229,True,,,Brazil Série B,,Sport Recife,Ceará,Premium,,,,,,,,
229,False,,,Brazil Série B,,Sport Recife,Ceará,Match Result,,,2.44,Matchbook,,0.9,,
229,False,,,Primera División - Argentina,,Velez Sarsfield BA,Newells Old Boys,Match Result,,,1.68,Nordic Bet,,0.4,,
229,True,,,Primera División - Argentina,,Estudiantes de Río Cuarto,Instituto de Córdoba,Premium,,,,,,,,
229,True,,,Primera División - Argentina,,Velez Sarsfield BA,Newells Old Boys,Premium,,,,,,,,
229,False,,,Primera División - Argentina,,Estudiantes de Río Cuarto,Instituto de Córdoba,Match Result,,,2.45,Pinnacle,,1.0,,
229,False,,,Primeira Liga - Portugal,,Rio Ave FC,Gil Vicente,Match Result,,,2.07,betPARX,,0.8,,
229,True,,,Primeira Liga - Portugal,,Rio Ave FC,Gil Vicente,Premium,,,,,,,,
229,True,,,Primera División - Argentina,,Rosario Central,CA Tigre BA,Premium,,,,,,,,
229,False,,,Primera División - Argentina,,Belgrano de Cordoba,Sarmiento de Junin,Match Result,,,1.76,Betfair,,0.4,,
229,False,,,Primera División - Argentina,,Rosario Central,CA Tigre BA,Match Result,,,2.12,Betfair,,0.7,,
229,True,,,Brazil Série A,,Flamengo,Vasco da Gama,Premium,,,,,,,,
230,True,,,Primera División - Argentina,,Belgrano de Cordoba,Sarmiento de Junin,Premium,,,,,,,,
230,False,,,MLS,,New York City FC,D.C. United,Match Result,,,1.75,Matchbook,,0.5,,
230,False,,,Brazil Série A,,Flamengo,Vasco da Gama,Match Result,,,1.61,Matchbook,,0.4,,
230,True,,,Brazil Série B,,Operario PR,Londrina,Premium,,,,,,,,
230,True,,,La Liga - Spain,,Espanyol,Real Madrid,Premium,,,,,,,,
230,False,,,Brazil Série A,,Sao Paulo,Bahia,Match Result,,,2.1,GTbets,,0.7,,
230,False,,,Brazil Série B,,São Bernardo,Ponte Preta,Match Result,,,2.1,Betfair,,0.7,,
230,False,,,La Liga - Spain,,Espanyol,Real Madrid,Match Result,,,1.81,1xBet,,0.5,,
230,False,,,La Liga 2 - Spain,,Las Palmas,Real Valladolid CF,Match Result,,,1.92,Unibet (NL),,0.6,,
231,False,,,Primera División - Argentina,,Gimnasia La Plata,Argentinos Juniors,Match Result,,,2.32,Matchbook,,0.7,,
231,True,,,Serie A - Italy,,Inter Milan,Parma,Premium,,,,,,,,
231,True,,,Ligue 1 - France,,Lyon,Rennes,Premium,,,,,,,,
231,False,,,Serie A - Italy,,Inter Milan,Parma,Match Result,,,1.26,GTbets,,0.1,,
231,False,,,Ligue 1 - France,,Lyon,Rennes,Match Result,,,2.24,Coolbet,,0.8,,
231,True,,,Serie A - Italy,,Inter Milan,Parma,Premium,,,,,,,,
231,True,,,Saudi Pro League,,Al-Ahli,Al-Okhdood,Premium,,,,,,,,
232,False,,,Super League - Greece,,Panathinaikos,AEK Athens,Match Result,,,2.28,Casumo,,0.6,,
232,True,,,Super League - Greece,,Panathinaikos,AEK Athens,Premium,,,,,,,,
232,True,,,Saudi Pro League,,Al-Qadsiah,Al-Nassr,Premium,,,,,,,,
232,False,,,Saudi Pro League,,Al-Qadsiah,Al-Nassr,Match Result,,,2.1,Grosvenor,,0.8,,
232,False,,,Saudi Pro League,,Al-Ahli,Al-Okhdood,Match Result,,,1.2,Ladbrokes,,-0.0,,
232,False,,,EPL,,Aston Villa,Tottenham Hotspur,Match Result,,,2.3,Matchbook,,0.9,,
232,True,,,EPL,,Aston Villa,Tottenham Hotspur,Premium,,,,,,,,
232,False,,,Bundesliga - Germany,,SC Freiburg,VfL Wolfsburg,Match Result,,,2.65,Caesars,,1.1,,
232,True,,,3. Liga - Germany,,FC Ingolstadt 04,Erzgebirge Aue,Premium,,,,,,,,
232,True,,,Bundesliga - Germany,,SC Freiburg,VfL Wolfsburg,Premium,,,,,,,,
232,False,,,3. Liga - Germany,,FC Ingolstadt 04,Erzgebirge Aue,Match Result,,,1.91,Fanatics,,0.6,,
233,True,,,Belgium First Div,,Dender,RAAL La Louvière,Premium,,,,,,,,
233,True,,,Eliteserien - Norway,,Vålerenga,KFUM,Premium,,,,,,,,
233,False,,,Eliteserien - Norway,,Vålerenga,KFUM,Match Result,,,2.03,Coolbet,,0.7,,
233,False,,,Belgium First Div,,Dender,RAAL La Louvière,Match Result,,,2.45,Unibet (SE),,1.0,,
233,True,,,Turkey Super League,,Antalyaspor,Alanyaspor,Premium,,,,,,,,
233,True,,,Turkey Super League,,Kasimpasa SK,Kocaelispor,Premium,,,,,,,,
233,False,,,Turkey Super League,,Fatih Karagümrük,Genclerbirligi SK,Match Result,,,2.76,Betfair,,1.0,,
233,False,,,Turkey Super League,,Antalyaspor,Alanyaspor,Match Result,,,2.52,Betfair,,0.8,,
233,False,,,Primeira Liga - Portugal,,Braga,Estoril,Match Result,,,1.83,Betfair,,0.6,,
233,False,,,Turkey Super League,,Kayserispor,Eyüpspor,Match Result,,,1.87,1xBet,,0.5,,
233,False,,,Turkey Super League,,Kasimpasa SK,Kocaelispor,Match Result,,,2.31,GTbets,,0.9,,
233,True,,,Primeira Liga - Portugal,,Braga,Estoril,Premium,,,,,,,,
234,True,,,Turkey Super League,,Kayserispor,Eyüpspor,Premium,,,,,,,,
234,True,,,La Liga - Spain,,Real Betis,Oviedo,Premium,,,,,,,,
234,True,,,Premier League - Russia,,FC Akhmat Grozny,FC Nizhny Novgorod,Premium,,,,,,,,
234,False,,,Belgium First Div,,Anderlecht,Club Brugge,Match Result,,,1.7,Coral,,0.4,,
234,False,,,La Liga - Spain,,Real Betis,Oviedo,Match Result,,,1.62,1xBet,,0.4,,
234,False,,,La Liga 2 - Spain,,Real Sociedad B,Burgos CF,Match Result,,,2.63,Pinnacle,,0.9,,
234,True,,,Primera División - Argentina,,Aldosivi Mar del Plata,Independiente Rivadavia,Premium,,,,,,,,
234,True,,,La Liga 2 - Spain,,Real Sociedad B,Burgos CF,Premium,,,,,,,,
234,False,,,Primera División - Argentina,,Aldosivi Mar del Plata,Independiente Rivadavia,Match Result,,,2.56,Matchbook,,0.9,,
234,False,,,Premier League - Russia,,FC Akhmat Grozny,FC Nizhny Novgorod,Match Result,,,1.96,1xBet,,0.6,,
234,True,,,Belgium First Div,,Anderlecht,Club Brugge,Premium,,,,,,,,
235,True,,,Super League - Greece,,PAOK Thessaloniki,Olympiakos Piraeus,Premium,,,,,,,,
235,True,,,Serie A - Italy,,Juventus,Hellas Verona,Premium,,,,,,,,
235,True,,,Saudi Pro League,,Al-Shabab,Al-Taawoun,Premium,,,,,,,,
235,False,,,Super League - Greece,,PAOK Thessaloniki,Olympiakos Piraeus,Match Result,,,2.5,Casumo,,0.9,,
235,False,,,Serie A - Italy,,Juventus,Hellas Verona,Match Result,,,1.24,GTbets,,0.1,,
235,True,,,Denmark Superliga,,AGF Aarhus,SonderjyskE,Premium,,,,,,,,
235,False,,,Saudi Pro League,,Al-Shabab,Al-Taawoun,Match Result,,,2.08,Betfair,,0.7,,
235,False,,,Denmark Superliga,,AGF Aarhus,SonderjyskE,Match Result,,,1.5,Coolbet,,0.2,,
235,True,,,Serie A - Italy,,Juventus,Hellas Verona,Premium,,,,,,,,
235,False,,,Bundesliga - Germany,,Borussia Monchengladbach,Borussia Dortmund,Match Result,,,1.97,Smarkets,,0.5,,
235,True,,,Ekstraklasa - Poland,,Pogoń Szczecin,Wisła Płock,Premium,,,,,,,,
235,True,,,Bundesliga - Germany,,Borussia Monchengladbach,Borussia Dortmund,Premium,,,,,,,,
236,False,,,Ekstraklasa - Poland,,Pogoń Szczecin,Wisła Płock,Match Result,,,1.95,Unibet (UK),,0.6,,
236,True,,,Ligue 1 - France,,Paris FC,Brest,Premium,,,,,,,,
236,False,,,Ligue 1 - France,,Paris FC,Brest,Match Result,,,2.1,Betfair,,0.8,,
236,False,,,Ligue 1 - France,,Auxerre,Angers,Match Result,,,1.74,1xBet,,0.5,,
236,True,,,Ligue 1 - France,,Auxerre,Angers,Premium,,,,,,,,
236,False,,,Ligue 1 - France,,Strasbourg,Toulouse,Match Result,,,2.53,1xBet,,1.2,,
236,True,,,Ligue 1 - France,,Strasbourg,Toulouse,Premium,,,,,,,,
236,False,,,Eliteserien - Norway,,Kristiansund BK,HamKam,Match Result,,,2.58,Coolbet,,0.9,,
236,False,,,Eliteserien - Norway,,IK Start,Tromso,Match Result,,,1.77,Fanatics,,0.5,,
236,True,,,Eliteserien - Norway,,Sandefjord,Aalesund,Premium,,,,,,,,
236,False,,,Eliteserien - Norway,,Sandefjord,Aalesund,Match Result,,,1.81,GTbets,,0.5,,
236,False,,,Austrian Football Bundesliga,,RB Salzburg,Sturm Graz,Match Result,,,1.71,Unibet,,0.3,,
237,True,,,Eliteserien - Norway,,Kristiansund BK,HamKam,Premium,,,,,,,,
237,False,,,Dutch Eredivisie,,Sparta Rotterdam,Go Ahead Eagles,Match Result,,,2.12,Nordic Bet,,0.8,,
237,True,,,Dutch Eredivisie,,AZ Alkmaar,FC Twente Enschede,Premium,,,,,,,,
237,False,,,Dutch Eredivisie,,AZ Alkmaar,FC Twente Enschede,Match Result,,,2.4,Unibet (NL),,1.0,,
237,True,,,Dutch Eredivisie,,Sparta Rotterdam,Go Ahead Eagles,Premium,,,,,,,,
237,False,,,3. Liga - Germany,,Wehen Wiesbaden,VfL Osnabrück,Match Result,,,2.02,Betsson,,0.5,,
237,False,,,Swiss Superleague,,Grasshopper Zürich,Servette,Match Result,,,2.3,Coolbet,,0.9,,
237,True,,,Primeira Liga - Portugal,,Casa Pia,Tondela,Premium,,,,,,,,
237,False,,,Primeira Liga - Portugal,,Casa Pia,Tondela,Match Result,,,2.39,GTbets,,0.9,,
237,True,,,3. Liga - Germany,,Wehen Wiesbaden,VfL Osnabrück,Premium,,,,,,,,
238,False,,,Swiss Superleague,,FC Lugano,BSC Young Boys,Match Result,,,2.4,GTbets,,0.9,,
238,True,,,EPL,,Manchester United,Liverpool,Premium,,,,,,,,
238,True,,,Swiss Superleague,,Grasshopper Zürich,Servette,Premium,,,,,,,,
238,True,,,Swiss Superleague,,FC Lugano,BSC Young Boys,Premium,,,,,,,,
238,True,,,Allsvenskan - Sweden,,GAIS,Örgryte IS,Premium,,,,,,,,
238,False,,,Allsvenskan - Sweden,,GAIS,Örgryte IS,Match Result,,,1.52,Smarkets,,0.2,,
238,False,,,La Liga - Spain,,Getafe,Rayo Vallecano,Match Result,,,2.02,Betfair,,0.7,,
238,False,,,La Liga 2 - Spain,,Sporting Gijón,AD Ceuta FC,Match Result,,,1.69,1xBet,,0.4,,
239,True,,,La Liga - Spain,,Getafe,Rayo Vallecano,Premium,,,,,,,,
239,False,,,Denmark Superliga,,FC Fredericia,FC Copenhagen,Match Result,,,1.6,GTbets,,0.3,,
239,True,,,Super League - Greece,,Levadiakos,Volos FC,Premium,,,,,,,,
239,True,,,Super League - Greece,,OFI Crete,Aris Thessaloniki,Premium,,,,,,,,
239,True,,,Belgium First Div,,Royal Antwerp,Standard Liege,Premium,,,,,,,,
239,False,,,Belgium First Div,,Royal Antwerp,Standard Liege,Match Result,,,2.02,Betfair,,0.6,,
239,True,,,Premier League - Russia,,FC Akron Tolyatti,FC Krasnodar,Premium,,,,,,,,
239,False,,,Premier League - Russia,,FC Akron Tolyatti,FC Krasnodar,Match Result,,,1.55,1xBet,,0.3,,
239,False,,,Super League - Greece,,OFI Crete,Aris Thessaloniki,Match Result,,,2.42,Betfair,,0.7,,
239,False,,,Frauen-Bundesliga,,Carl Zeiss Jena,SC Freiburg,Match Result,,,1.69,Pinnacle,,0.4,,
239,True,,,Denmark Superliga,,FC Fredericia,FC Copenhagen,Premium,,,,,,,,
240,True,,,Frauen-Bundesliga,,Carl Zeiss Jena,SC Freiburg,Premium,,,,,,,,
240,False,,,Bundesliga - Germany,,FC St. Pauli,FSV Mainz 05,Match Result,,,2.7,Unibet (SE),,1.1,,
240,True,,,Bundesliga - Germany,,FC St. Pauli,FSV Mainz 05,Premium,,,,,,,,
240,False,,,Serie A - Italy,,Sassuolo,AC Milan,Match Result,,,1.79,1xBet,,0.5,,
240,False,,,EPL,,Bournemouth,Crystal Palace,Match Result,,,1.7,Betfair,,0.4,,
240,False,,,Ligue 1 - France,,Lille,Le Havre,Match Result,,,1.44,Betfair,,0.2,,
240,True,,,Serie A - Italy,,Sassuolo,AC Milan,Premium,,,,,,,,
240,True,,,Superettan - Sweden,,Helsingborgs IF,IK Brage,Premium,,,,,,,,
240,True,,,Ligue 1 - France,,Lille,Le Havre,Premium,,,,,,,,
240,True,,,EPL,,Bournemouth,Crystal Palace,Premium,,,,,,,,
240,False,,,Superettan - Sweden,,Helsingborgs IF,IK Brage,Match Result,,,2.4,PointsBet (AU),,1.0,,
241,False,,,Ekstraklasa - Poland,,Zagłębie Lubin,Cracovia Kraków,Match Result,,,2.7,Unibet (NL),,1.2,,
241,True,,,Ekstraklasa - Poland,,Zagłębie Lubin,Cracovia Kraków,Premium,,,,,,,,
241,True,,,Dutch Eredivisie,,FC Zwolle,Heracles Almelo,Premium,,,,,,,,
241,False,,,Dutch Eredivisie,,Fortuna Sittard,Feyenoord,Match Result,,,1.58,Betfair,,0.2,,
241,False,,,Dutch Eredivisie,,FC Zwolle,Heracles Almelo,Match Result,,,1.5,Coral,,0.2,,
241,True,,,Dutch Eredivisie,,Fortuna Sittard,Feyenoord,Premium,,,,,,,,
241,True,,,Austrian Football Bundesliga,,Austria Wien,Hartberg,Premium,,,,,,,,
241,True,,,Eliteserien - Norway,,Lillestrom,Sarpsborg FK,Premium,,,,,,,,
241,False,,,Austrian Football Bundesliga,,Austria Wien,Hartberg,Match Result,,,1.93,Coolbet,,0.5,,
241,False,,,Eliteserien - Norway,,Lillestrom,Sarpsborg FK,Match Result,,,1.71,GTbets,,0.4,,
241,False,,,Allsvenskan - Sweden,,Hammarby IF,Västerås SK,Match Result,,,1.36,Coolbet,,0.2,,
241,True,,,La Liga - Spain,,Celta Vigo,Elche CF,Premium,,,,,,,,
242,False,,,La Liga 2 - Spain,,Real Racing Club de Santander,SD Huesca,Match Result,,,1.5,BetMGM,,0.2,,
242,False,,,La Liga - Spain,,Celta Vigo,Elche CF,Match Result,,,1.83,Betfair,,0.6,,
242,False,,,Denmark Superliga,,Randers FC,Vejle Boldklub,Match Result,,,1.65,BetMGM,,0.4,,
242,True,,,Denmark Superliga,,OB Odense BK,Silkeborg IF,Premium,,,,,,,,
242,True,,,La Liga 2 - Spain,,Real Racing Club de Santander,SD Huesca,Premium,,,,,,,,
242,True,,,Denmark Superliga,,Randers FC,Vejle Boldklub,Premium,,,,,,,,
242,True,,,Allsvenskan - Sweden,,Hammarby IF,Västerås SK,Premium,,,,,,,,
242,True,,,Frauen-Bundesliga,,SGS Essen,Bayer Leverkusen,Premium,,,,,,,,
242,True,,,Swiss Superleague,,FC St Gallen,FC Sion,Premium,,,,,,,,
242,False,,,Swiss Superleague,,FC St Gallen,FC Sion,Match Result,,,2.35,Coolbet,,0.9,,
243,True,,,Belgium First Div,,KV Mechelen,Gent,Premium,,,,,,,,
243,True,,,Bundesliga 2 - Germany,,Greuther Fürth,1. FC Nürnberg,Premium,,,,,,,,
243,True,,,Bundesliga 2 - Germany,,Karlsruher SC,SV Darmstadt 98,Premium,,,,,,,,
243,False,,,Belgium First Div,,KV Mechelen,Gent,Match Result,,,2.5,Unibet (UK),,0.9,,
243,True,,,Bundesliga 2 - Germany,,Hannover 96,SC Preußen Münster,Premium,,,,,,,,
243,True,,,3. Liga - Germany,,MSV Duisburg,FC Energie Cottbus,Premium,,,,,,,,
243,False,,,3. Liga - Germany,,MSV Duisburg,FC Energie Cottbus,Match Result,,,2.35,LeoVegas,,0.7,,
243,False,,,Bundesliga 2 - Germany,,1. FC Magdeburg,Hertha Berlin,Match Result,,,2.18,Codere (IT),,0.6,,
243,False,,,Bundesliga 2 - Germany,,Hannover 96,SC Preußen Münster,Match Result,,,1.4,Unibet (NL),,0.1,,
244,True,,,Bundesliga 2 - Germany,,1. FC Magdeburg,Hertha Berlin,Premium,,,,,,,,
244,True,,,Bundesliga 2 - Germany,,Elversberg,SC Paderborn,Premium,,,,,,,,
244,False,,,Bundesliga 2 - Germany,,Elversberg,SC Paderborn,Match Result,,,2.16,Betfair,,0.8,,
244,False,,,Premiership - Scotland,,Hibernian,Celtic,Match Result,,,1.74,Matchbook,,0.5,,
244,True,,,Superettan - Sweden,,Östersunds FK,IFK Värnamo,Premium,,,,,,,,
244,True,,,Premiership - Scotland,,Hibernian,Celtic,Premium,,,,,,,,
244,False,,,Superettan - Sweden,,Östersunds FK,IFK Värnamo,Match Result,,,2.55,LeoVegas (SE),,0.8,,
245,True,,,Serie A - Italy,,Bologna,Cagliari,Premium,,,,,,,,
245,False,,,Serie A - Italy,,Bologna,Cagliari,Match Result,,,1.9,Betfair,,0.6,,
245,True,,,Ekstraklasa - Poland,,GKS Katowice,Nieciecza,Premium,,,,,,,,
245,False,,,Ekstraklasa - Poland,,GKS Katowice,Nieciecza,Match Result,,,1.72,Unibet,,0.3,,
245,False,,,Dutch Eredivisie,,FC Volendam,Heerenveen,Match Result,,,2.04,Unibet (NL),,0.7,,
245,True,,,Dutch Eredivisie,,FC Volendam,Heerenveen,Premium,,,,,,,,
245,False,,,J League,,V-Varen Nagasaki,Nagoya Grampus,Match Result,,,2.08,Unibet (UK),,0.5,,
245,True,,,J League,,V-Varen Nagasaki,Nagoya Grampus,Premium,,,,,,,,
245,True,,,J League,,Kashima Antlers,FC Machida Zelvia,Premium,,,,,,,,
245,False,,,J League,,Kashima Antlers,FC Machida Zelvia,Match Result,,,2.21,Pinnacle,,0.7,,
245,False,,,J League,,Cerezo Osaka,Avispa Fukuoka,Match Result,,,2.05,Pinnacle,,0.6,,
245,True,,,J League,,Cerezo Osaka,Avispa Fukuoka,Premium,,,,,,,,
246,True,,,J League,,Tokyo Verdy,Kashiwa Reysol,Premium,,,,,,,,
246,False,,,J League,,Tokyo Verdy,Kashiwa Reysol,Match Result,,,2.05,Betway,,0.6,,
246,True,,,Liga MX,,Atlas,Cruz Azul,Premium,,,,,,,,
246,False,,,Liga MX,,Atlas,Cruz Azul,Match Result,,,1.86,Betfair,,0.6,,
246,False,,,MLS,,LA Galaxy,Vancouver Whitecaps FC,Match Result,,,2.06,Matchbook,,0.6,,
246,True,,,MLS,,LA Galaxy,Vancouver Whitecaps FC,Premium,,,,,,,,
246,False,,,MLS,,San Diego FC,Los Angeles FC,Match Result,,,2.55,LeoVegas,,0.8,,
246,True,,,MLS,,San Diego FC,Los Angeles FC,Premium,,,,,,,,
246,False,,,Liga MX,,Tigres,Guadalajara,Match Result,,,2.28,Betfair,,0.8,,
246,True,,,Liga MX,,Tigres,Guadalajara,Premium,,,,,,,,
246,True,,,MLS,,Chicago Fire,FC Cincinnati,Premium,,,,,,,,
246,False,,,MLS,,Houston Dynamo,Colorado Rapids,Match Result,,,1.98,Matchbook,,0.6,,
247,False,,,MLS,,Chicago Fire,FC Cincinnati,Match Result,,,1.77,Betfair,,0.5,,
247,False,,,Primera División - Argentina,,Platense,Estudiantes,Match Result,,,2.55,Unibet,,0.8,,
247,True,,,Primera División - Argentina,,Platense,Estudiantes,Premium,,,,,,,,
247,True,,,Brazil Série A,,Cruzeiro,Atletico Mineiro,Premium,,,,,,,,
247,False,,,Brazil Série A,,Cruzeiro,Atletico Mineiro,Match Result,,,1.96,Matchbook,,0.5,,
247,True,,,MLS,,Philadelphia Union,Nashville SC,Premium,,,,,,,,
247,False,,,MLS,,Atlanta United FC,CF Montreal,Match Result,,,2.14,Betfair,,0.7,,
247,False,,,MLS,,New England Revolution,Charlotte FC,Match Result,,,2.3,LeoVegas,,1.0,,
247,False,,,MLS,,Philadelphia Union,Nashville SC,Match Result,,,2.45,BetMGM,,0.9,,
247,True,,,MLS,,Atlanta United FC,CF Montreal,Premium,,,,,,,,
247,False,,,Brazil Série B,,Fortaleza,Goiás,Match Result,,,1.98,Matchbook,,0.6,,
248,False,,,MLS,,New York Red Bulls,FC Dallas,Match Result,,,2.18,Betsson,,0.6,,
248,True,,,MLS,,Columbus Crew SC,Minnesota United FC,Premium,,,,,,,,
248,True,,,MLS,,New York Red Bulls,FC Dallas,Premium,,,,,,,,
248,False,,,MLS,,Columbus Crew SC,Minnesota United FC,Match Result,,,1.81,Matchbook,,0.5,,
248,True,,,Brazil Série B,,Fortaleza,Goiás,Premium,,,,,,,,
248,False,,,MLS,,Inter Miami CF,Orlando City SC,Match Result,,,1.34,GTbets,,0.1,,
248,True,,,MLS,,Inter Miami CF,Orlando City SC,Premium,,,,,,,,
248,True,,,MLS,,Inter Miami CF,Orlando City SC,Premium,,,,,,,,
248,False,,,Primera División - Argentina,,San Lorenzo,Independiente,Match Result,,,2.84,BetOnline.ag,,1.2,,
249,False,,,Primera División - Argentina,,Union Santa Fe,Talleres,Match Result,,,2.38,Betfair,,1.0,,
249,True,,,Primera División - Argentina,,Union Santa Fe,Talleres,Premium,,,,,,,,
249,True,,,Brazil Série A,,Palmeiras,Santos,Premium,,,,,,,,
249,False,,,Brazil Série B,,Cuiabá,Criciuma,Match Result,,,2.76,Betfair,,1.3,,
249,True,,,Brazil Série B,,Cuiabá,Criciuma,Premium,,,,,,,,
249,False,,,Brazil Série A,,Vitoria,Coritiba,Match Result,,,2.2,Betfair,,0.8,,
249,False,,,Brazil Série A,,Palmeiras,Santos,Match Result,,,1.56,Betfair,,0.3,,
249,True,,,Brazil Série A,,Vitoria,Coritiba,Premium,,,,,,,,
249,True,,,MLS,,Real Salt Lake,Portland Timbers,Premium,,,,,,,,
249,False,,,MLS,,Real Salt Lake,Portland Timbers,Match Result,,,1.55,LeoVegas,,0.3,,
249,True,,,Primeira Liga - Portugal,,FC Porto,Alverca,Premium,,,,,,,,
250,False,,,Primeira Liga - Portugal,,FC Porto,Alverca,Match Result,,,1.22,GTbets,,0.1,,
250,False,,,Primera División - Argentina,,Central Córdoba,Boca Juniors,Match Result,,,2.0,Betfair,,0.4,,
250,True,,,Primera División - Argentina,,Central Córdoba,Boca Juniors,Premium,,,,,,,,
250,True,,,Ligue 1 - France,,Nice,RC Lens,Premium,,,,,,,,
250,False,,,Ligue 1 - France,,Nice,RC Lens,Match Result,,,1.82,1xBet,,0.5,,
250,False,,,La Liga 2 - Spain,,SD Eibar,Málaga,Match Result,,,2.1,Coolbet,,0.8,,
250,True,,,Brazil Série A,,Botafogo,Remo,Premium,,,,,,,,
250,True,,,Brazil Série B,,Botafogo,Nautico PE,Premium,,,,,,,,
250,True,,,La Liga - Spain,,CA Osasuna,Barcelona,Premium,,,,,,,,
250,False,,,Brazil Série B,,Botafogo,Nautico PE,Match Result,,,2.5,Unibet (SE),,1.1,,
250,False,,,La Liga - Spain,,CA Osasuna,Barcelona,Match Result,,,1.76,1xBet,,0.4,,
251,True,,,Dutch Eredivisie,,NEC Nijmegen,SC Telstar,Premium,,,,,,,,
251,False,,,Dutch Eredivisie,,NEC Nijmegen,SC Telstar,Match Result,,,1.56,Betfair,,0.3,,
251,False,,,Serie A - Italy,,Atalanta BC,Genoa,Match Result,,,1.64,GTbets,,0.3,,
251,False,,,Belgium First Div,,Sint Truiden,Union Saint-Gilloise,Match Result,,,2.02,Betfair,,0.6,,
251,True,,,Serie A - Italy,,Atalanta BC,Genoa,Premium,,,,,,,,
251,True,,,Belgium First Div,,Sint Truiden,Union Saint-Gilloise,Premium,,,,,,,,
251,True,,,Bundesliga 2 - Germany,,FC Schalke 04,Fortuna Düsseldorf,Premium,,,,,,,,
251,False,,,MLS,,Sporting Kansas City,Seattle Sounders FC,Match Result,,,1.76,GTbets,,0.4,,
251,True,,,Swiss Superleague,,FC Basel,FC Thun,Premium,,,,,,,,
251,False,,,Swiss Superleague,,FC Basel,FC Thun,Match Result,,,2.48,GTbets,,1.0,,
252,True,,,MLS,,Sporting Kansas City,Seattle Sounders FC,Premium,,,,,,,,
252,True,,,Ekstraklasa - Poland,,Motor Lublin,Lech Poznań,Premium,,,,,,,,
252,False,,,Ekstraklasa - Poland,,Motor Lublin,Lech Poznań,Match Result,,,1.97,Unibet (SE),,0.7,,
252,True,,,Dutch Eredivisie,,Ajax,PSV Eindhoven,Premium,,,,,,,,
252,True,,,Ligue 2 - France,,Guingamp,SC Bastia,Premium,,,,,,,,
252,False,,,Ligue 2 - France,,Amiens,Red Star,Match Result,,,1.78,Coolbet,,0.5,,
252,False,,,Ligue 2 - France,,Le Mans FC,Stade de Reims,Match Result,,,2.6,Unibet (SE),,0.9,,
252,True,,,Ligue 2 - France,,Amiens,Red Star,Premium,,,,,,,,
252,False,,,Ligue 2 - France,,Boulogne,Annecy FC,Match Result,,,2.07,Unibet (SE),,0.6,,
252,False,,,Ligue 2 - France,,Pau FC,Nancy,Match Result,,,2.6,Betfair,,0.8,,
252,True,,,Ligue 2 - France,,Le Mans FC,Stade de Reims,Premium,,,,,,,,
253,False,,,Ligue 2 - France,,USL Dunkerque,Grenoble,Match Result,,,2.08,TABtouch,,0.6,,
253,True,,,Saudi Pro League,,Al-Hazem,Al-Hilal,Premium,,,,,,,,
253,True,,,Ligue 2 - France,,Pau FC,Nancy,Premium,,,,,,,,
253,True,,,Ligue 2 - France,,Montpellier,Clermont,Premium,,,,,,,,
253,True,,,Saudi Pro League,,Al-Hazem,Al-Hilal,Premium,,,,,,,,
253,False,,,Ligue 2 - France,,Guingamp,SC Bastia,Match Result,,,2.46,Betfair,,0.8,,
253,False,,,Ligue 2 - France,,Rodez AF,Saint Etienne,Match Result,,,2.16,Betfair,,0.7,,
253,True,,,Ligue 2 - France,,Boulogne,Annecy FC,Premium,,,,,,,,
253,False,,,Saudi Pro League,,Al-Hazem,Al-Hilal,Match Result,,,1.22,Coral,,0.0,,
254,False,,,Primera División - Argentina,,Lanus,Deportivo Riestra,Match Result,,,2.12,Betfair,,0.7,,
254,True,,,Primera División - Argentina,,Lanus,Deportivo Riestra,Premium,,,,,,,,
254,True,,,Primeira Liga - Portugal,,Famalicão,Benfica,Premium,,,,,,,,
254,False,,,Turkey Super League,,Fenerbahce,Basaksehir,Match Result,,,1.71,Betfair,,0.4,,
254,False,,,MLS,,Toronto FC,San Jose Earthquakes,Match Result,,,2.16,Betfair,,0.7,,
254,True,,,Turkey Super League,,Samsunspor,Galatasaray,Premium,,,,,,,,
254,True,,,Ligue 1 - France,,Metz,AS Monaco,Premium,,,,,,,,
254,True,,,Turkey Super League,,Trabzonspor,Goztepe,Premium,,,,,,,,
254,True,,,Primera División - Argentina,,Barracas Central,Banfield,Premium,,,,,,,,
255,False,,,Turkey Super League,,Samsunspor,Galatasaray,Match Result,,,1.68,GTbets,,0.4,,
255,False,,,Ligue 1 - France,,Metz,AS Monaco,Match Result,,,1.44,Ladbrokes,,0.2,,
255,False,,,Primeira Liga - Portugal,,Famalicão,Benfica,Match Result,,,1.62,1xBet,,0.3,,
255,True,,,Turkey Super League,,Fenerbahce,Basaksehir,Premium,,,,,,,,
255,False,,,Dutch Eredivisie,,Groningen,Excelsior,Match Result,,,1.71,1xBet,,0.5,,
255,True,,,Dutch Eredivisie,,Groningen,Excelsior,Premium,,,,,,,,
255,True,,,La Liga - Spain,,Alavés,Athletic Bilbao,Premium,,,,,,,,
255,False,,,La Liga 2 - Spain,,CD Castellón,Córdoba,Match Result,,,1.65,Unibet (NL),,0.4,,
255,True,,,EPL,,Arsenal,Fulham,Premium,,,,,,,,
256,False,,,Super League - Greece,,Asteras Tripolis,Atromitos Athens,Match Result,,,1.8,Coolbet,,0.5,,
256,True,,,Bundesliga - Germany,,Bayer Leverkusen,RB Leipzig,Premium,,,,,,,,
256,False,,,La Liga - Spain,,Alavés,Athletic Bilbao,Match Result,,,2.7,Betfair,,1.1,,
256,False,,,EPL,,Arsenal,Fulham,Match Result,,,1.49,Betfair,,0.2,,
256,True,,,Belgium First Div,,Charleroi,Genk,Premium,,,,,,,,
256,False,,,Belgium First Div,,Charleroi,Genk,Match Result,,,2.48,Smarkets,,0.7,,
256,False,,,Saudi Pro League,,Damac,Al-Khaleej,Match Result,,,2.52,Betfair,,0.8,,
256,True,,,Saudi Pro League,,Damac,Al-Khaleej,Premium,,,,,,,,
256,True,,,Serie A - Italy,,Como,Napoli,Premium,,,,,,,,
257,False,,,Serie A - Italy,,Como,Napoli,Match Result,,,2.37,1xBet,,0.8,,
257,True,,,Premier League - Russia,,CSKA Moscow,Zenit St Petersburg,Premium,,,,,,,,
257,True,,,Swiss Superleague,,FC Lausanne-Sport,FC Luzern,Premium,,,,,,,,
257,True,,,Veikkausliiga - Finland,,AC Oulu,KuPS Kuopio,Premium,,,,,,,,
257,False,,,Eliteserien - Norway,,SK Brann,Fredrikstad FK,Match Result,,,1.63,Betfair,,0.4,,
257,True,,,Eliteserien - Norway,,SK Brann,Fredrikstad FK,Premium,,,,,,,,
257,True,,,Swiss Superleague,,FC Winterthur,FC Zurich,Premium,,,,,,,,
257,False,,,Swiss Superleague,,FC Winterthur,FC Zurich,Match Result,,,2.38,Pinnacle,,0.9,,
257,False,,,Swiss Superleague,,FC Lausanne-Sport,FC Luzern,Match Result,,,2.41,Pinnacle,,1.0,,
257,False,,,Premier League - Russia,,CSKA Moscow,Zenit St Petersburg,Match Result,,,1.91,1xBet,,0.6,,
257,False,,,Saudi Pro League,,Al-Fateh,Neom,Match Result,,,2.43,Unibet (NL),,0.7,,
258,True,,,Saudi Pro League,,Al-Fateh,Neom,Premium,,,,,,,,
258,False,,,Ligue 1 - France,,Paris Saint Germain,Lorient,Match Result,,,1.36,Betfair,,0.1,,
258,False,,,Austrian Football Bundesliga,,Grazer AK,WSG Tirol,Match Result,,,2.33,Pinnacle,,0.8,,
258,True,,,Austrian Football Bundesliga,,Grazer AK,WSG Tirol,Premium,,,,,,,,
258,True,,,Superettan - Sweden,,GIF Sundsvall,IK Oddevold,Premium,,,,,,,,
258,True,,,Ligue 1 - France,,Paris Saint Germain,Lorient,Premium,,,,,,,,
258,False,,,Superettan - Sweden,,GIF Sundsvall,IK Oddevold,Match Result,,,2.41,Coolbet,,0.7,,
258,True,,,Ligue 1 - France,,Paris Saint Germain,Lorient,Premium,,,,,,,,
258,True,,,Austrian Football Bundesliga,,Ried,FC Blau-Weiß Linz,Premium,,,,,,,,
258,False,,,Austrian Football Bundesliga,,Ried,FC Blau-Weiß Linz,Match Result,,,2.3,Unibet,,0.7,,
258,True,,,Primeira Liga - Portugal,,Arouca,Santa Clara,Premium,,,,,,,,
258,False,,,3. Liga - Germany,,SSV Ulm 1846,FC Viktoria Köln 1904,Match Result,,,2.45,Tipico,,1.0,,
259,True,,,Primeira Liga - Portugal,,Moreirense FC,CF Estrela,Premium,,,,,,,,
259,False,,,Dutch Eredivisie,,FC Utrecht,NAC Breda,Match Result,,,1.85,Betsson,,0.4,,
259,False,,,3. Liga - Germany,,VfB Stuttgart II,Rot-Weiss Essen,Match Result,,,2.05,LeoVegas,,0.5,,
259,True,,,Primeira Liga - Portugal,,Nacional,AVS Futebol SAD,Premium,,,,,,,,
259,True,,,Dutch Eredivisie,,FC Utrecht,NAC Breda,Premium,,,,,,,,
259,True,,,3. Liga - Germany,,SSV Ulm 1846,FC Viktoria Köln 1904,Premium,,,,,,,,
259,False,,,Primeira Liga - Portugal,,Moreirense FC,CF Estrela,Match Result,,,2.66,Matchbook,,0.9,,
259,False,,,Primeira Liga - Portugal,,Arouca,Santa Clara,Match Result,,,2.8,Matchbook,,1.0,,
259,False,,,Primeira Liga - Portugal,,Nacional,AVS Futebol SAD,Match Result,,,1.5,Grosvenor,,0.3,,
259,False,,,Super League - Greece,,Panserraikos FC,AEL,Match Result,,,2.8,TABtouch,,1.0,,
260,False,,,La Liga - Spain,,Valencia,Atlético Madrid,Match Result,,,1.85,Betfair,,0.5,,
260,False,,,La Liga 2 - Spain,,Cultural Leonesa,Cádiz CF,Match Result,,,2.2,Betfair,,0.8,,
260,True,,,La Liga - Spain,,Valencia,Atlético Madrid,Premium,,,,,,,,
260,True,,,La Liga 2 - Spain,,Cultural Leonesa,Cádiz CF,Premium,,,,,,,,
260,False,,,League 1,,Port Vale,Lincoln City,Match Result,,,1.71,Matchbook,,0.4,,
260,False,,,League 2,,Crawley Town,Salford City,Match Result,,,2.02,Betsson,,0.6,,
260,False,,,Premiership - Scotland,,Falkirk F.C.,Motherwell,Match Result,,,2.7,FanDuel,,1.1,,
260,False,,,League 1,,Wycombe Wanderers,Rotherham United,Match Result,,,1.5,Coral,,0.3,,
260,False,,,League 1,,Barnsley,Stockport County FC,Match Result,,,1.94,Matchbook,,0.5,,
260,True,,,League 2,,Harrogate Town,Barnet,Premium,,,,,,,,
260,True,,,Veikkausliiga - Finland,,Jaro,TPS Turku,Premium,,,,,,,,
260,False,,,League 2,,Notts County,Bristol Rovers,Match Result,,,1.71,Matchbook,,0.5,,
261,False,,,Premiership - Scotland,,Kilmarnock,Dundee United,Match Result,,,2.37,Coral,,1.0,,
261,True,,,EPL,,Wolverhampton Wanderers,Sunderland,Premium,,,,,,,,
261,False,,,League 1,,Bolton Wanderers,Luton,Match Result,,,2.6,Betfair,,0.9,,
261,False,,,Premiership - Scotland,,Dundee FC,St Mirren,Match Result,,,2.6,Paddy Power,,1.1,,
261,True,,,League 2,,Swindon Town,Chesterfield FC,Premium,,,,,,,,
261,True,,,League 2,,Barrow,Newport County,Premium,,,,,,,,
261,True,,,League 2,,Oldham Athletic,Accrington Stanley,Premium,,,,,,,,
261,True,,,League 1,,Bolton Wanderers,Luton,Premium,,,,,,,,
261,False,,,League 1,,Peterborough United,Doncaster Rovers,Match Result,,,2.7,LeoVegas,,0.9,,
261,False,,,League 2,,Barrow,Newport County,Match Result,,,2.56,Betfair,,0.9,,
261,False,,,League 1,,Northampton Town,Plymouth Argyle,Match Result,,,1.44,Ladbrokes,,0.2,,
261,False,,,EPL,,Wolverhampton Wanderers,Sunderland,Match Result,,,2.3,Smarkets,,0.8,,
262,True,,,EPL,,Brentford,West Ham United,Premium,,,,,,,,
262,True,,,League 1,,Mansfield Town,Cardiff City,Premium,,,,,,,,
262,False,,,League 1,,Stevenage,Wigan Athletic,Match Result,,,1.6,Ladbrokes,,0.3,,
262,True,,,League 1,,Leyton Orient,Burton Albion,Premium,,,,,,,,
262,True,,,Veikkausliiga - Finland,,IFK Mariehamn,VPS Vaasa,Premium,,,,,,,,
262,False,,,League 2,,Crewe Alexandra,Cambridge United,Match Result,,,1.55,Coral,,0.2,,
262,False,,,League 2,,Swindon Town,Chesterfield FC,Match Result,,,2.54,Betfair,,1.0,,
262,True,,,League 2,,Bromley FC,Walsall,Premium,,,,,,,,
262,True,,,Belgium First Div,,Westerlo,Leuven,Premium,,,,,,,,
263,True,,,EPL,,Newcastle United,Brighton and Hove Albion,Premium,,,,,,,,
263,False,,,EPL,,Newcastle United,Brighton and Hove Albion,Match Result,,,2.63,1xBet,,1.2,,
263,True,,,League 1,,Peterborough United,Doncaster Rovers,Premium,,,,,,,,
263,True,,,League 1,,Stevenage,Wigan Athletic,Premium,,,,,,,,
263,False,,,League 2,,Harrogate Town,Barnet,Match Result,,,2.66,Matchbook,,0.9,,
263,True,,,League 1,,Reading,Blackpool,Premium,,,,,,,,
263,True,,,League 2,,Crawley Town,Salford City,Premium,,,,,,,,
263,True,,,Premiership - Scotland,,Kilmarnock,Dundee United,Premium,,,,,,,,
263,True,,,League 2,,Notts County,Bristol Rovers,Premium,,,,,,,,
264,False,,,League 2,,Cheltenham Town,Colchester United,Match Result,,,2.3,Matchbook,,1.0,,
264,False,,,Veikkausliiga - Finland,,IFK Mariehamn,VPS Vaasa,Match Result,,,2.43,GTbets,,0.9,,
265,False,,,League 2,,Oldham Athletic,Accrington Stanley,Match Result,,,1.85,Matchbook,,0.6,,
265,False,,,EPL,,Brentford,West Ham United,Match Result,,,2.01,GTbets,,0.4,,
265,False,,,Veikkausliiga - Finland,,Jaro,TPS Turku,Match Result,,,2.26,Betfair,,0.6,,
265,False,,,League 1,,Wimbledon,Huddersfield Town,Match Result,,,2.48,Matchbook,,1.0,,
265,True,,,League 1,,Port Vale,Lincoln City,Premium,,,,,,,,
265,False,,,League 2,,Bromley FC,Walsall,Match Result,,,1.92,Matchbook,,0.4,,
265,False,,,Super League - Greece,,Panetolikos Agrinio,AE Kifisia FC,Match Result,,,2.8,Coolbet,,1.0,,
266,False,,,Bundesliga - Germany,,TSG Hoffenheim,VfB Stuttgart,Match Result,,,2.46,Matchbook,,1.0,,
266,True,,,Bundesliga - Germany,,Union Berlin,1. FC Köln,Premium,,,,,,,,
266,False,,,Premier League - Russia,,FC Baltika Kaliningrad,Rubin Kazan,Match Result,,,1.97,1xBet,,0.6,,
266,False,,,Bundesliga - Germany,,Bayern Munich,1. FC Heidenheim,Match Result,,,1.27,Betfair,,0.1,,
266,True,,,Bundesliga - Germany,,TSG Hoffenheim,VfB Stuttgart,Premium,,,,,,,,
266,True,,,Premier League - Russia,,FC Baltika Kaliningrad,Rubin Kazan,Premium,,,,,,,,
266,False,,,Bundesliga - Germany,,Werder Bremen,Augsburg,Match Result,,,2.06,Betfair,,0.5,,
266,True,,,Bundesliga - Germany,,Werder Bremen,Augsburg,Premium,,,,,,,,
266,True,,,Bundesliga - Germany,,Eintracht Frankfurt,Hamburger SV,Premium,,,,,,,,
266,False,,,Bundesliga - Germany,,Eintracht Frankfurt,Hamburger SV,Match Result,,,1.8,Betfair,,0.5,,
266,True,,,Bundesliga - Germany,,Bayern Munich,1. FC Heidenheim,Premium,,,,,,,,
266,False,,,Bundesliga - Germany,,Union Berlin,1. FC Köln,Match Result,,,2.6,Matchbook,,0.9,,
267,True,,,Bundesliga - Germany,,Bayern Munich,1. FC Heidenheim,Premium,,,,,,,,
267,True,,,Frauen-Bundesliga,,VfL Wolfsburg,RB Leipzig,Premium,,,,,,,,
267,True,,,Ligue 1 - France,,Nantes,Marseille,Premium,,,,,,,,
267,True,,,UEFA Champions League Women,,Lyon,Arsenal,Premium,,,,,,,,
267,False,,,Superettan - Sweden,,Sandvikens IF,Norrby IF,Match Result,,,2.15,Betsson,,0.6,,
267,False,,,Allsvenskan - Sweden,,IK Sirius,Kalmar FF,Match Result,,,1.52,Betfair,,0.3,,
267,False,,,Allsvenskan - Sweden,,Degerfors IF,BK Hacken,Match Result,,,2.48,LeoVegas (SE),,0.8,,
267,True,,,Frauen-Bundesliga,,VfL Wolfsburg,RB Leipzig,Premium,,,,,,,,
267,True,,,Superettan - Sweden,,Sandvikens IF,Norrby IF,Premium,,,,,,,,
267,True,,,Allsvenskan - Sweden,,IK Sirius,Kalmar FF,Premium,,,,,,,,
267,False,,,Superettan - Sweden,,Varbergs BoIS,Örebro SK,Match Result,,,2.3,Coolbet,,0.9,,
267,True,,,Superettan - Sweden,,Varbergs BoIS,Örebro SK,Premium,,,,,,,,
268,True,,,Serie A - Italy,,Udinese,Torino,Premium,,,,,,,,
268,False,,,Ligue 1 - France,,Nantes,Marseille,Match Result,,,1.78,Matchbook,,0.4,,
268,True,,,Allsvenskan - Sweden,,Degerfors IF,BK Hacken,Premium,,,,,,,,
268,True,,,3. Liga - Germany,,Schweinfurt,TSV 1860 München,Premium,,,,,,,,
268,True,,,Super League - China,,Yunnan Yukun,Beijing FC,Premium,,,,,,,,
268,True,,,3. Liga - Germany,,1. FC Saarbrücken,Waldhof Mannheim,Premium,,,,,,,,
268,False,,,3. Liga - Germany,,1. FC Saarbrücken,Waldhof Mannheim,Match Result,,,1.8,Betsson,,0.4,,
268,True,,,3. Liga - Germany,,SC Verl,TSV Havelse,Premium,,,,,,,,
268,True,,,3. Liga - Germany,,Alemannia Aachen,Hansa Rostock,Premium,,,,,,,,
269,False,,,3. Liga - Germany,,Schweinfurt,TSV 1860 München,Match Result,,,1.76,LeoVegas,,0.5,,
269,False,,,3. Liga - Germany,,Alemannia Aachen,Hansa Rostock,Match Result,,,2.3,LeoVegas,,0.8,,
269,True,,,3. Liga - Germany,,SC Verl,TSV Havelse,Premium,,,,,,,,
269,False,,,3. Liga - Germany,,Jahn Regensburg,TSG Hoffenheim II,Match Result,,,2.02,Unibet (UK),,0.6,,
269,False,,,3. Liga - Germany,,SC Verl,TSV Havelse,Match Result,,,1.3,Unibet (NL),,0.1,,
269,True,,,La Liga - Spain,,Villarreal,Levante,Premium,,,,,,,,
269,False,,,La Liga - Spain,,Villarreal,Levante,Match Result,,,1.77,BetMGM,,0.5,,
269,False,,,Super League - China,,Zhejiang,Shenzhen Peng City FC,Match Result,,,1.82,Betfair,,0.5,,
270,False,,,Championship,,Portsmouth,Birmingham City,Match Result,,,2.62,Matchbook,,0.9,,
270,True,,,Championship,,Preston North End,Southampton,Premium,,,,,,,,
270,True,,,Championship,,Ipswich Town,Queens Park Rangers,Premium,,,,,,,,
270,False,,,Championship,,Blackburn Rovers,Leicester City,Match Result,,,2.28,LeoVegas (SE),,0.9,,
270,True,,,Championship,,Wrexham AFC,Middlesbrough,Premium,,,,,,,,
270,True,,,Championship,,Blackburn Rovers,Leicester City,Premium,,,,,,,,
270,True,,,Championship,,Sheffield Wednesday,West Bromwich Albion,Premium,,,,,,,,
270,True,,,Championship,,Derby County,Sheffield United,Premium,,,,,,,,
270,True,,,Championship,,Watford,Coventry City,Premium,,,,,,,,
270,False,,,Championship,,Preston North End,Southampton,Match Result,,,2.12,Matchbook,,0.7,,
270,False,,,Championship,,Bristol City,Stoke City,Match Result,,,2.03,Nordic Bet,,0.7,,
271,False,,,Championship,,Derby County,Sheffield United,Match Result,,,1.9,Nordic Bet,,0.6,,
271,False,,,Championship,,Millwall,Oxford United,Match Result,,,1.39,GTbets,,0.2,,
271,True,,,Championship,,Swansea City,Charlton Athletic,Premium,,,,,,,,
271,False,,,Championship,,Sheffield Wednesday,West Bromwich Albion,Match Result,,,1.55,LeoVegas (SE),,0.3,,
271,True,,,Championship,,Portsmouth,Birmingham City,Premium,,,,,,,,
271,False,,,Championship,,Ipswich Town,Queens Park Rangers,Match Result,,,1.33,Matchbook,,0.1,,
271,True,,,Championship,,Ipswich Town,Queens Park Rangers,Premium,,,,,,,,
271,True,,,Championship,,Millwall,Oxford United,Premium,,,,,,,,
271,False,,,Championship,,Watford,Coventry City,Match Result,,,2.06,GTbets,,0.6,,
272,True,,,Bundesliga 2 - Germany,,Dynamo Dresden,1. FC Kaiserslautern,Premium,,,,,,,,
272,True,,,Frauen-Bundesliga,,1. FC Köln,Werder Bremen,Premium,,,,,,,,
272,False,,,Bundesliga 2 - Germany,,Dynamo Dresden,1. FC Kaiserslautern,Match Result,,,1.88,Smarkets,,0.5,,
272,False,,,Bundesliga 2 - Germany,,Holstein Kiel,Eintracht Braunschweig,Match Result,,,2.22,Matchbook,,0.8,,
272,False,,,Premier League - Russia,,FC Dynamo Makhachkala,FK Rostov,Match Result,,,2.88,1xBet,,1.0,,
272,False,,,Frauen-Bundesliga,,1. FC Köln,Werder Bremen,Match Result,,,2.06,LeoVegas,,0.5,,
272,True,,,Bundesliga 2 - Germany,,Holstein Kiel,Eintracht Braunschweig,Premium,,,,,,,,
272,False,,,Superettan - Sweden,,Ljungskile SK,Nordic United FC,Match Result,,,1.82,Nordic Bet,,0.3,,
272,True,,,Bundesliga 2 - Germany,,Arminia Bielefeld,VfL Bochum,Premium,,,,,,,,
273,True,,,Superettan - Sweden,,Ljungskile SK,Nordic United FC,Premium,,,,,,,,
273,True,,,K League 1,,Gwangju FC,Daejeon Citizen,Premium,,,,,,,,
273,False,,,K League 1,,Gwangju FC,Daejeon Citizen,Match Result,,,1.85,LeoVegas,,0.5,,
273,True,,,A-League,,Melbourne Victory,Sydney FC,Premium,,,,,,,,
273,False,,,A-League,,Melbourne Victory,Sydney FC,Match Result,,,2.1,Betfair,,0.5,,
273,False,,,K League 1,,Jeju United FC,Jeonbuk Hyundai Motors,Match Result,,,1.87,Coolbet,,0.5,,
273,True,,,K League 1,,Incheon United,Gangwon FC,Premium,,,,,,,,
273,False,,,K League 1,,Incheon United,Gangwon FC,Match Result,,,2.54,Smarkets,,1.0,,
274,True,,,J League,,Urawa Red Diamonds,JEF United Chiba,Premium,,,,,,,,
274,False,,,J League,,Urawa Red Diamonds,JEF United Chiba,Match Result,,,1.75,William Hill,,0.4,,
274,True,,,J League,,Gamba Osaka,Vissel Kobe,Premium,,,,,,,,
274,False,,,J League,,Gamba Osaka,Vissel Kobe,Match Result,,,2.59,Pinnacle,,1.0,,
274,False,,,K League 1,,FC Seoul,Sangju Sangmu FC,Match Result,,,1.78,1xBet,,0.5,,
274,False,,,J League,,Kyoto Purple Sanga,Shimizu S Pulse,Match Result,,,2.16,BetAnything,,0.7,,
274,False,,,J League,,Yokohama F Marinos,Mito HollyHock,Match Result,,,2.25,BetMGM,,0.8,,
274,True,,,K League 1,,Ulsan Hyundai FC,Pohang Steelers,Premium,,,,,,,,
274,True,,,J League,,Kyoto Purple Sanga,Shimizu S Pulse,Premium,,,,,,,,
274,False,,,J League,,FC Tokyo,Kawasaki Frontale,Match Result,,,1.91,888sport,,0.5,,
274,False,,,K League 1,,Ulsan Hyundai FC,Pohang Steelers,Match Result,,,2.35,LeoVegas,,0.6,,
275,False,,,A-League,,Auckland FC,Melbourne City,Match Result,,,2.28,Betfair,,0.9,,
275,True,,,A-League,,Auckland FC,Melbourne City,Premium,,,,,,,,
275,True,,,J League,,FC Tokyo,Kawasaki Frontale,Premium,,,,,,,,
275,False,,,J League,,Fagiano Okayama,Hiroshima Sanfrecce FC,Match Result,,,1.8,Unibet (UK),,0.5,,
275,True,,,J League,,Fagiano Okayama,Hiroshima Sanfrecce FC,Premium,,,,,,,,
275,True,,,La Liga - Spain,,Girona,Mallorca,Premium,,,,,,,,
275,False,,,La Liga - Spain,,Girona,Mallorca,Match Result,,,2.14,Unibet (SE),,0.5,,
275,False,,,League of Ireland,,Bohemians,Derry City,Match Result,,,1.97,Betfair,,0.5,,
275,True,,,League of Ireland,,Shamrock Rovers,Waterford FC,Premium,,,,,,,,
275,True,,,La Liga 2 - Spain,,Zaragoza,Granada CF,Premium,,,,,,,,
276,False,,,EPL,,Leeds United,Burnley,Match Result,,,1.41,Betfair,,0.2,,
276,True,,,League of Ireland,,Bohemians,Derry City,Premium,,,,,,,,
276,True,,,EPL,,Leeds United,Burnley,Premium,,,,,,,,
276,False,,,Serie A - Italy,,Pisa,Lecce,Match Result,,,2.5,Unibet (SE),,1.1,,
276,False,,,League of Ireland,,Drogheda United,Sligo Rovers,Match Result,,,1.95,Coolbet,,0.6,,
276,True,,,Belgium First Div,,Cercle Brugge KSV,SV Zulte-Waregem,Premium,,,,,,,,
276,False,,,Belgium First Div,,Cercle Brugge KSV,SV Zulte-Waregem,Match Result,,,1.91,BetMGM,,0.5,,
276,True,,,League of Ireland,,Drogheda United,Sligo Rovers,Premium,,,,,,,,
277,True,,,Serie A - Italy,,Pisa,Lecce,Premium,,,,,,,,
277,True,,,League of Ireland,,Dundalk,Shelbourne Dublin,Premium,,,,,,,,
277,False,,,Premiership - Scotland,,Livingston,Aberdeen,Match Result,,,2.48,Smarkets,,1.0,,
277,False,,,League of Ireland,,Galway United,St Patricks Athletic,Match Result,,,1.95,Betfair,,0.6,,
277,True,,,League of Ireland,,Galway United,St Patricks Athletic,Premium,,,,,,,,
277,False,,,Ekstraklasa - Poland,,Legia Warszawa,Widzew Łódź,Match Result,,,2.22,Betfair,,0.6,,
277,True,,,Ekstraklasa - Poland,,Legia Warszawa,Widzew Łódź,Premium,,,,,,,,
277,False,,,Turkey Super League,,Gazişehir Gaziantep,Besiktas JK,Match Result,,,1.91,Betfair,,0.6,,
277,False,,,Denmark Superliga,,Brondby IF,FC Nordsjaelland,Match Result,,,2.28,Betfair,,0.9,,
277,True,,,Denmark Superliga,,Brondby IF,FC Nordsjaelland,Premium,,,,,,,,
278,True,,,Turkey Super League,,Gazişehir Gaziantep,Besiktas JK,Premium,,,,,,,,
278,True,,,La Liga 2 - Spain,,Deportivo La Coruña,Leganés,Premium,,,,,,,,
278,False,,,La Liga 2 - Spain,,Deportivo La Coruña,Leganés,Match Result,,,1.65,Coolbet,,0.4,,
278,False,,,Premier League - Russia,,Lokomotiv Moscow,Dinamo Moscow,Match Result,,,2.21,1xBet,,0.9,,
278,True,,,Premier League - Russia,,Lokomotiv Moscow,Dinamo Moscow,Premium,,,,,,,,
278,True,,,Eliteserien - Norway,,Viking FK,Rosenborg,Premium,,,,,,,,
278,True,,,Eliteserien - Norway,,Viking FK,Rosenborg,Premium,,,,,,,,
278,False,,,Eliteserien - Norway,,Viking FK,Rosenborg,Match Result,,,1.44,Betfair,,0.2,,
278,False,,,Ekstraklasa - Poland,,Korona Kielce,Piast Gliwice,Match Result,,,2.54,Pinnacle,,1.1,,
278,True,,,Ekstraklasa - Poland,,Korona Kielce,Piast Gliwice,Premium,,,,,,,,
278,False,,,La Liga 2 - Spain,,Andorra CF,Albacete,Match Result,,,1.76,Unibet (NL),,0.4,,
278,True,,,La Liga 2 - Spain,,Andorra CF,Albacete,Premium,,,,,,,,
279,True,,,Premier League - Russia,,Kryliya Sovetov,Spartak Moscow,Premium,,,,,,,,
279,False,,,Premier League - Russia,,Kryliya Sovetov,Spartak Moscow,Match Result,,,1.67,1xBet,,0.4,,
279,False,,,Turkey Super League,,Çaykur Rizespor,Torku Konyaspor,Match Result,,,2.3,Coolbet,,0.8,,
279,True,,,Turkey Super League,,Çaykur Rizespor,Torku Konyaspor,Premium,,,,,,,,
279,False,,,Serie B - Italy,,Sampdoria,Südtirol,Match Result,,,2.15,TABtouch,,0.5,,
279,False,,,Serie B - Italy,,Carrarese,Cesena FC,Match Result,,,2.31,Codere (IT),,0.8,,
279,True,,,Serie B - Italy,,Padova,Pescara,Premium,,,,,,,,
279,True,,,Serie B - Italy,,Sampdoria,Südtirol,Premium,,,,,,,,
279,True,,,Serie B - Italy,,Juve Stabia,Frosinone,Premium,,,,,,,,
279,False,,,Serie B - Italy,,Padova,Pescara,Match Result,,,2.58,Betfair,,1.0,,
279,False,,,Frauen-Bundesliga,,Hamburger SV,Union Berlin,Match Result,,,2.25,Pinnacle,,0.6,,
279,False,,,Serie B - Italy,,Modena,Reggiana,Match Result,,,1.7,Matchbook,,0.4,,
280,False,,,Serie B - Italy,,Palermo,US Catanzaro 1929,Match Result,,,1.63,Codere (IT),,0.4,,
280,False,,,Serie B - Italy,,Bari,Virtus Entella,Match Result,,,2.58,Matchbook,,1.1,,
280,True,,,Serie B - Italy,,Carrarese,Cesena FC,Premium,,,,,,,,
280,True,,,Serie B - Italy,,Mantova,Monza,Premium,,,,,,,,
280,True,,,Serie B - Italy,,Modena,Reggiana,Premium,,,,,,,,
280,False,,,Serie B - Italy,,Mantova,Monza,Match Result,,,1.8,Betfair,,0.3,,
280,False,,,Serie B - Italy,,Spezia,Venezia,Match Result,,,1.79,Matchbook,,0.5,,
280,True,,,Frauen-Bundesliga,,Hamburger SV,Union Berlin,Premium,,,,,,,,
280,True,,,Serie B - Italy,,Empoli,Avellino,Premium,,,,,,,,
280,True,,,Serie B - Italy,,Bari,Virtus Entella,Premium,,,,,,,,
280,True,,,Serie B - Italy,,Spezia,Venezia,Premium,,,,,,,,
280,False,,,Serie B - Italy,,Empoli,Avellino,Match Result,,,2.3,Matchbook,,0.9,,
281,False,,,Serie B - Italy,,Juve Stabia,Frosinone,Match Result,,,2.2,LeoVegas (SE),,0.7,,
281,False,,,Super League - China,,Shanghai Shenhua FC,Chengdu Rongcheng FC,Match Result,,,2.16,Matchbook,,0.7,,
281,True,,,Super League - China,,Shanghai Shenhua FC,Chengdu Rongcheng FC,Premium,,,,,,,,
281,False,,,Super League - China,,Tianjin Jinmen Tiger FC,Wuhan Three Towns,Match Result,,,2.16,Betfair,,0.7,,
281,False,,,Super League - China,,Shandong Luneng Taishan FC,Qingdao West Coast FC,Match Result,,,1.54,Betfair,,0.3,,
281,True,,,Super League - China,,Shandong Luneng Taishan FC,Qingdao West Coast FC,Premium,,,,,,,,
281,True,,,Super League - China,,Tianjin Jinmen Tiger FC,Wuhan Three Towns,Premium,,,,,,,,
281,False,,,Super League - China,,Henan FC,Liaoning Tieren FC,Match Result,,,2.04,Betfair,,0.7,,
281,True,,,Super League - China,,Dalian Yingbo,Chongqing Tonglianglong FC,Premium,,,,,,,,
281,True,,,Super League - China,,Henan FC,Liaoning Tieren FC,Premium,,,,,,,,
281,False,,,Super League - China,,Dalian Yingbo,Chongqing Tonglianglong FC,Match Result,,,2.16,Matchbook,,0.7,,
282,True,,,Copa Sudamericana,,Alianza Atlético,Macará,Premium,,,,,,,,
282,False,,,Copa Sudamericana,,Alianza Atlético,Macará,Match Result,,,2.44,Betfair,,1.0,,
282,False,,,Copa Libertadores,,Independiente Medellín,Cusco FC,Match Result,,,1.38,Betfair,,0.2,,
282,True,,,Copa Libertadores,,Independiente Medellín,Cusco FC,Premium,,,,,,,,
282,True,,,Copa Libertadores,,Independiente Medellín,Cusco FC,Premium,,,,,,,,
282,False,,,Copa Sudamericana,,Bragantino-SP,River Plate,Match Result,,,2.84,Matchbook,,1.0,,
282,True,,,Copa Sudamericana,,Bragantino-SP,River Plate,Premium,,,,,,,,
282,True,,,Copa Sudamericana,,CA Tigre BA,América de Cali,Premium,,,,,,,,
282,True,,,Copa Libertadores,,Corinthians-SP,Peñarol Montevideo,Premium,,,,,,,,
282,False,,,Copa Libertadores,,Corinthians-SP,Peñarol Montevideo,Match Result,,,1.64,Bovada,,0.2,,
282,False,,,Copa Sudamericana,,CA Tigre BA,América de Cali,Match Result,,,1.96,Matchbook,,0.6,,
282,False,,,Copa Libertadores,,Independiente Rivadavia,Deportivo La Guaira,Match Result,,,1.38,theScore Bet,,0.1,,
283,True,,,Copa Libertadores,,Independiente Rivadavia,Deportivo La Guaira,Premium,,,,,,,,
283,True,,,Copa Sudamericana,,Vasco da Gama,Olimpia Asunción,Premium,,,,,,,,
283,True,,,Copa Sudamericana,,Carabobo FC,Blooming,Premium,,,,,,,,
283,False,,,Copa Sudamericana,,Vasco da Gama,Olimpia Asunción,Match Result,,,1.9,Betfair,,0.6,,
283,False,,,Copa Libertadores,,Club Bolívar,Fluminense-RJ,Match Result,,,2.06,Betfair,,0.6,,
283,True,,,Copa Libertadores,,Club Bolívar,Fluminense-RJ,Premium,,,,,,,,
283,True,,,Copa Libertadores,,Independiente Rivadavia,Deportivo La Guaira,Premium,,,,,,,,
283,False,,,UEFA Europa Conference League,,Shakhtar Donetsk,Crystal Palace,Match Result,,,2.06,Betfair,,0.6,,
283,False,,,UEFA Europa League,,SC Braga,SC Freiburg,Match Result,,,2.55,Caesars,,1.0,,
283,False,,,UEFA Europa League,,Nottingham Forest,Aston Villa,Match Result,,,2.64,Matchbook,,1.2,,
283,True,,,UEFA Europa Conference League,,Shakhtar Donetsk,Crystal Palace,Premium,,,,,,,,
284,True,,,UEFA Europa Conference League,,Rayo Vallecano,Strasbourg,Premium,,,,,,,,
284,True,,,UEFA Europa League,,Nottingham Forest,Aston Villa,Premium,,,,,,,,
284,True,,,Saudi Pro League,,Al-Kholood,Al-Fayha,Premium,,,,,,,,
284,False,,,Saudi Pro League,,Al-Kholood,Al-Fayha,Match Result,,,2.65,Pinnacle,,1.1,,
284,True,,,Eliteserien - Norway,,Bodø/Glimt,IK Start,Premium,,,,,,,,
284,False,,,Saudi Pro League,,Al-Okhdood,Al-Ettifaq,Match Result,,,1.85,Betfair,,0.6,,
284,True,,,Saudi Pro League,,Al-Okhdood,Al-Ettifaq,Premium,,,,,,,,
284,True,,,Copa Libertadores,,Club Universitario de Deportes,Nacional de Montevideo,Premium,,,,,,,,
284,False,,,Copa Libertadores,,Club Universitario de Deportes,Nacional de Montevideo,Match Result,,,2.45,GTbets,,0.8,,
284,False,,,Copa Sudamericana,,Club Cienciano,Clube Atlético Mineiro,Match Result,,,1.86,Matchbook,,0.5,,
285,True,,,Copa Libertadores,,Estudiantes La Plata,Flamengo-RJ,Premium,,,,,,,,
285,False,,,Copa Libertadores,,Cerro Porteño,Palmeiras-SP,Match Result,,,2.0,theScore Bet,,0.6,,
285,True,,,Copa Sudamericana,,Club Cienciano,Clube Atlético Mineiro,Premium,,,,,,,,
285,False,,,Copa Libertadores,,Estudiantes La Plata,Flamengo-RJ,Match Result,,,2.44,GTbets,,0.9,,
285,True,,,Copa Libertadores,,Cerro Porteño,Palmeiras-SP,Premium,,,,,,,,
285,True,,,Copa Sudamericana,,Palestino,Grêmio,Premium,,,,,,,,
285,True,,,Copa Libertadores,,Barcelona SC,Universidad Católica (CHI),Premium,,,,,,,,
285,False,,,Copa Libertadores,,Barcelona SC,Universidad Católica (CHI),Match Result,,,2.15,theScore Bet,,0.7,,
285,False,,,Copa Libertadores,,Mirassol,Club Always Ready,Match Result,,,1.3,GTbets,,0.1,,
285,True,,,Copa Sudamericana,,Deportivo Pereira,Montevideo City Torque,Premium,,,,,,,,
285,True,,,Copa Libertadores,,Mirassol,Club Always Ready,Premium,,,,,,,,
286,True,,,Copa Sudamericana,,CA Juventud,Puerto Cabello,Premium,,,,,,,,
286,False,,,Copa Sudamericana,,Caracas FC,Racing Club,Match Result,,,1.8,Coolbet,,0.5,,
286,False,,,Copa Libertadores,,Platense,Independiente Santa Fe,Match Result,,,1.88,Unibet,,0.5,,
286,False,,,Copa Sudamericana,,Deportivo Pereira,Montevideo City Torque,Match Result,,,2.23,Casumo,,0.8,,
286,True,,,Copa Libertadores,,Mirassol,Club Always Ready,Premium,,,,,,,,
286,True,,,Primeira Liga - Portugal,,Sporting Lisbon,Tondela,Premium,,,,,,,,
286,True,,,UEFA Champions League,,Atlético Madrid,Arsenal,Premium,,,,,,,,
286,False,,,UEFA Champions League,,Atlético Madrid,Arsenal,Match Result,,,2.63,Unibet (NL),,1.2,,
286,True,,,Saudi Pro League,,Al-Nassr,Al-Ahli,Premium,,,,,,,,
287,True,,,Eliteserien - Norway,,Tromso,SK Brann,Premium,,,,,,,,
287,False,,,Eliteserien - Norway,,Tromso,SK Brann,Match Result,,,2.0,1xBet,,0.6,,
287,True,,,Saudi Pro League,,Al-Taawoun,Al-Ittihad,Premium,,,,,,,,
287,False,,,Saudi Pro League,,Al-Taawoun,Al-Ittihad,Match Result,,,2.22,Betfair,,0.7,,
287,True,,,Saudi Pro League,,Al-Riyadh,Al-Qadsiah,Premium,,,,,,,,
287,False,,,Saudi Pro League,,Al-Riyadh,Al-Qadsiah,Match Result,,,1.48,Coral,,0.2,,
287,False,,,Frauen-Bundesliga,,Werder Bremen,Bayern Munich,Match Result,,,1.32,Virgin Bet,,0.1,,
287,True,,,Frauen-Bundesliga,,Werder Bremen,Bayern Munich,Premium,,,,,,,,
287,True,,,Frauen-Bundesliga,,Werder Bremen,Bayern Munich,Premium,,,,,,,,
287,False,,,Veikkausliiga - Finland,,FC Inter Turku,HJK Helsinki,Match Result,,,2.5,Betfair,,0.8,,
287,True,,,Veikkausliiga - Finland,,FC Inter Turku,HJK Helsinki,Premium,,,,,,,,
288,False,,,J League,,Mito HollyHock,FC Machida Zelvia,Match Result,,,2.1,Pinnacle,,0.6,,
288,True,,,J League,,Mito HollyHock,FC Machida Zelvia,Premium,,,,,,,,
288,False,,,J League,,Kashiwa Reysol,FC Tokyo,Match Result,,,2.36,Pinnacle,,0.9,,
288,True,,,J League,,Kashiwa Reysol,FC Tokyo,Premium,,,,,,,,
288,False,,,J League,,Urawa Red Diamonds,Kawasaki Frontale,Match Result,,,2.28,Pinnacle,,0.6,,
288,True,,,J League,,Kyoto Purple Sanga,Gamba Osaka,Premium,,,,,,,,
288,True,,,J League,,Urawa Red Diamonds,Kawasaki Frontale,Premium,,,,,,,,
288,False,,,J League,,Nagoya Grampus,Fagiano Okayama,Match Result,,,2.0,BetMGM,,0.6,,
288,True,,,J League,,Nagoya Grampus,Fagiano Okayama,Premium,,,,,,,,
288,False,,,J League,,Kyoto Purple Sanga,Gamba Osaka,Match Result,,,2.41,Pinnacle,,0.7,,
288,False,,,J League,,JEF United Chiba,Yokohama F Marinos,Match Result,,,2.4,DraftKings,,1.0,,
288,False,,,J League,,Avispa Fukuoka,Hiroshima Sanfrecce FC,Match Result,,,1.78,Unibet (UK),,0.4,,
289,False,,,J League,,Vissel Kobe,Cerezo Osaka,Match Result,,,1.82,Unibet (UK),,0.3,,
289,True,,,J League,,JEF United Chiba,Yokohama F Marinos,Premium,,,,,,,,
289,True,,,J League,,Vissel Kobe,Cerezo Osaka,Premium,,,,,,,,
289,False,,,J League,,Tokyo Verdy,Kashima Antlers,Match Result,,,1.83,Betway,,0.4,,
289,False,,,J League,,Shimizu S Pulse,V-Varen Nagasaki,Match Result,,,2.2,Unibet (UK),,0.8,,
289,True,,,J League,,Shimizu S Pulse,V-Varen Nagasaki,Premium,,,,,,,,
289,True,,,J League,,Tokyo Verdy,Kashima Antlers,Premium,,,,,,,,
289,False,,,Copa Libertadores,,Sporting Cristal,Junior FC,Match Result,,,2.52,Betfair,,0.8,,
289,True,,,Copa Libertadores,,Sporting Cristal,Junior FC,Premium,,,,,,,,
289,True,,,Copa Sudamericana,,O'Higgins,CA Boston River,Premium,,,,,,,,
289,False,,,Copa Sudamericana,,O'Higgins,CA Boston River,Match Result,,,1.66,Coolbet,,0.4,,
290,True,,,Copa Libertadores,,Deportes Tolima,Coquimbo Unido,Premium,,,,,,,,
290,True,,,Copa Sudamericana,,Recoleta FC,C.D. Cuenca,Premium,,,,,,,,
290,True,,,Copa Sudamericana,,Millonarios,Sao Paulo,Premium,,,,,,,,
290,False,,,Copa Libertadores,,Cruzeiro,Boca Juniors,Match Result,,,2.45,Coolbet,,0.9,,
290,False,,,Copa Sudamericana,,Millonarios,Sao Paulo,Match Result,,,2.06,Matchbook,,0.5,,
290,True,,,Copa Libertadores,,Cruzeiro,Boca Juniors,Premium,,,,,,,,
290,False,,,Copa Sudamericana,,Recoleta FC,C.D. Cuenca,Match Result,,,2.75,Coolbet,,1.1,,
290,False,,,Copa Sudamericana,,Barracas Central,Audax Italiano,Match Result,,,1.97,Betfair,,0.6,,
290,True,,,Copa Libertadores,,UCV FC,Rosario Central,Premium,,,,,,,,
290,False,,,Copa Libertadores,,UCV FC,Rosario Central,Match Result,,,1.66,Bovada,,0.4,,
290,True,,,Copa Sudamericana,,Barracas Central,Audax Italiano,Premium,,,,,,,,
291,True,,,Copa Libertadores,,Libertad Asuncion,Independiente del Valle,Premium,,,,,,,,
291,True,,,Copa Sudamericana,,San Lorenzo,Santos,Premium,,,,,,,,
291,False,,,Copa Libertadores,,Lanus,LDU Quito,Match Result,,,1.7,Bovada,,0.3,,
291,False,,,Copa Libertadores,,Libertad Asuncion,Independiente del Valle,Match Result,,,2.75,Coolbet,,1.0,,
291,True,,,Copa Sudamericana,,Botafogo,Club Independiente Petrolero,Premium,,,,,,,,
291,False,,,Copa Sudamericana,,San Lorenzo,Santos,Match Result,,,2.38,Unibet (UK),,1.0,,
291,True,,,Copa Libertadores,,Lanus,LDU Quito,Premium,,,,,,,,
291,True,,,UEFA Champions League,,Paris Saint Germain,Bayern Munich,Premium,,,,,,,,
291,False,,,UEFA Champions League,,Paris Saint Germain,Bayern Munich,Match Result,,,2.4,Unibet (NL),,1.0,,
291,True,,,League 1,,Stockport County FC,Port Vale,Premium,,,,,,,,
291,False,,,Championship,,Southampton,Ipswich Town,Match Result,,,2.3,Matchbook,,0.9,,
291,True,,,League 1,,Northampton Town,Barnsley,Premium,,,,,,,,
292,False,,,League 1,,Peterborough United,Mansfield Town,Match Result,,,2.6,Matchbook,,1.1,,
292,True,,,League 1,,Peterborough United,Mansfield Town,Premium,,,,,,,,
292,False,,,League 1,,Stockport County FC,Port Vale,Match Result,,,1.44,Coral,,0.2,,
292,True,,,Championship,,Southampton,Ipswich Town,Premium,,,,,,,,
292,True,,,Saudi Pro League,,Al-Hilal,Damac,Premium,,,,,,,,
292,False,,,Saudi Pro League,,Al-Khaleej,Al-Najma,Match Result,,,1.52,Betfair,,0.2,,
292,True,,,Saudi Pro League,,Al-Khaleej,Al-Najma,Premium,,,,,,,,
292,True,,,Superettan - Sweden,,IFK Norrkoping,Landskrona BoIS,Premium,,,,,,,,
292,False,,,Superettan - Sweden,,IFK Norrkoping,Landskrona BoIS,Match Result,,,1.68,Betfair,,0.4,,
292,True,,,Saudi Pro League,,Neom,Al-Hazem,Premium,,,,,,,,
293,False,,,Saudi Pro League,,Neom,Al-Hazem,Match Result,,,1.67,Ladbrokes,,0.4,,
293,True,,,Saudi Pro League,,Al-Shabab,Al-Fateh,Premium,,,,,,,,
293,False,,,Saudi Pro League,,Al-Shabab,Al-Fateh,Match Result,,,1.82,Unibet (SE),,0.5,,
293,True,,,Primera División - Argentina,,Atlético Huracán,Argentinos Juniors,Premium,,,,,,,,
293,False,,,Primera División - Argentina,,Atlético Huracán,Argentinos Juniors,Match Result,,,2.82,Matchbook,,1.0,,
293,True,,,Brazil Série B,,Athletic Club (MG),Nautico PE,Premium,,,,,,,,
293,False,,,Brazil Série B,,Athletic Club (MG),Nautico PE,Match Result,,,2.72,Betfair,,1.0,,
293,True,,,Primera División - Argentina,,Velez Sarsfield BA,Union Santa Fe,Premium,,,,,,,,
293,False,,,Primera División - Argentina,,Velez Sarsfield BA,Union Santa Fe,Match Result,,,2.28,Betfair,,0.9,,
293,True,,,Primeira Liga - Portugal,,Gil Vicente,Casa Pia,Premium,,,,,,,,
293,False,,,Primeira Liga - Portugal,,Gil Vicente,Casa Pia,Match Result,,,1.66,Betfair,,0.4,,
293,False,,,La Liga - Spain,,Espanyol,Levante,Match Result,,,2.16,Matchbook,,0.7,,
294,False,,,EPL,,Manchester United,Brentford,Match Result,,,1.95,Betfair,,0.6,,
294,True,,,La Liga - Spain,,Espanyol,Levante,Premium,,,,,,,,
294,False,,,Serie A - Italy,,Lazio,Udinese,Match Result,,,2.12,Matchbook,,0.7,,
294,True,,,Ligue 2 - France,,Boulogne,USL Dunkerque,Premium,,,,,,,,
294,False,,,Ligue 2 - France,,Boulogne,USL Dunkerque,Match Result,,,2.66,Betfair,,0.9,,
294,True,,,Serie A - Italy,,Lazio,Udinese,Premium,,,,,,,,
294,True,,,La Liga 2 - Spain,,Cádiz CF,Las Palmas,Premium,,,,,,,,
294,False,,,La Liga 2 - Spain,,Cádiz CF,Las Palmas,Match Result,,,2.18,Betfair,,0.9,,
294,True,,,Turkey Super League,,Besiktas JK,Fatih Karagümrük,Premium,,,,,,,,
294,True,,,Allsvenskan - Sweden,,Mjällby AIF,Halmstads BK,Premium,,,,,,,,
294,False,,,Allsvenskan - Sweden,,Örgryte IS,Degerfors IF,Match Result,,,2.25,Coolbet,,0.8,,
295,True,,,Allsvenskan - Sweden,,BK Hacken,IK Sirius,Premium,,,,,,,,
295,False,,,Allsvenskan - Sweden,,BK Hacken,IK Sirius,Match Result,,,2.51,GTbets,,0.8,,
295,True,,,Ekstraklasa - Poland,,Piast Gliwice,Arka Gdynia,Premium,,,,,,,,
295,False,,,Denmark Superliga,,FC Copenhagen,Vejle Boldklub,Match Result,,,1.28,GTbets,,0.1,,
295,True,,,Turkey Super League,,Besiktas JK,Fatih Karagümrük,Premium,,,,,,,,
295,False,,,Allsvenskan - Sweden,,Mjällby AIF,Halmstads BK,Match Result,,,1.48,Matchbook,,0.2,,
295,False,,,Allsvenskan - Sweden,,Kalmar FF,IF Elfsborg,Match Result,,,2.72,GTbets,,1.0,,
295,True,,,Allsvenskan - Sweden,,Kalmar FF,IF Elfsborg,Premium,,,,,,,,
295,True,,,Allsvenskan - Sweden,,Örgryte IS,Degerfors IF,Premium,,,,,,,,
295,False,,,Turkey Super League,,Torku Konyaspor,Trabzonspor,Match Result,,,2.33,1xBet,,0.8,,
295,False,,,Allsvenskan - Sweden,,AIK,Malmo FF,Match Result,,,2.58,Coolbet,,1.0,,
296,True,,,Premier League - Russia,,FC Baltika Kaliningrad,FC Akron Tolyatti,Premium,,,,,,,,
296,False,,,Ekstraklasa - Poland,,Piast Gliwice,Arka Gdynia,Match Result,,,1.93,Betfair,,0.5,,
296,False,,,Serie A - Italy,,Cagliari,Atalanta BC,Match Result,,,1.84,Betfair,,0.5,,
296,True,,,Serie A - Italy,,Cagliari,Atalanta BC,Premium,,,,,,,,
296,False,,,Frauen-Bundesliga,,TSG Hoffenheim,1. FC Köln,Match Result,,,1.82,Pinnacle,,0.4,,
296,True,,,Frauen-Bundesliga,,TSG Hoffenheim,1. FC Köln,Premium,,,,,,,,
296,False,,,Turkey Super League,,Alanyaspor,Samsunspor,Match Result,,,2.44,Smarkets,,0.8,,
297,True,,,Liga MX,,Cruz Azul,Necaxa,Premium,,,,,,,,
297,True,,,Liga MX,,Cruz Azul,Necaxa,Premium,,,,,,,,
297,False,,,Liga MX,,Cruz Azul,Necaxa,Match Result,,,1.44,GTbets,,0.2,,
297,True,,,Brazil Série A,,Fluminense,Chapecoense,Premium,,,,,,,,
297,False,,,Brazil Série A,,Fluminense,Chapecoense,Match Result,,,1.33,Coral,,0.1,,
297,False,,,Brazil Série B,,Criciuma,Clube de Regatas Brasil,Match Result,,,2.04,Unibet (SE),,0.6,,
297,True,,,Brazil Série A,,Atletico Mineiro,Flamengo,Premium,,,,,,,,
297,True,,,Brazil Série B,,Atletico Goianiense,Avai,Premium,,,,,,,,
297,False,,,Brazil Série A,,Atletico Mineiro,Flamengo,Match Result,,,2.14,Betfair,,0.5,,
297,True,,,Brazil Série A,,Fluminense,Chapecoense,Premium,,,,,,,,
297,False,,,Brazil Série B,,Atletico Goianiense,Avai,Match Result,,,1.97,Betfair,,0.7,,
298,True,,,Brazil Série B,,Criciuma,Clube de Regatas Brasil,Premium,,,,,,,,
298,True,,,Primera División - Argentina,,Atlético Tucuman,Banfield,Premium,,,,,,,,
298,False,,,Primera División - Argentina,,Atlético Tucuman,Banfield,Match Result,,,2.18,Matchbook,,0.7,,
298,True,,,Liga MX,,Santos Laguna,Monterrey,Premium,,,,,,,,
298,False,,,Liga MX,,Santos Laguna,Monterrey,Match Result,,,2.02,Matchbook,,0.4,,
298,False,,,MLS,,LA Galaxy,Real Salt Lake,Match Result,,,2.38,Betway,,0.9,,
298,True,,,MLS,,LA Galaxy,Real Salt Lake,Premium,,,,,,,,
298,True,,,Brazil Série A,,Bragantino-SP,Palmeiras,Premium,,,,,,,,
298,True,,,Primera División - Chile,,Everton de Viña del Mar,Cobresal,Premium,,,,,,,,
298,False,,,Primera División - Chile,,Everton de Viña del Mar,Cobresal,Match Result,,,1.87,BetRivers,,0.6,,
298,False,,,Brazil Série A,,Atletico Paranaense,Vitoria,Match Result,,,1.7,Matchbook,,0.4,,
298,False,,,Brazil Série A,,Bragantino-SP,Palmeiras,Match Result,,,2.5,Matchbook,,1.1,,
299,False,,,Brazil Série B,,Ceará,Vila Nova,Match Result,,,1.71,Betfair,,0.4,,
299,False,,,Brazil Série B,,Operario PR,Fortaleza,Match Result,,,2.62,Matchbook,,1.0,,
299,True,,,Brazil Série B,,Operario PR,Fortaleza,Premium,,,,,,,,
299,True,,,Brazil Série B,,Ceará,Vila Nova,Premium,,,,,,,,
299,False,,,Primera División - Argentina,,Newells Old Boys,Instituto de Córdoba,Match Result,,,2.72,Pinnacle,,1.0,,
299,True,,,Primera División - Argentina,,Newells Old Boys,Instituto de Córdoba,Premium,,,,,,,,
299,True,,,Primera División - Argentina,,Belgrano de Cordoba,Gimnasia La Plata,Premium,,,,,,,,
299,False,,,Primera División - Argentina,,Belgrano de Cordoba,Gimnasia La Plata,Match Result,,,1.84,Betfair,,0.5,,
299,True,,,Primeira Liga - Portugal,,AVS Futebol SAD,Sporting Lisbon,Premium,,,,,,,,
299,True,,,Brazil Série A,,Corinthians,Vasco da Gama,Premium,,,,,,,,
299,True,,,Primera División - Chile,,Universidad de Concepción,Colo Colo,Premium,,,,,,,,
300,True,,,Brazil Série B,,São Bernardo,Goiás,Premium,,,,,,,,
300,True,,,La Liga 2 - Spain,,AD Ceuta FC,Real Racing Club de Santander,Premium,,,,,,,,
300,False,,,Brazil Série A,,Grêmio,Coritiba,Match Result,,,2.02,Betfair,,0.7,,
300,False,,,Brazil Série B,,São Bernardo,Goiás,Match Result,,,2.7,Betfair,,0.9,,
300,True,,,La Liga - Spain,,Villarreal,Celta Vigo,Premium,,,,,,,,
300,False,,,La Liga 2 - Spain,,AD Ceuta FC,Real Racing Club de Santander,Match Result,,,2.12,Matchbook,,0.8,,
300,False,,,Primera División - Chile,,Universidad de Concepción,Colo Colo,Match Result,,,1.88,Unibet (UK),,0.5,,
300,False,,,La Liga - Spain,,Villarreal,Celta Vigo,Match Result,,,2.06,Matchbook,,0.8,,
300,False,,,Serie A - Italy,,AC Milan,Juventus,Match Result,,,2.66,Matchbook,,0.9,,
300,True,,,Ligue 1 - France,,Marseille,Nice,Premium,,,,,,,,
301,False,,,Ligue 1 - France,,Marseille,Nice,Match Result,,,1.54,Matchbook,,0.3,,
301,True,,,Serie A - Italy,,AC Milan,Juventus,Premium,,,,,,,,
301,False,,,Denmark Superliga,,AGF Aarhus,FC Midtjylland,Match Result,,,2.52,Betfair,,0.8,,
301,False,,,Primera División - Argentina,,Independiente Rivadavia,Gimnasia Mendoza,Match Result,,,1.83,LowVig.ag,,0.5,,
301,True,,,Primera División - Argentina,,Independiente Rivadavia,Gimnasia Mendoza,Premium,,,,,,,,
301,True,,,Denmark Superliga,,AGF Aarhus,FC Midtjylland,Premium,,,,,,,,
301,False,,,3. Liga - Germany,,TSV Havelse,VfB Stuttgart II,Match Result,,,1.95,LowVig.ag,,0.5,,
301,True,,,3. Liga - Germany,,TSV Havelse,VfB Stuttgart II,Premium,,,,,,,,
301,True,,,Eliteserien - Norway,,Lillestrom,Bodø/Glimt,Premium,,,,,,,,
301,True,,,Belgium First Div,,SV Zulte-Waregem,RAAL La Louvière,Premium,,,,,,,,
301,False,,,Belgium First Div,,SV Zulte-Waregem,RAAL La Louvière,Match Result,,,2.06,Unibet (NL),,0.7,,
301,False,,,Eliteserien - Norway,,Lillestrom,Bodø/Glimt,Match Result,,,2.16,Betfair,,0.7,,
302,False,,,Primeira Liga - Portugal,,Santa Clara,Braga,Match Result,,,2.34,Smarkets,,0.9,,
302,False,,,Turkey Super League,,Galatasaray,Fenerbahce,Match Result,,,2.38,1xBet,,0.7,,
302,True,,,Primeira Liga - Portugal,,Santa Clara,Braga,Premium,,,,,,,,
302,True,,,Super League - Greece,,AEL,Panserraikos FC,Premium,,,,,,,,
302,False,,,Super League - Greece,,AEL,Panserraikos FC,Match Result,,,1.98,Unibet,,0.6,,
302,True,,,Primeira Liga - Portugal,,CF Estrela,FC Porto,Premium,,,,,,,,
302,True,,,Turkey Super League,,Galatasaray,Fenerbahce,Premium,,,,,,,,
302,False,,,Primeira Liga - Portugal,,CF Estrela,FC Porto,Match Result,,,1.36,Betfair,,0.2,,
302,True,,,Primeira Liga - Portugal,,CF Estrela,FC Porto,Premium,,,,,,,,
302,True,,,Primera División - Chile,,La Serena,Huachipato,Premium,,,,,,,,
302,False,,,La Liga - Spain,,CA Osasuna,Sevilla,Match Result,,,2.14,Matchbook,,0.7,,
302,True,,,La Liga - Spain,,CA Osasuna,Sevilla,Premium,,,,,,,,
303,False,,,La Liga 2 - Spain,,SD Huesca,Zaragoza,Match Result,,,2.72,Matchbook,,0.9,,
303,True,,,Belgium First Div,,Anderlecht,Union Saint-Gilloise,Premium,,,,,,,,
303,True,,,Premier League - Russia,,Zenit St Petersburg,FC Akhmat Grozny,Premium,,,,,,,,
303,True,,,La Liga 2 - Spain,,Leganés,Andorra CF,Premium,,,,,,,,
303,False,,,La Liga 2 - Spain,,Leganés,Andorra CF,Match Result,,,2.64,Smarkets,,1.0,,
303,True,,,Premier League - Russia,,Zenit St Petersburg,FC Akhmat Grozny,Premium,,,,,,,,
303,False,,,Premier League - Russia,,Zenit St Petersburg,FC Akhmat Grozny,Match Result,,,1.32,1xBet,,0.1,,
303,False,,,Denmark Superliga,,Viborg FF,FC Nordsjaelland,Match Result,,,2.4,GTbets,,0.9,,
303,True,,,Denmark Superliga,,Viborg FF,FC Nordsjaelland,Premium,,,,,,,,
304,True,,,Serie A - Italy,,Torino,Inter Milan,Premium,,,,,,,,
304,False,,,Premiership - Scotland,,Hibernian,Hearts,Match Result,,,2.52,Smarkets,,1.1,,
304,False,,,Ekstraklasa - Poland,,Lech Poznań,Legia Warszawa,Match Result,,,2.0,Coolbet,,0.6,,
304,True,,,Ekstraklasa - Poland,,Lech Poznań,Legia Warszawa,Premium,,,,,,,,
304,False,,,Bundesliga - Germany,,Borussia Dortmund,SC Freiburg,Match Result,,,1.4,Matchbook,,0.1,,
304,True,,,Bundesliga - Germany,,Borussia Dortmund,SC Freiburg,Premium,,,,,,,,
304,True,,,Bundesliga - Germany,,Borussia Dortmund,SC Freiburg,Premium,,,,,,,,
304,True,,,Premiership - Scotland,,Hibernian,Hearts,Premium,,,,,,,,
304,True,,,Ligue 1 - France,,Le Havre,Metz,Premium,,,,,,,,
304,False,,,Ligue 1 - France,,Rennes,Nantes,Match Result,,,1.47,GTbets,,0.2,,
304,True,,,Ligue 1 - France,,Rennes,Nantes,Premium,,,,,,,,
305,True,,,Ligue 1 - France,,Paris FC,Lille,Premium,,,,,,,,
305,False,,,Eliteserien - Norway,,KFUM,Sarpsborg FK,Match Result,,,2.38,Nordic Bet,,1.0,,
305,False,,,Austrian Football Bundesliga,,Sturm Graz,Austria Wien,Match Result,,,2.25,BetMGM,,0.8,,
305,False,,,Eliteserien - Norway,,HamKam,IK Start,Match Result,,,2.05,PointsBet (AU),,0.5,,
305,True,,,Austrian Football Bundesliga,,Sturm Graz,Austria Wien,Premium,,,,,,,,
305,True,,,Super League - Greece,,Atromitos Athens,Asteras Tripolis,Premium,,,,,,,,
305,True,,,Eliteserien - Norway,,KFUM,Sarpsborg FK,Premium,,,,,,,,
305,False,,,Eliteserien - Norway,,Aalesund,Kristiansund BK,Match Result,,,2.07,Coolbet,,0.7,,
305,False,,,Eliteserien - Norway,,Tromso,Sandefjord,Match Result,,,1.6,TABtouch,,0.3,,
305,True,,,Eliteserien - Norway,,Tromso,Sandefjord,Premium,,,,,,,,
306,True,,,Allsvenskan - Sweden,,IF Brommapojkarna,Västerås SK,Premium,,,,,,,,
306,True,,,Swiss Superleague,,Servette,FC Winterthur,Premium,,,,,,,,
306,False,,,Swiss Superleague,,BSC Young Boys,FC St Gallen,Match Result,,,2.25,Coolbet,,0.8,,
306,True,,,Swiss Superleague,,Servette,FC Winterthur,Premium,,,,,,,,
306,False,,,UEFA Champions League Women,,Arsenal,Lyon,Match Result,,,2.45,Pinnacle,,0.8,,
306,False,,,Swiss Superleague,,Servette,FC Winterthur,Match Result,,,1.4,BetMGM,,0.2,,
306,False,,,Allsvenskan - Sweden,,IF Brommapojkarna,Västerås SK,Match Result,,,2.45,Unibet (SE),,1.0,,
306,False,,,Primeira Liga - Portugal,,Estoril,Famalicão,Match Result,,,2.25,Unibet (UK),,0.8,,
306,False,,,3. Liga - Germany,,Rot-Weiss Essen,1. FC Saarbrücken,Match Result,,,1.81,LeoVegas,,0.5,,
307,True,,,Primeira Liga - Portugal,,Estoril,Famalicão,Premium,,,,,,,,
307,True,,,La Liga - Spain,,Oviedo,Elche CF,Premium,,,,,,,,
307,False,,,La Liga - Spain,,Oviedo,Elche CF,Match Result,,,2.4,Betfair,,1.0,,
307,False,,,La Liga 2 - Spain,,Granada CF,Almería,Match Result,,,2.5,Matchbook,,0.8,,
307,True,,,La Liga 2 - Spain,,Granada CF,Almería,Premium,,,,,,,,
307,True,,,La Liga 2 - Spain,,CD Mirandés,Cultural Leonesa,Premium,,,,,,,,
307,False,,,La Liga 2 - Spain,,CD Mirandés,Cultural Leonesa,Match Result,,,2.28,Unibet (NL),,0.9,,
308,True,,,Denmark Superliga,,SonderjyskE,Brondby IF,Premium,,,,,,,,
308,False,,,Belgium First Div,,KV Mechelen,Sint Truiden,Match Result,,,2.2,Betfair,,0.8,,
308,False,,,Premiership - Scotland,,Rangers,Motherwell,Match Result,,,1.55,Coral,,0.3,,
308,False,,,Premier League - Russia,,Dinamo Moscow,FK Sochi,Match Result,,,1.45,1xBet,,0.2,,
308,True,,,Frauen-Bundesliga,,Bayer Leverkusen,SC Freiburg,Premium,,,,,,,,
308,False,,,Premier League - Russia,,FC Krasnodar,FC Dynamo Makhachkala,Match Result,,,1.4,1xBet,,0.2,,
308,True,,,Premiership - Scotland,,Rangers,Motherwell,Premium,,,,,,,,
308,False,,,FA Cup,,Chelsea,Leeds United,Match Result,,,2.2,Betfair,,0.8,,
308,True,,,FA Cup,,Chelsea,Leeds United,Premium,,,,,,,,
308,True,,,Belgium First Div,,KV Mechelen,Sint Truiden,Premium,,,,,,,,
308,True,,,Premier League - Russia,,FC Krasnodar,FC Dynamo Makhachkala,Premium,,,,,,,,
308,False,,,Denmark Superliga,,SonderjyskE,Brondby IF,Match Result,,,2.05,Betway,,0.7,,
309,True,,,Bundesliga - Germany,,VfB Stuttgart,Werder Bremen,Premium,,,,,,,,
309,False,,,Bundesliga - Germany,,VfB Stuttgart,Werder Bremen,Match Result,,,1.6,1xBet,,0.3,,
309,False,,,Super League - Greece,,AE Kifisia FC,Panetolikos Agrinio,Match Result,,,2.09,BetOnline.ag,,0.7,,
309,True,,,Superettan - Sweden,,IK Brage,Varbergs BoIS,Premium,,,,,,,,
309,True,,,Premiership - Scotland,,Dundee United,Dundee FC,Premium,,,,,,,,
309,True,,,Veikkausliiga - Finland,,KuPS Kuopio,HJK Helsinki,Premium,,,,,,,,
309,False,,,Premiership - Scotland,,Dundee United,Dundee FC,Match Result,,,2.16,Betfair,,0.8,,
309,False,,,Ligue 1 - France,,Lorient,Strasbourg,Match Result,,,2.3,Betfair,,0.8,,
309,True,,,Serie A - Italy,,Genoa,Como,Premium,,,,,,,,
310,False,,,Serie A - Italy,,Genoa,Como,Match Result,,,1.9,1xBet,,0.6,,
310,False,,,Ekstraklasa - Poland,,Widzew Łódź,Motor Lublin,Match Result,,,1.85,Unibet (SE),,0.3,,
310,True,,,Ekstraklasa - Poland,,Widzew Łódź,Motor Lublin,Premium,,,,,,,,
310,False,,,Austrian Football Bundesliga,,Hartberg,LASK,Match Result,,,1.7,Coolbet,,0.4,,
310,True,,,Dutch Eredivisie,,Heracles Almelo,FC Volendam,Premium,,,,,,,,
310,True,,,Austrian Football Bundesliga,,Rapid Wien,RB Salzburg,Premium,,,,,,,,
310,True,,,Austrian Football Bundesliga,,Hartberg,LASK,Premium,,,,,,,,
310,False,,,Austrian Football Bundesliga,,Rapid Wien,RB Salzburg,Match Result,,,2.07,Casumo,,0.7,,
311,False,,,Dutch Eredivisie,,Heracles Almelo,FC Volendam,Match Result,,,2.22,Betfair,,0.9,,
311,True,,,Eliteserien - Norway,,Molde,Vålerenga,Premium,,,,,,,,
311,False,,,La Liga - Spain,,Rayo Vallecano,Real Sociedad,Match Result,,,2.72,Betfair,,1.2,,
311,True,,,La Liga - Spain,,Rayo Vallecano,Real Sociedad,Premium,,,,,,,,
311,False,,,Super League - China,,Henan FC,Shanghai Shenhua FC,Match Result,,,2.1,GTbets,,0.5,,
311,False,,,Denmark Superliga,,FC Fredericia,OB Odense BK,Match Result,,,2.2,Betfair,,0.8,,
311,False,,,Frauen-Bundesliga,,Eintracht Frankfurt,VfL Wolfsburg,Match Result,,,2.5,Pinnacle,,0.8,,
311,True,,,La Liga 2 - Spain,,Córdoba,Sporting Gijón,Premium,,,,,,,,
311,True,,,Denmark Superliga,,Silkeborg IF,Randers FC,Premium,,,,,,,,
311,True,,,Super League - China,,Henan FC,Shanghai Shenhua FC,Premium,,,,,,,,
311,True,,,Denmark Superliga,,FC Fredericia,OB Odense BK,Premium,,,,,,,,
312,True,,,Frauen-Bundesliga,,Eintracht Frankfurt,VfL Wolfsburg,Premium,,,,,,,,
312,False,,,Swiss Superleague,,FC Basel,FC Sion,Match Result,,,2.51,Pinnacle,,1.0,,
312,False,,,Super League - China,,Dalian Yingbo,Yunnan Yukun,Match Result,,,2.05,PlayUp,,0.5,,
312,True,,,Super League - China,,Dalian Yingbo,Yunnan Yukun,Premium,,,,,,,,
312,True,,,Bundesliga 2 - Germany,,SC Paderborn,FC Schalke 04,Premium,,,,,,,,
312,False,,,Bundesliga 2 - Germany,,VfL Bochum,Greuther Fürth,Match Result,,,1.78,Matchbook,,0.5,,
312,False,,,Belgium First Div,,Gent,Club Brugge,Match Result,,,1.76,Smarkets,,0.4,,
313,True,,,3. Liga - Germany,,FC Viktoria Köln 1904,FC Energie Cottbus,Premium,,,,,,,,
313,True,,,Belgium First Div,,Gent,Club Brugge,Premium,,,,,,,,
313,True,,,Turkey Super League,,Genclerbirligi SK,Kocaelispor,Premium,,,,,,,,
313,False,,,Turkey Super League,,Genclerbirligi SK,Kocaelispor,Match Result,,,2.56,GTbets,,1.1,,
313,False,,,3. Liga - Germany,,FC Viktoria Köln 1904,FC Energie Cottbus,Match Result,,,2.2,LeoVegas,,0.5,,
313,False,,,Bundesliga 2 - Germany,,SC Paderborn,FC Schalke 04,Match Result,,,2.44,Betfair,,0.8,,
313,True,,,Bundesliga 2 - Germany,,VfL Bochum,Greuther Fürth,Premium,,,,,,,,
313,False,,,Super League - China,,Chongqing Tonglianglong FC,Qingdao West Coast FC,Match Result,,,1.88,1xBet,,0.4,,
313,True,,,Super League - China,,Shenzhen Peng City FC,Liaoning Tieren FC,Premium,,,,,,,,
313,True,,,Premier League - Russia,,FC Nizhny Novgorod,Spartak Moscow,Premium,,,,,,,,
314,False,,,Superettan - Sweden,,IFK Värnamo,IK Oddevold,Match Result,,,2.16,Unibet (SE),,0.8,,
314,False,,,Super League - China,,Shenzhen Peng City FC,Liaoning Tieren FC,Match Result,,,2.55,Unibet (UK),,0.8,,
314,True,,,Super League - China,,Chongqing Tonglianglong FC,Qingdao West Coast FC,Premium,,,,,,,,
314,False,,,Premier League - Russia,,FC Nizhny Novgorod,Spartak Moscow,Match Result,,,1.59,1xBet,,0.4,,
314,False,,,Championship,,Coventry City,Wrexham AFC,Match Result,,,2.16,Betfair,,0.8,,
314,True,,,Serie A - Italy,,Fiorentina,Sassuolo,Premium,,,,,,,,
314,False,,,Serie A - Italy,,Fiorentina,Sassuolo,Match Result,,,2.0,Betfair,,0.6,,
314,True,,,Ekstraklasa - Poland,,Wisła Płock,Radomiak Radom,Premium,,,,,,,,
314,False,,,Ekstraklasa - Poland,,Wisła Płock,Radomiak Radom,Match Result,,,2.54,Pinnacle,,0.8,,
314,True,,,Dutch Eredivisie,,Excelsior,FC Utrecht,Premium,,,,,,,,
315,False,,,Superettan - Sweden,,IFK Norrkoping,Landskrona BoIS,Match Result,,,1.56,LeoVegas (SE),,0.3,,
315,True,,,Superettan - Sweden,,IFK Norrkoping,Landskrona BoIS,Premium,,,,,,,,
315,False,,,Super League - China,,Qingdao Hainiu FC,Shandong Luneng Taishan FC,Match Result,,,1.89,Matchbook,,0.5,,
315,True,,,Super League - China,,Qingdao Hainiu FC,Shandong Luneng Taishan FC,Premium,,,,,,,,
315,True,,,K League 1,,Gwangju FC,FC Anyang,Premium,,,,,,,,
315,True,,,K League 1,,Ulsan Hyundai FC,Daejeon Citizen,Premium,,,,,,,,
315,False,,,K League 1,,Gwangju FC,FC Anyang,Match Result,,,2.2,Pinnacle,,0.8,,
315,True,,,A-League,,Melbourne City,Adelaide United,Premium,,,,,,,,
315,False,,,K League 1,,Ulsan Hyundai FC,Daejeon Citizen,Match Result,,,2.12,Betfair,,0.7,,
315,False,,,A-League,,Melbourne City,Adelaide United,Match Result,,,2.0,LeoVegas (SE),,0.6,,
315,True,,,K League 1,,Jeonbuk Hyundai Motors,Pohang Steelers,Premium,,,,,,,,
316,True,,,A-League,,Sydney FC,Auckland FC,Premium,,,,,,,,
316,False,,,K League 1,,Jeonbuk Hyundai Motors,Pohang Steelers,Match Result,,,2.1,BetMGM,,0.8,,
316,True,,,Liga MX,,América,Atlas,Premium,,,,,,,,
316,False,,,Liga MX,,América,Atlas,Match Result,,,1.64,Matchbook,,0.3,,
316,True,,,Liga MX,,FC Juárez,Atlético San Luis,Premium,,,,,,,,
316,False,,,Liga MX,,FC Juárez,Atlético San Luis,Match Result,,,2.1,Betfair,,0.6,,
316,True,,,MLS,,Seattle Sounders FC,FC Dallas,Premium,,,,,,,,
316,False,,,MLS,,Vancouver Whitecaps FC,Colorado Rapids,Match Result,,,1.4,GTbets,,0.1,,
316,True,,,MLS,,Vancouver Whitecaps FC,Colorado Rapids,Premium,,,,,,,,
316,False,,,MLS,,Seattle Sounders FC,FC Dallas,Match Result,,,1.71,GTbets,,0.4,,
316,True,,,MLS,,Vancouver Whitecaps FC,Colorado Rapids,Premium,,,,,,,,
317,False,,,MLS,,San Diego FC,Portland Timbers,Match Result,,,1.81,1xBet,,0.5,,
317,True,,,MLS,,San Diego FC,Portland Timbers,Premium,,,,,,,,
317,False,,,Liga MX,,Guadalajara,Tijuana,Match Result,,,1.42,Matchbook,,0.2,,
317,True,,,Liga MX,,Guadalajara,Tijuana,Premium,,,,,,,,
317,False,,,Liga MX,,Toluca,León,Match Result,,,1.56,Matchbook,,0.4,,
317,True,,,Liga MX,,Toluca,León,Premium,,,,,,,,
317,False,,,MLS,,Nashville SC,Charlotte FC,Match Result,,,1.73,GTbets,,0.3,,
317,True,,,MLS,,Nashville SC,Charlotte FC,Premium,,,,,,,,
317,True,,,MLS,,Austin FC,Houston Dynamo,Premium,,,,,,,,
317,False,,,MLS,,Chicago Fire,Sporting Kansas City,Match Result,,,1.31,Betfair,,0.1,,
317,False,,,MLS,,Austin FC,Houston Dynamo,Match Result,,,2.64,Matchbook,,0.8,,
317,True,,,Primera División - Argentina,,River Plate,Aldosivi Mar del Plata,Premium,,,,,,,,
318,True,,,Primera División - Argentina,,River Plate,Aldosivi Mar del Plata,Premium,,,,,,,,
318,True,,,MLS,,Chicago Fire,Sporting Kansas City,Premium,,,,,,,,
318,True,,,MLS,,Chicago Fire,Sporting Kansas City,Premium,,,,,,,,
318,False,,,MLS,,St. Louis City SC,San Jose Earthquakes,Match Result,,,2.55,1xBet,,1.1,,
318,True,,,MLS,,St. Louis City SC,San Jose Earthquakes,Premium,,,,,,,,
318,False,,,Primera División - Argentina,,River Plate,Aldosivi Mar del Plata,Match Result,,,1.35,Ladbrokes,,0.1,,
318,False,,,Brazil Série B,,Juventude,Londrina,Match Result,,,1.96,Betfair,,0.5,,
318,False,,,Brazil Série A,,Sao Paulo,Mirassol,Match Result,,,1.95,Betfair,,0.7,,
318,True,,,Brazil Série B,,Juventude,Londrina,Premium,,,,,,,,
318,True,,,Brazil Série A,,Sao Paulo,Mirassol,Premium,,,,,,,,
318,True,,,Brazil Série B,,Sport Recife,Grêmio Novorizontino,Premium,,,,,,,,
318,False,,,MLS,,D.C. United,Orlando City SC,Match Result,,,2.0,FanDuel,,0.6,,
319,False,,,Brazil Série B,,Sport Recife,Grêmio Novorizontino,Match Result,,,2.24,Betfair,,0.9,,
319,False,,,MLS,,FC Cincinnati,New York Red Bulls,Match Result,,,1.92,Matchbook,,0.6,,
319,True,,,MLS,,Inter Miami CF,New England Revolution,Premium,,,,,,,,
319,True,,,MLS,,Columbus Crew SC,Philadelphia Union,Premium,,,,,,,,
319,False,,,MLS,,Columbus Crew SC,Philadelphia Union,Match Result,,,1.9,Matchbook,,0.6,,
319,True,,,MLS,,FC Cincinnati,New York Red Bulls,Premium,,,,,,,,
319,True,,,MLS,,Inter Miami CF,New England Revolution,Premium,,,,,,,,
319,True,,,MLS,,D.C. United,Orlando City SC,Premium,,,,,,,,
319,True,,,Liga MX,,Pachuca,Pumas,Premium,,,,,,,,
319,False,,,Liga MX,,Pachuca,Pumas,Match Result,,,2.18,Betfair,,0.6,,
319,True,,,Liga MX,,Tigres,Mazatlán FC,Premium,,,,,,,,
320,False,,,Liga MX,,Tigres,Mazatlán FC,Match Result,,,1.23,Betfair,,0.0,,
320,True,,,Primera División - Argentina,,Sarmiento de Junin,CA Tigre BA,Premium,,,,,,,,
320,False,,,Primera División - Argentina,,Sarmiento de Junin,CA Tigre BA,Match Result,,,2.6,Betfair,,1.1,,
320,False,,,Primera División - Chile,,Universidad de Chile,Universidad Católica (CHI),Match Result,,,2.4,Betfair,,1.0,,
320,True,,,Primera División - Chile,,Universidad de Chile,Universidad Católica (CHI),Premium,,,,,,,,
320,False,,,Brazil Série A,,Remo,Cruzeiro,Match Result,,,2.3,Betfair,,0.7,,
320,True,,,Brazil Série A,,Remo,Cruzeiro,Premium,,,,,,,,
320,True,,,Brazil Série A,,Botafogo,Internacional,Premium,,,,,,,,
320,True,,,Brazil Série A,,Bahia,Santos,Premium,,,,,,,,
320,False,,,Brazil Série A,,Botafogo,Internacional,Match Result,,,2.67,1xBet,,0.9,,
320,False,,,Brazil Série A,,Bahia,Santos,Match Result,,,1.74,BetMGM,,0.4,,
321,True,,,MLS,,Minnesota United FC,Los Angeles FC,Premium,,,,,,,,
321,False,,,MLS,,Minnesota United FC,Los Angeles FC,Match Result,,,2.68,Matchbook,,0.9,,
321,True,,,Primera División - Argentina,,Estudiantes,Talleres,Premium,,,,,,,,
321,False,,,Primera División - Argentina,,Estudiantes,Talleres,Match Result,,,2.34,Matchbook,,0.7,,
321,True,,,Primeira Liga - Portugal,,Vitória SC,Rio Ave FC,Premium,,,,,,,,
321,False,,,Primeira Liga - Portugal,,Vitória SC,Rio Ave FC,Match Result,,,1.9,Coolbet,,0.6,,
321,False,,,Ligue 1 - France,,Toulouse,AS Monaco,Match Result,,,2.05,Coral,,0.7,,
321,True,,,Ligue 1 - France,,Toulouse,AS Monaco,Premium,,,,,,,,
321,True,,,Primera División - Chile,,Ñublense,O'Higgins,Premium,,,,,,,,
321,True,,,Dutch Eredivisie,,FC Twente Enschede,NEC Nijmegen,Premium,,,,,,,,
321,True,,,La Liga 2 - Spain,,Málaga,CD Castellón,Premium,,,,,,,,
321,False,,,La Liga 2 - Spain,,Málaga,CD Castellón,Match Result,,,2.64,Matchbook,,1.0,,
322,True,,,Serie A - Italy,,Hellas Verona,Lecce,Premium,,,,,,,,
322,True,,,Belgium First Div,,Westerlo,Royal Antwerp,Premium,,,,,,,,
322,False,,,Serie A - Italy,,Hellas Verona,Lecce,Match Result,,,2.86,Matchbook,,1.3,,
322,False,,,League of Ireland,,Sligo Rovers,Dundalk,Match Result,,,2.06,Betfair,,0.6,,
322,True,,,League of Ireland,,Sligo Rovers,Dundalk,Premium,,,,,,,,
322,False,,,Belgium First Div,,Westerlo,Royal Antwerp,Match Result,,,2.16,Betfair,,0.8,,
322,True,,,MLS,,CF Montreal,New York City FC,Premium,,,,,,,,
322,True,,,Bundesliga 2 - Germany,,SV Darmstadt 98,Elversberg,Premium,,,,,,,,
323,False,,,Bundesliga 2 - Germany,,SV Darmstadt 98,Elversberg,Match Result,,,2.38,Casumo,,0.9,,
323,True,,,Swiss Superleague,,FC Thun,FC Lugano,Premium,,,,,,,,
323,False,,,Swiss Superleague,,FC Thun,FC Lugano,Match Result,,,1.94,BetUS,,0.6,,
323,False,,,Ekstraklasa - Poland,,Cracovia Kraków,Pogoń Szczecin,Match Result,,,2.3,Betfair,,0.8,,
323,True,,,Ekstraklasa - Poland,,Cracovia Kraków,Pogoń Szczecin,Premium,,,,,,,,
323,False,,,Dutch Eredivisie,,NAC Breda,Ajax,Match Result,,,2.12,Betfair,,0.7,,
323,False,,,Ligue 2 - France,,Saint Etienne,Troyes,Match Result,,,2.0,Coolbet,,0.7,,
323,True,,,Ligue 2 - France,,Saint Etienne,Troyes,Premium,,,,,,,,
323,True,,,Dutch Eredivisie,,NAC Breda,Ajax,Premium,,,,,,,,
323,True,,,Serie B - Italy,,Cesena FC,Sampdoria,Premium,,,,,,,,
323,False,,,Serie B - Italy,,Cesena FC,Sampdoria,Match Result,,,2.68,Matchbook,,1.2,,
324,False,,,MLS,,Toronto FC,Atlanta United FC,Match Result,,,1.93,Matchbook,,0.5,,
324,True,,,MLS,,Toronto FC,Atlanta United FC,Premium,,,,,,,,
324,False,,,Turkey Super League,,Goztepe,Antalyaspor,Match Result,,,1.76,1xBet,,0.4,,
324,True,,,Turkey Super League,,Goztepe,Antalyaspor,Premium,,,,,,,,
324,True,,,Ligue 1 - France,,Angers,Paris Saint Germain,Premium,,,,,,,,
324,True,,,Primeira Liga - Portugal,,Benfica,Moreirense FC,Premium,,,,,,,,
324,False,,,Ligue 1 - France,,Angers,Paris Saint Germain,Match Result,,,1.3,1xBet,,0.1,,
324,True,,,Ligue 1 - France,,Angers,Paris Saint Germain,Premium,,,,,,,,
324,True,,,Dutch Eredivisie,,Heerenveen,Fortuna Sittard,Premium,,,,,,,,
324,False,,,Dutch Eredivisie,,Heerenveen,Fortuna Sittard,Match Result,,,1.55,Coral,,0.3,,
324,False,,,Bundesliga - Germany,,Hamburger SV,TSG Hoffenheim,Match Result,,,1.85,Coolbet,,0.6,,
324,True,,,Bundesliga - Germany,,Hamburger SV,TSG Hoffenheim,Premium,,,,,,,,
325,True,,,EPL,,Arsenal,Newcastle United,Premium,,,,,,,,
325,True,,,La Liga 2 - Spain,,Burgos CF,Deportivo La Coruña,Premium,,,,,,,,
325,True,,,La Liga - Spain,,Valencia,Girona,Premium,,,,,,,,
325,True,,,Premiership - Scotland,,Celtic,Falkirk F.C.,Premium,,,,,,,,
325,False,,,Premiership - Scotland,,Celtic,Falkirk F.C.,Match Result,,,1.48,Neds,,0.2,,
325,False,,,La Liga - Spain,,Valencia,Girona,Match Result,,,2.18,Betfair,,0.8,,
325,False,,,La Liga 2 - Spain,,Burgos CF,Deportivo La Coruña,Match Result,,,2.58,Betfair,,0.9,,
325,False,,,Premier League - Russia,,Rubin Kazan,CSKA Moscow,Match Result,,,2.63,1xBet,,1.2,,
325,True,,,Premiership - Scotland,,Celtic,Falkirk F.C.,Premium,,,,,,,,
325,True,,,Premier League - Russia,,Rubin Kazan,CSKA Moscow,Premium,,,,,,,,
325,False,,,EPL,,Arsenal,Newcastle United,Match Result,,,1.53,GTbets,,0.2,,
325,False,,,Belgium First Div,,Genk,Standard Liege,Match Result,,,1.68,Nordic Bet,,0.4,,
326,True,,,UEFA Champions League Women,,Bayern Munich,Barcelona,Premium,,,,,,,,
326,False,,,UEFA Champions League Women,,Bayern Munich,Barcelona,Match Result,,,1.28,Betfair,,0.1,,
326,True,,,UEFA Champions League Women,,Bayern Munich,Barcelona,Premium,,,,,,,,
326,True,,,FA Cup,,Manchester City,Southampton,Premium,,,,,,,,
326,True,,,FA Cup,,Manchester City,Southampton,Premium,,,,,,,,
326,True,,,Belgium First Div,,Genk,Standard Liege,Premium,,,,,,,,
326,False,,,Serie A - Italy,,Bologna,AS Roma,Match Result,,,2.43,Unibet (SE),,1.0,,
326,False,,,Swiss Superleague,,FC Lausanne-Sport,FC Zurich,Match Result,,,1.83,Betfair,,0.5,,
326,True,,,Serie A - Italy,,Bologna,AS Roma,Premium,,,,,,,,
326,True,,,Swiss Superleague,,Grasshopper Zürich,FC Luzern,Premium,,,,,,,,
326,False,,,Swiss Superleague,,Grasshopper Zürich,FC Luzern,Match Result,,,2.36,GTbets,,0.8,,
327,True,,,Swiss Superleague,,FC Lausanne-Sport,FC Zurich,Premium,,,,,,,,
327,True,,,Eliteserien - Norway,,Rosenborg,SK Brann,Premium,,,,,,,,
327,False,,,Ekstraklasa - Poland,,Lechia Gdańsk,Raków Częstochowa,Match Result,,,2.67,Pinnacle,,1.0,,
327,True,,,Ekstraklasa - Poland,,Lechia Gdańsk,Raków Częstochowa,Premium,,,,,,,,
327,True,,,Serie B - Italy,,Venezia,Empoli,Premium,,,,,,,,
327,False,,,Serie B - Italy,,Venezia,Empoli,Match Result,,,1.4,Betfair,,0.2,,
327,True,,,Serie B - Italy,,Venezia,Empoli,Premium,,,,,,,,
327,False,,,Austrian Football Bundesliga,,Wolfsberger AC,Grazer AK,Match Result,,,2.32,Matchbook,,0.9,,
327,False,,,Austrian Football Bundesliga,,WSG Tirol,Ried,Match Result,,,2.5,Coolbet,,0.9,,
327,False,,,Superettan - Sweden,,Örebro SK,Norrby IF,Match Result,,,2.02,Unibet (UK),,0.5,,
327,False,,,Superettan - Sweden,,Nordic United FC,Sandvikens IF,Match Result,,,2.2,Unibet (UK),,0.8,,
328,True,,,Superettan - Sweden,,Örebro SK,Norrby IF,Premium,,,,,,,,
328,True,,,Superettan - Sweden,,Nordic United FC,Sandvikens IF,Premium,,,,,,,,
328,False,,,Primeira Liga - Portugal,,Tondela,Nacional,Match Result,,,2.6,TABtouch,,0.9,,
328,False,,,Dutch Eredivisie,,Feyenoord,Groningen,Match Result,,,1.67,Betfair,,0.4,,
328,True,,,Primeira Liga - Portugal,,Tondela,Nacional,Premium,,,,,,,,
328,True,,,3. Liga - Germany,,Waldhof Mannheim,Schweinfurt,Premium,,,,,,,,
328,True,,,Dutch Eredivisie,,Feyenoord,Groningen,Premium,,,,,,,,
328,False,,,3. Liga - Germany,,Waldhof Mannheim,Schweinfurt,Match Result,,,1.49,Unibet,,0.1,,
328,False,,,La Liga - Spain,,Getafe,Barcelona,Match Result,,,1.71,1xBet,,0.4,,
328,True,,,La Liga 2 - Spain,,Real Valladolid CF,Real Sociedad B,Premium,,,,,,,,
329,False,,,La Liga 2 - Spain,,Real Valladolid CF,Real Sociedad B,Match Result,,,1.65,Unibet,,0.4,,
329,False,,,Championship,,Stoke City,Portsmouth,Match Result,,,2.8,GTbets,,1.2,,
329,True,,,League 1,,Bradford City,Bolton Wanderers,Premium,,,,,,,,
329,True,,,Belgium First Div,,Leuven,Charleroi,Premium,,,,,,,,
329,False,,,League 2,,Accrington Stanley,Crawley Town,Match Result,,,2.28,Betfair,,0.8,,
329,True,,,Championship,,Norwich City,Swansea City,Premium,,,,,,,,
329,False,,,Belgium First Div,,Leuven,Charleroi,Match Result,,,2.44,Pinnacle,,0.9,,
329,False,,,League 1,,Lincoln City,Wycombe Wanderers,Match Result,,,1.83,Coral,,0.6,,
329,False,,,Championship,,Birmingham City,Bristol City,Match Result,,,1.77,Betfair,,0.5,,
329,False,,,League 2,,Cambridge United,Barrow,Match Result,,,1.35,Unibet (NL),,0.1,,
329,True,,,Turkey Super League,,Kayserispor,Çaykur Rizespor,Premium,,,,,,,,
330,True,,,League 1,,Plymouth Argyle,Port Vale,Premium,,,,,,,,
330,True,,,League 1,,Cardiff City,Northampton Town,Premium,,,,,,,,
330,False,,,Championship,,Queens Park Rangers,Derby County,Match Result,,,2.4,LeoVegas (SE),,0.9,,
330,True,,,EPL,,Wolverhampton Wanderers,Tottenham Hotspur,Premium,,,,,,,,
330,True,,,Veikkausliiga - Finland,,FC Inter Turku,IFK Mariehamn,Premium,,,,,,,,
330,True,,,Championship,,Birmingham City,Bristol City,Premium,,,,,,,,
330,False,,,Turkey Super League,,Kayserispor,Çaykur Rizespor,Match Result,,,2.6,Coral,,1.1,,
330,True,,,League 1,,Plymouth Argyle,Port Vale,Premium,,,,,,,,
330,True,,,League 2,,Walsall,Harrogate Town,Premium,,,,,,,,
331,True,,,League 2,,Chesterfield FC,Crewe Alexandra,Premium,,,,,,,,
331,True,,,EPL,,Liverpool,Crystal Palace,Premium,,,,,,,,
331,False,,,EPL,,Liverpool,Crystal Palace,Match Result,,,1.51,Betfair,,0.3,,
331,True,,,League 2,,Newport County,Oldham Athletic,Premium,,,,,,,,
331,True,,,League 2,,Shrewsbury Town,Fleetwood Town,Premium,,,,,,,,
331,True,,,League 2,,Cambridge United,Barrow,Premium,,,,,,,,
332,False,,,League 2,,Shrewsbury Town,Fleetwood Town,Match Result,,,2.44,Matchbook,,1.0,,
332,True,,,Eliteserien - Norway,,Fredrikstad FK,Viking FK,Premium,,,,,,,,
332,True,,,Championship,,Sheffield United,Preston North End,Premium,,,,,,,,
332,False,,,Premiership - Scotland,,Aberdeen,Kilmarnock,Match Result,,,2.06,Betfair,,0.7,,
332,False,,,League 2,,Newport County,Oldham Athletic,Match Result,,,2.55,LiveScore Bet,,0.8,,
332,False,,,League 2,,Colchester United,Notts County,Match Result,,,2.42,Betfair,,1.0,,
332,False,,,League 1,,Bradford City,Bolton Wanderers,Match Result,,,2.82,Pinnacle,,1.0,,
333,False,,,Championship,,Norwich City,Swansea City,Match Result,,,1.75,LeoVegas (SE),,0.4,,
333,False,,,League 2,,Walsall,Harrogate Town,Match Result,,,2.24,Betfair,,0.8,,
333,True,,,Championship,,Stoke City,Portsmouth,Premium,,,,,,,,
333,True,,,Championship,,Oxford United,Sheffield Wednesday,Premium,,,,,,,,
333,False,,,Premier League - Russia,,Kryliya Sovetov,Lokomotiv Moscow,Match Result,,,1.92,1xBet,,0.6,,
333,True,,,League 2,,Accrington Stanley,Crawley Town,Premium,,,,,,,,
334,True,,,League 1,,Rotherham United,Reading,Premium,,,,,,,,
334,False,,,Veikkausliiga - Finland,,FC Inter Turku,IFK Mariehamn,Match Result,,,1.39,GTbets,,0.2,,
334,False,,,EPL,,West Ham United,Everton,Match Result,,,2.5,Unibet (NL),,1.1,,
334,True,,,Premier League - Russia,,Kryliya Sovetov,Lokomotiv Moscow,Premium,,,,,,,,
334,False,,,League 1,,Wigan Athletic,Wimbledon,Match Result,,,2.3,Matchbook,,0.9,,
335,False,,,Championship,,Sheffield United,Preston North End,Match Result,,,1.69,Smarkets,,0.4,,
335,True,,,League 1,,Blackpool,Leyton Orient,Premium,,,,,,,,
335,True,,,Premiership - Scotland,,St Mirren,Livingston,Premium,,,,,,,,
335,True,,,Bundesliga - Germany,,1. FC Köln,Bayer Leverkusen,Premium,,,,,,,,
335,False,,,Bundesliga - Germany,,1. FC Heidenheim,FC St. Pauli,Match Result,,,2.5,Smarkets,,1.0,,
335,False,,,Bundesliga - Germany,,1. FC Köln,Bayer Leverkusen,Match Result,,,1.97,Betfair,,0.6,,
335,True,,,Bundesliga - Germany,,1. FC Heidenheim,FC St. Pauli,Premium,,,,,,,,
335,True,,,Bundesliga - Germany,,VfL Wolfsburg,Borussia Monchengladbach,Premium,,,,,,,,
335,True,,,Bundesliga - Germany,,Augsburg,Eintracht Frankfurt,Premium,,,,,,,,
335,True,,,Bundesliga - Germany,,FSV Mainz 05,Bayern Munich,Premium,,,,,,,,
336,False,,,Bundesliga - Germany,,FSV Mainz 05,Bayern Munich,Match Result,,,1.71,Coolbet,,0.4,,
336,False,,,Bundesliga - Germany,,VfL Wolfsburg,Borussia Monchengladbach,Match Result,,,2.36,Betfair,,0.8,,
336,True,,,Serie B - Italy,,Südtirol,Mantova,Premium,,,,,,,,
336,False,,,Superettan - Sweden,,Falkenbergs FF,GIF Sundsvall,Match Result,,,1.74,Unibet (SE),,0.3,,
336,True,,,Superettan - Sweden,,Falkenbergs FF,GIF Sundsvall,Premium,,,,,,,,
336,False,,,Serie B - Italy,,Südtirol,Mantova,Match Result,,,2.35,Coolbet,,0.9,,
336,True,,,Serie B - Italy,,Frosinone,Carrarese,Premium,,,,,,,,
336,False,,,Serie B - Italy,,Frosinone,Carrarese,Match Result,,,1.64,Codere (IT),,0.3,,
336,True,,,Serie B - Italy,,Virtus Entella,Padova,Premium,,,,,,,,
336,False,,,Ligue 1 - France,,Lyon,Auxerre,Match Result,,,1.69,LowVig.ag,,0.4,,
336,True,,,Serie B - Italy,,Reggiana,Palermo,Premium,,,,,,,,
337,False,,,Serie B - Italy,,Reggiana,Palermo,Match Result,,,1.64,Betfair,,0.3,,
337,True,,,Ekstraklasa - Poland,,Korona Kielce,GKS Katowice,Premium,,,,,,,,
337,False,,,Ekstraklasa - Poland,,Korona Kielce,GKS Katowice,Match Result,,,2.26,Pinnacle,,0.6,,
337,False,,,Frauen-Bundesliga,,RB Leipzig,Werder Bremen,Match Result,,,2.38,Grosvenor,,0.7,,
337,False,,,Ligue 2 - France,,Grenoble,Le Mans FC,Match Result,,,1.98,Unibet (UK),,0.7,,
337,False,,,3. Liga - Germany,,Erzgebirge Aue,Wehen Wiesbaden,Match Result,,,2.61,Pinnacle,,0.9,,
338,True,,,Super League - China,,Shanghai SIPG FC,Wuhan Three Towns,Premium,,,,,,,,
338,True,,,3. Liga - Germany,,TSG Hoffenheim II,FC Ingolstadt 04,Premium,,,,,,,,
338,False,,,3. Liga - Germany,,Hansa Rostock,Jahn Regensburg,Match Result,,,1.66,LeoVegas (SE),,0.4,,
338,False,,,3. Liga - Germany,,TSG Hoffenheim II,FC Ingolstadt 04,Match Result,,,2.36,Pinnacle,,0.9,,
338,True,,,Ligue 2 - France,,Grenoble,Le Mans FC,Premium,,,,,,,,
338,True,,,Veikkausliiga - Finland,,FC Lahti,AC Oulu,Premium,,,,,,,,
338,True,,,3. Liga - Germany,,Hansa Rostock,Jahn Regensburg,Premium,,,,,,,,
338,False,,,3. Liga - Germany,,VfL Osnabrück,SC Verl,Match Result,,,2.3,TABtouch,,0.7,,
338,False,,,Ligue 2 - France,,Stade de Reims,Nancy,Match Result,,,1.57,Unibet,,0.3,,
338,False,,,3. Liga - Germany,,TSV 1860 München,SSV Ulm 1846,Match Result,,,2.0,Betfair,,0.6,,
339,False,,,Veikkausliiga - Finland,,FC Lahti,AC Oulu,Match Result,,,2.42,Betfair,,0.9,,
339,True,,,A-League,,Perth Glory,Brisbane Roar,Premium,,,,,,,,
339,False,,,A-League,,Perth Glory,Brisbane Roar,Match Result,,,2.64,Matchbook,,0.8,,
339,False,,,Super League - China,,Beijing FC,Tianjin Jinmen Tiger FC,Match Result,,,1.49,Betfair,,0.3,,
339,True,,,Super League - China,,Beijing FC,Tianjin Jinmen Tiger FC,Premium,,,,,,,,
339,False,,,League 1,,Stockport County FC,Peterborough United,Match Result,,,1.58,Matchbook,,0.3,,
340,False,,,League 2,,Milton Keynes Dons,Tranmere Rovers,Match Result,,,1.44,Nordic Bet,,0.2,,
340,True,,,League 1,,Stockport County FC,Peterborough United,Premium,,,,,,,,
340,True,,,Premier League - Russia,,FK Rostov,Gazovik Orenburg,Premium,,,,,,,,
340,False,,,League 2,,Grimsby Town,Swindon Town,Match Result,,,1.8,Coral,,0.5,,
340,True,,,League 2,,Milton Keynes Dons,Tranmere Rovers,Premium,,,,,,,,
340,False,,,EPL,,Fulham,Aston Villa,Match Result,,,2.6,Unibet (SE),,1.1,,
340,True,,,EPL,,Fulham,Aston Villa,Premium,,,,,,,,
340,False,,,Championship,,Charlton Athletic,Hull City,Match Result,,,2.63,LeoVegas (SE),,1.1,,
340,True,,,League 2,,Milton Keynes Dons,Tranmere Rovers,Premium,,,,,,,,
340,False,,,Championship,,Middlesbrough,Watford,Match Result,,,1.49,LeoVegas (SE),,0.2,,
340,True,,,Championship,,Middlesbrough,Watford,Premium,,,,,,,,
341,True,,,League 2,,Grimsby Town,Swindon Town,Premium,,,,,,,,
341,True,,,Championship,,West Bromwich Albion,Ipswich Town,Premium,,,,,,,,
341,True,,,Bundesliga 2 - Germany,,Karlsruher SC,Hannover 96,Premium,,,,,,,,
341,False,,,Bundesliga 2 - Germany,,Karlsruher SC,Hannover 96,Match Result,,,1.86,Betfair,,0.5,,
341,True,,,Super League - China,,Chengdu Rongcheng FC,Zhejiang,Premium,,,,,,,,
341,True,,,Superettan - Sweden,,Östers IF,Östersunds FK,Premium,,,,,,,,
342,False,,,Bundesliga 2 - Germany,,SC Preußen Münster,Arminia Bielefeld,Match Result,,,2.26,Matchbook,,0.9,,
342,False,,,Bundesliga 2 - Germany,,Hertha Berlin,Holstein Kiel,Match Result,,,2.1,Betfair,,0.6,,
342,False,,,Super League - China,,Chengdu Rongcheng FC,Zhejiang,Match Result,,,1.5,Betfair,,0.3,,
342,False,,,Superettan - Sweden,,Östers IF,Östersunds FK,Match Result,,,1.88,Betfair,,0.5,,
342,True,,,Serie B - Italy,,US Catanzaro 1929,Spezia,Premium,,,,,,,,
342,False,,,Serie B - Italy,,US Catanzaro 1929,Spezia,Match Result,,,2.24,Betfair,,0.8,,
342,True,,,Frauen-Bundesliga,,SGS Essen,Carl Zeiss Jena,Premium,,,,,,,,
342,False,,,Frauen-Bundesliga,,SGS Essen,Carl Zeiss Jena,Match Result,,,1.92,LeoVegas,,0.6,,
342,False,,,A-League,,Western Sydney Wanderers,Melbourne Victory,Match Result,,,2.1,Matchbook,,0.7,,
342,True,,,A-League,,Western Sydney Wanderers,Melbourne Victory,Premium,,,,,,,,
343,False,,,J League,,V-Varen Nagasaki,Gamba Osaka,Match Result,,,2.05,BetMGM,,0.5,,
343,True,,,J League,,V-Varen Nagasaki,Gamba Osaka,Premium,,,,,,,,
343,True,,,K League 1,,Incheon United,Jeju United FC,Premium,,,,,,,,
343,False,,,K League 1,,Incheon United,Jeju United FC,Match Result,,,2.05,BetMGM,,0.7,,
343,True,,,J League,,Hiroshima Sanfrecce FC,Cerezo Osaka,Premium,,,,,,,,
343,False,,,J League,,Hiroshima Sanfrecce FC,Cerezo Osaka,Match Result,,,1.64,Pinnacle,,0.3,,
343,False,,,A-League,,Newcastle Jets FC,Central Coast Mariners,Match Result,,,1.54,Betfair,,0.3,,
343,True,,,A-League,,Newcastle Jets FC,Central Coast Mariners,Premium,,,,,,,,
343,True,,,J League,,Kawasaki Frontale,JEF United Chiba,Premium,,,,,,,,
343,False,,,J League,,Kawasaki Frontale,JEF United Chiba,Match Result,,,1.77,DraftKings,,0.5,,
343,True,,,J League,,Fagiano Okayama,Avispa Fukuoka,Premium,,,,,,,,
343,False,,,J League,,Shimizu S Pulse,Nagoya Grampus,Match Result,,,2.53,Pinnacle,,0.9,,
344,False,,,J League,,Urawa Red Diamonds,Yokohama F Marinos,Match Result,,,1.87,BetAnything,,0.5,,
344,True,,,J League,,Urawa Red Diamonds,Yokohama F Marinos,Premium,,,,,,,,
344,True,,,K League 1,,Gangwon FC,FC Seoul,Premium,,,,,,,,
344,True,,,J League,,Shimizu S Pulse,Nagoya Grampus,Premium,,,,,,,,
344,False,,,Liga MX,,Puebla,Querétaro,Match Result,,,2.5,Betfair,,0.8,,
344,True,,,Liga MX,,Puebla,Querétaro,Premium,,,,,,,,
344,False,,,Primera División - Argentina,,Platense,San Lorenzo,Match Result,,,2.54,Matchbook,,0.8,,
344,True,,,Primera División - Argentina,,Racing Club,Barracas Central,Premium,,,,,,,,
344,True,,,Primera División - Chile,,Audax Italiano,Deportes Limache,Premium,,,,,,,,
344,False,,,Primera División - Argentina,,Racing Club,Barracas Central,Match Result,,,1.51,Matchbook,,0.1,,
345,False,,,Brazil Série B,,Ponte Preta,América Mineiro,Match Result,,,2.85,Pinnacle,,1.0,,
345,True,,,Brazil Série B,,Ponte Preta,América Mineiro,Premium,,,,,,,,
345,True,,,Primera División - Argentina,,Lanus,Central Córdoba,Premium,,,,,,,,
345,True,,,Primera División - Argentina,,Estudiantes de Río Cuarto,Rosario Central,Premium,,,,,,,,
345,False,,,Primera División - Argentina,,Estudiantes de Río Cuarto,Rosario Central,Match Result,,,2.12,Betfair,,0.7,,
345,False,,,Primera División - Argentina,,Lanus,Central Córdoba,Match Result,,,1.56,BetRivers,,0.3,,
345,False,,,Primera División - Chile,,Union La Calera,Coquimbo Unido,Match Result,,,2.42,Betfair,,0.7,,
345,True,,,Primera División - Chile,,Union La Calera,Coquimbo Unido,Premium,,,,,,,,
345,False,,,Primera División - Argentina,,Deportivo Riestra,Independiente,Match Result,,,2.3,DraftKings,,0.9,,
345,True,,,Primera División - Argentina,,Deportivo Riestra,Independiente,Premium,,,,,,,,
346,True,,,Primeira Liga - Portugal,,Alverca,Arouca,Premium,,,,,,,,
346,False,,,Primeira Liga - Portugal,,Alverca,Arouca,Match Result,,,2.4,Matchbook,,1.0,,
346,False,,,EPL,,Sunderland,Nottingham Forest,Match Result,,,2.82,Matchbook,,1.2,,
346,False,,,League of Ireland,,Derry City,Shamrock Rovers,Match Result,,,2.4,Betfair,,0.9,,
346,False,,,Championship,,Leicester City,Millwall,Match Result,,,1.86,Smarkets,,0.6,,
346,False,,,Serie B - Italy,,Avellino,Bari,Match Result,,,1.97,Betfair,,0.5,,
346,True,,,Championship,,Leicester City,Millwall,Premium,,,,,,,,
346,True,,,Serie B - Italy,,Avellino,Bari,Premium,,,,,,,,
346,True,,,EPL,,Sunderland,Nottingham Forest,Premium,,,,,,,,
346,True,,,La Liga - Spain,,Real Betis,Real Madrid,Premium,,,,,,,,
346,False,,,La Liga - Spain,,Real Betis,Real Madrid,Match Result,,,1.95,Fanatics,,0.7,,
346,True,,,League of Ireland,,Derry City,Shamrock Rovers,Premium,,,,,,,,
347,True,,,League of Ireland,,Waterford FC,Galway United,Premium,,,,,,,,
347,True,,,Serie A - Italy,,Napoli,Cremonese,Premium,,,,,,,,
347,True,,,Belgium First Div,,Cercle Brugge KSV,Dender,Premium,,,,,,,,
347,True,,,League of Ireland,,Shelbourne Dublin,Drogheda United,Premium,,,,,,,,
347,True,,,Ligue 1 - France,,Brest,RC Lens,Premium,,,,,,,,
347,True,,,League of Ireland,,St Patricks Athletic,Bohemians,Premium,,,,,,,,
347,False,,,League of Ireland,,St Patricks Athletic,Bohemians,Match Result,,,2.18,Betfair,,0.7,,
347,False,,,League of Ireland,,Shelbourne Dublin,Drogheda United,Match Result,,,1.73,Coolbet,,0.4,,
347,False,,,Serie A - Italy,,Napoli,Cremonese,Match Result,,,1.37,1xBet,,0.1,,
347,False,,,Belgium First Div,,Cercle Brugge KSV,Dender,Match Result,,,1.55,Coral,,0.3,,
347,False,,,League of Ireland,,Waterford FC,Galway United,Match Result,,,2.28,Unibet,,0.8,,
347,False,,,Ligue 1 - France,,Brest,RC Lens,Match Result,,,1.76,GTbets,,0.5,,
348,False,,,Bundesliga - Germany,,RB Leipzig,Union Berlin,Match Result,,,1.42,Betfair,,0.1,,
348,True,,,Bundesliga - Germany,,RB Leipzig,Union Berlin,Premium,,,,,,,,
348,False,,,La Liga 2 - Spain,,Albacete,SD Eibar,Match Result,,,2.6,Unibet (SE),,0.9,,
348,False,,,Ekstraklasa - Poland,,Jagiellonia Białystok,Górnik Zabrze,Match Result,,,2.36,Betfair,,0.7,,
348,True,,,Ekstraklasa - Poland,,Jagiellonia Białystok,Górnik Zabrze,Premium,,,,,,,,
348,True,,,La Liga 2 - Spain,,Albacete,SD Eibar,Premium,,,,,,,,
348,True,,,Ligue 2 - France,,Amiens,Montpellier,Premium,,,,,,,,
348,True,,,Ligue 2 - France,,Clermont,SC Bastia,Premium,,,,,,,,
348,False,,,Ligue 2 - France,,Red Star,Guingamp,Match Result,,,2.05,BetMGM,,0.6,,
348,True,,,Ligue 2 - France,,Stade Lavallois,Rodez AF,Premium,,,,,,,,
348,False,,,Ligue 2 - France,,Stade Lavallois,Rodez AF,Match Result,,,2.72,Betfair,,1.0,,
349,True,,,Ligue 2 - France,,Red Star,Guingamp,Premium,,,,,,,,
349,False,,,Ligue 2 - France,,Clermont,SC Bastia,Match Result,,,2.74,Betfair,,1.2,,
349,True,,,Austrian Football Bundesliga,,FC Blau-Weiß Linz,Rheindorf Altach,Premium,,,,,,,,
349,False,,,Austrian Football Bundesliga,,FC Blau-Weiß Linz,Rheindorf Altach,Match Result,,,2.23,TABtouch,,0.6,,
349,False,,,Serie B - Italy,,Monza,Modena,Match Result,,,1.75,Coolbet,,0.4,,
349,False,,,3. Liga - Germany,,Alemannia Aachen,MSV Duisburg,Match Result,,,2.28,Grosvenor,,0.6,,
349,True,,,3. Liga - Germany,,Alemannia Aachen,MSV Duisburg,Premium,,,,,,,,
349,True,,,Turkey Super League,,Basaksehir,Kasimpasa SK,Premium,,,,,,,,
349,True,,,Serie B - Italy,,Monza,Modena,Premium,,,,,,,,
350,False,,,Frauen-Bundesliga,,1. FC Nürnberg,Hamburger SV,Match Result,,,2.45,Tipico,,0.9,,
350,False,,,Bundesliga 2 - Germany,,1. FC Kaiserslautern,Eintracht Braunschweig,Match Result,,,2.15,theScore Bet,,0.8,,
350,True,,,Bundesliga 2 - Germany,,1. FC Kaiserslautern,Eintracht Braunschweig,Premium,,,,,,,,
350,True,,,Bundesliga 2 - Germany,,Fortuna Düsseldorf,Dynamo Dresden,Premium,,,,,,,,
350,False,,,Bundesliga 2 - Germany,,Fortuna Düsseldorf,Dynamo Dresden,Match Result,,,2.44,Matchbook,,0.8,,
350,True,,,Frauen-Bundesliga,,1. FC Nürnberg,Hamburger SV,Premium,,,,,,,,
350,True,,,Saudi Pro League,,Al-Hazem,Al-Riyadh,Premium,,,,,,,,
350,False,,,Saudi Pro League,,Al-Hazem,Al-Riyadh,Match Result,,,2.7,Betfair,,0.9,,
350,True,,,Ekstraklasa - Poland,,Zagłębie Lubin,Nieciecza,Premium,,,,,,,,
351,False,,,Ekstraklasa - Poland,,Zagłębie Lubin,Nieciecza,Match Result,,,1.91,Unibet (NL),,0.6,,
351,True,,,Veikkausliiga - Finland,,SJK Seinäjoki,Jaro,Premium,,,,,,,,
351,True,,,Saudi Pro League,,Al-Fateh,Al-Khaleej,Premium,,,,,,,,
351,False,,,Saudi Pro League,,Al-Fateh,Al-Khaleej,Match Result,,,2.42,Betfair,,0.7,,
351,True,,,Veikkausliiga - Finland,,TPS Turku,IF Gnistan,Premium,,,,,,,,
351,False,,,Veikkausliiga - Finland,,VPS Vaasa,Ilves Tampere,Match Result,,,1.93,Betfair,,0.6,,
351,True,,,Veikkausliiga - Finland,,VPS Vaasa,Ilves Tampere,Premium,,,,,,,,
351,False,,,Veikkausliiga - Finland,,TPS Turku,IF Gnistan,Match Result,,,2.46,Betfair,,0.7,,
351,False,,,J League,,Kashiwa Reysol,Kashima Antlers,Match Result,,,2.22,Pinnacle,,0.6,,
351,True,,,J League,,Kashiwa Reysol,Kashima Antlers,Premium,,,,,,,,
351,True,,,J League,,FC Tokyo,Mito HollyHock,Premium,,,,,,,,
352,False,,,J League,,FC Tokyo,Mito HollyHock,Match Result,,,1.75,Betway,,0.5,,
352,True,,,A-League,,Macarthur FC,Wellington Phoenix FC,Premium,,,,,,,,
352,False,,,A-League,,Macarthur FC,Wellington Phoenix FC,Match Result,,,2.05,GTbets,,0.7,,
352,False,,,Primera División - Chile,,Palestino,Deportes Concepción,Match Result,,,1.81,LeoVegas (SE),,0.5,,
352,True,,,Primera División - Chile,,Palestino,Deportes Concepción,Premium,,,,,,,,
352,True,,,Primera División - Argentina,,Defensa y Justicia,Boca Juniors,Premium,,,,,,,,
352,False,,,Primera División - Argentina,,Defensa y Justicia,Boca Juniors,Match Result,,,2.5,Betfair,,0.8,,
352,False,,,La Liga - Spain,,Oviedo,Villarreal,Match Result,,,2.2,Matchbook,,0.8,,
352,True,,,La Liga - Spain,,Oviedo,Villarreal,Premium,,,,,,,,
352,True,,,Dutch Eredivisie,,PSV Eindhoven,FC Zwolle,Premium,,,,,,,,
352,True,,,League 2,,Salford City,Bromley FC,Premium,,,,,,,,
352,False,,,Dutch Eredivisie,,PSV Eindhoven,FC Zwolle,Match Result,,,1.23,Smarkets,,0.0,,
353,False,,,League 2,,Salford City,Bromley FC,Match Result,,,1.83,Smarkets,,0.6,,
353,False,,,Belgium First Div,,Sint Truiden,Anderlecht,Match Result,,,2.16,1xBet,,0.8,,
353,True,,,Belgium First Div,,Sint Truiden,Anderlecht,Premium,,,,,,,,
353,False,,,La Liga - Spain,,Rayo Vallecano,Espanyol,Match Result,,,2.19,1xBet,,0.9,,
353,True,,,Primeira Liga - Portugal,,Casa Pia,Braga,Premium,,,,,,,,
353,False,,,Saudi Pro League,,Damac,Al-Okhdood,Match Result,,,1.81,Unibet (NL),,0.5,,
353,True,,,Denmark Superliga,,SonderjyskE,FC Midtjylland,Premium,,,,,,,,
353,False,,,Denmark Superliga,,SonderjyskE,FC Midtjylland,Match Result,,,1.7,BetRivers,,0.4,,
353,False,,,Primeira Liga - Portugal,,Casa Pia,Braga,Match Result,,,1.65,Coral,,0.4,,
353,True,,,La Liga - Spain,,Rayo Vallecano,Espanyol,Premium,,,,,,,,
353,True,,,Saudi Pro League,,Damac,Al-Okhdood,Premium,,,,,,,,
354,False,,,Allsvenskan - Sweden,,Degerfors IF,AIK,Match Result,,,2.54,Betfair,,0.8,,
354,True,,,Allsvenskan - Sweden,,Malmo FF,IK Sirius,Premium,,,,,,,,
354,True,,,Allsvenskan - Sweden,,Kalmar FF,IFK Goteborg,Premium,,,,,,,,
354,False,,,Allsvenskan - Sweden,,Kalmar FF,IFK Goteborg,Match Result,,,2.51,Coolbet,,1.1,,
354,False,,,Allsvenskan - Sweden,,GAIS,Mjällby AIF,Match Result,,,2.5,Matchbook,,0.8,,
354,True,,,La Liga - Spain,,Levante,Sevilla,Premium,,,,,,,,
354,False,,,Allsvenskan - Sweden,,Malmo FF,IK Sirius,Match Result,,,2.2,Coolbet,,0.8,,
354,True,,,Allsvenskan - Sweden,,Degerfors IF,AIK,Premium,,,,,,,,
354,False,,,La Liga - Spain,,Levante,Sevilla,Match Result,,,2.59,1xBet,,0.9,,
354,True,,,Allsvenskan - Sweden,,GAIS,Mjällby AIF,Premium,,,,,,,,
354,False,,,Premier League - Russia,,Spartak Moscow,FC Krasnodar,Match Result,,,2.42,1xBet,,0.7,,
354,False,,,Dutch Eredivisie,,Go Ahead Eagles,AZ Alkmaar,Match Result,,,2.3,Unibet (NL),,0.8,,
355,False,,,Premier League - Russia,,FC Akhmat Grozny,FC Baltika Kaliningrad,Match Result,,,2.48,1xBet,,1.0,,
355,True,,,Dutch Eredivisie,,Go Ahead Eagles,AZ Alkmaar,Premium,,,,,,,,
355,True,,,Premier League - Russia,,Spartak Moscow,FC Krasnodar,Premium,,,,,,,,
355,True,,,Saudi Pro League,,Al-Najma,Al-Taawoun,Premium,,,,,,,,
355,False,,,Saudi Pro League,,Al-Najma,Al-Taawoun,Match Result,,,1.74,Betfair,,0.4,,
355,False,,,Denmark Superliga,,FC Nordsjaelland,AGF Aarhus,Match Result,,,2.29,GTbets,,0.9,,
355,False,,,Denmark Superliga,,Randers FC,FC Fredericia,Match Result,,,1.82,Betfair,,0.5,,
355,True,,,Denmark Superliga,,Randers FC,FC Fredericia,Premium,,,,,,,,
355,True,,,Denmark Superliga,,FC Nordsjaelland,AGF Aarhus,Premium,,,,,,,,
355,False,,,Premier League - Russia,,FC Akron Tolyatti,FC Dynamo Makhachkala,Match Result,,,2.55,1xBet,,0.9,,
355,True,,,Premier League - Russia,,FC Akron Tolyatti,FC Dynamo Makhachkala,Premium,,,,,,,,
356,False,,,Liga MX,,Tijuana,Pachuca,Match Result,,,2.54,Matchbook,,0.8,,
356,True,,,Liga MX,,Necaxa,Guadalajara,Premium,,,,,,,,
356,False,,,Liga MX,,Necaxa,Guadalajara,Match Result,,,1.75,BetOnline.ag,,0.4,,
356,True,,,Liga MX,,Tijuana,Pachuca,Premium,,,,,,,,
356,True,,,MLS,,Los Angeles FC,Colorado Rapids,Premium,,,,,,,,
356,True,,,MLS,,San Jose Earthquakes,Austin FC,Premium,,,,,,,,
356,False,,,MLS,,San Jose Earthquakes,Austin FC,Match Result,,,1.56,Virgin Bet,,0.2,,
356,False,,,MLS,,Los Angeles FC,Colorado Rapids,Match Result,,,1.46,GTbets,,0.2,,
356,True,,,MLS,,Real Salt Lake,Inter Miami CF,Premium,,,,,,,,
356,False,,,MLS,,Real Salt Lake,Inter Miami CF,Match Result,,,2.3,Betfair,,1.0,,
356,False,,,Liga MX,,Mazatlán FC,Toluca,Match Result,,,1.42,Betfair,,0.2,,
356,False,,,Liga MX,,Atlético San Luis,Santos Laguna,Match Result,,,1.75,GTbets,,0.5,,
357,True,,,Liga MX,,Atlas,Tigres,Premium,,,,,,,,
357,False,,,Liga MX,,Atlas,Tigres,Match Result,,,1.88,Betfair,,0.6,,
357,False,,,MLS,,Houston Dynamo,San Diego FC,Match Result,,,2.06,GTbets,,0.6,,
357,False,,,MLS,,FC Dallas,Minnesota United FC,Match Result,,,2.18,LeoVegas (SE),,0.7,,
357,True,,,MLS,,FC Dallas,Minnesota United FC,Premium,,,,,,,,
357,True,,,MLS,,Houston Dynamo,San Diego FC,Premium,,,,,,,,
357,False,,,Brazil Série B,,Cuiabá,Botafogo,Match Result,,,2.32,Betfair,,0.9,,
357,True,,,Brazil Série B,,Cuiabá,Botafogo,Premium,,,,,,,,
357,True,,,MLS,,Atlanta United FC,New England Revolution,Premium,,,,,,,,
357,False,,,MLS,,Atlanta United FC,New England Revolution,Match Result,,,2.12,Betfair,,0.7,,
358,False,,,MLS,,New York Red Bulls,D.C. United,Match Result,,,1.94,Betfair,,0.6,,
358,True,,,MLS,,New York Red Bulls,D.C. United,Premium,,,,,,,,
358,True,,,MLS,,New York City FC,FC Cincinnati,Premium,,,,,,,,
358,False,,,MLS,,Toronto FC,Philadelphia Union,Match Result,,,2.51,1xBet,,1.1,,
358,False,,,MLS,,New York City FC,FC Cincinnati,Match Result,,,1.91,Matchbook,,0.6,,
358,False,,,MLS,,Orlando City SC,Charlotte FC,Match Result,,,2.7,Virgin Bet,,0.9,,
358,True,,,MLS,,Columbus Crew SC,LA Galaxy,Premium,,,,,,,,
358,True,,,MLS,,Orlando City SC,Charlotte FC,Premium,,,,,,,,
358,False,,,MLS,,Columbus Crew SC,LA Galaxy,Match Result,,,1.83,Betway,,0.5,,
358,True,,,MLS,,Toronto FC,Philadelphia Union,Premium,,,,,,,,
358,True,,,La Liga - Spain,,Barcelona,Celta Vigo,Premium,,,,,,,,
358,False,,,La Liga - Spain,,Barcelona,Celta Vigo,Match Result,,,1.25,BetOnline.ag,,0.1,,
359,True,,,EPL,,Burnley,Manchester City,Premium,,,,,,,,
359,False,,,Coupe de France,,Strasbourg,Nice,Match Result,,,1.78,Unibet (UK),,0.5,,
359,True,,,Coppa Italia,,Atalanta BC,Lazio,Premium,,,,,,,,
359,True,,,EPL,,Bournemouth,Leeds United,Premium,,,,,,,,
359,False,,,EPL,,Bournemouth,Leeds United,Match Result,,,2.07,1xBet,,0.4,,
359,True,,,Coupe de France,,Strasbourg,Nice,Premium,,,,,,,,
359,False,,,Coppa Italia,,Atalanta BC,Lazio,Match Result,,,1.83,Betfair,,0.5,,
359,True,,,Championship,,Birmingham City,Preston North End,Premium,,,,,,,,
359,False,,,Championship,,Middlesbrough,Sheffield Wednesday,Match Result,,,1.2,Coral,,0.0,,
359,False,,,Championship,,Sheffield United,Blackburn Rovers,Match Result,,,1.82,Matchbook,,0.5,,
359,True,,,Championship,,Sheffield United,Blackburn Rovers,Premium,,,,,,,,
359,False,,,Championship,,Birmingham City,Preston North End,Match Result,,,1.71,LeoVegas (SE),,0.3,,
360,False,,,Championship,,Charlton Athletic,Ipswich Town,Match Result,,,1.8,Coral,,0.4,,
360,False,,,Austrian Football Bundesliga,,Sturm Graz,LASK,Match Result,,,2.68,Betfair,,0.9,,
360,True,,,Austrian Football Bundesliga,,Sturm Graz,LASK,Premium,,,,,,,,
360,False,,,Belgium First Div,,Club Brugge,KV Mechelen,Match Result,,,1.25,BetMGM,,0.1,,
360,True,,,Belgium First Div,,Union Saint-Gilloise,Gent,Premium,,,,,,,,
360,False,,,Belgium First Div,,Union Saint-Gilloise,Gent,Match Result,,,1.5,Betfair,,0.3,,
360,True,,,Belgium First Div,,Club Brugge,KV Mechelen,Premium,,,,,,,,
360,False,,,Denmark Superliga,,Viborg FF,Brondby IF,Match Result,,,2.38,Betway,,1.0,,
360,True,,,Dutch Eredivisie,,SC Telstar,Sparta Rotterdam,Premium,,,,,,,,
361,False,,,Dutch Eredivisie,,SC Telstar,Sparta Rotterdam,Match Result,,,2.52,1xBet,,1.1,,
361,False,,,La Liga - Spain,,Real Sociedad,Getafe,Match Result,,,2.32,1xBet,,0.9,,
361,True,,,La Liga - Spain,,Real Sociedad,Getafe,Premium,,,,,,,,
361,True,,,Denmark Superliga,,Viborg FF,Brondby IF,Premium,,,,,,,,
361,True,,,Super League - Greece,,Asteras Tripolis,Panetolikos Agrinio,Premium,,,,,,,,
361,True,,,Allsvenskan - Sweden,,IF Elfsborg,Djurgardens IF,Premium,,,,,,,,
361,False,,,Allsvenskan - Sweden,,Örgryte IS,IF Brommapojkarna,Match Result,,,2.48,Matchbook,,0.7,,
361,True,,,Ligue 1 - France,,Paris Saint Germain,Nantes,Premium,,,,,,,,
361,True,,,Allsvenskan - Sweden,,Västerås SK,BK Hacken,Premium,,,,,,,,
361,False,,,Super League - Greece,,Asteras Tripolis,Panetolikos Agrinio,Match Result,,,2.28,Unibet (SE),,0.7,,
361,False,,,Allsvenskan - Sweden,,IF Elfsborg,Djurgardens IF,Match Result,,,2.38,Betfair,,0.9,,
361,False,,,Ligue 1 - France,,Paris Saint Germain,Nantes,Match Result,,,1.21,BetMGM,,0.0,,
362,True,,,Allsvenskan - Sweden,,Örgryte IS,IF Brommapojkarna,Premium,,,,,,,,
362,False,,,Allsvenskan - Sweden,,Hammarby IF,Halmstads BK,Match Result,,,1.21,Betfair,,0.0,,
362,True,,,Premier League - Russia,,Dinamo Moscow,Rubin Kazan,Premium,,,,,,,,
362,False,,,Premier League - Russia,,Dinamo Moscow,Rubin Kazan,Match Result,,,1.6,1xBet,,0.2,,
362,True,,,Premier League - Russia,,Lokomotiv Moscow,Zenit St Petersburg,Premium,,,,,,,,
362,False,,,Premier League - Russia,,Lokomotiv Moscow,Zenit St Petersburg,Match Result,,,2.22,1xBet,,0.7,,
362,True,,,Austrian Football Bundesliga,,RB Salzburg,Austria Wien,Premium,,,,,,,,
362,False,,,Austrian Football Bundesliga,,Rapid Wien,Hartberg,Match Result,,,1.75,BetRivers,,0.4,,
363,False,,,Austrian Football Bundesliga,,RB Salzburg,Austria Wien,Match Result,,,1.71,Unibet (SE),,0.5,,
363,True,,,Frauen-Bundesliga,,Werder Bremen,VfL Wolfsburg,Premium,,,,,,,,
363,False,,,Denmark Superliga,,FC Copenhagen,OB Odense BK,Match Result,,,1.7,GTbets,,0.4,,
363,True,,,Denmark Superliga,,Vejle Boldklub,Silkeborg IF,Premium,,,,,,,,
363,False,,,Denmark Superliga,,Vejle Boldklub,Silkeborg IF,Match Result,,,2.54,Betfair,,0.9,,
363,True,,,Frauen-Bundesliga,,Union Berlin,Bayern Munich,Premium,,,,,,,,
363,False,,,Frauen-Bundesliga,,Werder Bremen,VfL Wolfsburg,Match Result,,,1.42,Pinnacle,,0.2,,
363,True,,,Denmark Superliga,,FC Copenhagen,OB Odense BK,Premium,,,,,,,,
363,True,,,Veikkausliiga - Finland,,KuPS Kuopio,AC Oulu,Premium,,,,,,,,
363,False,,,Veikkausliiga - Finland,,KuPS Kuopio,AC Oulu,Match Result,,,1.8,Coolbet,,0.5,,
363,True,,,Premier League - Russia,,Gazovik Orenburg,FC Nizhny Novgorod,Premium,,,,,,,,
364,False,,,Premier League - Russia,,Gazovik Orenburg,FC Nizhny Novgorod,Match Result,,,2.04,1xBet,,0.7,,
364,False,,,Super League - Greece,,AEL,AE Kifisia FC,Match Result,,,2.7,Coolbet,,0.9,,
364,True,,,Super League - Greece,,AEL,AE Kifisia FC,Premium,,,,,,,,
364,False,,,Super League - Greece,,Panserraikos FC,Atromitos Athens,Match Result,,,2.8,Betfair,,1.3,,
364,True,,,Super League - Greece,,Panserraikos FC,Atromitos Athens,Premium,,,,,,,,
364,False,,,Super League - China,,Shanghai Shenhua FC,Qingdao Hainiu FC,Match Result,,,1.38,Betfair,,0.1,,
364,True,,,Super League - China,,Liaoning Tieren FC,Dalian Yingbo,Premium,,,,,,,,
364,False,,,Super League - China,,Qingdao West Coast FC,Henan FC,Match Result,,,2.66,GTbets,,0.9,,
364,False,,,Super League - China,,Liaoning Tieren FC,Dalian Yingbo,Match Result,,,2.32,Matchbook,,0.9,,
364,True,,,Super League - China,,Qingdao West Coast FC,Henan FC,Premium,,,,,,,,
364,True,,,K League 1,,Pohang Steelers,Gwangju FC,Premium,,,,,,,,
364,True,,,K League 1,,FC Anyang,Ulsan Hyundai FC,Premium,,,,,,,,
365,False,,,K League 1,,Pohang Steelers,Gwangju FC,Match Result,,,1.67,LeoVegas,,0.3,,
365,False,,,K League 1,,Daejeon Citizen,Jeju United FC,Match Result,,,1.8,LeoVegas,,0.4,,
365,True,,,K League 1,,Daejeon Citizen,Jeju United FC,Premium,,,,,,,,
365,True,,,J League,,Gamba Osaka,Avispa Fukuoka,Premium,,,,,,,,
365,False,,,J League,,Gamba Osaka,Avispa Fukuoka,Match Result,,,1.81,BetAnything,,0.4,,
365,False,,,Liga MX,,León,América,Match Result,,,2.02,Betfair,,0.6,,
365,True,,,Liga MX,,León,América,Premium,,,,,,,,
365,False,,,Liga MX,,Monterrey,Puebla,Match Result,,,1.48,Matchbook,,0.3,,
365,True,,,Liga MX,,Monterrey,Puebla,Premium,,,,,,,,
365,False,,,Liga MX,,Querétaro,Cruz Azul,Match Result,,,1.8,GTbets,,0.4,,
365,True,,,Liga MX,,Pumas,FC Juárez,Premium,,,,,,,,
366,False,,,Liga MX,,Pumas,FC Juárez,Match Result,,,1.93,Coolbet,,0.6,,
366,True,,,La Liga - Spain,,Real Madrid,Alavés,Premium,,,,,,,,
366,False,,,La Liga - Spain,,Real Madrid,Alavés,Match Result,,,1.32,1xBet,,0.1,,
366,True,,,La Liga - Spain,,Girona,Real Betis,Premium,,,,,,,,
366,False,,,La Liga - Spain,,Girona,Real Betis,Match Result,,,2.67,Coolbet,,0.9,,
366,False,,,Coupe de France,,RC Lens,Toulouse,Match Result,,,1.59,Betfair,,0.3,,
366,True,,,Coupe de France,,RC Lens,Toulouse,Premium,,,,,,,,
366,True,,,EPL,,Brighton and Hove Albion,Chelsea,Premium,,,,,,,,
366,False,,,EPL,,Brighton and Hove Albion,Chelsea,Match Result,,,2.54,Matchbook,,1.0,,
366,False,,,Coppa Italia,,Inter Milan,Como,Match Result,,,1.82,1xBet,,0.5,,
366,True,,,Coppa Italia,,Inter Milan,Como,Premium,,,,,,,,
367,True,,,League 1,,Rotherham United,Luton,Premium,,,,,,,,
367,True,,,Championship,,Southampton,Bristol City,Premium,,,,,,,,
367,False,,,League 1,,Bradford City,Plymouth Argyle,Match Result,,,2.5,Matchbook,,0.8,,
367,True,,,League 1,,Stockport County FC,Mansfield Town,Premium,,,,,,,,
367,True,,,Championship,,Oxford United,Wrexham AFC,Premium,,,,,,,,
367,False,,,League 1,,Stockport County FC,Mansfield Town,Match Result,,,1.65,Smarkets,,0.4,,
367,True,,,Championship,,Queens Park Rangers,Swansea City,Premium,,,,,,,,
367,True,,,Championship,,Coventry City,Portsmouth,Premium,,,,,,,,
367,True,,,League 1,,Bradford City,Plymouth Argyle,Premium,,,,,,,,
367,False,,,League 1,,Rotherham United,Luton,Match Result,,,1.72,LeoVegas,,0.4,,
367,True,,,Championship,,Norwich City,Derby County,Premium,,,,,,,,
367,True,,,League 1,,Doncaster Rovers,Lincoln City,Premium,,,,,,,,
368,False,,,Championship,,Southampton,Bristol City,Match Result,,,1.47,Nordic Bet,,0.2,,
368,False,,,Championship,,Coventry City,Portsmouth,Match Result,,,1.69,Smarkets,,0.3,,
368,False,,,Championship,,Leicester City,Hull City,Match Result,,,2.1,Betfair,,0.8,,
368,False,,,League 2,,Cambridge United,Grimsby Town,Match Result,,,1.84,Matchbook,,0.5,,
368,False,,,League 2,,Cheltenham Town,Tranmere Rovers,Match Result,,,2.42,Betfair,,1.0,,
368,True,,,League 1,,Stevenage,Barnsley,Premium,,,,,,,,
368,False,,,League 1,,Stevenage,Barnsley,Match Result,,,1.81,Betfair,,0.5,,
368,False,,,Championship,,Queens Park Rangers,Swansea City,Match Result,,,2.38,LeoVegas (SE),,1.0,,
369,False,,,Championship,,Norwich City,Derby County,Match Result,,,2.08,Betfair,,0.6,,
369,False,,,League 1,,Doncaster Rovers,Lincoln City,Match Result,,,2.34,Betfair,,0.8,,
369,True,,,League 2,,Cambridge United,Grimsby Town,Premium,,,,,,,,
369,False,,,Championship,,West Bromwich Albion,Watford,Match Result,,,1.85,LeoVegas (SE),,0.6,,
369,False,,,Belgium First Div,,Genk,Charleroi,Match Result,,,1.98,Unibet (UK),,0.5,,
369,False,,,Belgium First Div,,Leuven,Westerlo,Match Result,,,2.68,Smarkets,,0.9,,
369,True,,,Belgium First Div,,Standard Liege,Royal Antwerp,Premium,,,,,,,,
369,False,,,Belgium First Div,,Standard Liege,Royal Antwerp,Match Result,,,2.6,Betfair,,1.0,,
369,True,,,Austrian Football Bundesliga,,Ried,Grazer AK,Premium,,,,,,,,
369,True,,,Belgium First Div,,Leuven,Westerlo,Premium,,,,,,,,
370,False,,,Austrian Football Bundesliga,,Ried,Grazer AK,Match Result,,,2.28,Grosvenor,,0.9,,
370,False,,,Superettan - Sweden,,Örebro SK,IFK Norrkoping,Match Result,,,2.28,Betfair,,0.8,,
370,True,,,La Liga - Spain,,Mallorca,Valencia,Premium,,,,,,,,
370,True,,,La Liga - Spain,,Athletic Bilbao,CA Osasuna,Premium,,,,,,,,
370,False,,,La Liga - Spain,,Athletic Bilbao,CA Osasuna,Match Result,,,1.98,1xBet,,0.5,,
370,False,,,La Liga - Spain,,Mallorca,Valencia,Match Result,,,2.58,Betfair,,1.1,,
370,True,,,Superettan - Sweden,,Örebro SK,IFK Norrkoping,Premium,,,,,,,,
370,False,,,Premier League - Russia,,CSKA Moscow,FK Rostov,Match Result,,,1.96,1xBet,,0.5,,
370,True,,,Premier League - Russia,,CSKA Moscow,FK Rostov,Premium,,,,,,,,
370,False,,,Austrian Football Bundesliga,,Rheindorf Altach,WSG Tirol,Match Result,,,2.23,TABtouch,,0.8,,
370,False,,,Austrian Football Bundesliga,,FC Blau-Weiß Linz,Wolfsberger AC,Match Result,,,2.33,TABtouch,,0.8,,
371,True,,,Austrian Football Bundesliga,,Rheindorf Altach,WSG Tirol,Premium,,,,,,,,
371,True,,,Austrian Football Bundesliga,,FC Blau-Weiß Linz,Wolfsberger AC,Premium,,,,,,,,
371,True,,,Premier League - Russia,,FK Sochi,Kryliya Sovetov,Premium,,,,,,,,
371,False,,,Premier League - Russia,,FK Sochi,Kryliya Sovetov,Match Result,,,2.82,1xBet,,1.0,,
371,True,,,Super League - China,,Shanghai SIPG FC,Chongqing Tonglianglong FC,Premium,,,,,,,,
371,False,,,Super League - China,,Tianjin Jinmen Tiger FC,Shandong Luneng Taishan FC,Match Result,,,1.93,Matchbook,,0.5,,
371,False,,,Super League - China,,Shanghai SIPG FC,Chongqing Tonglianglong FC,Match Result,,,1.84,Betfair,,0.5,,
371,True,,,Super League - China,,Tianjin Jinmen Tiger FC,Shandong Luneng Taishan FC,Premium,,,,,,,,
371,False,,,Super League - China,,Chengdu Rongcheng FC,Yunnan Yukun,Match Result,,,1.47,GTbets,,0.2,,
371,True,,,Super League - China,,Wuhan Three Towns,Zhejiang,Premium,,,,,,,,
371,True,,,Super League - China,,Chengdu Rongcheng FC,Yunnan Yukun,Premium,,,,,,,,
371,False,,,Super League - China,,Wuhan Three Towns,Zhejiang,Match Result,,,2.02,Coolbet,,0.7,,
372,True,,,Super League - China,,Shenzhen Peng City FC,Beijing FC,Premium,,,,,,,,
372,False,,,Super League - China,,Shenzhen Peng City FC,Beijing FC,Match Result,,,1.98,Unibet,,0.6,,
372,False,,,K League 1,,Jeonbuk Hyundai Motors,Incheon United,Match Result,,,1.98,BetMGM,,0.7,,
372,False,,,K League 1,,Sangju Sangmu FC,Gangwon FC,Match Result,,,2.56,Betfair,,0.9,,
372,True,,,K League 1,,Sangju Sangmu FC,Gangwon FC,Premium,,,,,,,,
372,True,,,K League 1,,Jeonbuk Hyundai Motors,Incheon United,Premium,,,,,,,,
372,True,,,Primera División - Argentina,,CA Tigre BA,Atlético Huracán,Premium,,,,,,,,
372,True,,,Primera División - Argentina,,Gimnasia Mendoza,Lanus,Premium,,,,,,,,
372,False,,,Primera División - Argentina,,Gimnasia Mendoza,Lanus,Match Result,,,2.44,Matchbook,,1.1,,
372,False,,,Primera División - Argentina,,CA Tigre BA,Atlético Huracán,Match Result,,,2.3,BetRivers,,0.7,,
372,False,,,Primera División - Chile,,Universidad Católica (CHI),Union La Calera,Match Result,,,1.52,GTbets,,0.3,,
372,True,,,Primera División - Chile,,Universidad Católica (CHI),Union La Calera,Premium,,,,,,,,
373,False,,,Primera División - Argentina,,San Lorenzo,Velez Sarsfield BA,Match Result,,,2.68,Matchbook,,0.9,,
373,True,,,Primera División - Argentina,,San Lorenzo,Velez Sarsfield BA,Premium,,,,,,,,
373,False,,,Primera División - Argentina,,Central Córdoba,Platense,Match Result,,,2.84,Betfair,,1.1,,
373,False,,,Primera División - Argentina,,Banfield,Independiente Rivadavia,Match Result,,,2.8,Betfair,,1.0,,
373,True,,,Primera División - Argentina,,Banfield,Independiente Rivadavia,Premium,,,,,,,,
373,True,,,Primera División - Argentina,,Central Córdoba,Platense,Premium,,,,,,,,
373,True,,,Primeira Liga - Portugal,,Moreirense FC,Estoril,Premium,,,,,,,,
373,False,,,Primeira Liga - Portugal,,Moreirense FC,Estoril,Match Result,,,2.35,GTbets,,0.8,,
373,True,,,EPL,,Crystal Palace,West Ham United,Premium,,,,,,,,
373,False,,,EPL,,Crystal Palace,West Ham United,Match Result,,,2.56,1xBet,,0.9,,
373,True,,,Serie A - Italy,,Lecce,Fiorentina,Premium,,,,,,,,
373,False,,,Ligue 2 - France,,USL Dunkerque,Stade Lavallois,Match Result,,,1.99,Matchbook,,0.6,,
374,True,,,Ligue 2 - France,,USL Dunkerque,Stade Lavallois,Premium,,,,,,,,
374,False,,,La Liga 2 - Spain,,Deportivo La Coruña,CD Mirandés,Match Result,,,1.57,Matchbook,,0.3,,
374,True,,,La Liga 2 - Spain,,Deportivo La Coruña,CD Mirandés,Premium,,,,,,,,
374,True,,,Primera División - Argentina,,Barracas Central,Belgrano de Cordoba,Premium,,,,,,,,
374,False,,,Primera División - Argentina,,Barracas Central,Belgrano de Cordoba,Match Result,,,2.38,Unibet (SE),,0.7,,
374,False,,,Superettan - Sweden,,GIF Sundsvall,IK Brage,Match Result,,,2.84,Betfair,,1.0,,
374,True,,,Superettan - Sweden,,GIF Sundsvall,IK Brage,Premium,,,,,,,,
374,False,,,Turkey Super League,,Gazişehir Gaziantep,Kayserispor,Match Result,,,2.34,1xBet,,0.8,,
374,True,,,Denmark Superliga,,FC Midtjylland,AGF Aarhus,Premium,,,,,,,,
374,True,,,Turkey Super League,,Gazişehir Gaziantep,Kayserispor,Premium,,,,,,,,
374,True,,,Ekstraklasa - Poland,,Lechia Gdańsk,Piast Gliwice,Premium,,,,,,,,
375,True,,,Superettan - Sweden,,IK Oddevold,Östers IF,Premium,,,,,,,,
375,True,,,Primera División - Chile,,Huachipato,Audax Italiano,Premium,,,,,,,,
375,False,,,Primera División - Chile,,Huachipato,Audax Italiano,Match Result,,,2.34,Betfair,,0.9,,
375,False,,,Primera División - Argentina,,Talleres,Deportivo Riestra,Match Result,,,1.89,LowVig.ag,,0.5,,
375,True,,,Primera División - Argentina,,Rosario Central,Sarmiento de Junin,Premium,,,,,,,,
375,True,,,Primera División - Argentina,,Talleres,Deportivo Riestra,Premium,,,,,,,,
375,False,,,Primera División - Argentina,,Rosario Central,Sarmiento de Junin,Match Result,,,1.53,theScore Bet,,0.3,,
375,False,,,J League,,Mito HollyHock,Kashiwa Reysol,Match Result,,,1.83,Betway,,0.5,,
375,True,,,J League,,Mito HollyHock,Kashiwa Reysol,Premium,,,,,,,,
376,False,,,Liga MX,,América,Toluca,Match Result,,,2.66,Betfair,,0.9,,
376,False,,,A-League,,Auckland FC,Central Coast Mariners,Match Result,,,1.44,Matchbook,,0.2,,
376,True,,,Liga MX,,León,FC Juárez,Premium,,,,,,,,
376,True,,,Liga MX,,América,Toluca,Premium,,,,,,,,
376,False,,,Liga MX,,León,FC Juárez,Match Result,,,2.38,betPARX,,0.7,,
376,True,,,A-League,,Auckland FC,Central Coast Mariners,Premium,,,,,,,,
376,False,,,MLS,,Real Salt Lake,San Diego FC,Match Result,,,2.06,LeoVegas,,0.6,,
376,True,,,MLS,,Real Salt Lake,San Diego FC,Premium,,,,,,,,
376,False,,,MLS,,Seattle Sounders FC,St. Louis City SC,Match Result,,,1.75,Betsson,,0.4,,
376,True,,,MLS,,Seattle Sounders FC,St. Louis City SC,Premium,,,,,,,,
376,False,,,Liga MX,,Guadalajara,Puebla,Match Result,,,1.34,1xBet,,0.1,,
376,False,,,Liga MX,,Monterrey,Pachuca,Match Result,,,2.2,Betfair,,0.8,,
377,False,,,Primera División - Argentina,,Argentinos Juniors,Atlético Tucuman,Match Result,,,1.66,Betfair,,0.4,,
377,True,,,Primera División - Argentina,,Argentinos Juniors,Atlético Tucuman,Premium,,,,,,,,
377,True,,,MLS,,FC Dallas,LA Galaxy,Premium,,,,,,,,
377,False,,,MLS,,Minnesota United FC,Portland Timbers,Match Result,,,1.85,GTbets,,0.5,,
377,False,,,MLS,,FC Dallas,LA Galaxy,Match Result,,,2.16,GTbets,,0.7,,
377,True,,,MLS,,Minnesota United FC,Portland Timbers,Premium,,,,,,,,
377,False,,,Primera División - Chile,,Deportes Concepción,La Serena,Match Result,,,2.48,Betfair,,0.8,,
377,True,,,Primera División - Chile,,Deportes Concepción,La Serena,Premium,,,,,,,,
377,False,,,Brazil Série B,,Clube de Regatas Brasil,Juventude,Match Result,,,2.18,LowVig.ag,,0.8,,
377,True,,,Brazil Série B,,Clube de Regatas Brasil,Juventude,Premium,,,,,,,,
377,True,,,MLS,,Philadelphia Union,D.C. United,Premium,,,,,,,,
378,True,,,MLS,,New York City FC,Charlotte FC,Premium,,,,,,,,
378,False,,,MLS,,Philadelphia Union,D.C. United,Match Result,,,1.93,Betfair,,0.7,,
378,True,,,MLS,,Atlanta United FC,Nashville SC,Premium,,,,,,,,
378,False,,,Brazil Série A,,Cruzeiro,Grêmio,Match Result,,,1.74,Betfair,,0.4,,
378,True,,,Brazil Série A,,Cruzeiro,Grêmio,Premium,,,,,,,,
378,True,,,MLS,,FC Cincinnati,Chicago Fire,Premium,,,,,,,,
378,False,,,MLS,,Orlando City SC,Houston Dynamo,Match Result,,,2.55,Coolbet,,0.9,,
378,False,,,MLS,,New England Revolution,Columbus Crew SC,Match Result,,,2.66,Betfair,,0.9,,
378,False,,,MLS,,New York City FC,Charlotte FC,Match Result,,,1.98,Nordic Bet,,0.6,,
378,True,,,MLS,,Orlando City SC,Houston Dynamo,Premium,,,,,,,,
378,False,,,MLS,,FC Cincinnati,Chicago Fire,Match Result,,,2.7,Matchbook,,0.9,,
379,False,,,Brazil Série A,,Vitoria,Corinthians,Match Result,,,2.75,Unibet,,1.0,,
379,True,,,Brazil Série A,,Vitoria,Corinthians,Premium,,,,,,,,
379,True,,,Liga MX,,Necaxa,Tigres,Premium,,,,,,,,
379,True,,,Liga MX,,Cruz Azul,Tijuana,Premium,,,,,,,,
379,False,,,Liga MX,,Cruz Azul,Tijuana,Match Result,,,1.42,Betfair,,0.2,,
379,False,,,Liga MX,,Necaxa,Tigres,Match Result,,,2.05,Coolbet,,0.6,,
379,True,,,Primera División - Argentina,,Independiente,Defensa y Justicia,Premium,,,,,,,,
379,False,,,Primera División - Argentina,,Independiente,Defensa y Justicia,Match Result,,,1.78,Betfair,,0.5,,
379,False,,,Brazil Série A,,Vasco da Gama,Sao Paulo,Match Result,,,2.36,Matchbook,,0.8,,
379,False,,,Brazil Série B,,Vila Nova,Operario PR,Match Result,,,2.46,Matchbook,,1.0,,
379,True,,,Brazil Série B,,Avai,Ponte Preta,Premium,,,,,,,,
380,False,,,Brazil Série B,,Avai,Ponte Preta,Match Result,,,1.75,Coolbet,,0.5,,
380,True,,,Brazil Série A,,Vasco da Gama,Sao Paulo,Premium,,,,,,,,
380,True,,,Brazil Série B,,Vila Nova,Operario PR,Premium,,,,,,,,
380,True,,,Brazil Série A,,Chapecoense,Botafogo,Premium,,,,,,,,
380,False,,,Brazil Série A,,Chapecoense,Botafogo,Match Result,,,2.32,Matchbook,,0.9,,
380,True,,,Brazil Série B,,Nautico PE,São Bernardo,Premium,,,,,,,,
380,False,,,Brazil Série B,,Nautico PE,São Bernardo,Match Result,,,1.75,William Hill,,0.3,,
380,True,,,MLS,,Colorado Rapids,Inter Miami CF,Premium,,,,,,,,
380,False,,,MLS,,Colorado Rapids,Inter Miami CF,Match Result,,,2.02,1xBet,,0.6,,
380,False,,,Primera División - Argentina,,Instituto de Córdoba,Estudiantes,Match Result,,,2.85,Unibet,,1.1,,
381,False,,,Primeira Liga - Portugal,,Gil Vicente,Vitória SC,Match Result,,,2.24,Betfair,,0.9,,
381,True,,,Primeira Liga - Portugal,,Gil Vicente,Vitória SC,Premium,,,,,,,,
381,True,,,Ligue 1 - France,,Lille,Nice,Premium,,,,,,,,
381,False,,,Ligue 1 - France,,Lille,Nice,Match Result,,,1.54,LeoVegas (SE),,0.3,,
381,True,,,Brazil Série B,,América Mineiro,Sport Recife,Premium,,,,,,,,
381,False,,,EPL,,Chelsea,Manchester United,Match Result,,,2.21,GTbets,,0.8,,
381,False,,,Brazil Série B,,América Mineiro,Sport Recife,Match Result,,,2.6,Matchbook,,0.9,,
381,True,,,EPL,,Chelsea,Manchester United,Premium,,,,,,,,
381,True,,,Serie A - Italy,,AS Roma,Atalanta BC,Premium,,,,,,,,
381,False,,,Serie A - Italy,,AS Roma,Atalanta BC,Match Result,,,2.58,1xBet,,1.0,,
381,False,,,League of Ireland,,Sligo Rovers,Waterford FC,Match Result,,,2.15,Betway,,0.8,,
382,False,,,Belgium First Div,,KV Mechelen,Anderlecht,Match Result,,,2.52,Betfair,,1.0,,
382,True,,,MLS,,CF Montreal,New York Red Bulls,Premium,,,,,,,,
382,False,,,Bundesliga 2 - Germany,,Hannover 96,SC Paderborn,Match Result,,,2.26,Betfair,,0.9,,
382,True,,,Bundesliga 2 - Germany,,Hannover 96,SC Paderborn,Premium,,,,,,,,
382,False,,,Swiss Superleague,,FC Thun,FC Basel,Match Result,,,1.96,Betfair,,0.6,,
382,False,,,MLS,,CF Montreal,New York Red Bulls,Match Result,,,2.62,Betfair,,0.9,,
382,True,,,Swiss Superleague,,FC Thun,FC Basel,Premium,,,,,,,,
382,True,,,Ekstraklasa - Poland,,Pogoń Szczecin,Lech Poznań,Premium,,,,,,,,
382,False,,,Ekstraklasa - Poland,,Pogoń Szczecin,Lech Poznań,Match Result,,,2.25,Coolbet,,0.8,,
382,True,,,Primera División - Argentina,,Gimnasia La Plata,Estudiantes de Río Cuarto,Premium,,,,,,,,
383,False,,,Primera División - Argentina,,Gimnasia La Plata,Estudiantes de Río Cuarto,Match Result,,,2.0,LowVig.ag,,0.7,,
383,False,,,Ligue 2 - France,,SC Bastia,Saint Etienne,Match Result,,,2.14,Betfair,,0.8,,
383,True,,,Serie B - Italy,,Juve Stabia,US Catanzaro 1929,Premium,,,,,,,,
383,False,,,Serie B - Italy,,Juve Stabia,US Catanzaro 1929,Match Result,,,2.4,Grosvenor,,0.9,,
383,True,,,Turkey Super League,,Genclerbirligi SK,Galatasaray,Premium,,,,,,,,
383,True,,,Ligue 1 - France,,Angers,Le Havre,Premium,,,,,,,,
383,True,,,Primeira Liga - Portugal,,Casa Pia,Santa Clara,Premium,,,,,,,,
383,False,,,Turkey Super League,,Genclerbirligi SK,Galatasaray,Match Result,,,1.42,GTbets,,0.2,,
383,False,,,Super League - Greece,,Panetolikos Agrinio,Panserraikos FC,Match Result,,,1.84,1xBet,,0.5,,
383,True,,,Super League - Greece,,Panetolikos Agrinio,Panserraikos FC,Premium,,,,,,,,
383,True,,,MLS,,Toronto FC,Austin FC,Premium,,,,,,,,
384,False,,,Primeira Liga - Portugal,,Casa Pia,Santa Clara,Match Result,,,2.24,Betfair,,0.7,,
384,True,,,EPL,,Tottenham Hotspur,Brighton and Hove Albion,Premium,,,,,,,,
384,False,,,La Liga 2 - Spain,,Cultural Leonesa,Córdoba,Match Result,,,2.66,Betfair,,0.9,,
384,True,,,Bundesliga - Germany,,Eintracht Frankfurt,RB Leipzig,Premium,,,,,,,,
384,False,,,Premier League - Russia,,FC Nizhny Novgorod,Dinamo Moscow,Match Result,,,1.89,1xBet,,0.5,,
384,True,,,La Liga 2 - Spain,,Cultural Leonesa,Córdoba,Premium,,,,,,,,
384,True,,,La Liga 2 - Spain,,CD Castellón,Burgos CF,Premium,,,,,,,,
384,False,,,Bundesliga - Germany,,Eintracht Frankfurt,RB Leipzig,Match Result,,,2.07,GTbets,,0.6,,
384,False,,,La Liga 2 - Spain,,CD Castellón,Burgos CF,Match Result,,,1.79,Matchbook,,0.5,,
384,True,,,Premier League - Russia,,FC Nizhny Novgorod,Dinamo Moscow,Premium,,,,,,,,
385,True,,,Belgium First Div,,Westerlo,Genk,Premium,,,,,,,,
385,False,,,Belgium First Div,,Charleroi,Standard Liege,Match Result,,,1.87,Betfair,,0.6,,
385,True,,,Belgium First Div,,Charleroi,Standard Liege,Premium,,,,,,,,
385,False,,,Belgium First Div,,Westerlo,Genk,Match Result,,,2.5,Pinnacle,,0.8,,
385,True,,,Eliteserien - Norway,,Viking FK,SK Brann,Premium,,,,,,,,
385,True,,,Super League - Greece,,Aris Thessaloniki,Volos FC,Premium,,,,,,,,
385,False,,,Serie A - Italy,,Napoli,Lazio,Match Result,,,1.57,GTbets,,0.3,,
385,True,,,Serie A - Italy,,Napoli,Lazio,Premium,,,,,,,,
385,False,,,Veikkausliiga - Finland,,IFK Mariehamn,Ilves Tampere,Match Result,,,1.68,GTbets,,0.4,,
385,False,,,Super League - Greece,,Aris Thessaloniki,Volos FC,Match Result,,,1.71,Betfair,,0.3,,
385,False,,,Eliteserien - Norway,,Viking FK,SK Brann,Match Result,,,1.85,GTbets,,0.6,,
386,True,,,Ekstraklasa - Poland,,Górnik Zabrze,Korona Kielce,Premium,,,,,,,,
386,False,,,Ekstraklasa - Poland,,Górnik Zabrze,Korona Kielce,Match Result,,,1.97,Unibet (NL),,0.4,,
386,False,,,Serie B - Italy,,Palermo,Cesena FC,Match Result,,,1.62,Betfair,,0.4,,
386,True,,,Serie B - Italy,,Palermo,Cesena FC,Premium,,,,,,,,
386,True,,,Super League - Greece,,OFI Crete,Levadiakos,Premium,,,,,,,,
386,False,,,Austrian Football Bundesliga,,WSG Tirol,Rheindorf Altach,Match Result,,,2.55,Grosvenor,,0.8,,
386,False,,,Austrian Football Bundesliga,,Wolfsberger AC,FC Blau-Weiß Linz,Match Result,,,2.39,Pinnacle,,0.8,,
386,True,,,Austrian Football Bundesliga,,WSG Tirol,Rheindorf Altach,Premium,,,,,,,,
386,True,,,Ligue 1 - France,,Lorient,Marseille,Premium,,,,,,,,
386,False,,,Super League - Greece,,OFI Crete,Levadiakos,Match Result,,,2.6,Coolbet,,0.9,,
386,False,,,Ligue 1 - France,,Lorient,Marseille,Match Result,,,1.76,1xBet,,0.4,,
387,True,,,Austrian Football Bundesliga,,Wolfsberger AC,FC Blau-Weiß Linz,Premium,,,,,,,,
387,True,,,Primeira Liga - Portugal,,Nacional,Alverca,Premium,,,,,,,,
387,False,,,3. Liga - Germany,,SSV Ulm 1846,TSV Havelse,Match Result,,,1.7,Betfair,,0.3,,
387,False,,,Primeira Liga - Portugal,,Nacional,Alverca,Match Result,,,2.3,Matchbook,,1.0,,
387,True,,,3. Liga - Germany,,SSV Ulm 1846,TSV Havelse,Premium,,,,,,,,
387,False,,,La Liga 2 - Spain,,Zaragoza,AD Ceuta FC,Match Result,,,1.81,Unibet (SE),,0.5,,
387,True,,,La Liga 2 - Spain,,Zaragoza,AD Ceuta FC,Premium,,,,,,,,
387,True,,,League 1,,Northampton Town,Doncaster Rovers,Premium,,,,,,,,
387,True,,,League 2,,Notts County,Barnet,Premium,,,,,,,,
387,True,,,Championship,,Swansea City,Southampton,Premium,,,,,,,,
388,False,,,League 1,,Reading,Cardiff City,Match Result,,,1.7,Betfair,,0.3,,
388,True,,,League 2,,Fleetwood Town,Chesterfield FC,Premium,,,,,,,,
388,True,,,Super League - Greece,,Atromitos Athens,AEL,Premium,,,,,,,,
388,False,,,League 2,,Oldham Athletic,Salford City,Match Result,,,2.69,Pinnacle,,0.9,,
388,False,,,Championship,,Sheffield Wednesday,Charlton Athletic,Match Result,,,1.8,Betfred (UK),,0.4,,
388,False,,,Belgium First Div,,Royal Antwerp,Leuven,Match Result,,,2.33,Unibet (NL),,1.0,,
388,False,,,Turkey Super League,,Kocaelispor,Goztepe,Match Result,,,2.96,1xBet,,1.1,,
388,True,,,League 1,,Wycombe Wanderers,Blackpool,Premium,,,,,,,,
388,True,,,League 1,,Mansfield Town,Luton,Premium,,,,,,,,
388,True,,,League 2,,Gillingham,Grimsby Town,Premium,,,,,,,,
389,False,,,League 1,,Mansfield Town,Luton,Match Result,,,2.28,Betfair,,0.9,,
389,False,,,Championship,,Hull City,Birmingham City,Match Result,,,2.53,GTbets,,1.1,,
389,False,,,League 2,,Harrogate Town,Colchester United,Match Result,,,2.5,Matchbook,,0.8,,
389,False,,,EPL,,Leeds United,Wolverhampton Wanderers,Match Result,,,1.69,1xBet,,0.4,,
389,False,,,Championship,,Bristol City,Norwich City,Match Result,,,2.66,Betfair,,1.2,,
389,False,,,League 1,,Wycombe Wanderers,Blackpool,Match Result,,,1.93,Betfair,,0.6,,
389,True,,,League 1,,Wimbledon,Plymouth Argyle,Premium,,,,,,,,
389,False,,,League 2,,Crewe Alexandra,Milton Keynes Dons,Match Result,,,2.02,Matchbook,,0.6,,
389,True,,,Veikkausliiga - Finland,,AC Oulu,VPS Vaasa,Premium,,,,,,,,
389,False,,,Championship,,Watford,Sheffield United,Match Result,,,2.6,Matchbook,,0.9,,
389,True,,,League 2,,Cheltenham Town,Newport County,Premium,,,,,,,,
389,False,,,Championship,,Preston North End,West Bromwich Albion,Match Result,,,2.2,Betfair,,0.5,,
390,True,,,Championship,,Sheffield Wednesday,Charlton Athletic,Premium,,,,,,,,
390,False,,,League 2,,Notts County,Barnet,Match Result,,,2.5,Coral,,0.8,,
390,True,,,Championship,,Preston North End,West Bromwich Albion,Premium,,,,,,,,
390,False,,,League 1,,Northampton Town,Doncaster Rovers,Match Result,,,1.81,Matchbook,,0.4,,
390,True,,,Premier League - Russia,,Rubin Kazan,FC Akron Tolyatti,Premium,,,,,,,,
390,True,,,League 1,,Stevenage,Lincoln City,Premium,,,,,,,,
390,True,,,League 2,,Crawley Town,Shrewsbury Town,Premium,,,,,,,,
390,True,,,League 1,,Leyton Orient,Rotherham United,Premium,,,,,,,,
391,True,,,League 2,,Crewe Alexandra,Milton Keynes Dons,Premium,,,,,,,,
391,True,,,Belgium First Div,,Royal Antwerp,Leuven,Premium,,,,,,,,
391,True,,,League 2,,Harrogate Town,Colchester United,Premium,,,,,,,,
391,True,,,Turkey Super League,,Kocaelispor,Goztepe,Premium,,,,,,,,
392,True,,,League 2,,Oldham Athletic,Salford City,Premium,,,,,,,,
392,True,,,Championship,,Wrexham AFC,Stoke City,Premium,,,,,,,,
392,False,,,Super League - Greece,,Atromitos Athens,AEL,Match Result,,,2.07,Grosvenor,,0.5,,
392,True,,,Eliteserien - Norway,,Sandefjord,Rosenborg,Premium,,,,,,,,
393,False,,,Bundesliga - Germany,,Bayer Leverkusen,Augsburg,Match Result,,,1.47,GTbets,,0.2,,
393,False,,,Bundesliga - Germany,,Werder Bremen,Hamburger SV,Match Result,,,2.08,Unibet (NL),,0.6,,
393,True,,,Bundesliga - Germany,,Werder Bremen,Hamburger SV,Premium,,,,,,,,
393,True,,,Bundesliga - Germany,,Union Berlin,VfL Wolfsburg,Premium,,,,,,,,
393,False,,,Bundesliga - Germany,,TSG Hoffenheim,Borussia Dortmund,Match Result,,,2.62,Matchbook,,1.0,,
393,True,,,Bundesliga - Germany,,TSG Hoffenheim,Borussia Dortmund,Premium,,,,,,,,
393,False,,,Bundesliga - Germany,,Union Berlin,VfL Wolfsburg,Match Result,,,2.23,Unibet (NL),,0.8,,
393,True,,,Bundesliga - Germany,,Bayer Leverkusen,Augsburg,Premium,,,,,,,,
393,True,,,Allsvenskan - Sweden,,Mjällby AIF,IF Brommapojkarna,Premium,,,,,,,,
393,False,,,Allsvenskan - Sweden,,Halmstads BK,IFK Goteborg,Match Result,,,2.1,Coolbet,,0.6,,
393,False,,,Serie B - Italy,,Mantova,Avellino,Match Result,,,2.28,Pinnacle,,0.9,,
394,True,,,Serie B - Italy,,Spezia,Südtirol,Premium,,,,,,,,
394,False,,,Super League - Greece,,AE Kifisia FC,Asteras Tripolis,Match Result,,,2.06,Nordic Bet,,0.7,,
394,True,,,Serie B - Italy,,Modena,Frosinone,Premium,,,,,,,,
394,False,,,Serie B - Italy,,Spezia,Südtirol,Match Result,,,2.45,Coolbet,,1.0,,
394,True,,,Allsvenskan - Sweden,,Halmstads BK,IFK Goteborg,Premium,,,,,,,,
394,False,,,Serie B - Italy,,Bari,Venezia,Match Result,,,1.48,Casumo,,0.3,,
394,False,,,Serie A - Italy,,Udinese,Parma,Match Result,,,2.26,1xBet,,0.8,,
394,True,,,Serie B - Italy,,Bari,Venezia,Premium,,,,,,,,
394,False,,,Allsvenskan - Sweden,,Mjällby AIF,IF Brommapojkarna,Match Result,,,1.6,Smarkets,,0.4,,
394,True,,,Allsvenskan - Sweden,,IK Sirius,Västerås SK,Premium,,,,,,,,
395,True,,,Super League - Greece,,AE Kifisia FC,Asteras Tripolis,Premium,,,,,,,,
395,True,,,Serie B - Italy,,Mantova,Avellino,Premium,,,,,,,,
395,True,,,Superettan - Sweden,,Sandvikens IF,IFK Värnamo,Premium,,,,,,,,
395,True,,,Allsvenskan - Sweden,,Hammarby IF,Örgryte IS,Premium,,,,,,,,
395,False,,,Ekstraklasa - Poland,,Radomiak Radom,Widzew Łódź,Match Result,,,2.54,Betfair,,1.1,,
395,True,,,Ekstraklasa - Poland,,Radomiak Radom,Widzew Łódź,Premium,,,,,,,,
395,False,,,Super League - China,,Shanghai Shenhua FC,Liaoning Tieren FC,Match Result,,,1.48,Betfair,,0.3,,
396,False,,,3. Liga - Germany,,1. FC Saarbrücken,TSV 1860 München,Match Result,,,2.12,Betfair,,0.7,,
396,True,,,3. Liga - Germany,,MSV Duisburg,TSG Hoffenheim II,Premium,,,,,,,,
396,True,,,3. Liga - Germany,,1. FC Saarbrücken,TSV 1860 München,Premium,,,,,,,,
396,False,,,3. Liga - Germany,,SC Verl,FC Viktoria Köln 1904,Match Result,,,1.68,Betfair,,0.4,,
396,False,,,Ligue 2 - France,,Stade de Reims,Red Star,Match Result,,,1.98,Matchbook,,0.5,,
396,True,,,Eliteserien - Norway,,Bodø/Glimt,Aalesund,Premium,,,,,,,,
396,True,,,3. Liga - Germany,,Schweinfurt,Hansa Rostock,Premium,,,,,,,,
396,True,,,Super League - China,,Shanghai Shenhua FC,Liaoning Tieren FC,Premium,,,,,,,,
396,False,,,3. Liga - Germany,,MSV Duisburg,TSG Hoffenheim II,Match Result,,,1.91,Fanatics,,0.6,,
396,True,,,3. Liga - Germany,,FC Ingolstadt 04,VfL Osnabrück,Premium,,,,,,,,
396,True,,,3. Liga - Germany,,SC Verl,FC Viktoria Köln 1904,Premium,,,,,,,,
397,False,,,3. Liga - Germany,,FC Ingolstadt 04,VfL Osnabrück,Match Result,,,2.02,Coolbet,,0.7,,
397,False,,,League 2,,Swindon Town,Accrington Stanley,Match Result,,,1.69,Betfair,,0.4,,
397,False,,,League 1,,Bolton Wanderers,Huddersfield Town,Match Result,,,2.1,Betfair,,0.7,,
397,True,,,EPL,,Brentford,Fulham,Premium,,,,,,,,
397,False,,,League 1,,Barnsley,Bradford City,Match Result,,,2.34,Betfair,,0.9,,
397,False,,,EPL,,Brentford,Fulham,Match Result,,,2.18,1xBet,,0.6,,
397,True,,,Championship,,Millwall,Queens Park Rangers,Premium,,,,,,,,
397,False,,,League 2,,Barrow,Walsall,Match Result,,,2.48,Smarkets,,0.9,,
397,True,,,Championship,,Derby County,Oxford United,Premium,,,,,,,,
398,False,,,Turkey Super League,,Fatih Karagümrük,Eyüpspor,Match Result,,,2.02,Unibet (NL),,0.7,,
398,True,,,League 2,,Swindon Town,Accrington Stanley,Premium,,,,,,,,
398,True,,,Championship,,Portsmouth,Leicester City,Premium,,,,,,,,
398,False,,,Championship,,Millwall,Queens Park Rangers,Match Result,,,1.73,Betfair,,0.3,,
398,False,,,Championship,,Derby County,Oxford United,Match Result,,,1.97,Matchbook,,0.5,,
398,True,,,Premier League - Russia,,Kryliya Sovetov,CSKA Moscow,Premium,,,,,,,,
398,True,,,League 1,,Bolton Wanderers,Huddersfield Town,Premium,,,,,,,,
398,True,,,League 1,,Barnsley,Bradford City,Premium,,,,,,,,
399,False,,,Bundesliga 2 - Germany,,1. FC Magdeburg,Fortuna Düsseldorf,Match Result,,,2.1,Unibet (SE),,0.7,,
399,False,,,Super League - China,,Dalian Yingbo,Henan FC,Match Result,,,2.36,Betfair,,0.7,,
399,True,,,Bundesliga 2 - Germany,,Arminia Bielefeld,1. FC Nürnberg,Premium,,,,,,,,
399,True,,,Bundesliga 2 - Germany,,Dynamo Dresden,VfL Bochum,Premium,,,,,,,,
399,True,,,Superettan - Sweden,,Varbergs BoIS,Nordic United FC,Premium,,,,,,,,
399,False,,,Veikkausliiga - Finland,,IF Gnistan,HJK Helsinki,Match Result,,,1.61,BetMGM,,0.4,,
399,True,,,Veikkausliiga - Finland,,IF Gnistan,HJK Helsinki,Premium,,,,,,,,
399,False,,,Superettan - Sweden,,Varbergs BoIS,Nordic United FC,Match Result,,,1.97,BetUS,,0.7,,
399,False,,,Bundesliga 2 - Germany,,Dynamo Dresden,VfL Bochum,Match Result,,,2.36,Matchbook,,0.8,,
399,True,,,Super League - China,,Dalian Yingbo,Henan FC,Premium,,,,,,,,
399,True,,,Bundesliga 2 - Germany,,1. FC Magdeburg,Fortuna Düsseldorf,Premium,,,,,,,,
399,False,,,Bundesliga 2 - Germany,,Arminia Bielefeld,1. FC Nürnberg,Match Result,,,2.02,Matchbook,,0.6,,
400,False,,,A-League,,Sydney FC,Perth Glory,Match Result,,,1.57,Coral,,0.3,,
400,True,,,A-League,,Sydney FC,Perth Glory,Premium,,,,,,,,
400,False,,,Premier League - Russia,,Gazovik Orenburg,Lokomotiv Moscow,Match Result,,,2.17,1xBet,,0.7,,
400,True,,,Premier League - Russia,,Gazovik Orenburg,Lokomotiv Moscow,Premium,,,,,,,,
400,True,,,K League 1,,Jeju United FC,Sangju Sangmu FC,Premium,,,,,,,,
400,False,,,K League 1,,Jeju United FC,Sangju Sangmu FC,Match Result,,,2.45,Pinnacle,,1.0,,
400,False,,,J League,,Cerezo Osaka,Kyoto Purple Sanga,Match Result,,,2.3,Pinnacle,,0.8,,
400,True,,,J League,,Cerezo Osaka,Kyoto Purple Sanga,Premium,,,,,,,,
400,False,,,A-League,,Brisbane Roar,Melbourne City,Match Result,,,2.16,Betfair,,0.7,,
400,True,,,A-League,,Brisbane Roar,Melbourne City,Premium,,,,,,,,
400,True,,,J League,,Tokyo Verdy,JEF United Chiba,Premium,,,,,,,,
400,False,,,J League,,Tokyo Verdy,JEF United Chiba,Match Result,,,2.27,Pinnacle,,0.9,,
401,False,,,J League,,Hiroshima Sanfrecce FC,V-Varen Nagasaki,Match Result,,,1.5,BetMGM,,0.3,,
401,True,,,J League,,Kashima Antlers,Urawa Red Diamonds,Premium,,,,,,,,
401,False,,,J League,,Kashima Antlers,Urawa Red Diamonds,Match Result,,,1.99,Pinnacle,,0.6,,
401,True,,,K League 1,,Gangwon FC,Jeonbuk Hyundai Motors,Premium,,,,,,,,
401,True,,,J League,,Hiroshima Sanfrecce FC,V-Varen Nagasaki,Premium,,,,,,,,
401,True,,,K League 1,,FC Seoul,Daejeon Citizen,Premium,,,,,,,,
401,True,,,A-League,,Wellington Phoenix FC,Western Sydney Wanderers,Premium,,,,,,,,
401,False,,,A-League,,Wellington Phoenix FC,Western Sydney Wanderers,Match Result,,,2.38,GTbets,,1.0,,
401,False,,,K League 1,,Gangwon FC,Jeonbuk Hyundai Motors,Match Result,,,2.55,LeoVegas,,1.1,,
401,False,,,K League 1,,FC Seoul,Daejeon Citizen,Match Result,,,1.96,Betfair,,0.7,,
401,True,,,J League,,Yokohama F Marinos,Kawasaki Frontale,Premium,,,,,,,,
401,False,,,J League,,Yokohama F Marinos,Kawasaki Frontale,Match Result,,,2.45,William Hill,,0.9,,
402,True,,,MLS,,Vancouver Whitecaps FC,Sporting Kansas City,Premium,,,,,,,,
402,True,,,Liga MX,,Atlético San Luis,Pumas,Premium,,,,,,,,
402,True,,,Liga MX,,Mazatlán FC,Querétaro,Premium,,,,,,,,
402,False,,,Liga MX,,Atlético San Luis,Pumas,Match Result,,,2.6,Casumo,,0.9,,
402,False,,,Liga MX,,Mazatlán FC,Querétaro,Match Result,,,2.69,LowVig.ag,,0.9,,
402,True,,,Primera División - Chile,,Deportes Limache,Universidad de Concepción,Premium,,,,,,,,
402,False,,,Primera División - Chile,,Deportes Limache,Universidad de Concepción,Match Result,,,2.01,GTbets,,0.4,,
402,True,,,Primera División - Argentina,,Union Santa Fe,Newells Old Boys,Premium,,,,,,,,
402,False,,,Primera División - Argentina,,Union Santa Fe,Newells Old Boys,Match Result,,,1.71,Unibet,,0.4,,
402,True,,,Primeira Liga - Portugal,,Rio Ave FC,AVS Futebol SAD,Premium,,,,,,,,
402,False,,,Primeira Liga - Portugal,,Rio Ave FC,AVS Futebol SAD,Match Result,,,1.74,BetOnline.ag,,0.5,,
402,False,,,La Liga 2 - Spain,,Las Palmas,Leganés,Match Result,,,1.71,Betfair,,0.3,,
403,False,,,Championship,,Blackburn Rovers,Coventry City,Match Result,,,2.17,Nordic Bet,,0.8,,
403,False,,,League of Ireland,,Shamrock Rovers,Bohemians,Match Result,,,2.46,Betfair,,1.0,,
403,True,,,League of Ireland,,Shamrock Rovers,Bohemians,Premium,,,,,,,,
403,True,,,Championship,,Blackburn Rovers,Coventry City,Premium,,,,,,,,
403,False,,,Serie A - Italy,,Inter Milan,Cagliari,Match Result,,,1.25,Betfair,,0.1,,
403,True,,,League of Ireland,,Shelbourne Dublin,Derry City,Premium,,,,,,,,
403,False,,,Ligue 1 - France,,RC Lens,Toulouse,Match Result,,,1.58,1xBet,,0.3,,
403,False,,,League of Ireland,,Drogheda United,St Patricks Athletic,Match Result,,,1.9,Betfair,,0.6,,
403,False,,,League of Ireland,,Dundalk,Galway United,Match Result,,,2.02,Coolbet,,0.7,,
403,True,,,Ligue 1 - France,,RC Lens,Toulouse,Premium,,,,,,,,
403,False,,,League of Ireland,,Shelbourne Dublin,Derry City,Match Result,,,2.14,betPARX,,0.6,,
404,True,,,Serie A - Italy,,Inter Milan,Cagliari,Premium,,,,,,,,
404,True,,,Ekstraklasa - Poland,,Legia Warszawa,Zagłębie Lubin,Premium,,,,,,,,
404,False,,,La Liga 2 - Spain,,Real Sociedad B,Real Racing Club de Santander,Match Result,,,2.25,Unibet (SE),,0.8,,
404,True,,,La Liga 2 - Spain,,Real Sociedad B,Real Racing Club de Santander,Premium,,,,,,,,
404,True,,,Serie B - Italy,,Sampdoria,Monza,Premium,,,,,,,,
404,False,,,Bundesliga - Germany,,FC St. Pauli,1. FC Köln,Match Result,,,2.84,Betfair,,1.3,,
404,False,,,Ekstraklasa - Poland,,Legia Warszawa,Zagłębie Lubin,Match Result,,,1.68,Betfair,,0.4,,
404,True,,,Bundesliga - Germany,,FC St. Pauli,1. FC Köln,Premium,,,,,,,,
404,False,,,Serie B - Italy,,Sampdoria,Monza,Match Result,,,2.32,Smarkets,,0.8,,
404,True,,,Ligue 2 - France,,Le Mans FC,Clermont,Premium,,,,,,,,
405,False,,,Ligue 2 - France,,Rodez AF,Amiens,Match Result,,,1.85,Casumo,,0.6,,
405,True,,,Ligue 2 - France,,Montpellier,Grenoble,Premium,,,,,,,,
405,False,,,Ligue 2 - France,,Le Mans FC,Clermont,Match Result,,,1.75,Coolbet,,0.5,,
405,False,,,Ligue 2 - France,,Montpellier,Grenoble,Match Result,,,1.83,888sport,,0.4,,
405,True,,,Ligue 2 - France,,Pau FC,Guingamp,Premium,,,,,,,,
405,False,,,Ligue 2 - France,,Pau FC,Guingamp,Match Result,,,2.33,PMU (FR),,1.0,,
405,True,,,Ligue 2 - France,,Rodez AF,Amiens,Premium,,,,,,,,
405,True,,,Ligue 2 - France,,Nancy,Annecy FC,Premium,,,,,,,,
405,False,,,Austrian Football Bundesliga,,Grazer AK,Ried,Match Result,,,2.8,Betfair,,1.2,,
405,True,,,Austrian Football Bundesliga,,Grazer AK,Ried,Premium,,,,,,,,
405,True,,,Denmark Superliga,,Brondby IF,SonderjyskE,Premium,,,,,,,,
406,False,,,3. Liga - Germany,,Jahn Regensburg,Alemannia Aachen,Match Result,,,2.55,Casumo,,0.9,,
406,False,,,Turkey Super League,,Fenerbahce,Çaykur Rizespor,Match Result,,,1.36,Ladbrokes,,0.1,,
406,False,,,Turkey Super League,,Antalyaspor,Torku Konyaspor,Match Result,,,2.4,1xBet,,1.0,,
406,True,,,Allsvenskan - Sweden,,Degerfors IF,IF Elfsborg,Premium,,,,,,,,
406,False,,,Denmark Superliga,,Brondby IF,SonderjyskE,Match Result,,,2.1,GTbets,,0.7,,
406,True,,,3. Liga - Germany,,Jahn Regensburg,Alemannia Aachen,Premium,,,,,,,,
406,False,,,Allsvenskan - Sweden,,Djurgardens IF,Malmo FF,Match Result,,,2.4,GTbets,,0.9,,
406,True,,,Turkey Super League,,Antalyaspor,Torku Konyaspor,Premium,,,,,,,,
406,False,,,Allsvenskan - Sweden,,Degerfors IF,IF Elfsborg,Match Result,,,2.5,Betfair,,0.9,,
406,True,,,Allsvenskan - Sweden,,Djurgardens IF,Malmo FF,Premium,,,,,,,,
406,False,,,Premier League - Russia,,FK Rostov,FK Sochi,Match Result,,,1.51,1xBet,,0.2,,
406,True,,,Bundesliga 2 - Germany,,Holstein Kiel,1. FC Kaiserslautern,Premium,,,,,,,,
407,True,,,Premier League - Russia,,FK Rostov,FK Sochi,Premium,,,,,,,,
407,True,,,Bundesliga 2 - Germany,,Elversberg,Karlsruher SC,Premium,,,,,,,,
407,False,,,Serie A - Italy,,Sassuolo,Como,Match Result,,,1.72,Unibet (NL),,0.4,,
407,True,,,Serie A - Italy,,Sassuolo,Como,Premium,,,,,,,,
407,False,,,Ekstraklasa - Poland,,GKS Katowice,Motor Lublin,Match Result,,,2.07,Unibet,,0.6,,
407,True,,,Ekstraklasa - Poland,,GKS Katowice,Motor Lublin,Premium,,,,,,,,
407,False,,,Super League - China,,Zhejiang,Beijing FC,Match Result,,,2.2,TABtouch,,0.9,,
407,True,,,Super League - China,,Yunnan Yukun,Tianjin Jinmen Tiger FC,Premium,,,,,,,,
407,False,,,Super League - China,,Yunnan Yukun,Tianjin Jinmen Tiger FC,Match Result,,,1.75,Matchbook,,0.5,,
407,False,,,Super League - China,,Wuhan Three Towns,Chengdu Rongcheng FC,Match Result,,,1.56,Betfair,,0.3,,
408,False,,,Super League - China,,Chongqing Tonglianglong FC,Shenzhen Peng City FC,Match Result,,,1.92,Betfair,,0.5,,
408,False,,,Super League - China,,Shandong Luneng Taishan FC,Shanghai SIPG FC,Match Result,,,1.91,TABtouch,,0.6,,
408,True,,,Super League - China,,Shandong Luneng Taishan FC,Shanghai SIPG FC,Premium,,,,,,,,
408,True,,,Super League - China,,Chongqing Tonglianglong FC,Shenzhen Peng City FC,Premium,,,,,,,,
408,False,,,Super League - China,,Qingdao Hainiu FC,Qingdao West Coast FC,Match Result,,,2.34,Matchbook,,1.0,,
408,True,,,Super League - China,,Qingdao Hainiu FC,Qingdao West Coast FC,Premium,,,,,,,,
408,True,,,A-League,,Melbourne Victory,Newcastle Jets FC,Premium,,,,,,,,
408,False,,,A-League,,Melbourne Victory,Newcastle Jets FC,Match Result,,,1.96,Matchbook,,0.6,,
408,True,,,Copa Sudamericana,,Club Cienciano,Puerto Cabello,Premium,,,,,,,,
408,False,,,Copa Sudamericana,,Club Cienciano,Puerto Cabello,Match Result,,,1.56,Unibet,,0.3,,
409,False,,,Copa Sudamericana,,Bragantino-SP,Blooming,Match Result,,,1.24,Matchbook,,0.1,,
409,True,,,Copa Sudamericana,,San Lorenzo,C.D. Cuenca,Premium,,,,,,,,
409,False,,,Copa Libertadores,,Flamengo-RJ,Independiente Medellín,Match Result,,,1.27,Bovada,,0.0,,
409,False,,,Copa Libertadores,,Peñarol Montevideo,Platense,Match Result,,,2.01,BetOnline.ag,,0.6,,
409,True,,,Copa Sudamericana,,Bragantino-SP,Blooming,Premium,,,,,,,,
409,True,,,Copa Libertadores,,Peñarol Montevideo,Platense,Premium,,,,,,,,
409,False,,,Copa Sudamericana,,San Lorenzo,C.D. Cuenca,Match Result,,,1.6,Unibet (NL),,0.4,,
409,True,,,Copa Libertadores,,Flamengo-RJ,Independiente Medellín,Premium,,,,,,,,
409,True,,,Copa Sudamericana,,Clube Atlético Mineiro,CA Juventud,Premium,,,,,,,,
409,False,,,Copa Sudamericana,,Clube Atlético Mineiro,CA Juventud,Match Result,,,1.31,Betfair,,0.1,,
409,True,,,Copa Libertadores,,Palmeiras-SP,Sporting Cristal,Premium,,,,,,,,
409,True,,,Copa Libertadores,,Lanus,Club Always Ready,Premium,,,,,,,,
410,False,,,Copa Libertadores,,Lanus,Club Always Ready,Match Result,,,1.3,GTbets,,0.1,,
410,True,,,Copa Sudamericana,,CA Tigre BA,Macará,Premium,,,,,,,,
410,False,,,UEFA Europa League,,Real Betis,SC Braga,Match Result,,,1.91,Coral,,0.6,,
410,True,,,UEFA Europa Conference League,,Strasbourg,FSV Mainz 05,Premium,,,,,,,,
410,True,,,UEFA Europa League,,Aston Villa,Bologna,Premium,,,,,,,,
410,True,,,UEFA Europa League,,Nottingham Forest,Porto,Premium,,,,,,,,
410,False,,,UEFA Europa League,,Nottingham Forest,Porto,Match Result,,,2.52,Betfair,,0.9,,
410,True,,,League 2,,Bromley FC,Cambridge United,Premium,,,,,,,,
410,True,,,UEFA Europa Conference League,,AEK Athens,Rayo Vallecano,Premium,,,,,,,,
410,True,,,UEFA Europa League,,Real Betis,SC Braga,Premium,,,,,,,,
411,False,,,UEFA Europa Conference League,,AEK Athens,Rayo Vallecano,Match Result,,,2.14,Betfair,,0.8,,
411,False,,,UEFA Europa Conference League,,Strasbourg,FSV Mainz 05,Match Result,,,1.95,FanDuel,,0.6,,
411,False,,,UEFA Europa League,,Aston Villa,Bologna,Match Result,,,1.67,Betfred (UK),,0.4,,
411,False,,,League 2,,Bromley FC,Cambridge United,Match Result,,,2.5,Casumo,,1.1,,
411,False,,,League 1,,Peterborough United,Port Vale,Match Result,,,1.65,LeoVegas,,0.4,,
411,True,,,League 1,,Peterborough United,Port Vale,Premium,,,,,,,,
411,False,,,UEFA Europa League,,Celta Vigo,SC Freiburg,Match Result,,,1.98,Nordic Bet,,0.5,,
411,True,,,UEFA Europa League,,Celta Vigo,SC Freiburg,Premium,,,,,,,,
411,True,,,UEFA Europa Conference League,,AZ Alkmaar,Shakhtar Donetsk,Premium,,,,,,,,
411,False,,,UEFA Europa Conference League,,AZ Alkmaar,Shakhtar Donetsk,Match Result,,,2.08,Betfair,,0.6,,
412,False,,,Copa Sudamericana,,Millonarios,CA Boston River,Match Result,,,1.36,William Hill,,0.2,,
412,True,,,Copa Sudamericana,,Millonarios,CA Boston River,Premium,,,,,,,,
412,False,,,Copa Sudamericana,,América de Cali,Alianza Atlético,Match Result,,,1.39,Betfair,,0.1,,
412,True,,,Copa Libertadores,,Independiente del Valle,UCV FC,Premium,,,,,,,,
412,False,,,Copa Libertadores,,Independiente del Valle,UCV FC,Match Result,,,1.23,GTbets,,0.0,,
412,True,,,Copa Sudamericana,,América de Cali,Alianza Atlético,Premium,,,,,,,,
412,False,,,Copa Libertadores,,Fluminense-RJ,Independiente Rivadavia,Match Result,,,1.53,Betfair,,0.2,,
412,True,,,Copa Libertadores,,Corinthians-SP,Independiente Santa Fe,Premium,,,,,,,,
412,False,,,Copa Libertadores,,Corinthians-SP,Independiente Santa Fe,Match Result,,,1.45,Unibet (UK),,0.2,,
412,False,,,Copa Sudamericana,,River Plate,Carabobo FC,Match Result,,,1.23,Casumo,,0.0,,
412,True,,,Copa Sudamericana,,River Plate,Carabobo FC,Premium,,,,,,,,
412,True,,,Copa Libertadores,,Fluminense-RJ,Independiente Rivadavia,Premium,,,,,,,,
413,True,,,Copa Sudamericana,,Olimpia Asunción,Barracas Central,Premium,,,,,,,,
413,False,,,Copa Sudamericana,,Olimpia Asunción,Barracas Central,Match Result,,,1.72,Unibet,,0.5,,
413,False,,,Copa Libertadores,,Libertad Asuncion,Rosario Central,Match Result,,,2.45,Coolbet,,1.1,,
413,True,,,Copa Sudamericana,,Racing Club,Botafogo,Premium,,,,,,,,
413,True,,,Copa Libertadores,,Cruzeiro,Universidad Católica (CHI),Premium,,,,,,,,
413,False,,,Copa Sudamericana,,Racing Club,Botafogo,Match Result,,,1.91,Matchbook,,0.6,,
413,True,,,Copa Sudamericana,,Caracas FC,Club Independiente Petrolero,Premium,,,,,,,,
413,True,,,Copa Libertadores,,Libertad Asuncion,Rosario Central,Premium,,,,,,,,
413,False,,,Copa Sudamericana,,Caracas FC,Club Independiente Petrolero,Match Result,,,1.5,Coolbet,,0.3,,
413,False,,,Copa Libertadores,,Cruzeiro,Universidad Católica (CHI),Match Result,,,1.53,Bovada,,0.3,,
413,False,,,UEFA Champions League,,Bayern Munich,Real Madrid,Match Result,,,1.6,Betfred (UK),,0.2,,
413,False,,,UEFA Champions League,,Arsenal,Sporting Lisbon,Match Result,,,1.54,Betfair,,0.3,,
414,True,,,UEFA Champions League,,Bayern Munich,Real Madrid,Premium,,,,,,,,
414,True,,,League 1,,Luton,Northampton Town,Premium,,,,,,,,
414,False,,,League 1,,Luton,Northampton Town,Match Result,,,1.35,LeoVegas,,0.2,,
414,True,,,League 1,,Luton,Northampton Town,Premium,,,,,,,,
414,True,,,League 1,,Wimbledon,Stockport County FC,Premium,,,,,,,,
414,False,,,League 1,,Wimbledon,Stockport County FC,Match Result,,,2.0,Betfair,,0.6,,
414,True,,,Saudi Pro League,,Al-Nassr,Al-Ettifaq,Premium,,,,,,,,
414,False,,,Saudi Pro League,,Al-Nassr,Al-Ettifaq,Match Result,,,1.2,Coral,,0.0,,
414,False,,,Eliteserien - Norway,,Tromso,Lillestrom,Match Result,,,2.2,Everygame,,0.7,,
414,False,,,Eliteserien - Norway,,Sarpsborg FK,Bodø/Glimt,Match Result,,,1.44,Betfair,,0.2,,
414,True,,,Eliteserien - Norway,,Tromso,Lillestrom,Premium,,,,,,,,
415,False,,,K League 1,,Ulsan Hyundai FC,FC Seoul,Match Result,,,2.59,Pinnacle,,0.9,,
415,True,,,K League 1,,Ulsan Hyundai FC,FC Seoul,Premium,,,,,,,,
415,False,,,Copa Libertadores,,LDU Quito,Mirassol,Match Result,,,1.81,GTbets,,0.5,,
415,False,,,Copa Libertadores,,Club Universitario de Deportes,Coquimbo Unido,Match Result,,,2.05,Coolbet,,0.7,,
415,True,,,Copa Libertadores,,Club Universitario de Deportes,Coquimbo Unido,Premium,,,,,,,,
415,True,,,Copa Libertadores,,LDU Quito,Mirassol,Premium,,,,,,,,
415,True,,,Copa Sudamericana,,Palestino,Montevideo City Torque,Premium,,,,,,,,
415,False,,,Copa Sudamericana,,Santos,Recoleta FC,Match Result,,,1.29,Unibet (UK),,0.1,,
415,True,,,Copa Sudamericana,,Santos,Recoleta FC,Premium,,,,,,,,
415,False,,,Copa Sudamericana,,Palestino,Montevideo City Torque,Match Result,,,2.23,Unibet,,0.8,,
415,False,,,Copa Sudamericana,,Vasco da Gama,Audax Italiano,Match Result,,,1.44,Unibet,,0.2,,
416,True,,,Copa Libertadores,,Boca Juniors,Barcelona SC,Premium,,,,,,,,
416,False,,,Copa Libertadores,,Club Bolívar,Deportivo La Guaira,Match Result,,,1.21,Bovada,,0.0,,
416,True,,,Copa Libertadores,,Club Bolívar,Deportivo La Guaira,Premium,,,,,,,,
416,True,,,Copa Sudamericana,,Vasco da Gama,Audax Italiano,Premium,,,,,,,,
416,True,,,Copa Sudamericana,,Sao Paulo,O'Higgins,Premium,,,,,,,,
416,True,,,Copa Libertadores,,Cerro Porteño,Junior FC,Premium,,,,,,,,
416,False,,,Copa Libertadores,,Cerro Porteño,Junior FC,Match Result,,,2.05,Bovada,,0.7,,
416,False,,,Copa Sudamericana,,Grêmio,Deportivo Pereira,Match Result,,,1.56,DraftKings,,0.3,,
416,False,,,Copa Libertadores,,Nacional de Montevideo,Deportes Tolima,Match Result,,,1.89,1xBet,,0.5,,
416,True,,,Copa Sudamericana,,Grêmio,Deportivo Pereira,Premium,,,,,,,,
416,True,,,Copa Libertadores,,Estudiantes La Plata,Cusco FC,Premium,,,,,,,,
417,True,,,Copa Libertadores,,Nacional de Montevideo,Deportes Tolima,Premium,,,,,,,,
417,True,,,UEFA Champions League,,Liverpool,Paris Saint Germain,Premium,,,,,,,,
417,False,,,UEFA Champions League,,Atlético Madrid,Barcelona,Match Result,,,1.88,Betr,,0.6,,
417,True,,,Championship,,Southampton,Blackburn Rovers,Premium,,,,,,,,
417,False,,,Championship,,Portsmouth,Ipswich Town,Match Result,,,1.99,Betfair,,0.4,,
417,True,,,Championship,,Portsmouth,Ipswich Town,Premium,,,,,,,,
417,True,,,UEFA Champions League,,Atlético Madrid,Barcelona,Premium,,,,,,,,
417,False,,,UEFA Champions League,,Liverpool,Paris Saint Germain,Match Result,,,2.48,Betfair,,1.0,,
417,False,,,Championship,,Southampton,Blackburn Rovers,Match Result,,,1.63,LeoVegas (SE),,0.4,,
417,False,,,League 2,,Barrow,Oldham Athletic,Match Result,,,2.18,BetRivers,,0.8,,
418,True,,,League 1,,Bradford City,Plymouth Argyle,Premium,,,,,,,,
418,False,,,League 2,,Colchester United,Accrington Stanley,Match Result,,,1.71,Unibet (SE),,0.4,,
418,False,,,League 1,,Bradford City,Plymouth Argyle,Match Result,,,2.22,Pinnacle,,0.6,,
418,True,,,League 2,,Barrow,Oldham Athletic,Premium,,,,,,,,
418,True,,,League 1,,Huddersfield Town,Cardiff City,Premium,,,,,,,,
418,False,,,League 2,,Cheltenham Town,Gillingham,Match Result,,,2.55,Unibet (NL),,1.1,,
418,True,,,League 2,,Chesterfield FC,Grimsby Town,Premium,,,,,,,,
418,True,,,League 2,,Cheltenham Town,Gillingham,Premium,,,,,,,,
418,True,,,League 1,,Wigan Athletic,Rotherham United,Premium,,,,,,,,
418,True,,,League 1,,Bolton Wanderers,Stevenage,Premium,,,,,,,,
418,False,,,League 2,,Chesterfield FC,Grimsby Town,Match Result,,,2.65,BetOnline.ag,,0.9,,
419,True,,,League 1,,Port Vale,Barnsley,Premium,,,,,,,,
419,True,,,League 2,,Colchester United,Accrington Stanley,Premium,,,,,,,,
419,False,,,League 1,,Leyton Orient,Mansfield Town,Match Result,,,2.54,Betfair,,0.8,,
419,True,,,Saudi Pro League,,Al-Qadsiah,Al-Shabab,Premium,,,,,,,,
419,False,,,Saudi Pro League,,Al-Qadsiah,Al-Shabab,Match Result,,,1.6,Ladbrokes,,0.3,,
419,False,,,Superettan - Sweden,,IFK Värnamo,GIF Sundsvall,Match Result,,,1.72,Betfair,,0.4,,
419,True,,,Serie B - Italy,,US Catanzaro 1929,Modena,Premium,,,,,,,,
419,False,,,Serie B - Italy,,US Catanzaro 1929,Modena,Match Result,,,2.68,Matchbook,,0.9,,
420,True,,,Primera División - Argentina,,Velez Sarsfield BA,Central Córdoba,Premium,,,,,,,,
420,False,,,Primera División - Argentina,,Velez Sarsfield BA,Central Córdoba,Match Result,,,1.52,Matchbook,,0.3,,
420,True,,,Primera División - Chile,,Union La Calera,Deportes Concepción,Premium,,,,,,,,
420,False,,,Primera División - Chile,,Union La Calera,Deportes Concepción,Match Result,,,2.28,LeoVegas (SE),,0.6,,
420,True,,,Primera División - Argentina,,Lanus,Banfield,Premium,,,,,,,,
420,False,,,Primera División - Argentina,,Lanus,Banfield,Match Result,,,1.85,Smarkets,,0.6,,
420,False,,,Primera División - Argentina,,Sarmiento de Junin,Gimnasia La Plata,Match Result,,,2.52,Betfair,,0.8,,
420,False,,,Primera División - Argentina,,Defensa y Justicia,Talleres,Match Result,,,2.84,Smarkets,,1.1,,
420,True,,,Primera División - Argentina,,Defensa y Justicia,Talleres,Premium,,,,,,,,
420,True,,,Primera División - Argentina,,Sarmiento de Junin,Gimnasia La Plata,Premium,,,,,,,,
420,False,,,Primeira Liga - Portugal,,Tondela,Gil Vicente,Match Result,,,2.06,Betfair,,0.7,,
421,False,,,La Liga - Spain,,Levante,Getafe,Match Result,,,2.85,Coolbet,,1.3,,
421,True,,,EPL,,Manchester United,Leeds United,Premium,,,,,,,,
421,False,,,EPL,,Manchester United,Leeds United,Match Result,,,1.65,Unibet (SE),,0.4,,
421,True,,,La Liga - Spain,,Levante,Getafe,Premium,,,,,,,,
421,True,,,Ligue 2 - France,,Rodez AF,Troyes,Premium,,,,,,,,
421,False,,,Ligue 2 - France,,Rodez AF,Troyes,Match Result,,,2.05,Betway,,0.6,,
421,True,,,Serie A - Italy,,Fiorentina,Lazio,Premium,,,,,,,,
421,False,,,Serie A - Italy,,Fiorentina,Lazio,Match Result,,,2.42,1xBet,,0.9,,
421,True,,,La Liga 2 - Spain,,Real Valladolid CF,SD Eibar,Premium,,,,,,,,
421,False,,,La Liga 2 - Spain,,Real Valladolid CF,SD Eibar,Match Result,,,2.42,Matchbook,,1.0,,
421,False,,,Allsvenskan - Sweden,,IF Brommapojkarna,AIK,Match Result,,,2.04,Betfair,,0.7,,
422,True,,,Ekstraklasa - Poland,,Piast Gliwice,Pogoń Szczecin,Premium,,,,,,,,
422,False,,,Turkey Super League,,Çaykur Rizespor,Gazişehir Gaziantep,Match Result,,,1.84,1xBet,,0.5,,
422,True,,,Turkey Super League,,Çaykur Rizespor,Gazişehir Gaziantep,Premium,,,,,,,,
422,True,,,Allsvenskan - Sweden,,IF Brommapojkarna,AIK,Premium,,,,,,,,
422,True,,,Allsvenskan - Sweden,,IK Sirius,Hammarby IF,Premium,,,,,,,,
422,False,,,Denmark Superliga,,FC Fredericia,Vejle Boldklub,Match Result,,,2.39,GTbets,,0.9,,
422,True,,,Turkey Super League,,Eyüpspor,Samsunspor,Premium,,,,,,,,
422,True,,,Denmark Superliga,,FC Fredericia,Vejle Boldklub,Premium,,,,,,,,
422,False,,,Ekstraklasa - Poland,,Piast Gliwice,Pogoń Szczecin,Match Result,,,2.43,Unibet (NL),,0.8,,
422,False,,,Allsvenskan - Sweden,,IK Sirius,Hammarby IF,Match Result,,,2.36,Matchbook,,0.9,,
422,False,,,Turkey Super League,,Eyüpspor,Samsunspor,Match Result,,,1.92,Casumo,,0.6,,
422,True,,,Premier League - Russia,,FC Akron Tolyatti,Dinamo Moscow,Premium,,,,,,,,
423,False,,,Premier League - Russia,,FC Akron Tolyatti,Dinamo Moscow,Match Result,,,1.82,1xBet,,0.4,,
423,False,,,MLS,,Seattle Sounders FC,Real Salt Lake,Match Result,,,1.7,Betway,,0.2,,
423,False,,,Liga MX,,Toluca,Atlético San Luis,Match Result,,,1.4,Betway,,0.2,,
423,True,,,Liga MX,,Toluca,Atlético San Luis,Premium,,,,,,,,
423,True,,,MLS,,Seattle Sounders FC,Real Salt Lake,Premium,,,,,,,,
423,False,,,Primera División - Chile,,Universidad de Concepción,Cobresal,Match Result,,,1.85,Unibet (SE),,0.6,,
423,True,,,Primera División - Chile,,Universidad de Concepción,Cobresal,Premium,,,,,,,,
423,True,,,Brazil Série B,,Atletico Goianiense,Londrina,Premium,,,,,,,,
423,False,,,Brazil Série B,,Atletico Goianiense,Londrina,Match Result,,,2.21,Pinnacle,,0.7,,
423,False,,,MLS,,Columbus Crew SC,Orlando City SC,Match Result,,,1.51,GTbets,,0.3,,
423,False,,,Brazil Série B,,Clube de Regatas Brasil,Athletic Club (MG),Match Result,,,1.71,Matchbook,,0.4,,
423,True,,,Primera División - Argentina,,Racing Club,River Plate,Premium,,,,,,,,
424,True,,,Brazil Série B,,Clube de Regatas Brasil,Athletic Club (MG),Premium,,,,,,,,
424,False,,,Brazil Série A,,Cruzeiro,Bragantino-SP,Match Result,,,1.9,Matchbook,,0.6,,
424,False,,,Primera División - Chile,,Ñublense,Universidad de Chile,Match Result,,,2.72,Smarkets,,1.0,,
424,True,,,Primera División - Chile,,Ñublense,Universidad de Chile,Premium,,,,,,,,
424,False,,,Brazil Série A,,Corinthians,Palmeiras,Match Result,,,2.7,Betfair,,0.9,,
424,True,,,Brazil Série A,,Corinthians,Palmeiras,Premium,,,,,,,,
424,True,,,Brazil Série A,,Cruzeiro,Bragantino-SP,Premium,,,,,,,,
424,True,,,Brazil Série B,,Operario PR,Cuiabá,Premium,,,,,,,,
424,False,,,Brazil Série B,,América Mineiro,Grêmio Novorizontino,Match Result,,,2.38,Matchbook,,0.9,,
424,True,,,Brazil Série B,,América Mineiro,Grêmio Novorizontino,Premium,,,,,,,,
425,True,,,Brazil Série A,,Fluminense,Flamengo,Premium,,,,,,,,
425,False,,,Brazil Série B,,São Bernardo,Fortaleza,Match Result,,,2.51,Pinnacle,,1.0,,
425,True,,,Brazil Série B,,São Bernardo,Fortaleza,Premium,,,,,,,,
425,False,,,Brazil Série A,,Fluminense,Flamengo,Match Result,,,2.36,Matchbook,,0.9,,
425,True,,,Primera División - Argentina,,Atlético Tucuman,CA Tigre BA,Premium,,,,,,,,
425,True,,,Primera División - Argentina,,Atlético Huracán,Rosario Central,Premium,,,,,,,,
425,False,,,Primera División - Argentina,,Atlético Huracán,Rosario Central,Match Result,,,2.58,Betfair,,1.1,,
425,False,,,Primera División - Argentina,,Atlético Tucuman,CA Tigre BA,Match Result,,,2.85,Unibet,,1.0,,
425,True,,,Primeira Liga - Portugal,,Estoril,FC Porto,Premium,,,,,,,,
425,False,,,Primeira Liga - Portugal,,Estoril,FC Porto,Match Result,,,1.51,1xBet,,0.3,,
425,False,,,La Liga 2 - Spain,,Real Racing Club de Santander,Almería,Match Result,,,2.4,Fanatics,,0.9,,
426,False,,,Brazil Série B,,Juventude,Goiás,Match Result,,,2.3,William Hill,,0.8,,
426,False,,,Brazil Série A,,Botafogo,Coritiba,Match Result,,,1.83,Matchbook,,0.5,,
426,False,,,La Liga - Spain,,Athletic Bilbao,Villarreal,Match Result,,,2.39,LowVig.ag,,1.0,,
426,True,,,Brazil Série A,,Botafogo,Coritiba,Premium,,,,,,,,
426,True,,,La Liga - Spain,,Athletic Bilbao,Villarreal,Premium,,,,,,,,
426,True,,,Brazil Série B,,Juventude,Goiás,Premium,,,,,,,,
426,True,,,Serie A - Italy,,Como,Inter Milan,Premium,,,,,,,,
426,True,,,Ligue 1 - France,,Lyon,Lorient,Premium,,,,,,,,
426,False,,,Serie A - Italy,,Como,Inter Milan,Match Result,,,2.44,Betfair,,0.9,,
426,False,,,Ligue 1 - France,,Lyon,Lorient,Match Result,,,1.75,Betfair,,0.5,,
426,True,,,Liga MX,,Pumas,Mazatlán FC,Premium,,,,,,,,
427,True,,,Primera División - Argentina,,Newells Old Boys,San Lorenzo,Premium,,,,,,,,
427,True,,,Primera División - Argentina,,Platense,Gimnasia Mendoza,Premium,,,,,,,,
427,False,,,Primera División - Argentina,,Platense,Gimnasia Mendoza,Match Result,,,2.08,Betfair,,0.5,,
427,False,,,Primera División - Argentina,,Newells Old Boys,San Lorenzo,Match Result,,,2.78,BetOnline.ag,,1.0,,
427,False,,,3. Liga - Germany,,TSV 1860 München,Jahn Regensburg,Match Result,,,2.22,Betfair,,0.8,,
427,True,,,Serie B - Italy,,Reggiana,Carrarese,Premium,,,,,,,,
427,False,,,Bundesliga - Germany,,FSV Mainz 05,SC Freiburg,Match Result,,,2.4,1xBet,,1.0,,
427,False,,,Serie B - Italy,,Reggiana,Carrarese,Match Result,,,2.44,Matchbook,,0.9,,
427,True,,,3. Liga - Germany,,TSV 1860 München,Jahn Regensburg,Premium,,,,,,,,
427,True,,,Bundesliga - Germany,,FSV Mainz 05,SC Freiburg,Premium,,,,,,,,
427,False,,,Belgium First Div,,Dender,SV Zulte-Waregem,Match Result,,,2.32,Unibet (SE),,0.9,,
428,False,,,Eliteserien - Norway,,SK Brann,Sandefjord,Match Result,,,1.52,Betsson,,0.2,,
428,True,,,Belgium First Div,,Dender,SV Zulte-Waregem,Premium,,,,,,,,
428,True,,,Primeira Liga - Portugal,,Braga,Arouca,Premium,,,,,,,,
428,False,,,Primeira Liga - Portugal,,Braga,Arouca,Match Result,,,1.47,1xBet,,0.2,,
428,False,,,Primeira Liga - Portugal,,Benfica,Nacional,Match Result,,,1.2,Coral,,-0.0,,
428,True,,,Turkey Super League,,Galatasaray,Kocaelispor,Premium,,,,,,,,
428,False,,,Turkey Super League,,Galatasaray,Kocaelispor,Match Result,,,1.27,GTbets,,0.1,,
428,True,,,Primeira Liga - Portugal,,Benfica,Nacional,Premium,,,,,,,,
428,True,,,La Liga 2 - Spain,,CD Mirandés,CD Castellón,Premium,,,,,,,,
428,True,,,Belgium First Div,,Anderlecht,Gent,Premium,,,,,,,,
428,False,,,Belgium First Div,,Anderlecht,Gent,Match Result,,,1.99,Betfair,,0.6,,
429,True,,,La Liga 2 - Spain,,Cádiz CF,Andorra CF,Premium,,,,,,,,
429,False,,,Premier League - Russia,,Zenit St Petersburg,FC Krasnodar,Match Result,,,2.12,1xBet,,0.7,,
429,True,,,La Liga - Spain,,Celta Vigo,Oviedo,Premium,,,,,,,,
429,False,,,La Liga - Spain,,Celta Vigo,Oviedo,Match Result,,,1.82,Betfair,,0.5,,
429,True,,,Premier League - Russia,,Zenit St Petersburg,FC Krasnodar,Premium,,,,,,,,
429,False,,,Denmark Superliga,,Randers FC,FC Copenhagen,Match Result,,,1.83,GTbets,,0.3,,
429,True,,,Denmark Superliga,,Randers FC,FC Copenhagen,Premium,,,,,,,,
429,False,,,Serie A - Italy,,Bologna,Lecce,Match Result,,,1.9,1xBet,,0.6,,
429,True,,,Serie A - Italy,,Bologna,Lecce,Premium,,,,,,,,
429,True,,,Ekstraklasa - Poland,,Lech Poznań,GKS Katowice,Premium,,,,,,,,
430,False,,,Bundesliga - Germany,,VfB Stuttgart,Hamburger SV,Match Result,,,1.42,LowVig.ag,,0.2,,
430,True,,,Bundesliga - Germany,,VfB Stuttgart,Hamburger SV,Premium,,,,,,,,
430,False,,,Ekstraklasa - Poland,,Lech Poznań,GKS Katowice,Match Result,,,1.62,BetMGM,,0.4,,
430,False,,,EPL,,Chelsea,Manchester City,Match Result,,,2.16,GTbets,,0.9,,
430,True,,,EPL,,Chelsea,Manchester City,Premium,,,,,,,,
430,True,,,Serie B - Italy,,Spezia,Mantova,Premium,,,,,,,,
430,True,,,Ligue 1 - France,,Nice,Le Havre,Premium,,,,,,,,
430,True,,,Ligue 1 - France,,Brest,Strasbourg,Premium,,,,,,,,
430,True,,,Ligue 1 - France,,Toulouse,Lille,Premium,,,,,,,,
430,False,,,Ligue 1 - France,,Toulouse,Lille,Match Result,,,2.44,Matchbook,,0.9,,
430,False,,,Ligue 1 - France,,Nice,Le Havre,Match Result,,,2.01,1xBet,,0.6,,
430,False,,,Serie B - Italy,,Spezia,Mantova,Match Result,,,2.4,BetMGM,,0.7,,
431,True,,,Eliteserien - Norway,,Fredrikstad FK,Vålerenga,Premium,,,,,,,,
431,True,,,Austrian Football Bundesliga,,Austria Wien,Rapid Wien,Premium,,,,,,,,
431,True,,,Eliteserien - Norway,,Molde,HamKam,Premium,,,,,,,,
431,True,,,Eliteserien - Norway,,Aalesund,KFUM,Premium,,,,,,,,
431,False,,,Austrian Football Bundesliga,,Austria Wien,Rapid Wien,Match Result,,,2.5,Coolbet,,1.1,,
431,True,,,Superettan - Sweden,,Sandvikens IF,Varbergs BoIS,Premium,,,,,,,,
431,False,,,Eliteserien - Norway,,Aalesund,KFUM,Match Result,,,2.59,Coolbet,,0.8,,
431,False,,,Eliteserien - Norway,,Fredrikstad FK,Vålerenga,Match Result,,,2.44,GTbets,,1.0,,
431,False,,,Eliteserien - Norway,,Molde,HamKam,Match Result,,,1.59,1xBet,,0.3,,
431,False,,,Superettan - Sweden,,Sandvikens IF,Varbergs BoIS,Match Result,,,2.48,Betfair,,1.0,,
431,False,,,Dutch Eredivisie,,AZ Alkmaar,Heerenveen,Match Result,,,1.75,Betfair,,0.4,,
432,True,,,Dutch Eredivisie,,AZ Alkmaar,Heerenveen,Premium,,,,,,,,
432,False,,,3. Liga - Germany,,Erzgebirge Aue,SC Verl,Match Result,,,1.83,Fanatics,,0.6,,
432,False,,,Primeira Liga - Portugal,,Alverca,Casa Pia,Match Result,,,2.1,Matchbook,,0.6,,
432,True,,,Swiss Superleague,,BSC Young Boys,Servette,Premium,,,,,,,,
432,False,,,Swiss Superleague,,FC Sion,FC Lausanne-Sport,Match Result,,,2.12,LeoVegas (SE),,0.6,,
432,False,,,Swiss Superleague,,BSC Young Boys,Servette,Match Result,,,2.07,LeoVegas (SE),,0.7,,
432,False,,,Swiss Superleague,,FC Luzern,FC St Gallen,Match Result,,,2.36,Pinnacle,,0.9,,
432,True,,,Allsvenskan - Sweden,,Malmo FF,GAIS,Premium,,,,,,,,
432,True,,,Primeira Liga - Portugal,,Alverca,Casa Pia,Premium,,,,,,,,
432,True,,,3. Liga - Germany,,Erzgebirge Aue,SC Verl,Premium,,,,,,,,
432,True,,,Swiss Superleague,,FC Luzern,FC St Gallen,Premium,,,,,,,,
432,False,,,Allsvenskan - Sweden,,Malmo FF,GAIS,Match Result,,,2.08,Coolbet,,0.7,,
433,False,,,La Liga 2 - Spain,,SD Huesca,Deportivo La Coruña,Match Result,,,2.2,Unibet (SE),,0.8,,
433,True,,,La Liga - Spain,,Mallorca,Rayo Vallecano,Premium,,,,,,,,
433,True,,,La Liga 2 - Spain,,SD Huesca,Deportivo La Coruña,Premium,,,,,,,,
433,False,,,La Liga - Spain,,Mallorca,Rayo Vallecano,Match Result,,,2.5,Coral,,0.9,,
433,False,,,Turkey Super League,,Goztepe,Kasimpasa SK,Match Result,,,1.96,Betfair,,0.5,,
433,False,,,Belgium First Div,,Genk,Leuven,Match Result,,,1.69,Betfair,,0.4,,
433,False,,,Denmark Superliga,,Brondby IF,FC Midtjylland,Match Result,,,2.16,Betfair,,0.7,,
433,True,,,Turkey Super League,,Goztepe,Kasimpasa SK,Premium,,,,,,,,
433,True,,,Denmark Superliga,,Brondby IF,FC Midtjylland,Premium,,,,,,,,
433,True,,,Brazil Série A,,Atletico Paranaense,Chapecoense,Premium,,,,,,,,
433,True,,,Belgium First Div,,Genk,Leuven,Premium,,,,,,,,
434,False,,,Bundesliga - Germany,,1. FC Köln,Werder Bremen,Match Result,,,2.35,Unibet (SE),,0.9,,
434,True,,,Premier League - Russia,,Lokomotiv Moscow,FC Dynamo Makhachkala,Premium,,,,,,,,
434,True,,,Bundesliga - Germany,,1. FC Köln,Werder Bremen,Premium,,,,,,,,
434,True,,,Premier League - Russia,,FK Rostov,Spartak Moscow,Premium,,,,,,,,
434,False,,,Premier League - Russia,,FK Rostov,Spartak Moscow,Match Result,,,2.18,1xBet,,0.8,,
434,False,,,Premier League - Russia,,Lokomotiv Moscow,FC Dynamo Makhachkala,Match Result,,,1.61,1xBet,,0.4,,
434,True,,,EPL,,Crystal Palace,Newcastle United,Premium,,,,,,,,
434,False,,,EPL,,Sunderland,Tottenham Hotspur,Match Result,,,2.78,Matchbook,,1.0,,
434,False,,,Superettan - Sweden,,IK Brage,IK Oddevold,Match Result,,,2.62,Betfair,,0.8,,
434,True,,,Serie B - Italy,,Padova,Empoli,Premium,,,,,,,,
434,True,,,EPL,,Sunderland,Tottenham Hotspur,Premium,,,,,,,,
435,False,,,Superettan - Sweden,,Landskrona BoIS,Falkenbergs FF,Match Result,,,2.4,Unibet (UK),,0.8,,
435,True,,,Superettan - Sweden,,Landskrona BoIS,Falkenbergs FF,Premium,,,,,,,,
435,True,,,Serie A - Italy,,Parma,Napoli,Premium,,,,,,,,
435,True,,,EPL,,Nottingham Forest,Aston Villa,Premium,,,,,,,,
435,True,,,Superettan - Sweden,,IK Brage,IK Oddevold,Premium,,,,,,,,
435,False,,,Serie A - Italy,,Parma,Napoli,Match Result,,,1.65,1xBet,,0.4,,
435,False,,,Ekstraklasa - Poland,,Motor Lublin,Raków Częstochowa,Match Result,,,2.42,Betfair,,1.0,,
435,True,,,Ekstraklasa - Poland,,Motor Lublin,Raków Częstochowa,Premium,,,,,,,,
435,True,,,Austrian Football Bundesliga,,Sturm Graz,Hartberg,Premium,,,,,,,,
436,False,,,Austrian Football Bundesliga,,Sturm Graz,Hartberg,Match Result,,,1.8,Smarkets,,0.5,,
436,True,,,Eliteserien - Norway,,Rosenborg,Sarpsborg FK,Premium,,,,,,,,
436,True,,,Dutch Eredivisie,,FC Zwolle,Excelsior,Premium,,,,,,,,
436,True,,,Dutch Eredivisie,,NEC Nijmegen,Feyenoord,Premium,,,,,,,,
436,False,,,Dutch Eredivisie,,FC Zwolle,Excelsior,Match Result,,,2.18,Nordic Bet,,0.7,,
436,False,,,Dutch Eredivisie,,NEC Nijmegen,Feyenoord,Match Result,,,2.24,Smarkets,,0.8,,
436,False,,,Eliteserien - Norway,,Rosenborg,Sarpsborg FK,Match Result,,,2.3,Fanatics,,0.7,,
436,False,,,Allsvenskan - Sweden,,Halmstads BK,Degerfors IF,Match Result,,,2.6,Smarkets,,1.0,,
436,False,,,Denmark Superliga,,SonderjyskE,Viborg FF,Match Result,,,2.62,Betfair,,1.1,,
436,False,,,Denmark Superliga,,Silkeborg IF,OB Odense BK,Match Result,,,2.15,Unibet (UK),,0.7,,
436,True,,,Denmark Superliga,,Silkeborg IF,OB Odense BK,Premium,,,,,,,,
436,False,,,La Liga - Spain,,CA Osasuna,Real Betis,Match Result,,,2.32,Betfair,,0.9,,
437,False,,,La Liga 2 - Spain,,Granada CF,Cultural Leonesa,Match Result,,,1.95,Betfair,,0.6,,
437,True,,,La Liga - Spain,,CA Osasuna,Real Betis,Premium,,,,,,,,
437,False,,,Super League - China,,Shenzhen Peng City FC,Yunnan Yukun,Match Result,,,2.42,Matchbook,,0.7,,
437,False,,,Allsvenskan - Sweden,,Djurgardens IF,Kalmar FF,Match Result,,,1.6,Unibet (SE),,0.4,,
437,True,,,Super League - China,,Shenzhen Peng City FC,Yunnan Yukun,Premium,,,,,,,,
437,False,,,Super League - China,,Beijing FC,Chengdu Rongcheng FC,Match Result,,,2.5,Betfair,,0.9,,
437,True,,,Super League - China,,Beijing FC,Chengdu Rongcheng FC,Premium,,,,,,,,
437,False,,,Bundesliga 2 - Germany,,Elversberg,FC Schalke 04,Match Result,,,2.18,Betfair,,0.8,,
438,False,,,Bundesliga 2 - Germany,,VfL Bochum,Eintracht Braunschweig,Match Result,,,1.83,Unibet (SE),,0.6,,
438,True,,,Bundesliga 2 - Germany,,Elversberg,FC Schalke 04,Premium,,,,,,,,
438,True,,,Bundesliga 2 - Germany,,SC Paderborn,1. FC Magdeburg,Premium,,,,,,,,
438,True,,,Turkey Super League,,Torku Konyaspor,Fatih Karagümrük,Premium,,,,,,,,
438,True,,,Belgium First Div,,KV Mechelen,Union Saint-Gilloise,Premium,,,,,,,,
438,False,,,Belgium First Div,,KV Mechelen,Union Saint-Gilloise,Match Result,,,1.72,Betsson,,0.4,,
438,False,,,3. Liga - Germany,,VfL Osnabrück,FC Energie Cottbus,Match Result,,,2.17,LeoVegas,,0.8,,
438,False,,,Turkey Super League,,Torku Konyaspor,Fatih Karagümrük,Match Result,,,1.73,1xBet,,0.4,,
438,True,,,Bundesliga 2 - Germany,,VfL Bochum,Eintracht Braunschweig,Premium,,,,,,,,
438,False,,,Bundesliga 2 - Germany,,SC Paderborn,1. FC Magdeburg,Match Result,,,1.93,Matchbook,,0.5,,
438,True,,,Premier League - Russia,,CSKA Moscow,FK Sochi,Premium,,,,,,,,
439,True,,,Premiership - Scotland,,Falkirk F.C.,Rangers,Premium,,,,,,,,
439,False,,,Premier League - Russia,,CSKA Moscow,FK Sochi,Match Result,,,1.26,1xBet,,0.1,,
439,False,,,Premiership - Scotland,,Falkirk F.C.,Rangers,Match Result,,,1.85,Paddy Power,,0.6,,
439,False,,,Super League - China,,Tianjin Jinmen Tiger FC,Qingdao Hainiu FC,Match Result,,,1.9,Unibet,,0.6,,
439,True,,,Championship,,Birmingham City,Wrexham AFC,Premium,,,,,,,,
439,False,,,Championship,,Birmingham City,Wrexham AFC,Match Result,,,2.2,Betfair,,0.8,,
439,True,,,Serie A - Italy,,Genoa,Sassuolo,Premium,,,,,,,,
439,False,,,Serie A - Italy,,Genoa,Sassuolo,Match Result,,,2.26,Betfair,,0.9,,
439,False,,,Ekstraklasa - Poland,,Cracovia Kraków,Arka Gdynia,Match Result,,,2.02,Coolbet,,0.6,,
439,False,,,Dutch Eredivisie,,Fortuna Sittard,NAC Breda,Match Result,,,2.8,Unibet (NL),,1.0,,
439,True,,,Ekstraklasa - Poland,,Cracovia Kraków,Arka Gdynia,Premium,,,,,,,,
440,False,,,A-League,,Perth Glory,Macarthur FC,Match Result,,,2.18,LeoVegas,,0.8,,
440,True,,,A-League,,Perth Glory,Macarthur FC,Premium,,,,,,,,
440,True,,,K League 1,,Sangju Sangmu FC,FC Anyang,Premium,,,,,,,,
440,False,,,K League 1,,Sangju Sangmu FC,FC Anyang,Match Result,,,2.28,Pinnacle,,0.8,,
440,False,,,J League,,Kawasaki Frontale,Kashima Antlers,Match Result,,,2.38,Pinnacle,,1.0,,
440,True,,,J League,,Kawasaki Frontale,Kashima Antlers,Premium,,,,,,,,
440,False,,,J League,,Urawa Red Diamonds,Tokyo Verdy,Match Result,,,1.93,Pinnacle,,0.6,,
440,False,,,A-League,,Melbourne City,Wellington Phoenix FC,Match Result,,,1.7,Betfair,,0.4,,
440,True,,,A-League,,Melbourne City,Wellington Phoenix FC,Premium,,,,,,,,
440,False,,,K League 1,,Daejeon Citizen,Gangwon FC,Match Result,,,2.51,Pinnacle,,0.8,,
440,True,,,J League,,Urawa Red Diamonds,Tokyo Verdy,Premium,,,,,,,,
441,True,,,K League 1,,Daejeon Citizen,Gangwon FC,Premium,,,,,,,,
441,False,,,Liga MX,,América,Cruz Azul,Match Result,,,2.46,Matchbook,,1.0,,
441,True,,,Liga MX,,América,Cruz Azul,Premium,,,,,,,,
441,False,,,MLS,,San Diego FC,Minnesota United FC,Match Result,,,1.79,LeoVegas,,0.4,,
441,True,,,MLS,,San Diego FC,Minnesota United FC,Premium,,,,,,,,
441,False,,,MLS,,Colorado Rapids,Houston Dynamo,Match Result,,,2.34,Matchbook,,0.8,,
441,True,,,MLS,,Colorado Rapids,Houston Dynamo,Premium,,,,,,,,
441,True,,,Liga MX,,Pachuca,Santos Laguna,Premium,,,,,,,,
441,False,,,Liga MX,,Atlas,Monterrey,Match Result,,,2.31,Pinnacle,,0.8,,
441,False,,,Liga MX,,Pachuca,Santos Laguna,Match Result,,,1.44,Betfair,,0.2,,
441,True,,,Liga MX,,Atlas,Monterrey,Premium,,,,,,,,
441,True,,,Primera División - Argentina,,Estudiantes de Río Cuarto,Barracas Central,Premium,,,,,,,,
442,False,,,Primera División - Argentina,,Estudiantes de Río Cuarto,Barracas Central,Match Result,,,2.55,LowVig.ag,,1.0,,
442,True,,,MLS,,FC Dallas,St. Louis City SC,Premium,,,,,,,,
442,True,,,MLS,,Sporting Kansas City,San Jose Earthquakes,Premium,,,,,,,,
442,True,,,MLS,,Chicago Fire,Atlanta United FC,Premium,,,,,,,,
442,False,,,MLS,,FC Dallas,St. Louis City SC,Match Result,,,2.1,Betfair,,0.7,,
442,False,,,MLS,,Sporting Kansas City,San Jose Earthquakes,Match Result,,,1.89,ReBet,,0.6,,
442,False,,,MLS,,Chicago Fire,Atlanta United FC,Match Result,,,1.65,Betfair,,0.3,,
442,True,,,Primera División - Chile,,Palestino,Deportes Limache,Premium,,,,,,,,
442,False,,,Primera División - Chile,,Palestino,Deportes Limache,Match Result,,,2.26,Betfair,,0.9,,
442,False,,,Brazil Série A,,Internacional,Grêmio,Match Result,,,1.9,Matchbook,,0.6,,
442,True,,,MLS,,Charlotte FC,Nashville SC,Premium,,,,,,,,
442,False,,,MLS,,New England Revolution,D.C. United,Match Result,,,2.0,LeoVegas (SE),,0.6,,
443,False,,,MLS,,Vancouver Whitecaps FC,New York City FC,Match Result,,,1.73,LeoVegas (SE),,0.3,,
443,True,,,MLS,,New England Revolution,D.C. United,Premium,,,,,,,,
443,False,,,Brazil Série B,,Ceará,Nautico PE,Match Result,,,1.89,Betfair,,0.5,,
443,True,,,MLS,,Inter Miami CF,New York Red Bulls,Premium,,,,,,,,
443,True,,,Brazil Série B,,Ceará,Nautico PE,Premium,,,,,,,,
443,False,,,MLS,,Inter Miami CF,New York Red Bulls,Match Result,,,1.56,1xBet,,0.3,,
443,True,,,MLS,,Vancouver Whitecaps FC,New York City FC,Premium,,,,,,,,
443,True,,,Brazil Série A,,Santos,Atletico Mineiro,Premium,,,,,,,,
443,False,,,Brazil Série A,,Santos,Atletico Mineiro,Match Result,,,2.38,Matchbook,,0.9,,
443,False,,,Liga MX,,Tigres,Guadalajara,Match Result,,,2.78,Betfair,,0.9,,
444,False,,,Liga MX,,Querétaro,Necaxa,Match Result,,,2.56,Betfair,,0.8,,
444,False,,,Primera División - Argentina,,Boca Juniors,Independiente,Match Result,,,2.5,Betfair,,0.8,,
444,True,,,Primera División - Argentina,,Boca Juniors,Independiente,Premium,,,,,,,,
444,True,,,Brazil Série A,,Mirassol,Bahia,Premium,,,,,,,,
444,False,,,Primera División - Chile,,Audax Italiano,Universidad Católica (CHI),Match Result,,,2.14,Betfair,,0.8,,
444,True,,,Primera División - Chile,,Audax Italiano,Universidad Católica (CHI),Premium,,,,,,,,
444,False,,,Brazil Série A,,Mirassol,Bahia,Match Result,,,2.44,Matchbook,,0.9,,
444,True,,,Brazil Série B,,Sport Recife,Avai,Premium,,,,,,,,
444,False,,,Brazil Série B,,Ponte Preta,Vila Nova,Match Result,,,3.0,Matchbook,,1.2,,
444,True,,,Brazil Série B,,Ponte Preta,Vila Nova,Premium,,,,,,,,
445,False,,,MLS,,Portland Timbers,Los Angeles FC,Match Result,,,1.82,Matchbook,,0.4,,
445,True,,,MLS,,Portland Timbers,Los Angeles FC,Premium,,,,,,,,
445,False,,,Primera División - Argentina,,Estudiantes,Union Santa Fe,Match Result,,,2.4,Nordic Bet,,0.7,,
445,True,,,Primera División - Argentina,,Estudiantes,Union Santa Fe,Premium,,,,,,,,
445,False,,,Brazil Série A,,Vitoria,Sao Paulo,Match Result,,,2.48,Matchbook,,1.0,,
445,True,,,Brazil Série A,,Remo,Vasco da Gama,Premium,,,,,,,,
445,False,,,Brazil Série A,,Remo,Vasco da Gama,Match Result,,,2.5,Betfair,,1.1,,
445,True,,,Brazil Série A,,Vitoria,Sao Paulo,Premium,,,,,,,,
445,False,,,Primeira Liga - Portugal,,CF Estrela,Sporting Lisbon,Match Result,,,1.26,1xBet,,0.1,,
445,True,,,Ligue 1 - France,,Rennes,Angers,Premium,,,,,,,,
445,False,,,Ligue 1 - France,,Rennes,Angers,Match Result,,,1.42,GTbets,,0.2,,
446,True,,,La Liga - Spain,,Sevilla,Atlético Madrid,Premium,,,,,,,,
446,False,,,La Liga 2 - Spain,,Córdoba,Zaragoza,Match Result,,,2.0,Betfair,,0.6,,
446,True,,,Brazil Série B,,Juventude,Goiás,Premium,,,,,,,,
446,False,,,Brazil Série B,,Juventude,Goiás,Match Result,,,2.38,Pinnacle,,0.9,,
446,True,,,Dutch Eredivisie,,Heracles Almelo,Ajax,Premium,,,,,,,,
446,False,,,Dutch Eredivisie,,Heracles Almelo,Ajax,Match Result,,,1.58,Betfair,,0.3,,
446,False,,,La Liga - Spain,,Sevilla,Atlético Madrid,Match Result,,,2.65,Unibet (SE),,1.3,,
446,True,,,La Liga 2 - Spain,,Córdoba,Zaragoza,Premium,,,,,,,,
446,False,,,Primera División - Chile,,La Serena,Everton de Viña del Mar,Match Result,,,2.28,Unibet (SE),,0.9,,
446,True,,,Primera División - Chile,,La Serena,Everton de Viña del Mar,Premium,,,,,,,,
446,False,,,Serie A - Italy,,Atalanta BC,Juventus,Match Result,,,2.4,Betfair,,0.9,,
446,False,,,Belgium First Div,,Sint Truiden,Club Brugge,Match Result,,,1.92,Betfair,,0.5,,
447,True,,,MLS,,CF Montreal,Philadelphia Union,Premium,,,,,,,,
447,True,,,MLS,,Austin FC,LA Galaxy,Premium,,,,,,,,
447,True,,,Swiss Superleague,,FC Thun,FC Basel,Premium,,,,,,,,
447,False,,,Swiss Superleague,,FC Thun,FC Basel,Match Result,,,1.85,Betfair,,0.5,,
447,False,,,Primera División - Argentina,,Independiente Rivadavia,Argentinos Juniors,Match Result,,,2.95,BetOnline.ag,,1.1,,
447,True,,,Primera División - Argentina,,Independiente Rivadavia,Argentinos Juniors,Premium,,,,,,,,
447,False,,,MLS,,CF Montreal,Philadelphia Union,Match Result,,,2.68,Matchbook,,1.1,,
447,True,,,Bundesliga 2 - Germany,,SV Darmstadt 98,Hannover 96,Premium,,,,,,,,
447,False,,,MLS,,Austin FC,LA Galaxy,Match Result,,,2.18,LeoVegas (SE),,0.9,,
447,False,,,Bundesliga 2 - Germany,,SV Darmstadt 98,Hannover 96,Match Result,,,2.55,Grosvenor,,0.8,,
448,False,,,Ekstraklasa - Poland,,Legia Warszawa,Górnik Zabrze,Match Result,,,2.1,Unibet,,0.8,,
448,True,,,Ekstraklasa - Poland,,Legia Warszawa,Górnik Zabrze,Premium,,,,,,,,
448,True,,,Primera División - Argentina,,Deportivo Riestra,Instituto de Córdoba,Premium,,,,,,,,
448,True,,,Dutch Eredivisie,,Groningen,Go Ahead Eagles,Premium,,,,,,,,
448,False,,,Primera División - Argentina,,Deportivo Riestra,Instituto de Córdoba,Match Result,,,2.8,Ladbrokes,,1.2,,
448,False,,,Dutch Eredivisie,,Groningen,Go Ahead Eagles,Match Result,,,1.9,Betsson,,0.5,,
448,True,,,Ligue 2 - France,,Saint Etienne,USL Dunkerque,Premium,,,,,,,,
448,False,,,Ligue 2 - France,,Saint Etienne,USL Dunkerque,Match Result,,,1.72,Coolbet,,0.5,,
448,True,,,Austrian Football Bundesliga,,FC Blau-Weiß Linz,WSG Tirol,Premium,,,,,,,,
448,False,,,Serie B - Italy,,Monza,Bari,Match Result,,,1.37,Coolbet,,0.2,,
448,False,,,Austrian Football Bundesliga,,FC Blau-Weiß Linz,WSG Tirol,Match Result,,,2.25,Betway,,0.6,,
448,True,,,Ligue 1 - France,,Auxerre,Nantes,Premium,,,,,,,,
449,True,,,MLS,,Toronto FC,FC Cincinnati,Premium,,,,,,,,
449,True,,,Primeira Liga - Portugal,,Santa Clara,Rio Ave FC,Premium,,,,,,,,
449,False,,,MLS,,Toronto FC,FC Cincinnati,Match Result,,,2.28,Matchbook,,0.9,,
449,False,,,Ligue 1 - France,,Auxerre,Nantes,Match Result,,,2.06,1xBet,,0.7,,
449,False,,,Primeira Liga - Portugal,,Santa Clara,Rio Ave FC,Match Result,,,1.89,1xBet,,0.5,,
449,False,,,Turkey Super League,,Kayserispor,Fenerbahce,Match Result,,,1.5,Betfair,,0.2,,
449,True,,,Dutch Eredivisie,,Sparta Rotterdam,PSV Eindhoven,Premium,,,,,,,,
449,False,,,Dutch Eredivisie,,Sparta Rotterdam,PSV Eindhoven,Match Result,,,1.82,Unibet (NL),,0.4,,
449,False,,,La Liga 2 - Spain,,Málaga,Las Palmas,Match Result,,,2.43,Unibet (SE),,1.0,,
449,True,,,La Liga 2 - Spain,,Málaga,Las Palmas,Premium,,,,,,,,
449,False,,,Bundesliga - Germany,,FC St. Pauli,Bayern Munich,Match Result,,,1.4,Betfair,,0.1,,
450,True,,,Premier League - Russia,,FC Baltika Kaliningrad,FC Nizhny Novgorod,Premium,,,,,,,,
450,True,,,EPL,,Liverpool,Fulham,Premium,,,,,,,,
450,False,,,Premier League - Russia,,FC Baltika Kaliningrad,FC Nizhny Novgorod,Match Result,,,1.54,1xBet,,0.3,,
450,False,,,EPL,,Liverpool,Fulham,Match Result,,,1.73,Betfair,,0.5,,
450,False,,,La Liga - Spain,,Barcelona,Espanyol,Match Result,,,1.32,Betfair,,0.1,,
450,True,,,Belgium First Div,,Standard Liege,Westerlo,Premium,,,,,,,,
450,False,,,Belgium First Div,,Standard Liege,Westerlo,Match Result,,,2.6,Betfair,,1.1,,
450,False,,,Saudi Pro League,,Al-Hazem,Al-Fayha,Match Result,,,2.72,Betfair,,0.9,,
450,True,,,Saudi Pro League,,Al-Hazem,Al-Fayha,Premium,,,,,,,,
450,True,,,Eliteserien - Norway,,Viking FK,Bodø/Glimt,Premium,,,,,,,,
450,True,,,Veikkausliiga - Finland,,FC Inter Turku,Ilves Tampere,Premium,,,,,,,,
451,False,,,Veikkausliiga - Finland,,FC Inter Turku,Ilves Tampere,Match Result,,,2.22,Betsson,,0.8,,
451,False,,,Saudi Pro League,,Al-Taawoun,Al-Kholood,Match Result,,,1.91,Coral,,0.6,,
451,True,,,Swiss Superleague,,FC Zurich,FC Lugano,Premium,,,,,,,,
451,True,,,Saudi Pro League,,Al-Najma,Neom,Premium,,,,,,,,
451,False,,,Eliteserien - Norway,,Viking FK,Bodø/Glimt,Match Result,,,1.93,GTbets,,0.6,,
451,False,,,Serie A - Italy,,AC Milan,Udinese,Match Result,,,1.51,1xBet,,0.2,,
451,True,,,Serie A - Italy,,AC Milan,Udinese,Premium,,,,,,,,
451,True,,,Saudi Pro League,,Al-Taawoun,Al-Kholood,Premium,,,,,,,,
451,False,,,Swiss Superleague,,FC Winterthur,Grasshopper Zürich,Match Result,,,2.24,Betfair,,0.6,,
451,False,,,Saudi Pro League,,Al-Najma,Neom,Match Result,,,1.6,Ladbrokes,,0.4,,
452,True,,,Ekstraklasa - Poland,,Zagłębie Lubin,Radomiak Radom,Premium,,,,,,,,
452,False,,,Ekstraklasa - Poland,,Zagłębie Lubin,Radomiak Radom,Match Result,,,2.45,Unibet,,0.9,,
452,True,,,Serie B - Italy,,Avellino,US Catanzaro 1929,Premium,,,,,,,,
452,False,,,Serie B - Italy,,Avellino,US Catanzaro 1929,Match Result,,,2.78,Betfair,,1.0,,
452,True,,,Superettan - Sweden,,Östersunds FK,Norrby IF,Premium,,,,,,,,
452,True,,,Austrian Football Bundesliga,,Wolfsberger AC,Ried,Premium,,,,,,,,
452,True,,,Ligue 1 - France,,RC Lens,Paris Saint Germain,Premium,,,,,,,,
452,False,,,Superettan - Sweden,,Östersunds FK,Norrby IF,Match Result,,,2.18,Betfair,,0.6,,
452,False,,,Ligue 1 - France,,RC Lens,Paris Saint Germain,Match Result,,,2.05,FanDuel,,0.5,,
452,True,,,Austrian Football Bundesliga,,Rheindorf Altach,Grazer AK,Premium,,,,,,,,
452,False,,,Austrian Football Bundesliga,,Wolfsberger AC,Ried,Match Result,,,2.48,Smarkets,,1.0,,
452,False,,,Austrian Football Bundesliga,,Rheindorf Altach,Grazer AK,Match Result,,,2.6,Betfair,,0.9,,
453,False,,,Primeira Liga - Portugal,,AVS Futebol SAD,Vitória SC,Match Result,,,1.77,Casumo,,0.5,,
453,True,,,3. Liga - Germany,,Hansa Rostock,SSV Ulm 1846,Premium,,,,,,,,
453,False,,,3. Liga - Germany,,Hansa Rostock,SSV Ulm 1846,Match Result,,,1.6,Ladbrokes,,0.3,,
453,True,,,Dutch Eredivisie,,FC Utrecht,SC Telstar,Premium,,,,,,,,
453,True,,,Primeira Liga - Portugal,,AVS Futebol SAD,Vitória SC,Premium,,,,,,,,
453,False,,,Dutch Eredivisie,,FC Utrecht,SC Telstar,Match Result,,,1.65,Betsson,,0.4,,
453,True,,,La Liga - Spain,,Elche CF,Valencia,Premium,,,,,,,,
453,False,,,La Liga - Spain,,Elche CF,Valencia,Match Result,,,2.66,Matchbook,,1.0,,
453,False,,,La Liga 2 - Spain,,Burgos CF,Sporting Gijón,Match Result,,,2.28,Matchbook,,0.8,,
453,False,,,La Liga 2 - Spain,,Leganés,Albacete,Match Result,,,2.26,Betfair,,0.6,,
453,True,,,La Liga 2 - Spain,,Burgos CF,Sporting Gijón,Premium,,,,,,,,
453,True,,,La Liga 2 - Spain,,Leganés,Albacete,Premium,,,,,,,,
454,True,,,League 2,,Chesterfield FC,Tranmere Rovers,Premium,,,,,,,,
454,True,,,League 1,,Bradford City,Stevenage,Premium,,,,,,,,
454,True,,,League 2,,Barnet,Barrow,Premium,,,,,,,,
454,True,,,EPL,,Burnley,Brighton and Hove Albion,Premium,,,,,,,,
454,True,,,League 2,,Shrewsbury Town,Oldham Athletic,Premium,,,,,,,,
454,True,,,Premiership - Scotland,,Kilmarnock,Dundee FC,Premium,,,,,,,,
454,True,,,Premiership - Scotland,,Hearts,Motherwell,Premium,,,,,,,,
454,False,,,Eliteserien - Norway,,Tromso,Kristiansund BK,Match Result,,,1.39,Coolbet,,0.2,,
454,True,,,Belgium First Div,,Cercle Brugge KSV,RAAL La Louvière,Premium,,,,,,,,
454,True,,,League 2,,Newport County,Harrogate Town,Premium,,,,,,,,
454,True,,,Turkey Super League,,Alanyaspor,Trabzonspor,Premium,,,,,,,,
454,True,,,League 1,,Burton Albion,Wimbledon,Premium,,,,,,,,
455,True,,,Premiership - Scotland,,Dundee United,Livingston,Premium,,,,,,,,
455,True,,,EPL,,Brentford,Everton,Premium,,,,,,,,
455,False,,,League 1,,Burton Albion,Wimbledon,Match Result,,,1.88,LeoVegas,,0.4,,
455,False,,,Premiership - Scotland,,Celtic,St Mirren,Match Result,,,1.34,Matchbook,,0.1,,
455,False,,,League 1,,Wigan Athletic,Mansfield Town,Match Result,,,2.6,Matchbook,,1.1,,
455,True,,,League 1,,Doncaster Rovers,Reading,Premium,,,,,,,,
455,True,,,League 1,,Huddersfield Town,Wycombe Wanderers,Premium,,,,,,,,
455,False,,,League 1,,Blackpool,Peterborough United,Match Result,,,1.91,Coral,,0.5,,
455,False,,,League 2,,Chesterfield FC,Tranmere Rovers,Match Result,,,1.53,Ladbrokes,,0.3,,
456,True,,,League 2,,Grimsby Town,Crewe Alexandra,Premium,,,,,,,,
456,False,,,League 1,,Doncaster Rovers,Reading,Match Result,,,2.08,Matchbook,,0.6,,
456,False,,,Veikkausliiga - Finland,,HJK Helsinki,AC Oulu,Match Result,,,1.65,Nordic Bet,,0.3,,
456,False,,,Premiership - Scotland,,Aberdeen,Hibernian,Match Result,,,2.2,Unibet (NL),,0.8,,
456,False,,,Turkey Super League,,Alanyaspor,Trabzonspor,Match Result,,,2.54,1xBet,,0.8,,
456,False,,,EPL,,Brentford,Everton,Match Result,,,2.21,Coolbet,,0.8,,
456,False,,,Belgium First Div,,Cercle Brugge KSV,RAAL La Louvière,Match Result,,,1.95,Coral,,0.5,,
456,False,,,League 1,,Huddersfield Town,Wycombe Wanderers,Match Result,,,2.34,Betfair,,0.8,,
456,False,,,League 2,,Newport County,Harrogate Town,Match Result,,,2.36,Betfair,,0.9,,
456,False,,,League 2,,Cambridge United,Notts County,Match Result,,,1.94,Unibet,,0.5,,
457,False,,,League 2,,Shrewsbury Town,Oldham Athletic,Match Result,,,2.1,Ladbrokes,,0.7,,
457,False,,,EPL,,Burnley,Brighton and Hove Albion,Match Result,,,1.8,Coral,,0.5,,
457,False,,,League 2,,Salford City,Gillingham,Match Result,,,1.65,Ladbrokes,,0.4,,
457,False,,,League 2,,Walsall,Cheltenham Town,Match Result,,,1.86,Unibet,,0.5,,
457,False,,,League 1,,Rotherham United,Barnsley,Match Result,,,2.63,LeoVegas,,0.9,,
458,True,,,Bundesliga - Germany,,1. FC Heidenheim,Union Berlin,Premium,,,,,,,,
458,True,,,Bundesliga - Germany,,RB Leipzig,Borussia Monchengladbach,Premium,,,,,,,,
458,True,,,Premier League - Russia,,Rubin Kazan,Gazovik Orenburg,Premium,,,,,,,,
458,False,,,Bundesliga - Germany,,1. FC Heidenheim,Union Berlin,Match Result,,,2.46,Betfair,,1.0,,
458,True,,,Bundesliga - Germany,,Borussia Dortmund,Bayer Leverkusen,Premium,,,,,,,,
458,False,,,Bundesliga - Germany,,Borussia Dortmund,Bayer Leverkusen,Match Result,,,2.08,Betfair,,0.7,,
458,False,,,Bundesliga - Germany,,RB Leipzig,Borussia Monchengladbach,Match Result,,,1.55,Matchbook,,0.3,,
458,False,,,Bundesliga - Germany,,VfL Wolfsburg,Eintracht Frankfurt,Match Result,,,2.68,Smarkets,,0.9,,
459,False,,,Serie A - Italy,,Cagliari,Cremonese,Match Result,,,2.28,GTbets,,0.8,,
459,False,,,Allsvenskan - Sweden,,Mjällby AIF,Örgryte IS,Match Result,,,1.41,Unibet (SE),,0.2,,
459,False,,,Serie B - Italy,,Juve Stabia,Cesena FC,Match Result,,,2.25,Unibet,,0.8,,
459,False,,,Serie B - Italy,,Südtirol,Modena,Match Result,,,2.56,Betfair,,0.9,,
459,False,,,Allsvenskan - Sweden,,IFK Goteborg,BK Hacken,Match Result,,,2.52,Matchbook,,0.8,,
459,True,,,Serie A - Italy,,Cagliari,Cremonese,Premium,,,,,,,,
459,True,,,Serie B - Italy,,Südtirol,Modena,Premium,,,,,,,,
459,True,,,Superettan - Sweden,,Nordic United FC,Helsingborgs IF,Premium,,,,,,,,
459,True,,,Serie B - Italy,,Juve Stabia,Cesena FC,Premium,,,,,,,,
459,False,,,Serie A - Italy,,Torino,Hellas Verona,Match Result,,,2.0,Matchbook,,0.6,,
460,True,,,Allsvenskan - Sweden,,IFK Goteborg,BK Hacken,Premium,,,,,,,,
460,False,,,Serie B - Italy,,Pescara,Sampdoria,Match Result,,,2.33,Grosvenor,,0.7,,
460,True,,,Allsvenskan - Sweden,,Mjällby AIF,Örgryte IS,Premium,,,,,,,,
460,True,,,Allsvenskan - Sweden,,Västerås SK,IF Elfsborg,Premium,,,,,,,,
460,False,,,Superettan - Sweden,,Nordic United FC,Helsingborgs IF,Match Result,,,2.6,FanDuel,,1.0,,
460,False,,,Allsvenskan - Sweden,,Västerås SK,IF Elfsborg,Match Result,,,2.55,Unibet (SE),,1.1,,
460,False,,,Serie B - Italy,,Virtus Entella,Venezia,Match Result,,,1.76,Matchbook,,0.4,,
460,False,,,Ekstraklasa - Poland,,Widzew Łódź,Nieciecza,Match Result,,,1.63,Unibet (SE),,0.2,,
460,True,,,Ekstraklasa - Poland,,Widzew Łódź,Nieciecza,Premium,,,,,,,,
461,False,,,Eliteserien - Norway,,Lillestrom,IK Start,Match Result,,,1.58,GTbets,,0.3,,
461,False,,,Ligue 2 - France,,Red Star,SC Bastia,Match Result,,,2.21,Pinnacle,,0.7,,
461,False,,,3. Liga - Germany,,Waldhof Mannheim,MSV Duisburg,Match Result,,,2.6,Betfair,,1.0,,
461,True,,,La Liga - Spain,,Real Sociedad,Alavés,Premium,,,,,,,,
461,True,,,Ligue 2 - France,,Red Star,SC Bastia,Premium,,,,,,,,
461,True,,,3. Liga - Germany,,FC Viktoria Köln 1904,Wehen Wiesbaden,Premium,,,,,,,,
461,True,,,3. Liga - Germany,,Alemannia Aachen,VfB Stuttgart II,Premium,,,,,,,,
461,True,,,3. Liga - Germany,,Rot-Weiss Essen,FC Ingolstadt 04,Premium,,,,,,,,
461,True,,,3. Liga - Germany,,Waldhof Mannheim,MSV Duisburg,Premium,,,,,,,,
461,False,,,3. Liga - Germany,,Rot-Weiss Essen,FC Ingolstadt 04,Match Result,,,1.73,Coolbet,,0.5,,
461,False,,,La Liga - Spain,,Real Sociedad,Alavés,Match Result,,,1.79,Matchbook,,0.5,,
461,False,,,3. Liga - Germany,,TSV Havelse,1. FC Saarbrücken,Match Result,,,1.69,Fanatics,,0.4,,
462,True,,,Eliteserien - Norway,,Lillestrom,IK Start,Premium,,,,,,,,
462,True,,,3. Liga - Germany,,TSV Havelse,1. FC Saarbrücken,Premium,,,,,,,,
462,False,,,3. Liga - Germany,,Alemannia Aachen,VfB Stuttgart II,Match Result,,,2.04,Betfair,,0.6,,
462,True,,,Super League - China,,Shanghai Shenhua FC,Shanghai SIPG FC,Premium,,,,,,,,
462,True,,,Super League - China,,Henan FC,Shandong Luneng Taishan FC,Premium,,,,,,,,
462,False,,,Super League - China,,Henan FC,Shandong Luneng Taishan FC,Match Result,,,2.43,Pinnacle,,0.9,,
462,False,,,Super League - China,,Shanghai Shenhua FC,Shanghai SIPG FC,Match Result,,,2.12,GTbets,,0.5,,
462,False,,,Championship,,Queens Park Rangers,Bristol City,Match Result,,,2.27,GTbets,,0.9,,
462,True,,,League 1,,Plymouth Argyle,Exeter City,Premium,,,,,,,,
463,True,,,Turkey Super League,,Basaksehir,Genclerbirligi SK,Premium,,,,,,,,
463,True,,,League 1,,Lincoln City,Leyton Orient,Premium,,,,,,,,
463,True,,,League 2,,Milton Keynes Dons,Bromley FC,Premium,,,,,,,,
463,True,,,League 2,,Bristol Rovers,Crawley Town,Premium,,,,,,,,
463,True,,,League 1,,Cardiff City,Bolton Wanderers,Premium,,,,,,,,
463,True,,,EPL,,Arsenal,Bournemouth,Premium,,,,,,,,
463,False,,,League 2,,Bristol Rovers,Crawley Town,Match Result,,,2.1,Betfair,,0.5,,
463,False,,,League 2,,Milton Keynes Dons,Bromley FC,Match Result,,,1.87,Unibet,,0.6,,
463,False,,,EPL,,Arsenal,Bournemouth,Match Result,,,1.48,1xBet,,0.3,,
463,False,,,Turkey Super League,,Basaksehir,Genclerbirligi SK,Match Result,,,1.65,1xBet,,0.3,,
464,False,,,League 1,,Lincoln City,Leyton Orient,Match Result,,,1.62,Betfair,,0.4,,
464,False,,,League 1,,Plymouth Argyle,Exeter City,Match Result,,,1.61,LeoVegas,,0.3,,
464,False,,,Super League - China,,Chongqing Tonglianglong FC,Wuhan Three Towns,Match Result,,,1.88,PlayUp,,0.5,,
464,True,,,Super League - China,,Qingdao West Coast FC,Liaoning Tieren FC,Premium,,,,,,,,
464,True,,,Premier League - Russia,,Kryliya Sovetov,FC Akhmat Grozny,Premium,,,,,,,,
464,False,,,Superettan - Sweden,,Ljungskile SK,IFK Norrkoping,Match Result,,,1.85,Nordic Bet,,0.4,,
464,True,,,Bundesliga 2 - Germany,,Hertha Berlin,1. FC Kaiserslautern,Premium,,,,,,,,
464,True,,,Veikkausliiga - Finland,,KuPS Kuopio,IF Gnistan,Premium,,,,,,,,
464,True,,,Bundesliga 2 - Germany,,SC Preußen Münster,Greuther Fürth,Premium,,,,,,,,
464,True,,,Superettan - Sweden,,Ljungskile SK,IFK Norrkoping,Premium,,,,,,,,
464,False,,,Superettan - Sweden,,Östers IF,Örebro SK,Match Result,,,1.79,Pinnacle,,0.4,,
464,False,,,Bundesliga 2 - Germany,,SC Preußen Münster,Greuther Fürth,Match Result,,,2.3,Betfair,,0.9,,
465,False,,,Bundesliga 2 - Germany,,1. FC Nürnberg,Dynamo Dresden,Match Result,,,2.22,Betfair,,0.6,,
465,True,,,Super League - China,,Chongqing Tonglianglong FC,Wuhan Three Towns,Premium,,,,,,,,
465,True,,,Superettan - Sweden,,Östers IF,Örebro SK,Premium,,,,,,,,
465,False,,,A-League,,Western Sydney Wanderers,Sydney FC,Match Result,,,2.6,Matchbook,,0.9,,
465,True,,,A-League,,Western Sydney Wanderers,Sydney FC,Premium,,,,,,,,
465,True,,,K League 1,,Incheon United,Ulsan Hyundai FC,Premium,,,,,,,,
465,False,,,K League 1,,Incheon United,Ulsan Hyundai FC,Match Result,,,2.75,LeoVegas,,1.0,,
466,False,,,J League,,Kyoto Purple Sanga,Fagiano Okayama,Match Result,,,1.95,Pinnacle,,0.7,,
466,False,,,A-League,,Newcastle Jets FC,Adelaide United,Match Result,,,2.22,Matchbook,,0.8,,
466,False,,,J League,,Gamba Osaka,Cerezo Osaka,Match Result,,,2.32,Pinnacle,,0.9,,
466,True,,,J League,,Kyoto Purple Sanga,Fagiano Okayama,Premium,,,,,,,,
466,True,,,J League,,Gamba Osaka,Cerezo Osaka,Premium,,,,,,,,
466,True,,,A-League,,Newcastle Jets FC,Adelaide United,Premium,,,,,,,,
466,False,,,J League,,Yokohama F Marinos,FC Tokyo,Match Result,,,2.22,Pinnacle,,0.7,,
466,True,,,J League,,Vissel Kobe,Nagoya Grampus,Premium,,,,,,,,
466,False,,,J League,,Vissel Kobe,Nagoya Grampus,Match Result,,,2.0,DraftKings,,0.6,,
466,True,,,J League,,Yokohama F Marinos,FC Tokyo,Premium,,,,,,,,
466,True,,,K League 1,,Pohang Steelers,Jeju United FC,Premium,,,,,,,,
466,False,,,K League 1,,FC Seoul,Jeonbuk Hyundai Motors,Match Result,,,2.3,Pinnacle,,0.8,,
467,False,,,A-League,,Auckland FC,Melbourne Victory,Match Result,,,2.18,Betfair,,0.7,,
467,True,,,J League,,Hiroshima Sanfrecce FC,Shimizu S Pulse,Premium,,,,,,,,
467,True,,,J League,,FC Machida Zelvia,Kashiwa Reysol,Premium,,,,,,,,
467,False,,,J League,,FC Machida Zelvia,Kashiwa Reysol,Match Result,,,2.55,Pinnacle,,0.9,,
467,False,,,J League,,Hiroshima Sanfrecce FC,Shimizu S Pulse,Match Result,,,1.61,BetMGM,,0.3,,
467,True,,,A-League,,Auckland FC,Melbourne Victory,Premium,,,,,,,,
467,True,,,J League,,Avispa Fukuoka,V-Varen Nagasaki,Premium,,,,,,,,
467,True,,,K League 1,,FC Seoul,Jeonbuk Hyundai Motors,Premium,,,,,,,,
467,False,,,K League 1,,Pohang Steelers,Jeju United FC,Match Result,,,2.02,LeoVegas,,0.7,,
467,False,,,J League,,JEF United Chiba,Mito HollyHock,Match Result,,,2.73,Pinnacle,,1.0,,
467,True,,,J League,,JEF United Chiba,Mito HollyHock,Premium,,,,,,,,
468,True,,,Liga MX,,FC Juárez,Tijuana,Premium,,,,,,,,
468,False,,,Liga MX,,FC Juárez,Tijuana,Match Result,,,1.92,Matchbook,,0.6,,
468,True,,,Liga MX,,Puebla,León,Premium,,,,,,,,
468,False,,,Liga MX,,Puebla,León,Match Result,,,2.42,Betfair,,0.7,,
468,True,,,Primera División - Chile,,O'Higgins,Huachipato,Premium,,,,,,,,
468,False,,,Primera División - Chile,,O'Higgins,Huachipato,Match Result,,,2.12,Grosvenor,,0.7,,
468,False,,,Primera División - Argentina,,Belgrano de Cordoba,Aldosivi Mar del Plata,Match Result,,,1.72,Unibet,,0.4,,
468,True,,,Primera División - Argentina,,Belgrano de Cordoba,Aldosivi Mar del Plata,Premium,,,,,,,,
468,True,,,Brazil Série B,,Criciuma,Botafogo,Premium,,,,,,,,
468,False,,,Brazil Série B,,Criciuma,Botafogo,Match Result,,,1.76,Matchbook,,0.5,,
468,True,,,Primeira Liga - Portugal,,Famalicão,Moreirense FC,Premium,,,,,,,,
468,False,,,Primeira Liga - Portugal,,Famalicão,Moreirense FC,Match Result,,,1.57,Coolbet,,0.3,,
469,True,,,Ligue 1 - France,,Marseille,Metz,Premium,,,,,,,,
469,False,,,Ligue 1 - France,,Marseille,Metz,Match Result,,,1.28,Betfair,,0.1,,
469,True,,,Championship,,West Bromwich Albion,Millwall,Premium,,,,,,,,
469,False,,,Championship,,West Bromwich Albion,Millwall,Match Result,,,2.38,Betfair,,0.9,,
469,True,,,League of Ireland,,St Patricks Athletic,Shamrock Rovers,Premium,,,,,,,,
469,False,,,La Liga - Spain,,Real Madrid,Girona,Match Result,,,1.32,Betfair,,0.1,,
469,False,,,EPL,,West Ham United,Wolverhampton Wanderers,Match Result,,,1.92,Betfair,,0.6,,
469,True,,,EPL,,West Ham United,Wolverhampton Wanderers,Premium,,,,,,,,
469,False,,,League of Ireland,,St Patricks Athletic,Shamrock Rovers,Match Result,,,2.5,Betfair,,0.8,,
469,True,,,League of Ireland,,Waterford FC,Drogheda United,Premium,,,,,,,,
469,True,,,League of Ireland,,Dundalk,Derry City,Premium,,,,,,,,
469,True,,,League of Ireland,,Galway United,Shelbourne Dublin,Premium,,,,,,,,
470,False,,,League of Ireland,,Waterford FC,Drogheda United,Match Result,,,2.25,Unibet,,0.7,,
470,False,,,League of Ireland,,Bohemians,Sligo Rovers,Match Result,,,1.38,Coolbet,,0.1,,
470,True,,,Serie A - Italy,,AS Roma,Pisa,Premium,,,,,,,,
470,False,,,Serie A - Italy,,AS Roma,Pisa,Match Result,,,1.39,1xBet,,0.1,,
470,True,,,League 2,,Colchester United,Swindon Town,Premium,,,,,,,,
470,False,,,Belgium First Div,,Charleroi,Royal Antwerp,Match Result,,,1.91,1xBet,,0.6,,
470,True,,,Belgium First Div,,Charleroi,Royal Antwerp,Premium,,,,,,,,
470,False,,,League of Ireland,,Galway United,Shelbourne Dublin,Match Result,,,2.46,Betfair,,0.8,,
470,False,,,Bundesliga - Germany,,Augsburg,TSG Hoffenheim,Match Result,,,2.14,Unibet (SE),,0.7,,
470,True,,,Bundesliga - Germany,,Augsburg,TSG Hoffenheim,Premium,,,,,,,,
471,False,,,Ekstraklasa - Poland,,Korona Kielce,Jagiellonia Białystok,Match Result,,,2.55,Unibet,,0.8,,
471,True,,,La Liga 2 - Spain,,AD Ceuta FC,Real Sociedad B,Premium,,,,,,,,
471,True,,,Ekstraklasa - Poland,,Korona Kielce,Jagiellonia Białystok,Premium,,,,,,,,
471,True,,,Serie B - Italy,,Frosinone,Palermo,Premium,,,,,,,,
471,False,,,Ligue 2 - France,,Annecy FC,Montpellier,Match Result,,,2.66,Betfair,,0.9,,
471,False,,,Dutch Eredivisie,,FC Twente Enschede,FC Volendam,Match Result,,,1.21,BetMGM,,0.0,,
471,True,,,Ligue 2 - France,,Clermont,Nancy,Premium,,,,,,,,
471,True,,,Ligue 2 - France,,Amiens,Pau FC,Premium,,,,,,,,
471,True,,,Ligue 2 - France,,Annecy FC,Montpellier,Premium,,,,,,,,
471,True,,,Ligue 2 - France,,Stade Lavallois,Stade de Reims,Premium,,,,,,,,
472,False,,,Ligue 2 - France,,Guingamp,Grenoble,Match Result,,,1.76,TABtouch,,0.4,,
472,False,,,Ligue 2 - France,,Amiens,Pau FC,Match Result,,,2.65,Coolbet,,1.2,,
472,True,,,Dutch Eredivisie,,FC Twente Enschede,FC Volendam,Premium,,,,,,,,
472,False,,,Austrian Football Bundesliga,,RB Salzburg,LASK,Match Result,,,1.82,Betsson,,0.5,,
472,True,,,Austrian Football Bundesliga,,RB Salzburg,LASK,Premium,,,,,,,,
472,False,,,Veikkausliiga - Finland,,VPS Vaasa,Jaro,Match Result,,,2.1,BetMGM,,0.6,,
472,False,,,Ligue 1 - France,,Paris FC,AS Monaco,Match Result,,,2.0,Smarkets,,0.6,,
472,True,,,Ligue 1 - France,,Paris FC,AS Monaco,Premium,,,,,,,,
472,False,,,Denmark Superliga,,AGF Aarhus,FC Nordsjaelland,Match Result,,,1.71,Betfair,,0.4,,
473,False,,,Turkey Super League,,Besiktas JK,Antalyaspor,Match Result,,,1.32,Unibet (SE),,0.1,,
473,True,,,Denmark Superliga,,AGF Aarhus,FC Nordsjaelland,Premium,,,,,,,,
473,True,,,Bundesliga 2 - Germany,,Fortuna Düsseldorf,Holstein Kiel,Premium,,,,,,,,
473,False,,,Bundesliga 2 - Germany,,Fortuna Düsseldorf,Holstein Kiel,Match Result,,,2.07,TABtouch,,0.8,,
473,False,,,Bundesliga 2 - Germany,,Karlsruher SC,Arminia Bielefeld,Match Result,,,2.34,Betfair,,0.8,,
473,True,,,Bundesliga 2 - Germany,,Karlsruher SC,Arminia Bielefeld,Premium,,,,,,,,
473,True,,,Ekstraklasa - Poland,,Wisła Płock,Lechia Gdańsk,Premium,,,,,,,,
473,True,,,Veikkausliiga - Finland,,SJK Seinäjoki,IFK Mariehamn,Premium,,,,,,,,
473,False,,,Ekstraklasa - Poland,,Motor Lublin,Raków Częstochowa,Match Result,,,2.18,Unibet,,0.8,,
474,True,,,Ekstraklasa - Poland,,Motor Lublin,Raków Częstochowa,Premium,,,,,,,,
474,False,,,Veikkausliiga - Finland,,SJK Seinäjoki,IFK Mariehamn,Match Result,,,1.82,Nordic Bet,,0.5,,
474,True,,,Veikkausliiga - Finland,,TPS Turku,FC Lahti,Premium,,,,,,,,
474,False,,,Veikkausliiga - Finland,,TPS Turku,FC Lahti,Match Result,,,2.36,Betfair,,0.7,,
474,True,,,Super League - China,,Dalian Yingbo,Zhejiang,Premium,,,,,,,,
474,False,,,Super League - China,,Dalian Yingbo,Zhejiang,Match Result,,,2.62,Betfair,,1.0,,
474,True,,,A-League,,Central Coast Mariners,Brisbane Roar,Premium,,,,,,,,
474,False,,,A-League,,Central Coast Mariners,Brisbane Roar,Match Result,,,2.4,LeoVegas,,0.8,,
474,True,,,Copa Libertadores,,Independiente Santa Fe,Peñarol Montevideo,Premium,,,,,,,,
474,False,,,Copa Libertadores,,Independiente Santa Fe,Peñarol Montevideo,Match Result,,,2.16,Betfair,,0.7,,
474,False,,,Copa Sudamericana,,Macará,América de Cali,Match Result,,,2.84,Betfair,,1.0,,
475,False,,,Copa Sudamericana,,Carabobo FC,Bragantino-SP,Match Result,,,2.2,Unibet (UK),,0.7,,
475,True,,,Copa Sudamericana,,Macará,América de Cali,Premium,,,,,,,,
475,True,,,Copa Libertadores,,Platense,Corinthians-SP,Premium,,,,,,,,
475,False,,,Copa Libertadores,,Platense,Corinthians-SP,Match Result,,,2.8,Coolbet,,1.3,,
475,False,,,Copa Libertadores,,Rosario Central,Independiente del Valle,Match Result,,,1.84,GTbets,,0.4,,
475,False,,,Copa Sudamericana,,CA Juventud,Club Cienciano,Match Result,,,2.18,Coolbet,,0.7,,
475,True,,,Copa Sudamericana,,CA Juventud,Club Cienciano,Premium,,,,,,,,
475,True,,,Copa Libertadores,,UCV FC,Libertad Asuncion,Premium,,,,,,,,
475,True,,,Copa Sudamericana,,Botafogo,Caracas FC,Premium,,,,,,,,
475,False,,,Copa Libertadores,,UCV FC,Libertad Asuncion,Match Result,,,2.52,LowVig.ag,,1.0,,
475,True,,,Copa Libertadores,,Rosario Central,Independiente del Valle,Premium,,,,,,,,
476,True,,,UEFA Europa Conference League,,FSV Mainz 05,Strasbourg,Premium,,,,,,,,
476,True,,,UEFA Europa League,,SC Freiburg,Celta Vigo,Premium,,,,,,,,
476,False,,,UEFA Europa League,,SC Freiburg,Celta Vigo,Match Result,,,2.44,Matchbook,,1.1,,
476,True,,,UEFA Europa Conference League,,Shakhtar Donetsk,AZ Alkmaar,Premium,,,,,,,,
476,False,,,UEFA Europa League,,Porto,Nottingham Forest,Match Result,,,2.26,Betfair,,0.9,,
476,False,,,UEFA Europa Conference League,,FSV Mainz 05,Strasbourg,Match Result,,,2.12,Betfair,,0.7,,
476,False,,,UEFA Europa Conference League,,Crystal Palace,Fiorentina,Match Result,,,1.77,Betfair,,0.5,,
476,False,,,UEFA Europa Conference League,,Shakhtar Donetsk,AZ Alkmaar,Match Result,,,2.68,Betfair,,0.9,,
476,True,,,UEFA Europa League,,Bologna,Aston Villa,Premium,,,,,,,,
476,True,,,UEFA Europa Conference League,,Crystal Palace,Fiorentina,Premium,,,,,,,,
476,False,,,UEFA Europa League,,Bologna,Aston Villa,Match Result,,,2.46,Betfair,,1.0,,
477,True,,,Saudi Pro League,,Al-Ettifaq,Al-Riyadh,Premium,,,,,,,,
477,False,,,Saudi Pro League,,Al-Ettifaq,Al-Riyadh,Match Result,,,2.2,Coral,,0.8,,
477,True,,,Turkey Super League,,Çaykur Rizespor,Samsunspor,Premium,,,,,,,,
477,False,,,Turkey Super League,,Çaykur Rizespor,Samsunspor,Match Result,,,2.4,Betfair,,0.9,,
477,True,,,UEFA Europa Conference League,,Rayo Vallecano,AEK Athens,Premium,,,,,,,,
477,False,,,UEFA Europa Conference League,,Rayo Vallecano,AEK Athens,Match Result,,,2.07,1xBet,,0.7,,
477,True,,,Saudi Pro League,,Damac,Al-Qadsiah,Premium,,,,,,,,
477,False,,,Saudi Pro League,,Damac,Al-Qadsiah,Match Result,,,1.44,Ladbrokes,,0.1,,
477,False,,,Copa Libertadores,,Sporting Cristal,Cerro Porteño,Match Result,,,2.55,BetRivers,,0.8,,
477,False,,,Copa Sudamericana,,Puerto Cabello,Clube Atlético Mineiro,Match Result,,,2.04,Betfair,,0.7,,
477,True,,,Copa Sudamericana,,Puerto Cabello,Clube Atlético Mineiro,Premium,,,,,,,,
478,False,,,Copa Sudamericana,,Montevideo City Torque,Grêmio,Match Result,,,2.44,Smarkets,,0.8,,
478,True,,,Copa Sudamericana,,Montevideo City Torque,Grêmio,Premium,,,,,,,,
478,False,,,Copa Libertadores,,Cusco FC,Flamengo-RJ,Match Result,,,1.88,Unibet (UK),,0.5,,
478,True,,,Copa Libertadores,,Cusco FC,Flamengo-RJ,Premium,,,,,,,,
478,False,,,Copa Libertadores,,Junior FC,Palmeiras-SP,Match Result,,,1.96,1xBet,,0.6,,
478,True,,,Copa Libertadores,,Junior FC,Palmeiras-SP,Premium,,,,,,,,
478,False,,,Copa Sudamericana,,Blooming,River Plate,Match Result,,,1.42,Coolbet,,0.1,,
478,True,,,Copa Sudamericana,,Blooming,River Plate,Premium,,,,,,,,
478,False,,,Copa Sudamericana,,Audax Italiano,Olimpia Asunción,Match Result,,,2.72,Coolbet,,1.3,,
478,False,,,Copa Libertadores,,Independiente Medellín,Estudiantes La Plata,Match Result,,,2.7,Coolbet,,0.9,,
478,True,,,Copa Libertadores,,Independiente Medellín,Estudiantes La Plata,Premium,,,,,,,,
479,False,,,Copa Sudamericana,,Deportivo Pereira,Palestino,Match Result,,,2.0,Coolbet,,0.6,,
479,True,,,Copa Sudamericana,,C.D. Cuenca,Santos,Premium,,,,,,,,
479,False,,,Copa Sudamericana,,Recoleta FC,San Lorenzo,Match Result,,,1.88,Unibet (UK),,0.6,,
479,True,,,Copa Sudamericana,,Deportivo Pereira,Palestino,Premium,,,,,,,,
479,False,,,Copa Libertadores,,Coquimbo Unido,Nacional de Montevideo,Match Result,,,2.51,BetUS,,0.8,,
479,True,,,Copa Libertadores,,Mirassol,Lanus,Premium,,,,,,,,
479,True,,,Copa Sudamericana,,Recoleta FC,San Lorenzo,Premium,,,,,,,,
479,False,,,Copa Libertadores,,Mirassol,Lanus,Match Result,,,2.22,Betfair,,0.8,,
479,False,,,Copa Sudamericana,,C.D. Cuenca,Santos,Match Result,,,2.58,Matchbook,,0.9,,
479,True,,,Copa Libertadores,,Coquimbo Unido,Nacional de Montevideo,Premium,,,,,,,,
479,True,,,UEFA Champions League,,Barcelona,Atlético Madrid,Premium,,,,,,,,
480,True,,,UEFA Champions League,,Paris Saint Germain,Liverpool,Premium,,,,,,,,
480,False,,,UEFA Champions League,,Barcelona,Atlético Madrid,Match Result,,,1.59,Betfair,,0.4,,
480,True,,,Saudi Pro League,,Al-Ittihad,Neom,Premium,,,,,,,,
480,False,,,Saudi Pro League,,Al-Ittihad,Neom,Match Result,,,1.68,Betfair,,0.4,,
480,False,,,Saudi Pro League,,Al-Hilal,Al-Kholood,Match Result,,,1.2,Ladbrokes,,0.0,,
480,True,,,Saudi Pro League,,Al-Hilal,Al-Kholood,Premium,,,,,,,,
480,True,,,3. Liga - Germany,,SC Verl,Hansa Rostock,Premium,,,,,,,,
480,False,,,Turkey Super League,,Goztepe,Galatasaray,Match Result,,,1.79,Betfair,,0.4,,
480,False,,,3. Liga - Germany,,1. FC Saarbrücken,Alemannia Aachen,Match Result,,,2.34,BetOnline.ag,,0.7,,
480,False,,,3. Liga - Germany,,FC Ingolstadt 04,FC Viktoria Köln 1904,Match Result,,,2.32,Betfair,,0.7,,
480,False,,,3. Liga - Germany,,VfB Stuttgart II,SSV Ulm 1846,Match Result,,,2.06,LowVig.ag,,0.8,,
481,True,,,3. Liga - Germany,,Wehen Wiesbaden,TSV Havelse,Premium,,,,,,,,
481,True,,,3. Liga - Germany,,VfB Stuttgart II,SSV Ulm 1846,Premium,,,,,,,,
481,True,,,3. Liga - Germany,,FC Ingolstadt 04,FC Viktoria Köln 1904,Premium,,,,,,,,
481,True,,,Turkey Super League,,Goztepe,Galatasaray,Premium,,,,,,,,
481,False,,,3. Liga - Germany,,SC Verl,Hansa Rostock,Match Result,,,2.3,LeoVegas,,0.8,,
481,False,,,UEFA Europa League,,SC Braga,Real Betis,Match Result,,,2.63,1xBet,,1.1,,
481,True,,,UEFA Europa League,,SC Braga,Real Betis,Premium,,,,,,,,
481,False,,,Super League - Greece,,Atromitos Athens,AE Kifisia FC,Match Result,,,2.05,BetMGM,,0.7,,
481,True,,,Super League - Greece,,Atromitos Athens,AE Kifisia FC,Premium,,,,,,,,
481,False,,,Saudi Pro League,,Al-Fayha,Al-Ahli,Match Result,,,1.48,Betfair,,0.2,,
482,False,,,Super League - Greece,,Panserraikos FC,Asteras Tripolis,Match Result,,,2.54,Betfair,,0.8,,
482,True,,,Super League - Greece,,Panserraikos FC,Asteras Tripolis,Premium,,,,,,,,
482,True,,,Super League - Greece,,AEL,Panetolikos Agrinio,Premium,,,,,,,,
482,False,,,Super League - Greece,,AEL,Panetolikos Agrinio,Match Result,,,2.2,Betfair,,0.9,,
482,True,,,Copa Sudamericana,,Alianza Atlético,CA Tigre BA,Premium,,,,,,,,
482,True,,,Copa Libertadores,,Deportes Tolima,Club Universitario de Deportes,Premium,,,,,,,,
482,False,,,Copa Sudamericana,,Alianza Atlético,CA Tigre BA,Match Result,,,2.02,Virgin Bet,,0.6,,
482,False,,,Copa Libertadores,,Deportes Tolima,Club Universitario de Deportes,Match Result,,,2.25,Bovada,,0.8,,
482,True,,,Copa Sudamericana,,CA Boston River,Sao Paulo,Premium,,,,,,,,
482,False,,,Copa Sudamericana,,CA Boston River,Sao Paulo,Match Result,,,1.68,Virgin Bet,,0.4,,
482,True,,,Copa Libertadores,,Universidad Católica (CHI),Boca Juniors,Premium,,,,,,,,
483,False,,,Copa Libertadores,,Universidad Católica (CHI),Boca Juniors,Match Result,,,2.38,Betfair,,0.7,,
483,True,,,Copa Sudamericana,,O'Higgins,Millonarios,Premium,,,,,,,,
483,False,,,Copa Sudamericana,,O'Higgins,Millonarios,Match Result,,,2.52,Matchbook,,1.1,,
483,True,,,Copa Libertadores,,Club Always Ready,LDU Quito,Premium,,,,,,,,
483,False,,,Copa Libertadores,,Club Always Ready,LDU Quito,Match Result,,,2.4,Coolbet,,1.0,,
483,True,,,Liga MX,,Querétaro,FC Juárez,Premium,,,,,,,,
483,False,,,Liga MX,,Querétaro,FC Juárez,Match Result,,,2.4,Betfair,,1.0,,
483,True,,,Copa Libertadores,,Barcelona SC,Cruzeiro,Premium,,,,,,,,
483,False,,,Copa Libertadores,,Barcelona SC,Cruzeiro,Match Result,,,2.74,Betfair,,1.0,,
483,True,,,Copa Sudamericana,,Club Independiente Petrolero,Racing Club,Premium,,,,,,,,
483,False,,,Copa Libertadores,,Independiente Rivadavia,Club Bolívar,Match Result,,,1.51,GTbets,,0.3,,
483,False,,,Copa Sudamericana,,Barracas Central,Vasco da Gama,Match Result,,,1.94,Matchbook,,0.6,,
484,True,,,Copa Libertadores,,Deportivo La Guaira,Fluminense-RJ,Premium,,,,,,,,
484,True,,,Copa Sudamericana,,Barracas Central,Vasco da Gama,Premium,,,,,,,,
484,True,,,Copa Libertadores,,Independiente Rivadavia,Club Bolívar,Premium,,,,,,,,
484,True,,,UEFA Champions League,,Sporting Lisbon,Arsenal,Premium,,,,,,,,
484,True,,,UEFA Champions League,,Real Madrid,Bayern Munich,Premium,,,,,,,,
484,True,,,League 2,,Bromley FC,Shrewsbury Town,Premium,,,,,,,,
484,False,,,UEFA Champions League,,Real Madrid,Bayern Munich,Match Result,,,2.32,Unibet (NL),,0.8,,
484,False,,,UEFA Champions League,,Sporting Lisbon,Arsenal,Match Result,,,1.84,Betfair,,0.6,,
484,False,,,League 2,,Bromley FC,Shrewsbury Town,Match Result,,,1.76,Betfair,,0.4,,
484,False,,,Championship,,Wrexham AFC,Southampton,Match Result,,,2.74,Betfair,,1.0,,
485,True,,,League 1,,Port Vale,Rotherham United,Premium,,,,,,,,
485,False,,,League 1,,Port Vale,Rotherham United,Match Result,,,2.6,Betfair,,1.0,,
485,False,,,Eliteserien - Norway,,Aalesund,Fredrikstad FK,Match Result,,,2.48,Betfair,,0.8,,
485,False,,,Denmark Superliga,,FC Nordsjaelland,Brondby IF,Match Result,,,2.32,BetOnline.ag,,0.8,,
485,False,,,3. Liga - Germany,,MSV Duisburg,VfL Osnabrück,Match Result,,,2.74,LowVig.ag,,1.0,,
485,False,,,3. Liga - Germany,,Schweinfurt,Rot-Weiss Essen,Match Result,,,1.52,Betfair,,0.2,,
485,True,,,Denmark Superliga,,FC Nordsjaelland,Brondby IF,Premium,,,,,,,,
485,False,,,Superettan - Sweden,,IK Oddevold,Sandvikens IF,Match Result,,,2.17,BetOnline.ag,,0.7,,
485,True,,,3. Liga - Germany,,FC Energie Cottbus,TSV 1860 München,Premium,,,,,,,,
485,False,,,3. Liga - Germany,,FC Energie Cottbus,TSV 1860 München,Match Result,,,1.92,Nordic Bet,,0.6,,
485,True,,,3. Liga - Germany,,Waldhof Mannheim,TSG Hoffenheim II,Premium,,,,,,,,
486,False,,,3. Liga - Germany,,Jahn Regensburg,Erzgebirge Aue,Match Result,,,2.14,LowVig.ag,,0.7,,
486,True,,,Ekstraklasa - Poland,,Arka Gdynia,Zagłębie Lubin,Premium,,,,,,,,
486,False,,,3. Liga - Germany,,Waldhof Mannheim,TSG Hoffenheim II,Match Result,,,2.32,LeoVegas,,0.7,,
486,True,,,3. Liga - Germany,,Schweinfurt,Rot-Weiss Essen,Premium,,,,,,,,
486,True,,,Eliteserien - Norway,,KFUM,Sandefjord,Premium,,,,,,,,
486,True,,,3. Liga - Germany,,MSV Duisburg,VfL Osnabrück,Premium,,,,,,,,
486,False,,,Eliteserien - Norway,,KFUM,Sandefjord,Match Result,,,2.18,BetOnline.ag,,0.9,,
486,True,,,3. Liga - Germany,,Jahn Regensburg,Erzgebirge Aue,Premium,,,,,,,,
486,False,,,A-League,,Melbourne City,Central Coast Mariners,Match Result,,,1.47,LeoVegas (SE),,0.2,,
487,False,,,Primera División - Argentina,,Instituto de Córdoba,Defensa y Justicia,Match Result,,,2.1,Unibet,,0.7,,
487,True,,,Primera División - Argentina,,Instituto de Córdoba,Defensa y Justicia,Premium,,,,,,,,
487,True,,,Brazil Série B,,Goiás,Criciuma,Premium,,,,,,,,
487,False,,,Primera División - Chile,,Huachipato,Universidad de Concepción,Match Result,,,2.14,Smarkets,,0.5,,
487,False,,,Brazil Série B,,Goiás,Criciuma,Match Result,,,2.12,Matchbook,,0.7,,
487,True,,,Primera División - Chile,,Huachipato,Universidad de Concepción,Premium,,,,,,,,
487,True,,,Primera División - Argentina,,Argentinos Juniors,Banfield,Premium,,,,,,,,
487,False,,,Primera División - Argentina,,Argentinos Juniors,Banfield,Match Result,,,1.53,Ladbrokes,,0.3,,
487,True,,,Primeira Liga - Portugal,,Casa Pia,Benfica,Premium,,,,,,,,
487,False,,,Primeira Liga - Portugal,,Casa Pia,Benfica,Match Result,,,1.26,GTbets,,0.1,,
487,True,,,Championship,,Hull City,Coventry City,Premium,,,,,,,,
488,False,,,La Liga - Spain,,Girona,Villarreal,Match Result,,,2.34,1xBet,,1.0,,
488,True,,,La Liga - Spain,,Girona,Villarreal,Premium,,,,,,,,
488,True,,,Serie A - Italy,,Napoli,AC Milan,Premium,,,,,,,,
488,False,,,Ligue 2 - France,,Le Mans FC,Pau FC,Match Result,,,2.02,Unibet (UK),,0.7,,
488,False,,,Serie A - Italy,,Napoli,AC Milan,Match Result,,,2.57,1xBet,,1.1,,
488,True,,,Ligue 2 - France,,Le Mans FC,Pau FC,Premium,,,,,,,,
488,False,,,La Liga 2 - Spain,,Sporting Gijón,Real Sociedad B,Match Result,,,1.8,Fanatics,,0.5,,
488,True,,,La Liga 2 - Spain,,Sporting Gijón,Real Sociedad B,Premium,,,,,,,,
488,False,,,Ekstraklasa - Poland,,Lechia Gdańsk,Korona Kielce,Match Result,,,2.25,Unibet (NL),,0.7,,
488,True,,,Ekstraklasa - Poland,,Lechia Gdańsk,Korona Kielce,Premium,,,,,,,,
488,True,,,Primeira Liga - Portugal,,Arouca,Estoril,Premium,,,,,,,,
489,True,,,Serie B - Italy,,Carrarese,Spezia,Premium,,,,,,,,
489,False,,,Serie B - Italy,,Carrarese,Spezia,Match Result,,,2.12,Matchbook,,0.8,,
489,False,,,Eliteserien - Norway,,Tromso,Rosenborg,Match Result,,,1.57,Betfair,,0.3,,
489,True,,,Eliteserien - Norway,,Tromso,Rosenborg,Premium,,,,,,,,
489,True,,,Turkey Super League,,Kocaelispor,Basaksehir,Premium,,,,,,,,
489,False,,,La Liga 2 - Spain,,CD Castellón,Granada CF,Match Result,,,1.7,Betfair,,0.4,,
489,False,,,Turkey Super League,,Kocaelispor,Basaksehir,Match Result,,,2.58,LowVig.ag,,1.0,,
489,True,,,La Liga 2 - Spain,,CD Castellón,Granada CF,Premium,,,,,,,,
489,True,,,Premier League - Russia,,FK Sochi,Rubin Kazan,Premium,,,,,,,,
489,True,,,Belgium First Div,,Gent,KV Mechelen,Premium,,,,,,,,
489,False,,,Premier League - Russia,,FK Sochi,Rubin Kazan,Match Result,,,2.02,1xBet,,0.7,,
490,False,,,Belgium First Div,,Gent,KV Mechelen,Match Result,,,1.95,BetMGM,,0.5,,
490,True,,,League of Ireland,,Bohemians,Waterford FC,Premium,,,,,,,,
490,False,,,League of Ireland,,Bohemians,Waterford FC,Match Result,,,1.37,1xBet,,0.2,,
490,True,,,League of Ireland,,Sligo Rovers,Derry City,Premium,,,,,,,,
490,True,,,League of Ireland,,Drogheda United,Galway United,Premium,,,,,,,,
490,True,,,Denmark Superliga,,Viborg FF,AGF Aarhus,Premium,,,,,,,,
490,False,,,League of Ireland,,Sligo Rovers,Derry City,Match Result,,,1.88,Coolbet,,0.5,,
490,False,,,League of Ireland,,Dundalk,St Patricks Athletic,Match Result,,,2.32,LowVig.ag,,0.9,,
490,False,,,League of Ireland,,Shamrock Rovers,Shelbourne Dublin,Match Result,,,2.16,Betfair,,0.8,,
490,False,,,Serie A - Italy,,Juventus,Genoa,Match Result,,,1.41,GTbets,,0.2,,
490,True,,,Serie A - Italy,,Juventus,Genoa,Premium,,,,,,,,
490,False,,,League of Ireland,,Drogheda United,Galway United,Match Result,,,2.64,BetOnline.ag,,0.9,,
491,False,,,Ekstraklasa - Poland,,Pogoń Szczecin,Legia Warszawa,Match Result,,,2.65,Unibet,,1.0,,
491,True,,,Ekstraklasa - Poland,,Pogoń Szczecin,Legia Warszawa,Premium,,,,,,,,
491,True,,,Serie B - Italy,,Sampdoria,Empoli,Premium,,,,,,,,
491,False,,,Serie B - Italy,,Sampdoria,Empoli,Match Result,,,2.5,Betfair,,0.8,,
491,True,,,Eliteserien - Norway,,Kristiansund BK,Bodø/Glimt,Premium,,,,,,,,
491,True,,,Eliteserien - Norway,,HamKam,SK Brann,Premium,,,,,,,,
491,False,,,Eliteserien - Norway,,Molde,Lillestrom,Match Result,,,2.18,Betsson,,0.8,,
491,True,,,Eliteserien - Norway,,Molde,Lillestrom,Premium,,,,,,,,
491,False,,,Eliteserien - Norway,,Kristiansund BK,Bodø/Glimt,Match Result,,,1.32,GTbets,,0.2,,
492,False,,,Eliteserien - Norway,,Sarpsborg FK,IK Start,Match Result,,,1.8,Betfair,,0.5,,
492,True,,,Eliteserien - Norway,,Sarpsborg FK,IK Start,Premium,,,,,,,,
492,False,,,Swiss Superleague,,FC St Gallen,FC Zurich,Match Result,,,1.53,betPARX,,0.3,,
492,True,,,Allsvenskan - Sweden,,GAIS,Djurgardens IF,Premium,,,,,,,,
492,False,,,Swiss Superleague,,Servette,FC Luzern,Match Result,,,2.22,Betfair,,0.8,,
492,True,,,Swiss Superleague,,FC St Gallen,FC Zurich,Premium,,,,,,,,
492,True,,,Swiss Superleague,,Servette,FC Luzern,Premium,,,,,,,,
492,False,,,Allsvenskan - Sweden,,GAIS,Djurgardens IF,Match Result,,,2.38,BetOnline.ag,,0.9,,
492,True,,,League 2,,Gillingham,Accrington Stanley,Premium,,,,,,,,
492,False,,,League 1,,Reading,Lincoln City,Match Result,,,1.98,Unibet (UK),,0.5,,
492,True,,,Championship,,Preston North End,Queens Park Rangers,Premium,,,,,,,,
493,False,,,League 2,,Notts County,Newport County,Match Result,,,1.58,Matchbook,,0.3,,
493,False,,,League 1,,Leyton Orient,Huddersfield Town,Match Result,,,2.5,Matchbook,,0.8,,
493,True,,,League 2,,Notts County,Newport County,Premium,,,,,,,,
493,False,,,League 2,,Fleetwood Town,Barnet,Match Result,,,2.48,Betfair,,0.8,,
493,True,,,League 2,,Fleetwood Town,Barnet,Premium,,,,,,,,
493,False,,,League 1,,Wycombe Wanderers,Bradford City,Match Result,,,2.16,Matchbook,,0.8,,
493,True,,,Championship,,Blackburn Rovers,West Bromwich Albion,Premium,,,,,,,,
493,False,,,Championship,,Blackburn Rovers,West Bromwich Albion,Match Result,,,2.86,LowVig.ag,,1.1,,
493,False,,,League 1,,Stevenage,Blackpool,Match Result,,,1.86,Betfair,,0.6,,
493,False,,,Championship,,Sheffield Wednesday,Leicester City,Match Result,,,1.55,Matchbook,,0.3,,
493,True,,,League 1,,Peterborough United,Cardiff City,Premium,,,,,,,,
494,True,,,League 1,,Bolton Wanderers,Stockport County FC,Premium,,,,,,,,
494,True,,,League 1,,Reading,Lincoln City,Premium,,,,,,,,
494,False,,,Denmark Superliga,,OB Odense BK,FC Fredericia,Match Result,,,1.74,Betfair,,0.5,,
494,False,,,League 2,,Crewe Alexandra,Salford City,Match Result,,,2.4,betPARX,,1.0,,
494,False,,,League 2,,Oldham Athletic,Milton Keynes Dons,Match Result,,,2.68,Matchbook,,1.2,,
494,True,,,League 1,,Exeter City,Doncaster Rovers,Premium,,,,,,,,
495,False,,,League 2,,Gillingham,Accrington Stanley,Match Result,,,2.1,Betr,,0.7,,
495,True,,,League 1,,Barnsley,Plymouth Argyle,Premium,,,,,,,,
495,True,,,League 2,,Crawley Town,Grimsby Town,Premium,,,,,,,,
495,True,,,Belgium First Div,,RAAL La Louvière,Dender,Premium,,,,,,,,
495,False,,,League 2,,Crawley Town,Grimsby Town,Match Result,,,2.24,LowVig.ag,,0.8,,
496,True,,,Championship,,Derby County,Stoke City,Premium,,,,,,,,
496,True,,,Denmark Superliga,,OB Odense BK,FC Fredericia,Premium,,,,,,,,
496,True,,,League 2,,Tranmere Rovers,Colchester United,Premium,,,,,,,,
496,True,,,League 1,,Leyton Orient,Huddersfield Town,Premium,,,,,,,,
496,False,,,League 1,,Exeter City,Doncaster Rovers,Match Result,,,2.54,Betfair,,1.0,,
496,False,,,League 1,,Peterborough United,Cardiff City,Match Result,,,1.68,Grosvenor,,0.4,,
497,False,,,League 1,,Mansfield Town,Burton Albion,Match Result,,,2.15,Neds,,0.8,,
497,False,,,League 2,,Barrow,Chesterfield FC,Match Result,,,2.15,Unibet,,0.5,,
497,True,,,League 2,,Cheltenham Town,Cambridge United,Premium,,,,,,,,
497,False,,,League 2,,Harrogate Town,Bristol Rovers,Match Result,,,2.65,Unibet (UK),,1.1,,
497,False,,,League 1,,Northampton Town,Wigan Athletic,Match Result,,,2.41,Pinnacle,,0.7,,
497,True,,,Serie B - Italy,,US Catanzaro 1929,Monza,Premium,,,,,,,,
498,True,,,Serie B - Italy,,Mantova,Virtus Entella,Premium,,,,,,,,
498,False,,,Superettan - Sweden,,Örebro SK,Landskrona BoIS,Match Result,,,1.98,Unibet (UK),,0.7,,
498,True,,,Serie B - Italy,,Bari,Modena,Premium,,,,,,,,
498,False,,,Superettan - Sweden,,Varbergs BoIS,Östersunds FK,Match Result,,,2.48,BetOnline.ag,,0.9,,
498,False,,,Serie A - Italy,,Lecce,Atalanta BC,Match Result,,,1.84,Smarkets,,0.4,,
498,True,,,Superettan - Sweden,,IK Oddevold,Sandvikens IF,Premium,,,,,,,,
498,True,,,Superettan - Sweden,,Örebro SK,Landskrona BoIS,Premium,,,,,,,,
498,True,,,Superettan - Sweden,,Varbergs BoIS,Östersunds FK,Premium,,,,,,,,
498,True,,,Serie A - Italy,,Lecce,Atalanta BC,Premium,,,,,,,,
498,False,,,Serie B - Italy,,Bari,Modena,Match Result,,,1.94,Betfair,,0.6,,
498,False,,,Superettan - Sweden,,IK Oddevold,Sandvikens IF,Match Result,,,2.2,PointsBet (AU),,0.7,,
498,False,,,Serie B - Italy,,Venezia,Juve Stabia,Match Result,,,1.49,Grosvenor,,0.3,,
499,False,,,Serie B - Italy,,Reggiana,Pescara,Match Result,,,2.5,Betfair,,1.0,,
499,True,,,Serie B - Italy,,Venezia,Juve Stabia,Premium,,,,,,,,
499,False,,,Serie B - Italy,,Mantova,Virtus Entella,Match Result,,,2.02,Betfair,,0.6,,
499,False,,,Ekstraklasa - Poland,,Radomiak Radom,Motor Lublin,Match Result,,,2.1,BetOnline.ag,,0.6,,
499,True,,,Ekstraklasa - Poland,,Radomiak Radom,Motor Lublin,Premium,,,,,,,,
499,True,,,Eliteserien - Norway,,Vålerenga,Viking FK,Premium,,,,,,,,
499,False,,,Eliteserien - Norway,,Vålerenga,Viking FK,Match Result,,,2.26,Smarkets,,1.0,,
499,False,,,Allsvenskan - Sweden,,BK Hacken,IF Brommapojkarna,Match Result,,,1.59,Coolbet,,0.4,,
499,False,,,Denmark Superliga,,Vejle Boldklub,Randers FC,Match Result,,,2.32,Betfair,,0.9,,
499,True,,,Swiss Superleague,,Grasshopper Zürich,FC Sion,Premium,,,,,,,,
500,False,,,Swiss Superleague,,Grasshopper Zürich,FC Sion,Match Result,,,2.45,Coolbet,,0.9,,
500,False,,,Allsvenskan - Sweden,,IF Elfsborg,IFK Goteborg,Match Result,,,2.64,BetOnline.ag,,1.1,,
500,True,,,Allsvenskan - Sweden,,BK Hacken,IF Brommapojkarna,Premium,,,,,,,,
500,True,,,Championship,,Millwall,Norwich City,Premium,,,,,,,,
500,False,,,Championship,,Millwall,Norwich City,Match Result,,,2.2,Matchbook,,0.8,,
500,True,,,Championship,,Portsmouth,Oxford United,Premium,,,,,,,,
500,False,,,Belgium First Div,,Club Brugge,Anderlecht,Match Result,,,1.48,BetMGM,,0.3,,
500,True,,,Belgium First Div,,Club Brugge,Anderlecht,Premium,,,,,,,,
500,False,,,Championship,,Portsmouth,Oxford United,Match Result,,,2.02,Betfair,,0.7,,
500,True,,,Superettan - Sweden,,Falkenbergs FF,Ljungskile SK,Premium,,,,,,,,
501,False,,,Superettan - Sweden,,Falkenbergs FF,Ljungskile SK,Match Result,,,1.95,Unibet (UK),,0.5,,
501,False,,,Serie B - Italy,,Cesena FC,Südtirol,Match Result,,,2.26,Betfair,,0.7,,
501,False,,,Serie A - Italy,,Udinese,Como,Match Result,,,1.75,1xBet,,0.4,,
501,True,,,Serie A - Italy,,Udinese,Como,Premium,,,,,,,,
501,True,,,Serie B - Italy,,Cesena FC,Südtirol,Premium,,,,,,,,
501,True,,,Ekstraklasa - Poland,,Nieciecza,Piast Gliwice,Premium,,,,,,,,
501,False,,,Ekstraklasa - Poland,,Nieciecza,Piast Gliwice,Match Result,,,2.4,Unibet (NL),,1.0,,
501,False,,,Liga MX,,Guadalajara,Pumas,Match Result,,,1.55,LowVig.ag,,0.3,,
501,True,,,Liga MX,,Guadalajara,Pumas,Premium,,,,,,,,
501,False,,,Brazil Série B,,Botafogo,São Bernardo,Match Result,,,2.26,LowVig.ag,,0.8,,
501,True,,,Primera División - Argentina,,Central Córdoba,Newells Old Boys,Premium,,,,,,,,
501,False,,,Brazil Série A,,Grêmio,Remo,Match Result,,,1.53,Betfair,,0.3,,
502,True,,,Brazil Série A,,Grêmio,Remo,Premium,,,,,,,,
502,True,,,Brazil Série B,,Botafogo,São Bernardo,Premium,,,,,,,,
502,False,,,Brazil Série A,,Mirassol,Bragantino-SP,Match Result,,,2.3,Matchbook,,0.8,,
502,False,,,Brazil Série B,,Athletic Club (MG),América Mineiro,Match Result,,,2.45,LowVig.ag,,0.9,,
502,True,,,Brazil Série B,,Athletic Club (MG),América Mineiro,Premium,,,,,,,,
502,True,,,Brazil Série A,,Mirassol,Bragantino-SP,Premium,,,,,,,,
502,True,,,Brazil Série A,,Corinthians,Internacional,Premium,,,,,,,,
502,False,,,Brazil Série A,,Corinthians,Internacional,Match Result,,,2.18,Matchbook,,0.6,,
502,False,,,Brazil Série A,,Bahia,Palmeiras,Match Result,,,2.78,Betfair,,0.9,,
502,True,,,Brazil Série A,,Bahia,Palmeiras,Premium,,,,,,,,
502,False,,,Primera División - Chile,,Universidad de Chile,La Serena,Match Result,,,1.54,BetOnline.ag,,0.3,,
503,True,,,Primera División - Chile,,Universidad de Chile,La Serena,Premium,,,,,,,,
503,False,,,Primera División - Argentina,,River Plate,Belgrano de Cordoba,Match Result,,,1.67,Fanatics,,0.4,,
503,True,,,Brazil Série B,,Goiás,Criciuma,Premium,,,,,,,,
503,False,,,Brazil Série B,,Grêmio Novorizontino,Clube de Regatas Brasil,Match Result,,,2.0,Matchbook,,0.6,,
503,False,,,Brazil Série B,,Goiás,Criciuma,Match Result,,,2.1,Nordic Bet,,0.6,,
503,True,,,Primera División - Argentina,,River Plate,Belgrano de Cordoba,Premium,,,,,,,,
503,True,,,Brazil Série B,,Grêmio Novorizontino,Clube de Regatas Brasil,Premium,,,,,,,,
503,True,,,Brazil Série A,,Atletico Mineiro,Atletico Paranaense,Premium,,,,,,,,
503,False,,,Brazil Série A,,Flamengo,Santos,Match Result,,,1.4,1xBet,,0.2,,
503,True,,,Brazil Série A,,Flamengo,Santos,Premium,,,,,,,,
503,False,,,Brazil Série A,,Atletico Mineiro,Atletico Paranaense,Match Result,,,1.97,Betfair,,0.5,,
503,False,,,Primera División - Argentina,,Lanus,Platense,Match Result,,,2.14,Marathon Bet,,0.5,,
504,True,,,Primera División - Argentina,,Barracas Central,Sarmiento de Junin,Premium,,,,,,,,
504,True,,,Primera División - Argentina,,Lanus,Platense,Premium,,,,,,,,
504,False,,,Primera División - Argentina,,Barracas Central,Sarmiento de Junin,Match Result,,,2.7,Bovada,,0.9,,
504,True,,,Primera División - Chile,,Deportes Concepción,Colo Colo,Premium,,,,,,,,
504,False,,,Primera División - Chile,,Deportes Concepción,Colo Colo,Match Result,,,1.98,BetMGM,,0.4,,
504,True,,,Brazil Série A,,Chapecoense,Vitoria,Premium,,,,,,,,
504,True,,,La Liga - Spain,,Alavés,CA Osasuna,Premium,,,,,,,,
504,True,,,Brazil Série B,,Avai,Operario PR,Premium,,,,,,,,
504,True,,,La Liga 2 - Spain,,Zaragoza,CD Mirandés,Premium,,,,,,,,
504,False,,,Brazil Série A,,Chapecoense,Vitoria,Match Result,,,2.55,BetOnline.ag,,1.0,,
504,False,,,La Liga - Spain,,Alavés,CA Osasuna,Match Result,,,2.6,Betfair,,1.1,,
504,False,,,La Liga 2 - Spain,,Zaragoza,CD Mirandés,Match Result,,,1.91,Unibet (SE),,0.5,,
505,False,,,Serie A - Italy,,Inter Milan,AS Roma,Match Result,,,1.7,Betfair,,0.4,,
505,True,,,Ligue 1 - France,,AS Monaco,Marseille,Premium,,,,,,,,
505,True,,,Serie A - Italy,,Inter Milan,AS Roma,Premium,,,,,,,,
505,False,,,Ligue 1 - France,,AS Monaco,Marseille,Match Result,,,2.25,GTbets,,0.8,,
505,True,,,Primera División - Argentina,,Gimnasia La Plata,Atlético Huracán,Premium,,,,,,,,
505,False,,,Primera División - Argentina,,Gimnasia La Plata,Atlético Huracán,Match Result,,,2.66,Betfair,,0.9,,
505,False,,,Saudi Pro League,,Al-Ettifaq,Al-Qadsiah,Match Result,,,1.44,Ladbrokes,,0.2,,
505,False,,,Saudi Pro League,,Al-Riyadh,Al-Shabab,Match Result,,,1.94,Betfair,,0.6,,
505,True,,,Super League - Greece,,Olympiakos Piraeus,AEK Athens,Premium,,,,,,,,
505,True,,,Saudi Pro League,,Al-Ettifaq,Al-Qadsiah,Premium,,,,,,,,
505,True,,,Saudi Pro League,,Al-Riyadh,Al-Shabab,Premium,,,,,,,,
506,True,,,Serie B - Italy,,Palermo,Avellino,Premium,,,,,,,,
506,True,,,3. Liga - Germany,,Alemannia Aachen,Wehen Wiesbaden,Premium,,,,,,,,
506,False,,,3. Liga - Germany,,Alemannia Aachen,Wehen Wiesbaden,Match Result,,,2.3,LeoVegas,,0.7,,
506,False,,,Serie B - Italy,,Palermo,Avellino,Match Result,,,1.56,Unibet,,0.3,,
506,True,,,Turkey Super League,,Fenerbahce,Besiktas JK,Premium,,,,,,,,
506,False,,,Turkey Super League,,Fenerbahce,Besiktas JK,Match Result,,,2.05,FanDuel,,0.5,,
506,True,,,La Liga 2 - Spain,,Las Palmas,SD Huesca,Premium,,,,,,,,
506,False,,,La Liga 2 - Spain,,Las Palmas,SD Huesca,Match Result,,,1.52,Coolbet,,0.2,,
506,True,,,La Liga 2 - Spain,,Almería,Leganés,Premium,,,,,,,,
506,False,,,La Liga 2 - Spain,,Almería,Leganés,Match Result,,,1.81,Unibet,,0.5,,
506,False,,,La Liga - Spain,,Oviedo,Sevilla,Match Result,,,2.9,Betfair,,1.1,,
507,True,,,Belgium First Div,,Westerlo,Charleroi,Premium,,,,,,,,
507,True,,,La Liga - Spain,,Oviedo,Sevilla,Premium,,,,,,,,
507,False,,,Belgium First Div,,Westerlo,Charleroi,Match Result,,,2.68,BetOnline.ag,,0.9,,
507,True,,,Premier League - Russia,,Spartak Moscow,Lokomotiv Moscow,Premium,,,,,,,,
507,False,,,Premier League - Russia,,Spartak Moscow,Lokomotiv Moscow,Match Result,,,1.91,1xBet,,0.6,,
507,False,,,Denmark Superliga,,FC Copenhagen,Silkeborg IF,Match Result,,,1.48,BetMGM,,0.3,,
507,False,,,Serie A - Italy,,Pisa,Torino,Match Result,,,2.7,Betfair,,1.0,,
507,True,,,Denmark Superliga,,FC Copenhagen,Silkeborg IF,Premium,,,,,,,,
507,True,,,Super League - Greece,,PAOK Thessaloniki,Panathinaikos,Premium,,,,,,,,
507,False,,,Super League - Greece,,PAOK Thessaloniki,Panathinaikos,Match Result,,,1.76,Unibet (SE),,0.5,,
507,True,,,Serie A - Italy,,Pisa,Torino,Premium,,,,,,,,
507,True,,,Saudi Pro League,,Al-Okhdood,Al-Fateh,Premium,,,,,,,,
508,False,,,Bundesliga - Germany,,Eintracht Frankfurt,1. FC Köln,Match Result,,,2.14,1xBet,,0.5,,
508,True,,,Premiership - Scotland,,Dundee FC,Celtic,Premium,,,,,,,,
508,False,,,Premiership - Scotland,,Dundee FC,Celtic,Match Result,,,1.53,Betfair,,0.3,,
508,True,,,Bundesliga - Germany,,Eintracht Frankfurt,1. FC Köln,Premium,,,,,,,,
508,False,,,FA Cup,,West Ham United,Leeds United,Match Result,,,2.58,Betfair,,0.9,,
508,True,,,FA Cup,,West Ham United,Leeds United,Premium,,,,,,,,
508,False,,,Ligue 1 - France,,Metz,Nantes,Match Result,,,2.66,Betfair,,0.9,,
508,True,,,Ligue 1 - France,,Metz,Nantes,Premium,,,,,,,,
508,False,,,Ligue 1 - France,,Le Havre,Auxerre,Match Result,,,2.64,Matchbook,,1.2,,
508,True,,,Ligue 1 - France,,Le Havre,Auxerre,Premium,,,,,,,,
508,False,,,Ligue 1 - France,,Lorient,Paris FC,Match Result,,,2.36,1xBet,,0.9,,
509,True,,,Ligue 1 - France,,Lorient,Paris FC,Premium,,,,,,,,
509,True,,,Austrian Football Bundesliga,,Rapid Wien,Sturm Graz,Premium,,,,,,,,
509,False,,,Austrian Football Bundesliga,,Rapid Wien,Sturm Graz,Match Result,,,2.45,Unibet (UK),,0.9,,
509,False,,,Dutch Eredivisie,,NAC Breda,Sparta Rotterdam,Match Result,,,2.58,Betfair,,0.9,,
509,True,,,Dutch Eredivisie,,NAC Breda,Sparta Rotterdam,Premium,,,,,,,,
509,True,,,3. Liga - Germany,,1. FC Saarbrücken,FC Ingolstadt 04,Premium,,,,,,,,
509,False,,,Allsvenskan - Sweden,,Örgryte IS,Malmo FF,Match Result,,,1.67,Coolbet,,0.4,,
509,False,,,3. Liga - Germany,,1. FC Saarbrücken,FC Ingolstadt 04,Match Result,,,1.96,Virgin Bet,,0.6,,
509,True,,,Allsvenskan - Sweden,,Örgryte IS,Malmo FF,Premium,,,,,,,,
509,True,,,La Liga - Spain,,Valencia,Celta Vigo,Premium,,,,,,,,
510,True,,,La Liga 2 - Spain,,Andorra CF,Real Racing Club de Santander,Premium,,,,,,,,
510,False,,,La Liga - Spain,,Valencia,Celta Vigo,Match Result,,,2.46,Betfair,,0.9,,
510,False,,,La Liga 2 - Spain,,Andorra CF,Real Racing Club de Santander,Match Result,,,2.48,Matchbook,,0.8,,
510,False,,,Turkey Super League,,Antalyaspor,Eyüpspor,Match Result,,,2.25,Nordic Bet,,0.8,,
510,True,,,Turkey Super League,,Antalyaspor,Eyüpspor,Premium,,,,,,,,
510,False,,,Super League - Greece,,Volos FC,OFI Crete,Match Result,,,2.35,BetMGM,,0.6,,
510,True,,,Super League - Greece,,Levadiakos,Aris Thessaloniki,Premium,,,,,,,,
510,False,,,Super League - Greece,,Levadiakos,Aris Thessaloniki,Match Result,,,2.5,BetOnline.ag,,0.9,,
510,True,,,Super League - Greece,,Volos FC,OFI Crete,Premium,,,,,,,,
510,False,,,Premier League - Russia,,FC Dynamo Makhachkala,FC Baltika Kaliningrad,Match Result,,,2.29,1xBet,,0.8,,
510,False,,,Bundesliga - Germany,,Union Berlin,FC St. Pauli,Match Result,,,2.18,Matchbook,,0.7,,
510,True,,,Bundesliga - Germany,,Union Berlin,FC St. Pauli,Premium,,,,,,,,
511,True,,,Premier League - Russia,,FC Dynamo Makhachkala,FC Baltika Kaliningrad,Premium,,,,,,,,
511,False,,,Serie A - Italy,,Cremonese,Bologna,Match Result,,,2.2,Betfair,,0.8,,
511,False,,,Superettan - Sweden,,Norrby IF,IK Brage,Match Result,,,2.63,LeoVegas (SE),,0.9,,
511,True,,,Serie A - Italy,,Cremonese,Bologna,Premium,,,,,,,,
511,False,,,Ligue 1 - France,,Angers,Lyon,Match Result,,,1.86,1xBet,,0.5,,
511,False,,,Superettan - Sweden,,GIF Sundsvall,Nordic United FC,Match Result,,,2.3,Bet Victor,,0.9,,
511,True,,,Premiership - Scotland,,Livingston,Hearts,Premium,,,,,,,,
511,True,,,Ligue 1 - France,,Angers,Lyon,Premium,,,,,,,,
511,True,,,Superettan - Sweden,,GIF Sundsvall,Nordic United FC,Premium,,,,,,,,
511,False,,,Premiership - Scotland,,Livingston,Hearts,Match Result,,,1.53,Coral,,0.3,,
511,True,,,Superettan - Sweden,,Norrby IF,IK Brage,Premium,,,,,,,,
511,True,,,Dutch Eredivisie,,FC Volendam,Feyenoord,Premium,,,,,,,,
512,True,,,Austrian Football Bundesliga,,LASK,Austria Wien,Premium,,,,,,,,
512,True,,,Austrian Football Bundesliga,,Hartberg,RB Salzburg,Premium,,,,,,,,
512,False,,,Dutch Eredivisie,,FC Volendam,Feyenoord,Match Result,,,1.49,Betfair,,0.3,,
512,True,,,Dutch Eredivisie,,Heerenveen,Heracles Almelo,Premium,,,,,,,,
512,False,,,Austrian Football Bundesliga,,Hartberg,RB Salzburg,Match Result,,,1.65,Nordic Bet,,0.4,,
512,False,,,Dutch Eredivisie,,Heerenveen,Heracles Almelo,Match Result,,,1.53,Coral,,0.2,,
512,False,,,Austrian Football Bundesliga,,LASK,Austria Wien,Match Result,,,2.15,theScore Bet,,0.7,,
512,False,,,La Liga 2 - Spain,,SD Eibar,AD Ceuta FC,Match Result,,,1.78,LowVig.ag,,0.5,,
512,False,,,Allsvenskan - Sweden,,AIK,Halmstads BK,Match Result,,,1.61,Betfair,,0.2,,
512,True,,,Allsvenskan - Sweden,,AIK,Halmstads BK,Premium,,,,,,,,
512,True,,,La Liga - Spain,,Getafe,Athletic Bilbao,Premium,,,,,,,,
512,True,,,La Liga 2 - Spain,,SD Eibar,AD Ceuta FC,Premium,,,,,,,,
513,True,,,Super League - China,,Tianjin Jinmen Tiger FC,Shanghai Shenhua FC,Premium,,,,,,,,
513,False,,,Super League - China,,Tianjin Jinmen Tiger FC,Shanghai Shenhua FC,Match Result,,,1.75,Betfair,,0.4,,
513,True,,,Bundesliga 2 - Germany,,Hannover 96,Elversberg,Premium,,,,,,,,
513,True,,,Bundesliga 2 - Germany,,Holstein Kiel,SC Preußen Münster,Premium,,,,,,,,
513,True,,,Bundesliga 2 - Germany,,Eintracht Braunschweig,1. FC Nürnberg,Premium,,,,,,,,
513,True,,,3. Liga - Germany,,SSV Ulm 1846,SC Verl,Premium,,,,,,,,
513,False,,,Bundesliga 2 - Germany,,Eintracht Braunschweig,1. FC Nürnberg,Match Result,,,2.58,Matchbook,,1.2,,
513,False,,,Bundesliga 2 - Germany,,Greuther Fürth,SC Paderborn,Match Result,,,1.89,Codere (IT),,0.5,,
513,True,,,Turkey Super League,,Fatih Karagümrük,Çaykur Rizespor,Premium,,,,,,,,
514,False,,,Bundesliga 2 - Germany,,Holstein Kiel,SC Preußen Münster,Match Result,,,1.96,Betfair,,0.4,,
514,True,,,Bundesliga 2 - Germany,,Greuther Fürth,SC Paderborn,Premium,,,,,,,,
514,False,,,Bundesliga 2 - Germany,,FC Schalke 04,Karlsruher SC,Match Result,,,1.53,Betfair,,0.3,,
514,False,,,Turkey Super League,,Fatih Karagümrük,Çaykur Rizespor,Match Result,,,2.48,Smarkets,,0.9,,
514,True,,,Super League - China,,Shenzhen Peng City FC,Wuhan Three Towns,Premium,,,,,,,,
514,True,,,Premier League - Russia,,FC Nizhny Novgorod,FK Rostov,Premium,,,,,,,,
514,False,,,Super League - China,,Shenzhen Peng City FC,Wuhan Three Towns,Match Result,,,2.12,Matchbook,,0.5,,
515,False,,,Dutch Eredivisie,,Go Ahead Eagles,FC Zwolle,Match Result,,,2.04,Betfair,,0.6,,
515,True,,,Dutch Eredivisie,,Go Ahead Eagles,FC Zwolle,Premium,,,,,,,,
515,True,,,Super League - China,,Zhejiang,Chongqing Tonglianglong FC,Premium,,,,,,,,
515,False,,,K League 1,,Incheon United,Sangju Sangmu FC,Match Result,,,2.44,Betfair,,0.9,,
515,False,,,Super League - China,,Zhejiang,Chongqing Tonglianglong FC,Match Result,,,1.54,Unibet (UK),,0.3,,
515,True,,,K League 1,,Incheon United,Sangju Sangmu FC,Premium,,,,,,,,
515,False,,,J League,,Kawasaki Frontale,Urawa Red Diamonds,Match Result,,,2.5,Betway,,1.1,,
515,True,,,J League,,Kawasaki Frontale,Urawa Red Diamonds,Premium,,,,,,,,
515,False,,,J League,,FC Tokyo,FC Machida Zelvia,Match Result,,,2.41,Pinnacle,,1.0,,
515,True,,,J League,,FC Tokyo,FC Machida Zelvia,Premium,,,,,,,,
515,True,,,K League 1,,FC Anyang,FC Seoul,Premium,,,,,,,,
516,False,,,K League 1,,FC Anyang,FC Seoul,Match Result,,,2.15,Unibet (UK),,0.8,,
516,True,,,J League,,Kashiwa Reysol,Yokohama F Marinos,Premium,,,,,,,,
516,True,,,J League,,Fagiano Okayama,Vissel Kobe,Premium,,,,,,,,
516,True,,,J League,,Hiroshima Sanfrecce FC,Avispa Fukuoka,Premium,,,,,,,,
516,False,,,J League,,Kashiwa Reysol,Yokohama F Marinos,Match Result,,,1.63,Pinnacle,,0.3,,
516,False,,,J League,,Fagiano Okayama,Vissel Kobe,Match Result,,,2.11,Pinnacle,,0.6,,
516,True,,,A-League,,Melbourne Victory,Wellington Phoenix FC,Premium,,,,,,,,
516,False,,,J League,,Hiroshima Sanfrecce FC,Avispa Fukuoka,Match Result,,,1.53,DraftKings,,0.3,,
516,False,,,A-League,,Melbourne Victory,Wellington Phoenix FC,Match Result,,,1.57,Neds,,0.3,,
516,True,,,J League,,V-Varen Nagasaki,Shimizu S Pulse,Premium,,,,,,,,
516,False,,,J League,,V-Varen Nagasaki,Shimizu S Pulse,Match Result,,,2.54,Pinnacle,,0.8,,
516,True,,,Liga MX,,Santos Laguna,América,Premium,,,,,,,,
517,False,,,Liga MX,,Santos Laguna,América,Match Result,,,1.68,Matchbook,,0.4,,
517,True,,,MLS,,Vancouver Whitecaps FC,Portland Timbers,Premium,,,,,,,,
517,False,,,MLS,,Vancouver Whitecaps FC,Portland Timbers,Match Result,,,1.4,1xBet,,0.2,,
517,False,,,MLS,,San Jose Earthquakes,San Diego FC,Match Result,,,2.34,Matchbook,,1.0,,
517,True,,,MLS,,LA Galaxy,Minnesota United FC,Premium,,,,,,,,
517,False,,,MLS,,LA Galaxy,Minnesota United FC,Match Result,,,1.98,GTbets,,0.6,,
517,True,,,MLS,,San Jose Earthquakes,San Diego FC,Premium,,,,,,,,
517,False,,,MLS,,Los Angeles FC,Orlando City SC,Match Result,,,1.35,LeoVegas,,0.1,,
517,True,,,Liga MX,,Cruz Azul,Pachuca,Premium,,,,,,,,
517,False,,,Liga MX,,Cruz Azul,Pachuca,Match Result,,,1.72,Betfair,,0.4,,
517,False,,,Liga MX,,León,Atlas,Match Result,,,2.34,Matchbook,,0.6,,
517,True,,,Liga MX,,León,Atlas,Premium,,,,,,,,
518,True,,,MLS,,Chicago Fire,Nashville SC,Premium,,,,,,,,
518,True,,,MLS,,Houston Dynamo,Seattle Sounders FC,Premium,,,,,,,,
518,False,,,MLS,,Chicago Fire,Nashville SC,Match Result,,,2.48,Betfair,,0.9,,
518,False,,,MLS,,Houston Dynamo,Seattle Sounders FC,Match Result,,,2.66,Matchbook,,0.9,,
518,True,,,Brazil Série A,,Vasco da Gama,Botafogo,Premium,,,,,,,,
518,False,,,Brazil Série A,,Vasco da Gama,Botafogo,Match Result,,,2.12,Betfair,,0.8,,
518,True,,,Primera División - Argentina,,Rosario Central,Atlético Tucuman,Premium,,,,,,,,
518,False,,,Primera División - Argentina,,Rosario Central,Atlético Tucuman,Match Result,,,1.81,Betfair,,0.5,,
518,True,,,MLS,,New York City FC,St. Louis City SC,Premium,,,,,,,,
518,False,,,MLS,,New York Red Bulls,FC Cincinnati,Match Result,,,2.1,Betfair,,0.7,,
518,True,,,Brazil Série A,,Coritiba,Fluminense,Premium,,,,,,,,
518,False,,,MLS,,Atlanta United FC,Columbus Crew SC,Match Result,,,2.44,Matchbook,,1.0,,
519,False,,,MLS,,Inter Miami CF,Austin FC,Match Result,,,1.43,LeoVegas (SE),,0.2,,
519,True,,,MLS,,New York Red Bulls,FC Cincinnati,Premium,,,,,,,,
519,True,,,MLS,,Charlotte FC,Philadelphia Union,Premium,,,,,,,,
519,False,,,MLS,,Charlotte FC,Philadelphia Union,Match Result,,,2.17,GTbets,,0.6,,
519,False,,,MLS,,D.C. United,FC Dallas,Match Result,,,2.38,LeoVegas (SE),,0.7,,
519,False,,,Brazil Série A,,Coritiba,Fluminense,Match Result,,,2.4,Matchbook,,0.7,,
519,True,,,MLS,,D.C. United,FC Dallas,Premium,,,,,,,,
519,False,,,Brazil Série B,,Londrina,Sport Recife,Match Result,,,2.5,Betfair,,0.8,,
520,True,,,Primera División - Chile,,Everton de Viña del Mar,Ñublense,Premium,,,,,,,,
520,True,,,Brazil Série B,,Vila Nova,Atletico Goianiense,Premium,,,,,,,,
520,False,,,Brazil Série B,,Vila Nova,Atletico Goianiense,Match Result,,,2.24,Matchbook,,0.8,,
520,True,,,Liga MX,,Monterrey,Atlético San Luis,Premium,,,,,,,,
520,True,,,Liga MX,,Querétaro,Toluca,Premium,,,,,,,,
520,False,,,Primera División - Chile,,Everton de Viña del Mar,Ñublense,Match Result,,,2.72,Coolbet,,1.0,,
520,False,,,Liga MX,,Monterrey,Atlético San Luis,Match Result,,,1.61,Matchbook,,0.3,,
520,False,,,Liga MX,,Querétaro,Toluca,Match Result,,,1.58,Betsson,,0.3,,
520,True,,,Brazil Série A,,Sao Paulo,Cruzeiro,Premium,,,,,,,,
520,False,,,Brazil Série A,,Sao Paulo,Cruzeiro,Match Result,,,2.32,Matchbook,,0.9,,
520,False,,,Brazil Série B,,Nautico PE,Ponte Preta,Match Result,,,1.77,PlayUp,,0.5,,
520,True,,,Brazil Série B,,Cuiabá,Ceará,Premium,,,,,,,,
521,False,,,Brazil Série B,,Cuiabá,Ceará,Match Result,,,2.78,Matchbook,,1.0,,
521,False,,,MLS,,New England Revolution,CF Montreal,Match Result,,,2.0,Betfair,,0.6,,
521,True,,,Primera División - Argentina,,Independiente,Racing Club,Premium,,,,,,,,
521,False,,,Primera División - Chile,,Deportes Limache,Union La Calera,Match Result,,,2.02,Nordic Bet,,0.7,,
521,False,,,MLS,,Real Salt Lake,Sporting Kansas City,Match Result,,,1.48,1xBet,,0.2,,
521,True,,,Primera División - Chile,,Deportes Limache,Union La Calera,Premium,,,,,,,,
521,True,,,MLS,,Real Salt Lake,Sporting Kansas City,Premium,,,,,,,,
521,True,,,MLS,,New England Revolution,CF Montreal,Premium,,,,,,,,
521,False,,,Primera División - Argentina,,Independiente,Racing Club,Match Result,,,2.74,Betfair,,1.1,,
521,False,,,Primeira Liga - Portugal,,FC Porto,Famalicão,Match Result,,,1.43,GTbets,,0.2,,
521,True,,,Primeira Liga - Portugal,,FC Porto,Famalicão,Premium,,,,,,,,
522,True,,,Ligue 1 - France,,Lille,RC Lens,Premium,,,,,,,,
522,False,,,Ligue 1 - France,,Lille,RC Lens,Match Result,,,2.75,BetOnline.ag,,0.9,,
522,True,,,FA Cup,,Southampton,Arsenal,Premium,,,,,,,,
522,True,,,La Liga - Spain,,Atlético Madrid,Barcelona,Premium,,,,,,,,
522,False,,,FA Cup,,Southampton,Arsenal,Match Result,,,1.35,Betfair,,0.1,,
522,True,,,Dutch Eredivisie,,Excelsior,NEC Nijmegen,Premium,,,,,,,,
522,True,,,Brazil Série B,,Fortaleza,Juventude,Premium,,,,,,,,
522,False,,,Brazil Série B,,Fortaleza,Juventude,Match Result,,,1.87,Matchbook,,0.4,,
522,False,,,Dutch Eredivisie,,Excelsior,NEC Nijmegen,Match Result,,,1.99,Betfair,,0.6,,
522,False,,,Dutch Eredivisie,,Ajax,FC Twente Enschede,Match Result,,,2.38,Betfair,,1.0,,
522,True,,,Dutch Eredivisie,,Ajax,FC Twente Enschede,Premium,,,,,,,,
522,False,,,La Liga - Spain,,Atlético Madrid,Barcelona,Match Result,,,2.26,Matchbook,,0.6,,
523,True,,,Serie A - Italy,,Lazio,Parma,Premium,,,,,,,,
523,False,,,Belgium First Div,,Union Saint-Gilloise,Sint Truiden,Match Result,,,1.75,Nordic Bet,,0.4,,
523,False,,,Serie A - Italy,,Lazio,Parma,Match Result,,,1.86,1xBet,,0.5,,
523,True,,,Belgium First Div,,Union Saint-Gilloise,Sint Truiden,Premium,,,,,,,,
523,False,,,Bundesliga 2 - Germany,,Dynamo Dresden,Hertha Berlin,Match Result,,,2.7,Betfair,,0.9,,
523,True,,,Swiss Superleague,,FC Basel,BSC Young Boys,Premium,,,,,,,,
523,True,,,Bundesliga 2 - Germany,,Dynamo Dresden,Hertha Berlin,Premium,,,,,,,,
523,False,,,Swiss Superleague,,FC Basel,BSC Young Boys,Match Result,,,2.54,Betfair,,0.8,,
523,False,,,Ekstraklasa - Poland,,Jagiellonia Białystok,Lech Poznań,Match Result,,,2.6,Betfair,,0.9,,
523,True,,,Ekstraklasa - Poland,,Jagiellonia Białystok,Lech Poznań,Premium,,,,,,,,
523,False,,,Saudi Pro League,,Al-Hilal,Al-Taawoun,Match Result,,,1.25,Coral,,0.1,,
523,False,,,Ligue 2 - France,,Nancy,Saint Etienne,Match Result,,,2.0,888sport,,0.6,,
524,True,,,Saudi Pro League,,Al-Hilal,Al-Taawoun,Premium,,,,,,,,
524,True,,,Ligue 2 - France,,Nancy,Saint Etienne,Premium,,,,,,,,
524,False,,,Primeira Liga - Portugal,,Moreirense FC,Braga,Match Result,,,1.58,1xBet,,0.3,,
524,False,,,Primeira Liga - Portugal,,Rio Ave FC,Alverca,Match Result,,,2.62,1xBet,,1.0,,
524,True,,,MLS,,Toronto FC,Colorado Rapids,Premium,,,,,,,,
524,True,,,Primeira Liga - Portugal,,Moreirense FC,Braga,Premium,,,,,,,,
524,True,,,Super League - Greece,,Panetolikos Agrinio,Atromitos Athens,Premium,,,,,,,,
524,False,,,Ligue 1 - France,,Brest,Rennes,Match Result,,,2.44,Betfair,,1.0,,
524,False,,,Super League - Greece,,Panetolikos Agrinio,Atromitos Athens,Match Result,,,2.82,LowVig.ag,,1.0,,
524,True,,,Ligue 1 - France,,Brest,Rennes,Premium,,,,,,,,
524,True,,,Turkey Super League,,Trabzonspor,Galatasaray,Premium,,,,,,,,
524,False,,,Turkey Super League,,Trabzonspor,Galatasaray,Match Result,,,2.16,1xBet,,0.8,,
525,False,,,MLS,,Toronto FC,Colorado Rapids,Match Result,,,2.1,Matchbook,,0.8,,
525,True,,,Primeira Liga - Portugal,,Rio Ave FC,Alverca,Premium,,,,,,,,
525,True,,,Premier League - Russia,,FC Akhmat Grozny,FC Krasnodar,Premium,,,,,,,,
525,False,,,Premier League - Russia,,FC Akhmat Grozny,FC Krasnodar,Match Result,,,1.86,1xBet,,0.6,,
525,False,,,Dutch Eredivisie,,SC Telstar,Groningen,Match Result,,,2.63,Unibet (NL),,0.9,,
525,True,,,Dutch Eredivisie,,SC Telstar,Groningen,Premium,,,,,,,,
525,False,,,Dutch Eredivisie,,AZ Alkmaar,Fortuna Sittard,Match Result,,,1.36,Betfair,,0.2,,
525,True,,,Saudi Pro League,,Neom,Al-Fayha,Premium,,,,,,,,
525,False,,,La Liga 2 - Spain,,Deportivo La Coruña,Málaga,Match Result,,,2.06,Matchbook,,0.5,,
525,True,,,La Liga 2 - Spain,,Cultural Leonesa,Real Valladolid CF,Premium,,,,,,,,
525,False,,,La Liga 2 - Spain,,Cultural Leonesa,Real Valladolid CF,Match Result,,,2.6,Unibet (SE),,0.9,,
525,True,,,La Liga 2 - Spain,,Deportivo La Coruña,Málaga,Premium,,,,,,,,
526,False,,,Saudi Pro League,,Neom,Al-Fayha,Match Result,,,2.05,Coral,,0.7,,
526,True,,,Bundesliga - Germany,,VfB Stuttgart,Borussia Dortmund,Premium,,,,,,,,
526,True,,,Primera División - Argentina,,Aldosivi Mar del Plata,Estudiantes de Río Cuarto,Premium,,,,,,,,
526,True,,,La Liga - Spain,,Real Betis,Espanyol,Premium,,,,,,,,
526,False,,,La Liga - Spain,,Real Betis,Espanyol,Match Result,,,1.78,Betfair,,0.5,,
526,False,,,Bundesliga - Germany,,VfB Stuttgart,Borussia Dortmund,Match Result,,,2.43,Unibet (NL),,0.9,,
526,False,,,Primera División - Argentina,,Aldosivi Mar del Plata,Estudiantes de Río Cuarto,Match Result,,,2.14,Betfair,,0.8,,
526,True,,,FA Cup,,Chelsea,Port Vale,Premium,,,,,,,,
526,True,,,Saudi Pro League,,Al-Ahli,Damac,Premium,,,,,,,,
526,False,,,Saudi Pro League,,Al-Ahli,Damac,Match Result,,,1.25,Ladbrokes,,0.1,,
526,True,,,Belgium First Div,,Leuven,Standard Liege,Premium,,,,,,,,
526,False,,,Belgium First Div,,Leuven,Standard Liege,Match Result,,,2.12,1xBet,,0.7,,
527,True,,,Serie A - Italy,,Hellas Verona,Fiorentina,Premium,,,,,,,,
527,True,,,Veikkausliiga - Finland,,IF Gnistan,AC Oulu,Premium,,,,,,,,
527,False,,,Veikkausliiga - Finland,,IF Gnistan,AC Oulu,Match Result,,,2.4,BetOnline.ag,,0.9,,
527,True,,,Swiss Superleague,,FC Lausanne-Sport,FC Winterthur,Premium,,,,,,,,
527,True,,,Super League - Greece,,Olympiakos Piraeus,AEK Athens,Premium,,,,,,,,
527,False,,,Swiss Superleague,,FC Lausanne-Sport,FC Winterthur,Match Result,,,1.45,BetOnline.ag,,0.2,,
527,True,,,Swiss Superleague,,FC Lugano,FC Thun,Premium,,,,,,,,
527,False,,,Serie A - Italy,,Hellas Verona,Fiorentina,Match Result,,,1.98,Betfair,,0.6,,
527,False,,,Denmark Superliga,,FC Midtjylland,SonderjyskE,Match Result,,,1.48,GTbets,,0.2,,
527,False,,,Swiss Superleague,,FC Lugano,FC Thun,Match Result,,,2.43,Grosvenor,,0.7,,
527,False,,,Super League - Greece,,Olympiakos Piraeus,AEK Athens,Match Result,,,1.91,1xBet,,0.6,,
527,True,,,Denmark Superliga,,FC Midtjylland,SonderjyskE,Premium,,,,,,,,
528,True,,,Ekstraklasa - Poland,,Górnik Zabrze,Cracovia Kraków,Premium,,,,,,,,
528,False,,,Ekstraklasa - Poland,,Górnik Zabrze,Cracovia Kraków,Match Result,,,1.97,Unibet (SE),,0.6,,
528,True,,,Austrian Football Bundesliga,,WSG Tirol,Wolfsberger AC,Premium,,,,,,,,
528,True,,,Ligue 1 - France,,Strasbourg,Nice,Premium,,,,,,,,
528,False,,,Ligue 1 - France,,Strasbourg,Nice,Match Result,,,1.91,Matchbook,,0.6,,
528,True,,,Austrian Football Bundesliga,,Grazer AK,FC Blau-Weiß Linz,Premium,,,,,,,,
528,True,,,Super League - Greece,,Asteras Tripolis,AEL,Premium,,,,,,,,
528,False,,,Super League - Greece,,Asteras Tripolis,AEL,Match Result,,,2.64,LowVig.ag,,0.9,,
528,False,,,Austrian Football Bundesliga,,WSG Tirol,Wolfsberger AC,Match Result,,,2.56,BetOnline.ag,,1.0,,
528,False,,,Austrian Football Bundesliga,,Grazer AK,FC Blau-Weiß Linz,Match Result,,,2.5,LowVig.ag,,0.9,,
528,True,,,Premier League - Russia,,Dinamo Moscow,Gazovik Orenburg,Premium,,,,,,,,
528,True,,,Dutch Eredivisie,,PSV Eindhoven,FC Utrecht,Premium,,,,,,,,
529,False,,,Dutch Eredivisie,,PSV Eindhoven,FC Utrecht,Match Result,,,1.56,LowVig.ag,,0.2,,
529,True,,,Primeira Liga - Portugal,,Nacional,CF Estrela,Premium,,,,,,,,
529,True,,,3. Liga - Germany,,VfB Stuttgart II,Jahn Regensburg,Premium,,,,,,,,
529,False,,,Premier League - Russia,,Dinamo Moscow,Gazovik Orenburg,Match Result,,,1.5,1xBet,,0.2,,
529,False,,,3. Liga - Germany,,Rot-Weiss Essen,MSV Duisburg,Match Result,,,1.92,LeoVegas,,0.6,,
529,True,,,3. Liga - Germany,,Rot-Weiss Essen,MSV Duisburg,Premium,,,,,,,,
529,False,,,Primeira Liga - Portugal,,Nacional,CF Estrela,Match Result,,,2.2,Matchbook,,0.7,,
529,False,,,La Liga - Spain,,Mallorca,Real Madrid,Match Result,,,1.61,BetMGM,,0.4,,
529,True,,,La Liga 2 - Spain,,Albacete,Burgos CF,Premium,,,,,,,,
529,False,,,La Liga 2 - Spain,,Albacete,Burgos CF,Match Result,,,2.48,BetOnline.ag,,0.7,,
529,True,,,La Liga - Spain,,Mallorca,Real Madrid,Premium,,,,,,,,
530,True,,,Premiership - Scotland,,Motherwell,Falkirk F.C.,Premium,,,,,,,,
530,True,,,Premiership - Scotland,,Rangers,Dundee United,Premium,,,,,,,,
530,True,,,Belgium First Div,,SV Zulte-Waregem,Cercle Brugge KSV,Premium,,,,,,,,
530,False,,,Premiership - Scotland,,Hibernian,Kilmarnock,Match Result,,,1.57,Paddy Power,,0.3,,
530,False,,,Veikkausliiga - Finland,,Ilves Tampere,KuPS Kuopio,Match Result,,,2.3,Coolbet,,0.9,,
530,False,,,Veikkausliiga - Finland,,IFK Mariehamn,TPS Akatemia,Match Result,,,1.85,Pinnacle,,0.3,,
530,False,,,Premiership - Scotland,,St Mirren,Aberdeen,Match Result,,,2.28,Smarkets,,0.8,,
530,False,,,Turkey Super League,,Gazişehir Gaziantep,Alanyaspor,Match Result,,,2.5,LowVig.ag,,0.8,,
530,False,,,Premiership - Scotland,,Rangers,Dundee United,Match Result,,,1.26,Smarkets,,0.1,,
530,False,,,Premiership - Scotland,,Motherwell,Falkirk F.C.,Match Result,,,1.87,Coolbet,,0.6,,
530,True,,,Veikkausliiga - Finland,,Ilves Tampere,KuPS Kuopio,Premium,,,,,,,,
530,True,,,Turkey Super League,,Gazişehir Gaziantep,Alanyaspor,Premium,,,,,,,,
531,True,,,Premiership - Scotland,,St Mirren,Aberdeen,Premium,,,,,,,,
531,True,,,Bundesliga - Germany,,Bayer Leverkusen,VfL Wolfsburg,Premium,,,,,,,,
531,False,,,Bundesliga - Germany,,SC Freiburg,Bayern Munich,Match Result,,,1.44,Betfair,,0.2,,
531,True,,,Bundesliga - Germany,,Hamburger SV,Augsburg,Premium,,,,,,,,
531,False,,,Bundesliga - Germany,,Hamburger SV,Augsburg,Match Result,,,2.42,Betfair,,1.0,,
532,False,,,Bundesliga - Germany,,Borussia Monchengladbach,1. FC Heidenheim,Match Result,,,1.63,1xBet,,0.4,,
532,True,,,Bundesliga - Germany,,SC Freiburg,Bayern Munich,Premium,,,,,,,,
532,False,,,Bundesliga - Germany,,Bayer Leverkusen,VfL Wolfsburg,Match Result,,,1.45,1xBet,,0.2,,
532,False,,,Bundesliga - Germany,,TSG Hoffenheim,FSV Mainz 05,Match Result,,,1.77,Unibet (SE),,0.5,,
532,True,,,Bundesliga - Germany,,TSG Hoffenheim,FSV Mainz 05,Premium,,,,,,,,
532,False,,,Allsvenskan - Sweden,,Degerfors IF,IK Sirius,Match Result,,,2.15,Unibet (SE),,0.7,,
532,False,,,Serie A - Italy,,Sassuolo,Cagliari,Match Result,,,2.08,1xBet,,0.6,,
532,True,,,Super League - Greece,,AE Kifisia FC,Panserraikos FC,Premium,,,,,,,,
532,False,,,Allsvenskan - Sweden,,Hammarby IF,Mjällby AIF,Match Result,,,2.17,Unibet (SE),,0.7,,
533,False,,,Super League - Greece,,AE Kifisia FC,Panserraikos FC,Match Result,,,1.67,Betfair,,0.3,,
533,True,,,Allsvenskan - Sweden,,Hammarby IF,Mjällby AIF,Premium,,,,,,,,
533,True,,,Allsvenskan - Sweden,,Degerfors IF,IK Sirius,Premium,,,,,,,,
533,False,,,Ekstraklasa - Poland,,Raków Częstochowa,Widzew Łódź,Match Result,,,2.15,Unibet (UK),,0.8,,
533,True,,,Ekstraklasa - Poland,,Raków Częstochowa,Widzew Łódź,Premium,,,,,,,,
533,False,,,Premier League - Russia,,Zenit St Petersburg,Kryliya Sovetov,Match Result,,,1.24,1xBet,,0.0,,
533,True,,,Premier League - Russia,,Zenit St Petersburg,Kryliya Sovetov,Premium,,,,,,,,
533,False,,,3. Liga - Germany,,Hansa Rostock,FC Viktoria Köln 1904,Match Result,,,1.68,LeoVegas (SE),,0.4,,
533,False,,,Ligue 2 - France,,Stade de Reims,Boulogne,Match Result,,,1.6,Matchbook,,0.4,,
533,True,,,La Liga - Spain,,Real Sociedad,Levante,Premium,,,,,,,,
533,False,,,Ligue 2 - France,,Montpellier,Troyes,Match Result,,,2.52,BetOnline.ag,,0.9,,
534,False,,,3. Liga - Germany,,TSV Havelse,FC Energie Cottbus,Match Result,,,1.58,Virgin Bet,,0.3,,
534,True,,,3. Liga - Germany,,Erzgebirge Aue,TSG Hoffenheim II,Premium,,,,,,,,
534,True,,,3. Liga - Germany,,TSV Havelse,FC Energie Cottbus,Premium,,,,,,,,
534,False,,,3. Liga - Germany,,VfL Osnabrück,Schweinfurt,Match Result,,,1.33,Virgin Bet,,0.1,,
534,True,,,3. Liga - Germany,,VfL Osnabrück,Schweinfurt,Premium,,,,,,,,
534,False,,,La Liga 2 - Spain,,Cádiz CF,Córdoba,Match Result,,,2.45,Unibet (SE),,0.8,,
534,True,,,La Liga 2 - Spain,,Cádiz CF,Córdoba,Premium,,,,,,,,
534,True,,,3. Liga - Germany,,Hansa Rostock,FC Viktoria Köln 1904,Premium,,,,,,,,
534,True,,,Veikkausliiga - Finland,,HJK Helsinki,SJK Seinäjoki,Premium,,,,,,,,
534,False,,,Veikkausliiga - Finland,,HJK Helsinki,SJK Seinäjoki,Match Result,,,1.65,GTbets,,0.4,,
535,True,,,Ligue 2 - France,,Stade de Reims,Boulogne,Premium,,,,,,,,
535,False,,,3. Liga - Germany,,TSV 1860 München,Waldhof Mannheim,Match Result,,,2.0,Betsson,,0.6,,
535,True,,,FA Cup,,Manchester City,Liverpool,Premium,,,,,,,,
535,False,,,FA Cup,,Manchester City,Liverpool,Match Result,,,1.86,Smarkets,,0.5,,
535,False,,,Super League - China,,Shanghai SIPG FC,Yunnan Yukun,Match Result,,,1.73,Matchbook,,0.3,,
535,True,,,Super League - China,,Shanghai SIPG FC,Yunnan Yukun,Premium,,,,,,,,
535,True,,,Turkey Super League,,Kasimpasa SK,Kayserispor,Premium,,,,,,,,
535,False,,,Turkey Super League,,Genclerbirligi SK,Goztepe,Match Result,,,2.5,Smarkets,,1.1,,
535,False,,,Turkey Super League,,Kasimpasa SK,Kayserispor,Match Result,,,2.21,1xBet,,0.7,,
535,True,,,Turkey Super League,,Genclerbirligi SK,Goztepe,Premium,,,,,,,,
536,True,,,Bundesliga 2 - Germany,,1. FC Magdeburg,VfL Bochum,Premium,,,,,,,,
536,True,,,Super League - China,,Shandong Luneng Taishan FC,Dalian Yingbo,Premium,,,,,,,,
536,True,,,Bundesliga 2 - Germany,,1. FC Kaiserslautern,Fortuna Düsseldorf,Premium,,,,,,,,
536,False,,,Bundesliga 2 - Germany,,1. FC Kaiserslautern,Fortuna Düsseldorf,Match Result,,,2.54,LowVig.ag,,0.8,,
536,False,,,Super League - China,,Shandong Luneng Taishan FC,Dalian Yingbo,Match Result,,,1.55,Betfair,,0.3,,
536,False,,,Bundesliga 2 - Germany,,Arminia Bielefeld,SV Darmstadt 98,Match Result,,,2.36,Betfair,,0.9,,
536,False,,,Bundesliga 2 - Germany,,1. FC Magdeburg,VfL Bochum,Match Result,,,2.2,Fanatics,,0.6,,
536,True,,,Bundesliga 2 - Germany,,Arminia Bielefeld,SV Darmstadt 98,Premium,,,,,,,,
536,True,,,Superettan - Sweden,,IFK Norrkoping,IFK Värnamo,Premium,,,,,,,,
536,False,,,Superettan - Sweden,,IFK Norrkoping,IFK Värnamo,Match Result,,,2.1,Betway,,0.5,,
536,False,,,Ekstraklasa - Poland,,GKS Katowice,Wisła Płock,Match Result,,,2.04,Unibet,,0.6,,
536,True,,,Ekstraklasa - Poland,,GKS Katowice,Wisła Płock,Premium,,,,,,,,
537,False,,,Premier League - Russia,,FC Akron Tolyatti,CSKA Moscow,Match Result,,,1.79,1xBet,,0.5,,
537,True,,,Veikkausliiga - Finland,,FC Inter Turku,VPS Vaasa,Premium,,,,,,,,
537,True,,,Premier League - Russia,,FC Akron Tolyatti,CSKA Moscow,Premium,,,,,,,,
537,False,,,Veikkausliiga - Finland,,FC Inter Turku,VPS Vaasa,Match Result,,,1.4,BetMGM,,0.2,,
537,True,,,A-League,,Melbourne City,Western Sydney Wanderers,Premium,,,,,,,,
537,False,,,A-League,,Melbourne City,Western Sydney Wanderers,Match Result,,,2.04,Betfair,,0.6,,
537,False,,,K League 1,,Pohang Steelers,Daejeon Citizen,Match Result,,,2.65,LeoVegas (SE),,0.9,,
537,False,,,K League 1,,Gangwon FC,Gwangju FC,Match Result,,,1.73,LeoVegas (SE),,0.4,,
537,True,,,Super League - China,,Liaoning Tieren FC,Beijing FC,Premium,,,,,,,,
537,True,,,Super League - China,,Qingdao Hainiu FC,Henan FC,Premium,,,,,,,,
537,True,,,K League 1,,Gangwon FC,Gwangju FC,Premium,,,,,,,,
537,False,,,Super League - China,,Liaoning Tieren FC,Beijing FC,Match Result,,,2.12,LowVig.ag,,0.7,,
538,True,,,J League,,Gamba Osaka,Kyoto Purple Sanga,Premium,,,,,,,,
538,False,,,J League,,Gamba Osaka,Kyoto Purple Sanga,Match Result,,,2.34,Pinnacle,,0.9,,
538,False,,,A-League,,Central Coast Mariners,Perth Glory,Match Result,,,2.48,Matchbook,,0.9,,
538,False,,,J League,,Nagoya Grampus,Cerezo Osaka,Match Result,,,2.2,Betway,,0.8,,
538,True,,,A-League,,Central Coast Mariners,Perth Glory,Premium,,,,,,,,
538,True,,,J League,,Nagoya Grampus,Cerezo Osaka,Premium,,,,,,,,
538,False,,,K League 1,,Jeonbuk Hyundai Motors,Ulsan Hyundai FC,Match Result,,,2.16,Betfair,,0.8,,
538,True,,,K League 1,,Jeonbuk Hyundai Motors,Ulsan Hyundai FC,Premium,,,,,,,,
538,False,,,J League,,Mito HollyHock,Kashima Antlers,Match Result,,,1.91,BetMGM,,0.6,,
538,True,,,J League,,Mito HollyHock,Kashima Antlers,Premium,,,,,,,,
539,True,,,J League,,JEF United Chiba,Tokyo Verdy,Premium,,,,,,,,
539,False,,,J League,,JEF United Chiba,Tokyo Verdy,Match Result,,,2.72,Pinnacle,,1.0,,
539,True,,,Liga MX,,Tijuana,Tigres,Premium,,,,,,,,
539,False,,,Liga MX,,Tijuana,Tigres,Match Result,,,2.05,DraftKings,,0.5,,
539,False,,,Liga MX,,Necaxa,Mazatlán FC,Match Result,,,1.71,Matchbook,,0.5,,
539,True,,,Liga MX,,Necaxa,Mazatlán FC,Premium,,,,,,,,
539,False,,,Liga MX,,Puebla,FC Juárez,Match Result,,,2.76,Betfair,,1.0,,
539,True,,,Liga MX,,Puebla,FC Juárez,Premium,,,,,,,,
539,True,,,Primera División - Chile,,O'Higgins,Audax Italiano,Premium,,,,,,,,
539,False,,,Primera División - Chile,,O'Higgins,Audax Italiano,Match Result,,,2.15,Unibet,,0.7,,
539,False,,,Primera División - Argentina,,San Lorenzo,Estudiantes,Match Result,,,2.9,Matchbook,,1.0,,
539,True,,,Primera División - Argentina,,San Lorenzo,Estudiantes,Premium,,,,,,,,
540,True,,,Primera División - Chile,,Coquimbo Unido,Cobresal,Premium,,,,,,,,
540,False,,,Primera División - Chile,,Coquimbo Unido,Cobresal,Match Result,,,1.5,Coolbet,,0.3,,
540,True,,,Primera División - Argentina,,Union Santa Fe,Deportivo Riestra,Premium,,,,,,,,
540,False,,,Primera División - Argentina,,Union Santa Fe,Deportivo Riestra,Match Result,,,1.97,Unibet,,0.5,,
540,False,,,Primeira Liga - Portugal,,Sporting Lisbon,Santa Clara,Match Result,,,1.3,Coral,,0.1,,
540,True,,,Primeira Liga - Portugal,,Sporting Lisbon,Santa Clara,Premium,,,,,,,,
540,True,,,La Liga - Spain,,Rayo Vallecano,Elche CF,Premium,,,,,,,,
540,True,,,Ligue 2 - France,,Le Mans FC,Pau FC,Premium,,,,,,,,
540,False,,,Ligue 2 - France,,Le Mans FC,Pau FC,Match Result,,,2.0,Pinnacle,,0.4,,
540,False,,,League of Ireland,,Galway United,Derry City,Match Result,,,2.4,Betfair,,0.7,,
540,True,,,League of Ireland,,Galway United,Derry City,Premium,,,,,,,,
540,False,,,Championship,,Coventry City,Derby County,Match Result,,,1.72,Betfair,,0.3,,
541,True,,,Championship,,Coventry City,Derby County,Premium,,,,,,,,
541,True,,,Ligue 1 - France,,Paris Saint Germain,Toulouse,Premium,,,,,,,,
541,True,,,League of Ireland,,Shelbourne Dublin,Dundalk,Premium,,,,,,,,
541,False,,,League of Ireland,,St Patricks Athletic,Sligo Rovers,Match Result,,,1.37,Coolbet,,0.2,,
541,False,,,League of Ireland,,Waterford FC,Shamrock Rovers,Match Result,,,1.54,LowVig.ag,,0.3,,
541,False,,,Belgium First Div,,Royal Antwerp,Genk,Match Result,,,2.3,BetOnline.ag,,0.8,,
541,False,,,League of Ireland,,Shelbourne Dublin,Dundalk,Match Result,,,1.87,DraftKings,,0.5,,
541,False,,,Ligue 1 - France,,Paris Saint Germain,Toulouse,Match Result,,,1.33,1xBet,,0.1,,
541,True,,,League of Ireland,,Waterford FC,Shamrock Rovers,Premium,,,,,,,,
541,True,,,League of Ireland,,Drogheda United,Bohemians,Premium,,,,,,,,
541,False,,,League of Ireland,,Drogheda United,Bohemians,Match Result,,,1.9,Coolbet,,0.5,,
542,True,,,League of Ireland,,St Patricks Athletic,Sligo Rovers,Premium,,,,,,,,
542,True,,,Ligue 2 - France,,SC Bastia,Amiens,Premium,,,,,,,,
542,True,,,Ligue 2 - France,,Grenoble,Clermont,Premium,,,,,,,,
542,False,,,Ligue 2 - France,,Red Star,Stade Lavallois,Match Result,,,1.93,BetRivers,,0.6,,
542,True,,,Ligue 2 - France,,Red Star,Stade Lavallois,Premium,,,,,,,,
542,True,,,Ligue 2 - France,,Annecy FC,Guingamp,Premium,,,,,,,,
542,False,,,Ligue 2 - France,,Annecy FC,Guingamp,Match Result,,,2.6,Unibet (UK),,1.0,,
542,True,,,Saudi Pro League,,Al-Nassr,Al-Najma,Premium,,,,,,,,
542,True,,,Ligue 2 - France,,USL Dunkerque,Rodez AF,Premium,,,,,,,,
542,False,,,Ligue 2 - France,,SC Bastia,Amiens,Match Result,,,1.96,Matchbook,,0.6,,
542,True,,,Primera División - Argentina,,Gimnasia Mendoza,Velez Sarsfield BA,Premium,,,,,,,,
543,False,,,Ligue 2 - France,,Grenoble,Clermont,Match Result,,,2.7,LowVig.ag,,0.9,,
543,False,,,Austrian Football Bundesliga,,Ried,Rheindorf Altach,Match Result,,,2.28,Unibet (SE),,0.6,,
543,True,,,Austrian Football Bundesliga,,Ried,Rheindorf Altach,Premium,,,,,,,,
543,True,,,Primeira Liga - Portugal,,Vitória SC,Tondela,Premium,,,,,,,,
543,False,,,Primeira Liga - Portugal,,Vitória SC,Tondela,Match Result,,,1.79,GTbets,,0.5,,
543,False,,,Saudi Pro League,,Al-Ittihad,Al-Hazem,Match Result,,,1.33,Betfair,,0.1,,
543,True,,,Saudi Pro League,,Al-Ittihad,Al-Hazem,Premium,,,,,,,,
543,True,,,Saudi Pro League,,Al-Kholood,Al-Khaleej,Premium,,,,,,,,
543,False,,,Saudi Pro League,,Al-Kholood,Al-Khaleej,Match Result,,,2.45,Unibet (SE),,0.8,,
543,False,,,Primeira Liga - Portugal,,Gil Vicente,AVS Futebol SAD,Match Result,,,1.4,GTbets,,0.1,,
544,True,,,Primeira Liga - Portugal,,Gil Vicente,AVS Futebol SAD,Premium,,,,,,,,
544,False,,,Championship,,Leicester City,Preston North End,Match Result,,,1.95,Betfair,,0.5,,
544,False,,,League 2,,Bristol Rovers,Fleetwood Town,Match Result,,,2.32,Matchbook,,0.9,,
544,True,,,League 2,,Colchester United,Oldham Athletic,Premium,,,,,,,,
544,True,,,League 2,,Bristol Rovers,Fleetwood Town,Premium,,,,,,,,
544,True,,,League 1,,Burton Albion,Barnsley,Premium,,,,,,,,
544,False,,,League 1,,Burton Albion,Barnsley,Match Result,,,2.24,Betfair,,0.8,,
544,True,,,League 1,,Bradford City,Northampton Town,Premium,,,,,,,,
544,False,,,League 1,,Huddersfield Town,Reading,Match Result,,,1.9,Betfair,,0.6,,
544,False,,,League 2,,Milton Keynes Dons,Barrow,Match Result,,,1.45,Matchbook,,0.1,,
544,True,,,League 2,,Salford City,Notts County,Premium,,,,,,,,
544,False,,,League 1,,Plymouth Argyle,Bolton Wanderers,Match Result,,,2.42,Betfair,,1.0,,
545,True,,,League 1,,Lincoln City,Wimbledon,Premium,,,,,,,,
545,False,,,Championship,,Stoke City,Sheffield Wednesday,Match Result,,,1.36,Coral,,0.2,,
545,False,,,Championship,,Sheffield United,Swansea City,Match Result,,,2.05,Caesars,,0.6,,
545,False,,,League 1,,Rotherham United,Stevenage,Match Result,,,2.38,LeoVegas,,1.0,,
545,True,,,League 1,,Rotherham United,Stevenage,Premium,,,,,,,,
545,True,,,League 1,,Plymouth Argyle,Bolton Wanderers,Premium,,,,,,,,
545,True,,,League 2,,Chesterfield FC,Cheltenham Town,Premium,,,,,,,,
545,False,,,League 2,,Barnet,Bromley FC,Match Result,,,2.14,Betfair,,0.7,,
545,False,,,League 2,,Chesterfield FC,Cheltenham Town,Match Result,,,1.64,Betfair,,0.3,,
545,True,,,League 2,,Milton Keynes Dons,Barrow,Premium,,,,,,,,
545,False,,,League 1,,Stockport County FC,Wycombe Wanderers,Match Result,,,2.26,Matchbook,,0.9,,
546,True,,,League 1,,Blackpool,Exeter City,Premium,,,,,,,,
546,False,,,League 2,,Newport County,Crawley Town,Match Result,,,2.6,Coral,,1.0,,
546,True,,,League 1,,Huddersfield Town,Reading,Premium,,,,,,,,
546,False,,,League 1,,Luton,Peterborough United,Match Result,,,1.69,Matchbook,,0.4,,
546,True,,,League 1,,Stockport County FC,Wycombe Wanderers,Premium,,,,,,,,
546,True,,,League 2,,Newport County,Crawley Town,Premium,,,,,,,,
546,True,,,League 2,,Shrewsbury Town,Tranmere Rovers,Premium,,,,,,,,
546,False,,,League 1,,Blackpool,Exeter City,Match Result,,,2.22,Matchbook,,0.8,,
546,False,,,League 2,,Grimsby Town,Harrogate Town,Match Result,,,1.57,Coral,,0.3,,
546,False,,,Championship,,Birmingham City,Blackburn Rovers,Match Result,,,1.92,Matchbook,,0.6,,
547,True,,,League 2,,Grimsby Town,Harrogate Town,Premium,,,,,,,,
547,True,,,League 2,,Walsall,Gillingham,Premium,,,,,,,,
547,False,,,League 1,,Lincoln City,Wimbledon,Match Result,,,1.5,Ladbrokes,,0.2,,
547,False,,,League 2,,Walsall,Gillingham,Match Result,,,1.77,Matchbook,,0.5,,
547,False,,,Championship,,Queens Park Rangers,Watford,Match Result,,,2.74,Smarkets,,1.0,,
547,True,,,Championship,,Charlton Athletic,Bristol City,Premium,,,,,,,,
547,False,,,Championship,,Oxford United,Hull City,Match Result,,,2.5,Matchbook,,0.9,,
548,False,,,League 2,,Colchester United,Oldham Athletic,Match Result,,,2.6,Matchbook,,0.9,,
548,False,,,Championship,,Norwich City,Portsmouth,Match Result,,,2.0,Ladbrokes,,0.6,,
548,False,,,Championship,,West Bromwich Albion,Wrexham AFC,Match Result,,,2.16,Betfair,,0.8,,
548,True,,,Championship,,Stoke City,Sheffield Wednesday,Premium,,,,,,,,
548,True,,,Championship,,Leicester City,Preston North End,Premium,,,,,,,,
548,False,,,Superettan - Sweden,,Helsingborgs IF,Östers IF,Match Result,,,2.51,Coolbet,,0.8,,
549,True,,,Superettan - Sweden,,Helsingborgs IF,Östers IF,Premium,,,,,,,,
549,False,,,Super League - China,,Chengdu Rongcheng FC,Qingdao West Coast FC,Match Result,,,1.33,Betfair,,0.1,,
549,False,,,Championship,,Middlesbrough,Millwall,Match Result,,,1.77,Caesars,,0.5,,
549,True,,,League 1,,Doncaster Rovers,Mansfield Town,Premium,,,,,,,,
549,True,,,Championship,,Middlesbrough,Millwall,Premium,,,,,,,,
549,False,,,League 1,,Doncaster Rovers,Mansfield Town,Match Result,,,2.34,Betfair,,0.7,,
549,True,,,A-League,,Adelaide United,Auckland FC,Premium,,,,,,,,
549,False,,,A-League,,Adelaide United,Auckland FC,Match Result,,,2.34,Betfair,,1.0,,
549,True,,,Brazil Série A,,Palmeiras,Grêmio,Premium,,,,,,,,
549,True,,,Brazil Série A,,Bragantino-SP,Flamengo,Premium,,,,,,,,
549,False,,,Brazil Série A,,Palmeiras,Grêmio,Match Result,,,1.56,Matchbook,,0.3,,
549,False,,,Brazil Série A,,Bragantino-SP,Flamengo,Match Result,,,2.02,Smarkets,,0.5,,
550,True,,,Super League - Greece,,Panetolikos Agrinio,Atromitos Athens,Premium,,,,,,,,
550,False,,,Super League - Greece,,Panetolikos Agrinio,Atromitos Athens,Match Result,,,2.4,Unibet,,0.7,,
550,False,,,Super League - Greece,,Asteras Tripolis,AEL,Match Result,,,2.4,TABtouch,,0.8,,
550,True,,,Super League - Greece,,Asteras Tripolis,AEL,Premium,,,,,,,,
550,False,,,Primera División - Argentina,,Talleres,Boca Juniors,Match Result,,,3.0,Betfair,,1.2,,
550,True,,,Primera División - Argentina,,Talleres,Boca Juniors,Premium,,,,,,,,
550,False,,,Brazil Série A,,Chapecoense,Atletico Mineiro,Match Result,,,2.56,Betfair,,0.8,,
550,True,,,Brazil Série A,,Chapecoense,Atletico Mineiro,Premium,,,,,,,,
550,False,,,Brazil Série A,,Santos,Remo,Match Result,,,1.57,Matchbook,,0.3,,
550,False,,,Brazil Série B,,São Bernardo,Operario PR,Match Result,,,2.42,Matchbook,,1.0,,
550,True,,,Brazil Série B,,São Bernardo,Operario PR,Premium,,,,,,,,
550,True,,,Brazil Série A,,Santos,Remo,Premium,,,,,,,,
551,True,,,Primera División - Chile,,Universidad Católica (CHI),Palestino,Premium,,,,,,,,
551,False,,,Primera División - Chile,,Universidad Católica (CHI),Palestino,Match Result,,,1.87,PointsBet (AU),,0.5,,
551,True,,,Primera División - Argentina,,CA Tigre BA,Independiente Rivadavia,Premium,,,,,,,,
551,False,,,Primera División - Argentina,,CA Tigre BA,Independiente Rivadavia,Match Result,,,2.4,Betfair,,0.7,,
551,True,,,La Liga 2 - Spain,,Leganés,Zaragoza,Premium,,,,,,,,
551,False,,,La Liga 2 - Spain,,Leganés,Zaragoza,Match Result,,,2.06,Betfair,,0.5,,
551,False,,,League 2,,Cambridge United,Swindon Town,Match Result,,,1.8,Smarkets,,0.5,,
551,True,,,UEFA Champions League Women,,Lyon,VfL Wolfsburg,Premium,,,,,,,,
551,True,,,League 2,,Cambridge United,Swindon Town,Premium,,,,,,,,
551,True,,,League 1,,Wigan Athletic,Leyton Orient,Premium,,,,,,,,
551,False,,,League 1,,Wigan Athletic,Leyton Orient,Match Result,,,2.44,Betfair,,1.1,,
551,True,,,La Liga 2 - Spain,,CD Castellón,Almería,Premium,,,,,,,,
552,True,,,Primera División - Argentina,,Barracas Central,Sarmiento de Junin,Premium,,,,,,,,
552,False,,,Primera División - Argentina,,Barracas Central,Sarmiento de Junin,Match Result,,,2.55,Unibet,,0.8,,
552,False,,,La Liga 2 - Spain,,CD Castellón,Almería,Match Result,,,2.04,Matchbook,,0.7,,
552,False,,,La Liga 2 - Spain,,Real Sociedad B,SD Eibar,Match Result,,,2.68,LowVig.ag,,0.9,,
552,True,,,La Liga 2 - Spain,,Las Palmas,Granada CF,Premium,,,,,,,,
552,False,,,La Liga 2 - Spain,,Las Palmas,Granada CF,Match Result,,,2.0,theScore Bet,,0.6,,
552,True,,,UEFA Champions League Women,,Barcelona,Real Madrid,Premium,,,,,,,,
552,True,,,A-League,,Brisbane Roar,Sydney FC,Premium,,,,,,,,
552,False,,,A-League,,Brisbane Roar,Sydney FC,Match Result,,,2.32,Betfair,,0.8,,
552,False,,,A-League,,Macarthur FC,Newcastle Jets FC,Match Result,,,2.6,Matchbook,,0.8,,
552,True,,,A-League,,Macarthur FC,Newcastle Jets FC,Premium,,,,,,,,
553,False,,,Brazil Série B,,Clube de Regatas Brasil,Avai,Match Result,,,1.86,Matchbook,,0.6,,
553,True,,,Brazil Série B,,Clube de Regatas Brasil,Avai,Premium,,,,,,,,
553,True,,,Brazil Série B,,Criciuma,Athletic Club (MG),Premium,,,,,,,,
553,False,,,Brazil Série B,,Criciuma,Athletic Club (MG),Match Result,,,1.72,Betfair,,0.4,,
553,True,,,Brazil Série A,,Fluminense,Corinthians,Premium,,,,,,,,
553,False,,,Brazil Série A,,Fluminense,Corinthians,Match Result,,,1.97,1xBet,,0.5,,
553,False,,,Brazil Série B,,Ponte Preta,Ceará,Match Result,,,2.12,Betfair,,0.7,,
553,True,,,Brazil Série B,,Ponte Preta,Ceará,Premium,,,,,,,,
553,True,,,Brazil Série A,,Coritiba,Vasco da Gama,Premium,,,,,,,,
553,False,,,Brazil Série A,,Coritiba,Vasco da Gama,Match Result,,,2.76,Matchbook,,1.0,,
553,True,,,Brazil Série A,,Bahia,Atletico Paranaense,Premium,,,,,,,,
553,True,,,Primera División - Argentina,,Lanus,Platense,Premium,,,,,,,,
554,True,,,Brazil Série A,,Cruzeiro,Vitoria,Premium,,,,,,,,
554,False,,,Brazil Série A,,Cruzeiro,Vitoria,Match Result,,,1.62,Betfair,,0.3,,
554,False,,,Brazil Série A,,Botafogo,Mirassol,Match Result,,,2.34,Matchbook,,0.8,,
554,True,,,Brazil Série A,,Botafogo,Mirassol,Premium,,,,,,,,
554,False,,,Brazil Série A,,Internacional,Sao Paulo,Match Result,,,2.28,Betfair,,0.9,,
554,True,,,Brazil Série A,,Internacional,Sao Paulo,Premium,,,,,,,,
554,True,,,Brazil Série B,,Sport Recife,Vila Nova,Premium,,,,,,,,
554,False,,,Brazil Série B,,Londrina,Goiás,Match Result,,,2.52,Matchbook,,1.0,,
554,True,,,Brazil Série B,,Londrina,Goiás,Premium,,,,,,,,
554,False,,,Brazil Série B,,Atletico Goianiense,Nautico PE,Match Result,,,2.04,Betfair,,0.7,,
555,True,,,Brazil Série B,,Atletico Goianiense,Nautico PE,Premium,,,,,,,,
555,False,,,Brazil Série B,,América Mineiro,Botafogo,Match Result,,,2.06,Matchbook,,0.6,,
555,True,,,Brazil Série B,,América Mineiro,Botafogo,Premium,,,,,,,,
555,False,,,La Liga 2 - Spain,,Real Racing Club de Santander,Sporting Gijón,Match Result,,,2.04,Matchbook,,0.6,,
555,True,,,La Liga 2 - Spain,,Real Racing Club de Santander,Sporting Gijón,Premium,,,,,,,,
555,True,,,UEFA Champions League Women,,Chelsea,Arsenal,Premium,,,,,,,,
555,False,,,UEFA Champions League Women,,Chelsea,Arsenal,Match Result,,,2.1,Coolbet,,0.6,,
555,True,,,La Liga 2 - Spain,,SD Huesca,Cultural Leonesa,Premium,,,,,,,,
555,True,,,La Liga 2 - Spain,,Burgos CF,AD Ceuta FC,Premium,,,,,,,,
555,False,,,La Liga 2 - Spain,,Burgos CF,AD Ceuta FC,Match Result,,,2.0,CampoBet (SE),,0.6,,
555,False,,,La Liga 2 - Spain,,SD Huesca,Cultural Leonesa,Match Result,,,2.28,Svenska Spel,,0.8,,
556,True,,,La Liga 2 - Spain,,Andorra CF,Málaga,Premium,,,,,,,,
556,False,,,La Liga 2 - Spain,,Andorra CF,Málaga,Match Result,,,2.46,Matchbook,,0.7,,
556,True,,,UEFA Champions League Women,,Bayern Munich,Manchester United,Premium,,,,,,,,
556,False,,,UEFA Champions League Women,,Bayern Munich,Manchester United,Match Result,,,1.53,Svenska Spel,,0.3,,
556,False,,,J League,,FC Machida Zelvia,FC Tokyo,Match Result,,,2.45,Pinnacle,,0.8,,
556,True,,,J League,,Vissel Kobe,Shimizu S Pulse,Premium,,,,,,,,
556,True,,,J League,,FC Machida Zelvia,FC Tokyo,Premium,,,,,,,,
556,False,,,J League,,Vissel Kobe,Shimizu S Pulse,Match Result,,,1.9,Pinnacle,,0.6,,
556,False,,,Brazil Série B,,Fortaleza,Cuiabá,Match Result,,,1.7,888sport (SE),,0.4,,
556,True,,,Brazil Série B,,Fortaleza,Cuiabá,Premium,,,,,,,,
556,False,,,Brazil Série B,,Juventude,Grêmio Novorizontino,Match Result,,,2.2,Betfair,,0.8,,
556,True,,,Brazil Série B,,Juventude,Grêmio Novorizontino,Premium,,,,,,,,
557,True,,,La Liga 2 - Spain,,Real Valladolid CF,Cádiz CF,Premium,,,,,,,,
557,False,,,La Liga 2 - Spain,,Real Valladolid CF,Cádiz CF,Match Result,,,1.79,ATG (SE),,0.5,,
557,True,,,FIFA World Cup Qualifiers - Europe,,Bosnia & Herzegovina,Italy,Premium,,,,,,,,
557,True,,,FIFA World Cup Qualifiers - Europe,,Czechia,Denmark,Premium,,,,,,,,
557,True,,,FIFA World Cup Qualifiers - Europe,,Kosovo,Turkey,Premium,,,,,,,,
557,True,,,FIFA World Cup Qualifiers - Europe,,Sweden,Poland,Premium,,,,,,,,
557,False,,,FIFA World Cup Qualifiers - Europe,,Czechia,Denmark,Match Result,,,2.05,888sport (SE),,0.8,,
557,False,,,FIFA World Cup Qualifiers - Europe,,Kosovo,Turkey,Match Result,,,2.0,CampoBet (SE),,0.4,,
557,False,,,FIFA World Cup Qualifiers - Europe,,Sweden,Poland,Match Result,,,2.14,Betfair,,0.8,,
557,False,,,FIFA World Cup Qualifiers - Europe,,Bosnia & Herzegovina,Italy,Match Result,,,1.59,1xBet,,0.4,,
557,False,,,La Liga 2 - Spain,,Deportivo La Coruña,Córdoba,Match Result,,,2.12,BetOnline.ag,,0.7,,
557,True,,,La Liga 2 - Spain,,Deportivo La Coruña,Córdoba,Premium,,,,,,,,
558,True,,,La Liga 2 - Spain,,CD Mirandés,Albacete,Premium,,,,,,,,
558,False,,,La Liga 2 - Spain,,CD Mirandés,Albacete,Match Result,,,2.7,Svenska Spel,,0.9,,
558,False,,,Primera División - Argentina,,Aldosivi Mar del Plata,Argentinos Juniors,Match Result,,,2.05,Fanatics,,0.7,,
558,True,,,Primera División - Argentina,,Aldosivi Mar del Plata,Argentinos Juniors,Premium,,,,,,,,
558,True,,,UEFA Nations League,,Latvia,Gibraltar,Premium,,,,,,,,
558,False,,,UEFA Nations League,,Latvia,Gibraltar,Match Result,,,1.24,1xBet,,0.0,,
558,False,,,UEFA Nations League,,Luxembourg,Malta,Match Result,,,1.72,1xBet,,0.3,,
558,True,,,UEFA Nations League,,Luxembourg,Malta,Premium,,,,,,,,
558,True,,,Frauen-Bundesliga,,Hamburger SV,Bayer Leverkusen,Premium,,,,,,,,
558,False,,,Frauen-Bundesliga,,Hamburger SV,Bayer Leverkusen,Match Result,,,1.58,Pinnacle,,0.2,,
558,True,,,Brazil Série A,,Atletico Paranaense,Botafogo,Premium,,,,,,,,
558,False,,,Brazil Série A,,Atletico Paranaense,Botafogo,Match Result,,,2.06,Betfair,,0.6,,
559,False,,,La Liga 2 - Spain,,Almería,Real Sociedad B,Match Result,,,1.61,Svenska Spel,,0.3,,
559,True,,,La Liga 2 - Spain,,Almería,Real Sociedad B,Premium,,,,,,,,
559,True,,,Frauen-Bundesliga,,SC Freiburg,TSG Hoffenheim,Premium,,,,,,,,
559,False,,,Frauen-Bundesliga,,SC Freiburg,TSG Hoffenheim,Match Result,,,2.09,Pinnacle,,0.5,,
559,True,,,La Liga 2 - Spain,,Zaragoza,Real Racing Club de Santander,Premium,,,,,,,,
559,False,,,La Liga 2 - Spain,,Zaragoza,Real Racing Club de Santander,Match Result,,,2.64,Betfair,,0.9,,
559,False,,,La Liga 2 - Spain,,Cultural Leonesa,Andorra CF,Match Result,,,2.5,BetOnline.ag,,0.9,,
559,True,,,La Liga 2 - Spain,,Cultural Leonesa,Andorra CF,Premium,,,,,,,,
559,False,,,Frauen-Bundesliga,,VfL Wolfsburg,Union Berlin,Match Result,,,1.28,Pinnacle,,0.1,,
559,True,,,Frauen-Bundesliga,,VfL Wolfsburg,Union Berlin,Premium,,,,,,,,
559,True,,,La Liga 2 - Spain,,SD Eibar,Las Palmas,Premium,,,,,,,,
559,True,,,Frauen-Bundesliga,,Werder Bremen,SGS Essen,Premium,,,,,,,,
560,False,,,La Liga 2 - Spain,,SD Eibar,Las Palmas,Match Result,,,2.58,Betfair,,1.0,,
560,False,,,Frauen-Bundesliga,,Werder Bremen,SGS Essen,Match Result,,,1.47,Virgin Bet,,0.2,,
560,False,,,La Liga 2 - Spain,,Sporting Gijón,Deportivo La Coruña,Match Result,,,2.64,BetOnline.ag,,0.9,,
560,True,,,La Liga 2 - Spain,,Sporting Gijón,Deportivo La Coruña,Premium,,,,,,,,
560,False,,,La Liga 2 - Spain,,Albacete,CD Castellón,Match Result,,,2.5,Betfair,,0.8,,
560,True,,,La Liga 2 - Spain,,Albacete,CD Castellón,Premium,,,,,,,,
560,False,,,La Liga 2 - Spain,,Málaga,Leganés,Match Result,,,2.08,Matchbook,,0.7,,
560,True,,,La Liga 2 - Spain,,Málaga,Leganés,Premium,,,,,,,,
560,True,,,Frauen-Bundesliga,,1. FC Köln,Eintracht Frankfurt,Premium,,,,,,,,
560,False,,,Frauen-Bundesliga,,1. FC Köln,Eintracht Frankfurt,Match Result,,,1.61,Pinnacle,,0.4,,
560,False,,,La Liga 2 - Spain,,Real Valladolid CF,Burgos CF,Match Result,,,2.32,Betfair,,0.9,,
560,False,,,La Liga 2 - Spain,,Granada CF,SD Huesca,Match Result,,,1.87,Matchbook,,0.5,,
561,True,,,La Liga 2 - Spain,,Granada CF,SD Huesca,Premium,,,,,,,,
561,True,,,La Liga 2 - Spain,,Real Valladolid CF,Burgos CF,Premium,,,,,,,,
561,True,,,League 2,,Newport County,Shrewsbury Town,Premium,,,,,,,,
561,False,,,League 1,,Exeter City,Leyton Orient,Match Result,,,2.6,Matchbook,,1.0,,
561,False,,,League 2,,Swindon Town,Fleetwood Town,Match Result,,,2.18,Matchbook,,0.6,,
561,False,,,League 2,,Colchester United,Walsall,Match Result,,,2.44,Betfair,,0.9,,
561,True,,,League 2,,Barnet,Cambridge United,Premium,,,,,,,,
561,True,,,League 1,,Reading,Wigan Athletic,Premium,,,,,,,,
561,False,,,League 2,,Crawley Town,Gillingham,Match Result,,,2.35,Grosvenor,,0.9,,
561,False,,,League 1,,Reading,Wigan Athletic,Match Result,,,2.38,Betfair,,1.0,,
561,False,,,League 2,,Crewe Alexandra,Oldham Athletic,Match Result,,,2.7,Betfair,,0.9,,
561,False,,,League 2,,Salford City,Milton Keynes Dons,Match Result,,,2.48,Betfair,,0.9,,
562,False,,,League 1,,Stockport County FC,Wimbledon,Match Result,,,1.66,Betfair,,0.4,,
562,False,,,League 1,,Blackpool,Burton Albion,Match Result,,,2.56,Betfair,,1.1,,
562,False,,,League 2,,Newport County,Shrewsbury Town,Match Result,,,2.45,Coral,,0.9,,
562,False,,,League 2,,Barrow,Bromley FC,Match Result,,,2.2,Betr,,0.8,,
562,True,,,League 2,,Swindon Town,Fleetwood Town,Premium,,,,,,,,
562,True,,,League 2,,Salford City,Milton Keynes Dons,Premium,,,,,,,,
562,True,,,League 1,,Exeter City,Leyton Orient,Premium,,,,,,,,
563,True,,,League 2,,Barrow,Bromley FC,Premium,,,,,,,,
563,True,,,League 1,,Wycombe Wanderers,Port Vale,Premium,,,,,,,,
563,True,,,League 2,,Colchester United,Walsall,Premium,,,,,,,,
563,True,,,League 2,,Crawley Town,Gillingham,Premium,,,,,,,,
563,True,,,League 2,,Bristol Rovers,Accrington Stanley,Premium,,,,,,,,
563,True,,,La Liga 2 - Spain,,AD Ceuta FC,Cádiz CF,Premium,,,,,,,,
563,True,,,Frauen-Bundesliga,,Bayern Munich,1. FC Nürnberg,Premium,,,,,,,,
563,False,,,La Liga 2 - Spain,,AD Ceuta FC,Cádiz CF,Match Result,,,2.32,Matchbook,,0.9,,
563,False,,,League 2,,Harrogate Town,Notts County,Match Result,,,1.98,Smarkets,,0.6,,
563,True,,,League 2,,Harrogate Town,Notts County,Premium,,,,,,,,
563,False,,,K League 1,,Pohang Steelers,Gangwon FC,Match Result,,,2.58,Betfair,,0.9,,
564,True,,,K League 1,,Pohang Steelers,Gangwon FC,Premium,,,,,,,,
564,False,,,J League,,FC Machida Zelvia,Kawasaki Frontale,Match Result,,,2.07,Pinnacle,,0.5,,
564,True,,,J League,,FC Machida Zelvia,Kawasaki Frontale,Premium,,,,,,,,
564,False,,,La Liga 2 - Spain,,Córdoba,CD Mirandés,Match Result,,,1.64,1xBet,,0.4,,
564,True,,,La Liga 2 - Spain,,Córdoba,CD Mirandés,Premium,,,,,,,,
564,True,,,J League,,Vissel Kobe,Hiroshima Sanfrecce FC,Premium,,,,,,,,
564,False,,,J League,,Vissel Kobe,Hiroshima Sanfrecce FC,Match Result,,,2.65,Pinnacle,,0.9,,
564,False,,,Primera División - Argentina,,Argentinos Juniors,Lanus,Match Result,,,1.76,Unibet,,0.4,,
564,True,,,Primera División - Argentina,,Argentinos Juniors,Lanus,Premium,,,,,,,,
564,True,,,FIFA World Cup Qualifiers - Europe,,Poland,Albania,Premium,,,,,,,,
564,False,,,FIFA World Cup Qualifiers - Europe,,Denmark,North Macedonia,Match Result,,,1.37,1xBet,,0.1,,
564,False,,,FIFA World Cup Qualifiers - Europe,,Czechia,Ireland,Match Result,,,2.06,Betfair,,0.7,,
565,True,,,FIFA World Cup Qualifiers - Europe,,Czechia,Ireland,Premium,,,,,,,,
565,False,,,FIFA World Cup Qualifiers - Europe,,Wales,Bosnia & Herzegovina,Match Result,,,1.96,1xBet,,0.7,,
565,True,,,FIFA World Cup Qualifiers - Europe,,Ukraine,Sweden,Premium,,,,,,,,
565,False,,,FIFA World Cup Qualifiers - Europe,,Ukraine,Sweden,Match Result,,,2.62,1xBet,,1.1,,
565,True,,,FIFA World Cup Qualifiers - Europe,,Slovakia,Kosovo,Premium,,,,,,,,
565,False,,,FIFA World Cup Qualifiers - Europe,,Slovakia,Kosovo,Match Result,,,2.1,Betfair,,0.7,,
565,False,,,FIFA World Cup Qualifiers - Europe,,Italy,Northern Ireland,Match Result,,,1.34,1xBet,,0.1,,
565,True,,,FIFA World Cup Qualifiers - Europe,,Wales,Bosnia & Herzegovina,Premium,,,,,,,,
565,False,,,FIFA World Cup Qualifiers - Europe,,Turkey,Romania,Match Result,,,1.5,1xBet,,0.3,,
565,True,,,FIFA World Cup Qualifiers - Europe,,Turkey,Romania,Premium,,,,,,,,
565,False,,,Primera División - Argentina,,Deportivo Riestra,San Lorenzo,Match Result,,,2.55,Nordic Bet,,0.8,,
566,True,,,Primera División - Argentina,,Deportivo Riestra,San Lorenzo,Premium,,,,,,,,
566,True,,,UEFA Champions League Women,,Manchester United,Bayern Munich,Premium,,,,,,,,
566,False,,,UEFA Champions League Women,,Manchester United,Bayern Munich,Match Result,,,2.2,Coolbet,,0.7,,
566,False,,,UEFA Champions League Women,,Real Madrid,Barcelona,Match Result,,,1.33,Betclic (FR),,0.1,,
566,False,,,UEFA Champions League Women,,Arsenal,Chelsea,Match Result,,,2.16,Betfair,,0.8,,
566,True,,,UEFA Champions League Women,,Arsenal,Chelsea,Premium,,,,,,,,
566,False,,,League 2,,Cambridge United,Grimsby Town,Match Result,,,2.0,Ladbrokes,,0.4,,
566,True,,,League 2,,Oldham Athletic,Notts County,Premium,,,,,,,,
566,True,,,League 2,,Cambridge United,Grimsby Town,Premium,,,,,,,,
566,False,,,League 1,,Doncaster Rovers,Port Vale,Match Result,,,1.82,Codere (IT),,0.4,,
566,True,,,League 1,,Doncaster Rovers,Port Vale,Premium,,,,,,,,
566,False,,,League 2,,Oldham Athletic,Notts County,Match Result,,,2.69,Pinnacle,,0.9,,
567,False,,,UEFA Champions League Women,,VfL Wolfsburg,Lyon,Match Result,,,1.38,CampoBet (SE),,0.1,,
567,False,,,Primera División - Argentina,,Atlético Huracán,Barracas Central,Match Result,,,1.82,Matchbook,,0.5,,
567,True,,,Primera División - Argentina,,Atlético Huracán,Barracas Central,Premium,,,,,,,,
567,True,,,Primera División - Argentina,,Estudiantes,Central Córdoba,Premium,,,,,,,,
567,False,,,Primera División - Argentina,,Estudiantes,Central Córdoba,Match Result,,,1.56,CampoBet (SE),,0.2,,
567,False,,,La Liga 2 - Spain,,CD Castellón,Cultural Leonesa,Match Result,,,1.38,Coolbet,,0.2,,
567,True,,,Frauen-Bundesliga,,Union Berlin,Werder Bremen,Premium,,,,,,,,
567,False,,,Frauen-Bundesliga,,Union Berlin,Werder Bremen,Match Result,,,2.42,Pinnacle,,1.1,,
567,False,,,Primera División - Argentina,,Independiente Rivadavia,Rosario Central,Match Result,,,2.66,Matchbook,,0.9,,
567,False,,,Primera División - Argentina,,Argentinos Juniors,Platense,Match Result,,,1.79,Unibet,,0.4,,
567,True,,,Primera División - Argentina,,Argentinos Juniors,Platense,Premium,,,,,,,,
567,True,,,Primera División - Argentina,,Independiente Rivadavia,Rosario Central,Premium,,,,,,,,
568,True,,,Liga MX,,FC Juárez,Tigres,Premium,,,,,,,,
568,False,,,Liga MX,,FC Juárez,Tigres,Match Result,,,2.28,Pinnacle,,0.6,,
568,False,,,Brazil Série A,,Corinthians,Flamengo,Match Result,,,2.3,SportsBet,,0.7,,
568,True,,,Brazil Série A,,Corinthians,Flamengo,Premium,,,,,,,,
568,True,,,MLS,,San Diego FC,Real Salt Lake,Premium,,,,,,,,
568,False,,,Liga MX,,Pachuca,Toluca,Match Result,,,1.95,Unibet (UK),,0.5,,
568,True,,,Liga MX,,Santos Laguna,Puebla,Premium,,,,,,,,
568,True,,,Primera División - Argentina,,Boca Juniors,Instituto de Córdoba,Premium,,,,,,,,
568,True,,,Brazil Série B,,Grêmio Novorizontino,Londrina,Premium,,,,,,,,
568,True,,,Liga MX,,Pachuca,Toluca,Premium,,,,,,,,
568,False,,,Brazil Série B,,Grêmio Novorizontino,Londrina,Match Result,,,1.7,Betway,,0.4,,
568,False,,,Primera División - Argentina,,Boca Juniors,Instituto de Córdoba,Match Result,,,1.8,Betfair,,0.5,,
569,False,,,Liga MX,,Santos Laguna,Puebla,Match Result,,,2.63,Svenska Spel,,0.9,,
569,False,,,Primera División - Argentina,,Deportivo Riestra,San Lorenzo,Match Result,,,2.55,Unibet (SE),,0.9,,
569,True,,,Primera División - Argentina,,Deportivo Riestra,San Lorenzo,Premium,,,,,,,,
569,True,,,Brazil Série A,,Internacional,Chapecoense,Premium,,,,,,,,
569,False,,,Brazil Série A,,Vitoria,Mirassol,Match Result,,,2.72,Matchbook,,1.0,,
569,True,,,Brazil Série A,,Vitoria,Mirassol,Premium,,,,,,,,
569,False,,,Brazil Série A,,Internacional,Chapecoense,Match Result,,,1.5,Coolbet,,0.3,,
569,False,,,Brazil Série B,,Goiás,América Mineiro,Match Result,,,1.83,Casumo,,0.5,,
569,True,,,Brazil Série B,,Goiás,América Mineiro,Premium,,,,,,,,
569,False,,,Brazil Série B,,Athletic Club (MG),Ponte Preta,Match Result,,,2.16,Betfair,,0.8,,
569,True,,,Brazil Série B,,Athletic Club (MG),Ponte Preta,Premium,,,,,,,,
570,True,,,MLS,,Portland Timbers,LA Galaxy,Premium,,,,,,,,
570,True,,,Primera División - Argentina,,Estudiantes de Río Cuarto,River Plate,Premium,,,,,,,,
570,False,,,Primera División - Argentina,,Estudiantes de Río Cuarto,River Plate,Match Result,,,1.72,Unibet (SE),,0.5,,
570,False,,,MLS,,Portland Timbers,LA Galaxy,Match Result,,,2.3,GTbets,,0.9,,
570,True,,,Primeira Liga - Portugal,,Braga,FC Porto,Premium,,,,,,,,
570,False,,,Primeira Liga - Portugal,,Braga,FC Porto,Match Result,,,2.38,Matchbook,,0.9,,
570,False,,,La Liga - Spain,,Real Madrid,Atlético Madrid,Match Result,,,1.96,Betfair,,0.6,,
570,True,,,La Liga - Spain,,Real Madrid,Atlético Madrid,Premium,,,,,,,,
570,True,,,Serie A - Italy,,Fiorentina,Inter Milan,Premium,,,,,,,,
570,False,,,Ligue 1 - France,,Nantes,Strasbourg,Match Result,,,2.1,Smarkets,,0.7,,
570,False,,,Serie A - Italy,,Fiorentina,Inter Milan,Match Result,,,1.71,Matchbook,,0.5,,
570,True,,,Ligue 1 - France,,Nantes,Strasbourg,Premium,,,,,,,,
571,True,,,Ekstraklasa - Poland,,Legia Warszawa,Raków Częstochowa,Premium,,,,,,,,
571,False,,,Ekstraklasa - Poland,,Legia Warszawa,Raków Częstochowa,Match Result,,,2.35,Unibet,,0.7,,
571,True,,,Brazil Série B,,Avai,Juventude,Premium,,,,,,,,
571,True,,,Brazil Série B,,Nautico PE,Criciuma,Premium,,,,,,,,
571,True,,,Brazil Série A,,Remo,Bahia,Premium,,,,,,,,
571,True,,,Brazil Série A,,Cruzeiro,Santos,Premium,,,,,,,,
571,True,,,Denmark Superliga,,Viborg FF,FC Midtjylland,Premium,,,,,,,,
571,False,,,Brazil Série A,,Remo,Bahia,Match Result,,,2.16,Matchbook,,0.7,,
571,False,,,Brazil Série A,,Cruzeiro,Santos,Match Result,,,1.87,BetOnline.ag,,0.5,,
571,True,,,Brazil Série A,,Vasco da Gama,Grêmio,Premium,,,,,,,,
571,False,,,Brazil Série A,,Vasco da Gama,Grêmio,Match Result,,,2.01,GTbets,,0.7,,
571,False,,,Denmark Superliga,,Viborg FF,FC Midtjylland,Match Result,,,2.18,BetOnline.ag,,0.8,,
572,False,,,Brazil Série B,,Nautico PE,Criciuma,Match Result,,,2.36,Pinnacle,,0.8,,
572,False,,,Brazil Série B,,Avai,Juventude,Match Result,,,2.65,ATG (SE),,1.0,,
572,True,,,Brazil Série A,,Atletico Paranaense,Coritiba,Premium,,,,,,,,
572,True,,,Bundesliga - Germany,,Augsburg,VfB Stuttgart,Premium,,,,,,,,
572,False,,,3. Liga - Germany,,FC Viktoria Köln 1904,Rot-Weiss Essen,Match Result,,,2.44,BetOnline.ag,,1.0,,
572,False,,,Bundesliga - Germany,,Augsburg,VfB Stuttgart,Match Result,,,2.08,Matchbook,,0.5,,
572,True,,,MLS,,Minnesota United FC,Seattle Sounders FC,Premium,,,,,,,,
572,True,,,3. Liga - Germany,,FC Viktoria Köln 1904,Rot-Weiss Essen,Premium,,,,,,,,
572,True,,,Primera División - Argentina,,Sarmiento de Junin,Aldosivi Mar del Plata,Premium,,,,,,,,
572,True,,,Serie B - Italy,,Virtus Entella,Reggiana,Premium,,,,,,,,
572,False,,,MLS,,Minnesota United FC,Seattle Sounders FC,Match Result,,,2.66,Matchbook,,1.0,,
573,False,,,Serie B - Italy,,Virtus Entella,Reggiana,Match Result,,,2.06,Betfair,,0.7,,
573,False,,,Primera División - Argentina,,Sarmiento de Junin,Aldosivi Mar del Plata,Match Result,,,2.32,Betfair,,0.9,,
573,False,,,Primeira Liga - Portugal,,Alverca,Sporting Lisbon,Match Result,,,1.32,Betsson,,0.1,,
573,True,,,Primeira Liga - Portugal,,Alverca,Sporting Lisbon,Premium,,,,,,,,
573,False,,,La Liga 2 - Spain,,Las Palmas,Sporting Gijón,Match Result,,,1.95,ATG (SE),,0.5,,
573,False,,,Belgium First Div,,SV Zulte-Waregem,Charleroi,Match Result,,,2.74,Betfair,,0.9,,
573,False,,,Belgium First Div,,Dender,Gent,Match Result,,,2.14,Betfair,,0.7,,
573,False,,,Belgium First Div,,Standard Liege,Westerlo,Match Result,,,2.56,BetOnline.ag,,0.9,,
573,True,,,Belgium First Div,,Dender,Gent,Premium,,,,,,,,
573,False,,,La Liga - Spain,,Athletic Bilbao,Real Betis,Match Result,,,2.25,Svenska Spel,,0.8,,
573,False,,,Belgium First Div,,Club Brugge,KV Mechelen,Match Result,,,1.31,BetMGM,,0.1,,
573,True,,,Belgium First Div,,Anderlecht,Cercle Brugge KSV,Premium,,,,,,,,
574,True,,,Belgium First Div,,Standard Liege,Westerlo,Premium,,,,,,,,
574,True,,,La Liga 2 - Spain,,Las Palmas,Sporting Gijón,Premium,,,,,,,,
574,True,,,Belgium First Div,,Leuven,Royal Antwerp,Premium,,,,,,,,
574,False,,,Belgium First Div,,RAAL La Louvière,Genk,Match Result,,,2.16,Betfair,,0.8,,
574,True,,,Belgium First Div,,SV Zulte-Waregem,Charleroi,Premium,,,,,,,,
574,False,,,Belgium First Div,,Anderlecht,Cercle Brugge KSV,Match Result,,,1.98,Smarkets,,0.4,,
574,True,,,Belgium First Div,,Club Brugge,KV Mechelen,Premium,,,,,,,,
574,True,,,La Liga - Spain,,Athletic Bilbao,Real Betis,Premium,,,,,,,,
575,False,,,MLS,,FC Cincinnati,CF Montreal,Match Result,,,1.76,1xBet,,0.4,,
575,True,,,Super League - Greece,,Levadiakos,Atromitos Athens,Premium,,,,,,,,
575,False,,,Super League - Greece,,Panetolikos Agrinio,Panserraikos FC,Match Result,,,1.96,Betfair,,0.6,,
575,False,,,Super League - Greece,,Levadiakos,Atromitos Athens,Match Result,,,2.2,Betfair,,0.9,,
575,True,,,MLS,,New York City FC,Inter Miami CF,Premium,,,,,,,,
575,False,,,Super League - Greece,,Aris Thessaloniki,OFI Crete,Match Result,,,1.67,Unibet (NL),,0.4,,
575,True,,,Denmark Superliga,,AGF Aarhus,Brondby IF,Premium,,,,,,,,
575,False,,,Super League - Greece,,Asteras Tripolis,Panathinaikos,Match Result,,,1.82,TABtouch,,0.5,,
575,False,,,Super League - Greece,,Olympiakos Piraeus,AEL,Match Result,,,1.21,Coolbet,,0.1,,
575,True,,,MLS,,FC Cincinnati,CF Montreal,Premium,,,,,,,,
576,True,,,Super League - Greece,,AEK Athens,AE Kifisia FC,Premium,,,,,,,,
576,True,,,Super League - Greece,,Aris Thessaloniki,OFI Crete,Premium,,,,,,,,
576,False,,,Denmark Superliga,,AGF Aarhus,Brondby IF,Match Result,,,1.8,GTbets,,0.4,,
576,True,,,Super League - Greece,,Olympiakos Piraeus,AEL,Premium,,,,,,,,
576,False,,,Serie A - Italy,,AS Roma,Lecce,Match Result,,,1.54,1xBet,,0.2,,
576,False,,,MLS,,New York City FC,Inter Miami CF,Match Result,,,2.34,Betfair,,1.0,,
576,True,,,Ekstraklasa - Poland,,Widzew Łódź,Górnik Zabrze,Premium,,,,,,,,
577,False,,,Ekstraklasa - Poland,,Widzew Łódź,Górnik Zabrze,Match Result,,,2.36,Betfair,,0.7,,
577,False,,,Bundesliga - Germany,,FC St. Pauli,SC Freiburg,Match Result,,,2.87,1xBet,,1.1,,
577,True,,,Bundesliga - Germany,,FC St. Pauli,SC Freiburg,Premium,,,,,,,,
577,True,,,EFL Cup,,Arsenal,Manchester City,Premium,,,,,,,,
577,False,,,EFL Cup,,Arsenal,Manchester City,Match Result,,,2.48,Betfair,,1.0,,
577,False,,,Ligue 1 - France,,Marseille,Lille,Match Result,,,1.95,Betfair,,0.7,,
577,False,,,Ligue 1 - France,,Rennes,Metz,Match Result,,,1.38,1xBet,,0.2,,
577,False,,,Ligue 1 - France,,Paris FC,Le Havre,Match Result,,,2.11,1xBet,,0.8,,
577,False,,,Serie B - Italy,,Sampdoria,Avellino,Match Result,,,2.15,Fanatics,,0.8,,
577,True,,,Ligue 1 - France,,Marseille,Lille,Premium,,,,,,,,
577,True,,,Serie B - Italy,,Sampdoria,Avellino,Premium,,,,,,,,
577,True,,,Ligue 1 - France,,Paris FC,Le Havre,Premium,,,,,,,,
578,True,,,Austrian Football Bundesliga,,Rapid Wien,LASK,Premium,,,,,,,,
578,True,,,Premier League - Russia,,Lokomotiv Moscow,FC Akron Tolyatti,Premium,,,,,,,,
578,True,,,Eliteserien - Norway,,SK Brann,Tromso,Premium,,,,,,,,
578,False,,,Eliteserien - Norway,,SK Brann,Tromso,Match Result,,,2.15,Coolbet,,0.7,,
578,False,,,Premier League - Russia,,Lokomotiv Moscow,FC Akron Tolyatti,Match Result,,,1.52,1xBet,,0.2,,
578,True,,,Eliteserien - Norway,,Sandefjord,Sarpsborg FK,Premium,,,,,,,,
578,True,,,Eliteserien - Norway,,Fredrikstad FK,KFUM,Premium,,,,,,,,
578,False,,,Eliteserien - Norway,,Sandefjord,Sarpsborg FK,Match Result,,,2.1,BetMGM,,0.7,,
578,False,,,Eliteserien - Norway,,Fredrikstad FK,KFUM,Match Result,,,2.4,LowVig.ag,,0.7,,
578,False,,,Austrian Football Bundesliga,,Rapid Wien,LASK,Match Result,,,2.85,LowVig.ag,,1.1,,
578,True,,,Dutch Eredivisie,,SC Telstar,PSV Eindhoven,Premium,,,,,,,,
578,True,,,Dutch Eredivisie,,Groningen,AZ Alkmaar,Premium,,,,,,,,
579,True,,,3. Liga - Germany,,MSV Duisburg,TSV 1860 München,Premium,,,,,,,,
579,False,,,3. Liga - Germany,,MSV Duisburg,TSV 1860 München,Match Result,,,2.25,LowVig.ag,,0.7,,
579,True,,,Swiss Superleague,,BSC Young Boys,FC Lugano,Premium,,,,,,,,
579,True,,,Primeira Liga - Portugal,,Estoril,Rio Ave FC,Premium,,,,,,,,
579,True,,,Swiss Superleague,,FC Luzern,FC Lausanne-Sport,Premium,,,,,,,,
579,False,,,Swiss Superleague,,FC Luzern,FC Lausanne-Sport,Match Result,,,2.38,Unibet,,0.8,,
579,False,,,Swiss Superleague,,BSC Young Boys,FC Lugano,Match Result,,,2.02,BetOnline.ag,,0.7,,
579,False,,,Primeira Liga - Portugal,,Estoril,Rio Ave FC,Match Result,,,1.81,1xBet,,0.5,,
579,False,,,La Liga - Spain,,Celta Vigo,Alavés,Match Result,,,2.02,Matchbook,,0.7,,
579,False,,,La Liga 2 - Spain,,CD Mirandés,Real Valladolid CF,Match Result,,,2.66,Betfair,,0.9,,
580,True,,,La Liga 2 - Spain,,CD Mirandés,Real Valladolid CF,Premium,,,,,,,,
580,False,,,La Liga 2 - Spain,,Real Sociedad B,Granada CF,Match Result,,,2.81,Pinnacle,,1.0,,
580,False,,,Frauen-Bundesliga,,1. FC Nürnberg,1. FC Köln,Match Result,,,1.6,Tipico,,0.3,,
580,True,,,Frauen-Bundesliga,,1. FC Nürnberg,1. FC Köln,Premium,,,,,,,,
580,True,,,Denmark Superliga,,FC Copenhagen,FC Fredericia,Premium,,,,,,,,
580,False,,,Denmark Superliga,,FC Copenhagen,FC Fredericia,Match Result,,,1.41,Betfair,,0.2,,
580,True,,,Bundesliga - Germany,,FSV Mainz 05,Eintracht Frankfurt,Premium,,,,,,,,
580,False,,,Bundesliga - Germany,,FSV Mainz 05,Eintracht Frankfurt,Match Result,,,2.2,Betfair,,0.8,,
580,False,,,EPL,,Tottenham Hotspur,Nottingham Forest,Match Result,,,2.4,Betfair,,1.0,,
580,False,,,EPL,,Aston Villa,West Ham United,Match Result,,,2.0,Betfair,,0.6,,
581,True,,,EPL,,Aston Villa,West Ham United,Premium,,,,,,,,
581,True,,,EPL,,Tottenham Hotspur,Nottingham Forest,Premium,,,,,,,,
581,False,,,Serie B - Italy,,Bari,Carrarese,Match Result,,,2.76,Betfair,,1.0,,
581,False,,,Serie B - Italy,,Südtirol,Frosinone,Match Result,,,2.56,BetOnline.ag,,1.1,,
581,False,,,Ligue 1 - France,,Lyon,AS Monaco,Match Result,,,2.51,GTbets,,1.1,,
581,True,,,Serie A - Italy,,Atalanta BC,Hellas Verona,Premium,,,,,,,,
581,True,,,Serie B - Italy,,Südtirol,Frosinone,Premium,,,,,,,,
581,False,,,Serie B - Italy,,Empoli,Pescara,Match Result,,,2.08,Betfair,,0.6,,
581,False,,,Serie A - Italy,,Bologna,Lazio,Match Result,,,2.42,Betfair,,0.9,,
581,True,,,Serie A - Italy,,Bologna,Lazio,Premium,,,,,,,,
581,True,,,Serie B - Italy,,Empoli,Pescara,Premium,,,,,,,,
581,False,,,Serie A - Italy,,Atalanta BC,Hellas Verona,Match Result,,,1.43,1xBet,,0.2,,
582,True,,,Ekstraklasa - Poland,,Lech Poznań,Nieciecza,Premium,,,,,,,,
582,False,,,Ekstraklasa - Poland,,Lech Poznań,Nieciecza,Match Result,,,1.43,ATG (SE),,0.2,,
582,False,,,Premier League - Russia,,Kryliya Sovetov,Rubin Kazan,Match Result,,,2.63,1xBet,,0.9,,
582,False,,,Dutch Eredivisie,,FC Utrecht,Go Ahead Eagles,Match Result,,,1.75,Betsson,,0.5,,
582,True,,,Premier League - Russia,,Kryliya Sovetov,Rubin Kazan,Premium,,,,,,,,
582,True,,,Austrian Football Bundesliga,,Hartberg,Austria Wien,Premium,,,,,,,,
582,True,,,Eliteserien - Norway,,Rosenborg,Vålerenga,Premium,,,,,,,,
582,True,,,Dutch Eredivisie,,Feyenoord,Ajax,Premium,,,,,,,,
582,True,,,Dutch Eredivisie,,FC Utrecht,Go Ahead Eagles,Premium,,,,,,,,
582,False,,,Austrian Football Bundesliga,,Hartberg,Austria Wien,Match Result,,,2.37,BetOnline.ag,,0.8,,
583,False,,,Eliteserien - Norway,,Rosenborg,Vålerenga,Match Result,,,2.28,LowVig.ag,,0.8,,
583,True,,,La Liga - Spain,,Barcelona,Rayo Vallecano,Premium,,,,,,,,
583,True,,,Denmark Superliga,,FC Nordsjaelland,SonderjyskE,Premium,,,,,,,,
583,True,,,Premier League - Russia,,Dinamo Moscow,Zenit St Petersburg,Premium,,,,,,,,
583,True,,,Frauen-Bundesliga,,RB Leipzig,SC Freiburg,Premium,,,,,,,,
583,False,,,Premier League - Russia,,Dinamo Moscow,Zenit St Petersburg,Match Result,,,2.29,1xBet,,0.9,,
583,False,,,Denmark Superliga,,FC Nordsjaelland,SonderjyskE,Match Result,,,1.98,Coolbet,,0.5,,
583,True,,,Swiss Superleague,,FC Winterthur,FC Basel,Premium,,,,,,,,
583,False,,,La Liga - Spain,,Barcelona,Rayo Vallecano,Match Result,,,1.27,1xBet,,0.1,,
583,False,,,Denmark Superliga,,Randers FC,Silkeborg IF,Match Result,,,1.85,Nordic Bet,,0.5,,
583,False,,,Swiss Superleague,,FC Winterthur,FC Basel,Match Result,,,1.73,William Hill,,0.4,,
584,False,,,La Liga 2 - Spain,,Burgos CF,Córdoba,Match Result,,,2.46,Betfair,,0.8,,
584,False,,,Bundesliga 2 - Germany,,VfL Bochum,Holstein Kiel,Match Result,,,2.14,Betfair,,0.6,,
584,True,,,Bundesliga 2 - Germany,,SC Preußen Münster,1. FC Magdeburg,Premium,,,,,,,,
584,True,,,Premiership - Scotland,,Dundee United,Celtic,Premium,,,,,,,,
584,True,,,Bundesliga 2 - Germany,,Fortuna Düsseldorf,Hertha Berlin,Premium,,,,,,,,
584,True,,,3. Liga - Germany,,TSG Hoffenheim II,VfL Osnabrück,Premium,,,,,,,,
584,False,,,Bundesliga 2 - Germany,,Fortuna Düsseldorf,Hertha Berlin,Match Result,,,2.38,Svenska Spel,,0.8,,
584,False,,,Premiership - Scotland,,Dundee United,Celtic,Match Result,,,1.56,Betfair,,0.3,,
584,True,,,Bundesliga 2 - Germany,,VfL Bochum,Holstein Kiel,Premium,,,,,,,,
585,False,,,EPL,,Newcastle United,Sunderland,Match Result,,,1.74,1xBet,,0.5,,
585,True,,,EPL,,Newcastle United,Sunderland,Premium,,,,,,,,
585,True,,,Serie A - Italy,,Como,Pisa,Premium,,,,,,,,
585,False,,,Serie A - Italy,,Como,Pisa,Match Result,,,1.28,Matchbook,,0.1,,
585,True,,,Dutch Eredivisie,,NEC Nijmegen,Heerenveen,Premium,,,,,,,,
585,True,,,Ekstraklasa - Poland,,Korona Kielce,Arka Gdynia,Premium,,,,,,,,
585,False,,,Dutch Eredivisie,,NEC Nijmegen,Heerenveen,Match Result,,,1.73,Unibet (UK),,0.5,,
585,False,,,Ekstraklasa - Poland,,Korona Kielce,Arka Gdynia,Match Result,,,1.95,PlayUp,,0.7,,
585,False,,,Premier League - Russia,,Gazovik Orenburg,Spartak Moscow,Match Result,,,1.8,1xBet,,0.5,,
585,True,,,Premier League - Russia,,Gazovik Orenburg,Spartak Moscow,Premium,,,,,,,,
586,False,,,A-League,,Perth Glory,Melbourne City,Match Result,,,2.07,ATG (SE),,0.6,,
586,True,,,A-League,,Perth Glory,Melbourne City,Premium,,,,,,,,
586,False,,,K League 1,,FC Anyang,Incheon United,Match Result,,,2.68,Betfair,,0.9,,
586,False,,,K League 1,,Gangwon FC,Jeju United FC,Match Result,,,1.86,Betfair,,0.5,,
586,True,,,K League 1,,Gangwon FC,Jeju United FC,Premium,,,,,,,,
586,True,,,K League 1,,FC Anyang,Incheon United,Premium,,,,,,,,
586,False,,,J League,,Urawa Red Diamonds,FC Machida Zelvia,Match Result,,,2.72,Pinnacle,,1.0,,
586,False,,,J League,,Kashiwa Reysol,Mito HollyHock,Match Result,,,1.56,Pinnacle,,0.2,,
586,True,,,J League,,Urawa Red Diamonds,FC Machida Zelvia,Premium,,,,,,,,
586,True,,,J League,,Kashiwa Reysol,Mito HollyHock,Premium,,,,,,,,
586,False,,,J League,,Kashima Antlers,JEF United Chiba,Match Result,,,1.62,Unibet (UK),,0.4,,
586,True,,,J League,,Cerezo Osaka,Vissel Kobe,Premium,,,,,,,,
587,False,,,J League,,Cerezo Osaka,Vissel Kobe,Match Result,,,2.28,Pinnacle,,0.6,,
587,True,,,J League,,Kashima Antlers,JEF United Chiba,Premium,,,,,,,,
587,True,,,J League,,Kawasaki Frontale,Yokohama F Marinos,Premium,,,,,,,,
587,False,,,J League,,Kyoto Purple Sanga,Nagoya Grampus,Match Result,,,2.35,DraftKings,,0.8,,
587,True,,,J League,,Kyoto Purple Sanga,Nagoya Grampus,Premium,,,,,,,,
587,False,,,K League 1,,FC Seoul,Gwangju FC,Match Result,,,1.64,Betfair,,0.3,,
587,True,,,K League 1,,FC Seoul,Gwangju FC,Premium,,,,,,,,
587,False,,,K League 1,,Ulsan Hyundai FC,Sangju Sangmu FC,Match Result,,,2.18,Betfair,,0.8,,
587,False,,,J League,,Tokyo Verdy,FC Tokyo,Match Result,,,2.08,Unibet (UK),,0.7,,
587,True,,,J League,,Tokyo Verdy,FC Tokyo,Premium,,,,,,,,
587,True,,,K League 1,,Ulsan Hyundai FC,Sangju Sangmu FC,Premium,,,,,,,,
588,True,,,A-League,,Sydney FC,Newcastle Jets FC,Premium,,,,,,,,
588,False,,,J League,,Shimizu S Pulse,Hiroshima Sanfrecce FC,Match Result,,,1.83,Pinnacle,,0.4,,
588,False,,,A-League,,Sydney FC,Newcastle Jets FC,Match Result,,,2.28,Betfair,,0.6,,
588,True,,,J League,,Shimizu S Pulse,Hiroshima Sanfrecce FC,Premium,,,,,,,,
588,True,,,Liga MX,,Pumas,América,Premium,,,,,,,,
588,False,,,Liga MX,,Pumas,América,Match Result,,,2.52,Matchbook,,0.8,,
588,True,,,MLS,,Vancouver Whitecaps FC,San Jose Earthquakes,Premium,,,,,,,,
588,False,,,MLS,,Vancouver Whitecaps FC,San Jose Earthquakes,Match Result,,,1.59,theScore Bet,,0.4,,
588,False,,,Primera División - Argentina,,Belgrano de Cordoba,Racing Club,Match Result,,,2.95,Unibet,,1.1,,
588,True,,,Primera División - Argentina,,Belgrano de Cordoba,Racing Club,Premium,,,,,,,,
588,True,,,Liga MX,,Monterrey,Guadalajara,Premium,,,,,,,,
588,False,,,Liga MX,,Monterrey,Guadalajara,Match Result,,,2.33,Svenska Spel,,0.7,,
589,False,,,Liga MX,,Atlético San Luis,León,Match Result,,,2.05,ATG (SE),,0.7,,
589,True,,,Liga MX,,Atlético San Luis,León,Premium,,,,,,,,
589,False,,,MLS,,Austin FC,Los Angeles FC,Match Result,,,2.08,Betfair,,0.6,,
589,True,,,MLS,,Austin FC,Los Angeles FC,Premium,,,,,,,,
589,True,,,MLS,,St. Louis City SC,New England Revolution,Premium,,,,,,,,
589,False,,,MLS,,St. Louis City SC,New England Revolution,Match Result,,,1.95,Matchbook,,0.7,,
589,False,,,MLS,,Sporting Kansas City,Colorado Rapids,Match Result,,,2.58,Betsson,,0.9,,
589,True,,,MLS,,FC Dallas,Houston Dynamo,Premium,,,,,,,,
589,True,,,MLS,,Sporting Kansas City,Colorado Rapids,Premium,,,,,,,,
589,False,,,MLS,,FC Dallas,Houston Dynamo,Match Result,,,2.28,Betsson,,0.9,,
589,True,,,Brazil Série A,,Sao Paulo,Palmeiras,Premium,,,,,,,,
589,False,,,Brazil Série A,,Sao Paulo,Palmeiras,Match Result,,,2.75,LowVig.ag,,0.9,,
590,True,,,MLS,,Atlanta United FC,D.C. United,Premium,,,,,,,,
590,True,,,MLS,,Charlotte FC,New York Red Bulls,Premium,,,,,,,,
590,False,,,Brazil Série B,,Cuiabá,Sport Recife,Match Result,,,2.5,Unibet (UK),,0.9,,
590,False,,,MLS,,Charlotte FC,New York Red Bulls,Match Result,,,2.35,LowVig.ag,,0.9,,
590,False,,,MLS,,Atlanta United FC,D.C. United,Match Result,,,2.14,Matchbook,,0.6,,
590,True,,,Brazil Série B,,Cuiabá,Sport Recife,Premium,,,,,,,,
590,True,,,Primera División - Argentina,,Independiente,Talleres,Premium,,,,,,,,
590,False,,,Liga MX,,Atlas,Querétaro,Match Result,,,2.02,ATG (SE),,0.7,,
590,True,,,Liga MX,,Atlas,Querétaro,Premium,,,,,,,,
590,False,,,Primera División - Argentina,,Independiente,Talleres,Match Result,,,2.0,theScore Bet,,0.7,,
590,False,,,Brazil Série B,,Botafogo,Fortaleza,Match Result,,,2.18,Unibet (SE),,0.8,,
590,False,,,MLS,,Nashville SC,Orlando City SC,Match Result,,,1.59,ReBet,,0.4,,
591,True,,,Brazil Série B,,Botafogo,Fortaleza,Premium,,,,,,,,
591,True,,,MLS,,Nashville SC,Orlando City SC,Premium,,,,,,,,
591,True,,,Brazil Série A,,Fluminense,Atletico Mineiro,Premium,,,,,,,,
591,False,,,Brazil Série A,,Fluminense,Atletico Mineiro,Match Result,,,1.83,Svenska Spel,,0.6,,
591,True,,,Brazil Série B,,Operario PR,Atletico Goianiense,Premium,,,,,,,,
591,False,,,Brazil Série B,,Operario PR,Atletico Goianiense,Match Result,,,2.08,Matchbook,,0.7,,
591,False,,,Brazil Série B,,Ceará,São Bernardo,Match Result,,,1.6,Unibet (UK),,0.3,,
591,True,,,Brazil Série B,,Ceará,São Bernardo,Premium,,,,,,,,
591,False,,,Primera División - Argentina,,Defensa y Justicia,Union Santa Fe,Match Result,,,2.88,BetOnline.ag,,1.1,,
591,True,,,Primera División - Argentina,,Newells Old Boys,Gimnasia Mendoza,Premium,,,,,,,,
591,False,,,Primera División - Argentina,,Newells Old Boys,Gimnasia Mendoza,Match Result,,,2.54,Matchbook,,0.9,,
591,True,,,Primera División - Argentina,,Defensa y Justicia,Union Santa Fe,Premium,,,,,,,,
592,False,,,Primeira Liga - Portugal,,Tondela,AVS Futebol SAD,Match Result,,,1.98,Matchbook,,0.6,,
592,True,,,MLS,,Philadelphia Union,Chicago Fire,Premium,,,,,,,,
592,False,,,MLS,,Philadelphia Union,Chicago Fire,Match Result,,,2.32,Smarkets,,0.9,,
592,True,,,Primeira Liga - Portugal,,Tondela,AVS Futebol SAD,Premium,,,,,,,,
592,False,,,Ligue 1 - France,,Nice,Paris Saint Germain,Match Result,,,1.41,GTbets,,0.2,,
592,True,,,Ligue 1 - France,,Nice,Paris Saint Germain,Premium,,,,,,,,
592,False,,,Dutch Eredivisie,,FC Zwolle,NAC Breda,Match Result,,,2.3,Betfair,,1.0,,
592,False,,,Brazil Série B,,Vila Nova,Clube de Regatas Brasil,Match Result,,,2.75,CampoBet (SE),,1.0,,
592,True,,,Brazil Série B,,Vila Nova,Clube de Regatas Brasil,Premium,,,,,,,,
592,True,,,Dutch Eredivisie,,FC Zwolle,NAC Breda,Premium,,,,,,,,
592,False,,,La Liga - Spain,,Sevilla,Valencia,Match Result,,,2.36,Matchbook,,0.9,,
592,False,,,EPL,,Leeds United,Brentford,Match Result,,,2.6,Matchbook,,1.1,,
593,True,,,EPL,,Leeds United,Brentford,Premium,,,,,,,,
593,True,,,La Liga - Spain,,Sevilla,Valencia,Premium,,,,,,,,
593,True,,,La Liga 2 - Spain,,Deportivo La Coruña,Zaragoza,Premium,,,,,,,,
593,False,,,La Liga 2 - Spain,,Deportivo La Coruña,Zaragoza,Match Result,,,1.7,Betfair,,0.4,,
593,False,,,Serie A - Italy,,Juventus,Sassuolo,Match Result,,,1.33,Unibet (UK),,0.1,,
593,True,,,League of Ireland,,Sligo Rovers,Shelbourne Dublin,Premium,,,,,,,,
593,False,,,League of Ireland,,Sligo Rovers,Shelbourne Dublin,Match Result,,,1.84,Betfair,,0.6,,
593,False,,,Bundesliga 2 - Germany,,SV Darmstadt 98,FC Schalke 04,Match Result,,,2.7,Betfair,,0.9,,
593,True,,,Bundesliga 2 - Germany,,SV Darmstadt 98,FC Schalke 04,Premium,,,,,,,,
593,True,,,Swiss Superleague,,FC Sion,FC St Gallen,Premium,,,,,,,,
593,False,,,Swiss Superleague,,FC Sion,FC St Gallen,Match Result,,,2.42,Betfair,,1.0,,
593,True,,,Ekstraklasa - Poland,,Jagiellonia Białystok,Wisła Płock,Premium,,,,,,,,
594,False,,,Ekstraklasa - Poland,,Jagiellonia Białystok,Wisła Płock,Match Result,,,1.69,BetMGM,,0.2,,
594,False,,,Ligue 2 - France,,Saint Etienne,Annecy FC,Match Result,,,1.82,ATG (SE),,0.5,,
594,True,,,Brazil Série A,,Bragantino-SP,Botafogo,Premium,,,,,,,,
594,True,,,Ligue 2 - France,,Saint Etienne,Annecy FC,Premium,,,,,,,,
594,False,,,Brazil Série A,,Bragantino-SP,Botafogo,Match Result,,,2.08,Svenska Spel,,0.7,,
594,False,,,Serie B - Italy,,Modena,Mantova,Match Result,,,1.74,LowVig.ag,,0.5,,
594,False,,,Primera División - Argentina,,Velez Sarsfield BA,Lanus,Match Result,,,2.2,Ladbrokes,,0.8,,
594,True,,,Primera División - Argentina,,Velez Sarsfield BA,Lanus,Premium,,,,,,,,
594,True,,,Serie B - Italy,,Modena,Mantova,Premium,,,,,,,,
594,False,,,Ligue 1 - France,,Auxerre,Brest,Match Result,,,2.46,Matchbook,,1.0,,
594,True,,,Primeira Liga - Portugal,,Benfica,Vitória SC,Premium,,,,,,,,
594,False,,,Primeira Liga - Portugal,,Santa Clara,Gil Vicente,Match Result,,,2.8,LowVig.ag,,1.2,,
595,False,,,Primeira Liga - Portugal,,Benfica,Vitória SC,Match Result,,,1.34,1xBet,,0.2,,
595,True,,,Ligue 1 - France,,Auxerre,Brest,Premium,,,,,,,,
595,True,,,Premiership - Scotland,,Rangers,Aberdeen,Premium,,,,,,,,
595,True,,,Dutch Eredivisie,,Sparta Rotterdam,FC Volendam,Premium,,,,,,,,
595,False,,,Premiership - Scotland,,Rangers,Aberdeen,Match Result,,,1.32,Nordic Bet,,0.1,,
595,False,,,Dutch Eredivisie,,Sparta Rotterdam,FC Volendam,Match Result,,,1.6,BetOnline.ag,,0.3,,
595,False,,,EPL,,Everton,Chelsea,Match Result,,,2.19,1xBet,,0.8,,
595,False,,,La Liga 2 - Spain,,Cádiz CF,Málaga,Match Result,,,2.74,Matchbook,,1.0,,
595,True,,,Bundesliga - Germany,,Borussia Dortmund,Hamburger SV,Premium,,,,,,,,
595,True,,,EPL,,Everton,Chelsea,Premium,,,,,,,,
595,True,,,La Liga 2 - Spain,,Cádiz CF,Málaga,Premium,,,,,,,,
596,True,,,La Liga - Spain,,Levante,Oviedo,Premium,,,,,,,,
596,True,,,La Liga - Spain,,CA Osasuna,Girona,Premium,,,,,,,,
596,False,,,Premier League - Russia,,FC Baltika Kaliningrad,FK Sochi,Match Result,,,1.46,1xBet,,0.1,,
596,False,,,La Liga - Spain,,CA Osasuna,Girona,Match Result,,,2.21,1xBet,,0.8,,
596,False,,,Swiss Superleague,,FC Zurich,FC Thun,Match Result,,,1.94,GTbets,,0.4,,
596,False,,,Serie A - Italy,,AC Milan,Torino,Match Result,,,1.42,Matchbook,,0.2,,
596,False,,,Swiss Superleague,,Servette,Grasshopper Zürich,Match Result,,,1.86,Betfair,,0.6,,
596,True,,,Eliteserien - Norway,,Viking FK,Molde,Premium,,,,,,,,
596,True,,,Swiss Superleague,,Servette,Grasshopper Zürich,Premium,,,,,,,,
597,True,,,Swiss Superleague,,FC Zurich,FC Thun,Premium,,,,,,,,
597,False,,,Eliteserien - Norway,,Viking FK,Molde,Match Result,,,1.91,Betfair,,0.5,,
597,False,,,Ekstraklasa - Poland,,Lechia Gdańsk,Pogoń Szczecin,Match Result,,,2.65,BetOnline.ag,,0.9,,
597,True,,,Ekstraklasa - Poland,,Lechia Gdańsk,Pogoń Szczecin,Premium,,,,,,,,
597,False,,,Serie B - Italy,,Monza,Venezia,Match Result,,,2.9,Fanatics,,1.1,,
597,True,,,Serie B - Italy,,Monza,Venezia,Premium,,,,,,,,
597,False,,,Austrian Football Bundesliga,,WSG Tirol,Grazer AK,Match Result,,,2.48,TABtouch,,0.8,,
597,True,,,Ligue 1 - France,,Toulouse,Lorient,Premium,,,,,,,,
597,True,,,Austrian Football Bundesliga,,FC Blau-Weiß Linz,Ried,Premium,,,,,,,,
598,True,,,Austrian Football Bundesliga,,WSG Tirol,Grazer AK,Premium,,,,,,,,
598,False,,,Austrian Football Bundesliga,,FC Blau-Weiß Linz,Ried,Match Result,,,2.75,LowVig.ag,,1.0,,
598,True,,,Eliteserien - Norway,,Bodø/Glimt,HamKam,Premium,,,,,,,,
598,False,,,Austrian Football Bundesliga,,Wolfsberger AC,Rheindorf Altach,Match Result,,,2.6,LowVig.ag,,0.9,,
598,False,,,Eliteserien - Norway,,Bodø/Glimt,HamKam,Match Result,,,1.23,1xBet,,0.1,,
598,True,,,Dutch Eredivisie,,Fortuna Sittard,FC Twente Enschede,Premium,,,,,,,,
598,True,,,3. Liga - Germany,,SC Verl,1. FC Saarbrücken,Premium,,,,,,,,
598,True,,,Primeira Liga - Portugal,,Famalicão,Nacional,Premium,,,,,,,,
598,False,,,Dutch Eredivisie,,Fortuna Sittard,FC Twente Enschede,Match Result,,,1.63,LowVig.ag,,0.3,,
598,False,,,Primeira Liga - Portugal,,Moreirense FC,Arouca,Match Result,,,2.56,Betfair,,0.8,,
599,True,,,La Liga - Spain,,Espanyol,Getafe,Premium,,,,,,,,
599,False,,,La Liga 2 - Spain,,Real Racing Club de Santander,Albacete,Match Result,,,1.88,Betfair,,0.5,,
599,False,,,Premier League - Russia,,FC Krasnodar,FC Nizhny Novgorod,Match Result,,,1.32,1xBet,,0.1,,
599,True,,,La Liga 2 - Spain,,Real Racing Club de Santander,Albacete,Premium,,,,,,,,
599,True,,,La Liga 2 - Spain,,Andorra CF,SD Eibar,Premium,,,,,,,,
599,False,,,La Liga 2 - Spain,,Andorra CF,SD Eibar,Match Result,,,2.52,Betfair,,0.8,,
599,False,,,La Liga - Spain,,Espanyol,Getafe,Match Result,,,2.54,Matchbook,,1.0,,
599,False,,,Premiership - Scotland,,Kilmarnock,Livingston,Match Result,,,1.95,Betway,,0.6,,
599,True,,,League 2,,Notts County,Cheltenham Town,Premium,,,,,,,,
600,False,,,League 2,,Shrewsbury Town,Crewe Alexandra,Match Result,,,2.76,Betfair,,1.0,,
600,True,,,League 2,,Oldham Athletic,Harrogate Town,Premium,,,,,,,,
600,False,,,League 1,,Stevenage,Reading,Match Result,,,2.08,Smarkets,,0.7,,
600,True,,,League 2,,Bromley FC,Colchester United,Premium,,,,,,,,
600,True,,,League 1,,Leyton Orient,Wycombe Wanderers,Premium,,,,,,,,
600,False,,,League 2,,Notts County,Cheltenham Town,Match Result,,,1.61,betPARX,,0.3,,
600,False,,,League 2,,Bromley FC,Colchester United,Match Result,,,2.2,Coral,,0.8,,
600,False,,,League 2,,Grimsby Town,Barrow,Match Result,,,1.6,Casumo,,0.3,,
600,False,,,Premiership - Scotland,,Falkirk F.C.,St Mirren,Match Result,,,1.92,Svenska Spel,,0.5,,
600,False,,,League 1,,Leyton Orient,Wycombe Wanderers,Match Result,,,2.26,Matchbook,,0.9,,
600,True,,,EPL,,Fulham,Burnley,Premium,,,,,,,,
600,False,,,League 1,,Burton Albion,Bradford City,Match Result,,,2.66,Betfair,,0.9,,
601,False,,,Premiership - Scotland,,Motherwell,Hibernian,Match Result,,,1.95,Betfair,,0.6,,
601,False,,,League 2,,Accrington Stanley,Chesterfield FC,Match Result,,,1.94,Betfair,,0.6,,
601,True,,,League 1,,Burton Albion,Bradford City,Premium,,,,,,,,
602,True,,,League 1,,Port Vale,Bolton Wanderers,Premium,,,,,,,,
602,True,,,League 1,,Wimbledon,Peterborough United,Premium,,,,,,,,
603,False,,,League 1,,Lincoln City,Rotherham United,Match Result,,,1.41,ATG (SE),,0.2,,
603,True,,,Premiership - Scotland,,Hearts,Dundee FC,Premium,,,,,,,,
603,True,,,League 1,,Stevenage,Reading,Premium,,,,,,,,
603,False,,,League 2,,Tranmere Rovers,Swindon Town,Match Result,,,1.92,Matchbook,,0.6,,
604,True,,,Bundesliga - Germany,,Bayern Munich,Union Berlin,Premium,,,,,,,,
604,False,,,Bundesliga - Germany,,1. FC Köln,Borussia Monchengladbach,Match Result,,,2.38,Betfair,,0.7,,
604,False,,,Bundesliga - Germany,,Bayern Munich,Union Berlin,Match Result,,,1.2,Ladbrokes,,0.0,,
604,False,,,Bundesliga - Germany,,VfL Wolfsburg,Werder Bremen,Match Result,,,2.48,Betfair,,1.1,,
604,False,,,Bundesliga - Germany,,1. FC Heidenheim,Bayer Leverkusen,Match Result,,,1.64,1xBet,,0.3,,
604,True,,,Bundesliga - Germany,,VfL Wolfsburg,Werder Bremen,Premium,,,,,,,,
604,True,,,Bundesliga - Germany,,1. FC Heidenheim,Bayer Leverkusen,Premium,,,,,,,,
604,True,,,Bundesliga - Germany,,1. FC Köln,Borussia Monchengladbach,Premium,,,,,,,,
604,True,,,Serie B - Italy,,Cesena FC,US Catanzaro 1929,Premium,,,,,,,,
604,True,,,Serie B - Italy,,Juve Stabia,Spezia,Premium,,,,,,,,
605,False,,,Serie A - Italy,,Parma,Cremonese,Match Result,,,2.18,Betfair,,0.6,,
605,False,,,Serie B - Italy,,Juve Stabia,Spezia,Match Result,,,2.4,BetOnline.ag,,1.0,,
605,False,,,Serie B - Italy,,Padova,Palermo,Match Result,,,1.86,Unibet,,0.5,,
605,True,,,Serie A - Italy,,Parma,Cremonese,Premium,,,,,,,,
605,False,,,Serie B - Italy,,Cesena FC,US Catanzaro 1929,Match Result,,,2.56,LowVig.ag,,0.8,,
605,True,,,Ekstraklasa - Poland,,Cracovia Kraków,GKS Katowice,Premium,,,,,,,,
605,False,,,Ekstraklasa - Poland,,Cracovia Kraków,GKS Katowice,Match Result,,,2.12,BetOnline.ag,,0.5,,
605,True,,,3. Liga - Germany,,Jahn Regensburg,TSV Havelse,Premium,,,,,,,,
605,True,,,3. Liga - Germany,,Waldhof Mannheim,Erzgebirge Aue,Premium,,,,,,,,
605,False,,,Ligue 2 - France,,Troyes,USL Dunkerque,Match Result,,,1.98,Unibet,,0.4,,
605,False,,,La Liga 2 - Spain,,Leganés,AD Ceuta FC,Match Result,,,1.88,Svenska Spel,,0.5,,
606,True,,,Frauen-Bundesliga,,TSG Hoffenheim,VfL Wolfsburg,Premium,,,,,,,,
606,True,,,3. Liga - Germany,,Schweinfurt,VfB Stuttgart II,Premium,,,,,,,,
606,True,,,3. Liga - Germany,,FC Ingolstadt 04,Alemannia Aachen,Premium,,,,,,,,
606,True,,,Premier League - Russia,,CSKA Moscow,FC Dynamo Makhachkala,Premium,,,,,,,,
606,True,,,La Liga - Spain,,Elche CF,Mallorca,Premium,,,,,,,,
606,True,,,La Liga 2 - Spain,,Leganés,AD Ceuta FC,Premium,,,,,,,,
606,True,,,3. Liga - Germany,,FC Energie Cottbus,SSV Ulm 1846,Premium,,,,,,,,
606,False,,,Ligue 2 - France,,Guingamp,Stade de Reims,Match Result,,,2.65,LowVig.ag,,0.9,,
606,False,,,3. Liga - Germany,,Jahn Regensburg,TSV Havelse,Match Result,,,1.54,LeoVegas,,0.3,,
606,False,,,3. Liga - Germany,,Waldhof Mannheim,Erzgebirge Aue,Match Result,,,2.1,LeoVegas,,0.7,,
607,True,,,Ligue 2 - France,,Troyes,USL Dunkerque,Premium,,,,,,,,
607,False,,,3. Liga - Germany,,Schweinfurt,VfB Stuttgart II,Match Result,,,1.77,LeoVegas,,0.5,,
607,False,,,EPL,,Brighton and Hove Albion,Liverpool,Match Result,,,2.35,1xBet,,1.0,,
607,True,,,EPL,,Brighton and Hove Albion,Liverpool,Premium,,,,,,,,
607,False,,,Championship,,Derby County,Birmingham City,Match Result,,,2.66,Betfair,,0.9,,
607,False,,,Championship,,Ipswich Town,Millwall,Match Result,,,1.71,Betfair,,0.3,,
607,True,,,Championship,,Derby County,Birmingham City,Premium,,,,,,,,
607,True,,,Championship,,Blackburn Rovers,Middlesbrough,Premium,,,,,,,,
608,False,,,Championship,,Blackburn Rovers,Middlesbrough,Match Result,,,1.95,Betfair,,0.6,,
608,True,,,Championship,,Ipswich Town,Millwall,Premium,,,,,,,,
608,True,,,League 1,,Cardiff City,Blackpool,Premium,,,,,,,,
608,True,,,League 2,,Milton Keynes Dons,Barnet,Premium,,,,,,,,
608,True,,,League 2,,Cambridge United,Salford City,Premium,,,,,,,,
608,True,,,League 1,,Luton,Stockport County FC,Premium,,,,,,,,
608,False,,,League 1,,Cardiff City,Blackpool,Match Result,,,1.45,LeoVegas,,0.3,,
608,False,,,League 1,,Luton,Stockport County FC,Match Result,,,2.75,BetOnline.ag,,0.9,,
608,False,,,League 2,,Milton Keynes Dons,Barnet,Match Result,,,2.0,Matchbook,,0.7,,
608,False,,,League 2,,Cambridge United,Salford City,Match Result,,,2.05,Ladbrokes,,0.6,,
608,True,,,Bundesliga 2 - Germany,,1. FC Nürnberg,1. FC Kaiserslautern,Premium,,,,,,,,
608,False,,,Bundesliga 2 - Germany,,1. FC Nürnberg,1. FC Kaiserslautern,Match Result,,,2.18,Betfair,,0.9,,
609,True,,,Bundesliga 2 - Germany,,Elversberg,Arminia Bielefeld,Premium,,,,,,,,
609,True,,,Bundesliga 2 - Germany,,SC Paderborn,Dynamo Dresden,Premium,,,,,,,,
609,False,,,Bundesliga 2 - Germany,,Elversberg,Arminia Bielefeld,Match Result,,,1.98,Betfair,,0.6,,
609,False,,,Bundesliga 2 - Germany,,SC Paderborn,Dynamo Dresden,Match Result,,,1.82,Betfair,,0.5,,
609,False,,,Super League - China,,Yunnan Yukun,Shandong Luneng Taishan FC,Match Result,,,2.08,Matchbook,,0.6,,
609,True,,,Super League - China,,Qingdao West Coast FC,Shenzhen Peng City FC,Premium,,,,,,,,
609,False,,,Super League - China,,Chongqing Tonglianglong FC,Chengdu Rongcheng FC,Match Result,,,1.89,Matchbook,,0.5,,
609,False,,,Super League - China,,Qingdao West Coast FC,Shenzhen Peng City FC,Match Result,,,2.36,Matchbook,,0.7,,
609,True,,,Super League - China,,Chongqing Tonglianglong FC,Chengdu Rongcheng FC,Premium,,,,,,,,
609,False,,,Frauen-Bundesliga,,Eintracht Frankfurt,Hamburger SV,Match Result,,,1.2,Ladbrokes,,0.0,,
609,True,,,Frauen-Bundesliga,,Eintracht Frankfurt,Hamburger SV,Premium,,,,,,,,
610,False,,,Super League - China,,Henan FC,Wuhan Three Towns,Match Result,,,1.5,GTbets,,0.2,,
610,True,,,Super League - China,,Henan FC,Wuhan Three Towns,Premium,,,,,,,,
610,True,,,Premier League - Russia,,FC Akhmat Grozny,FK Rostov,Premium,,,,,,,,
610,False,,,Premier League - Russia,,FC Akhmat Grozny,FK Rostov,Match Result,,,2.38,1xBet,,0.9,,
610,False,,,Super League - China,,Beijing FC,Shanghai Shenhua FC,Match Result,,,2.37,LowVig.ag,,0.8,,
610,True,,,Super League - China,,Beijing FC,Shanghai Shenhua FC,Premium,,,,,,,,
610,True,,,Super League - China,,Liaoning Tieren FC,Tianjin Jinmen Tiger FC,Premium,,,,,,,,
610,False,,,Super League - China,,Liaoning Tieren FC,Tianjin Jinmen Tiger FC,Match Result,,,2.78,Betfair,,1.0,,
610,False,,,A-League,,Melbourne Victory,Central Coast Mariners,Match Result,,,1.45,Matchbook,,0.2,,
610,True,,,A-League,,Melbourne Victory,Central Coast Mariners,Premium,,,,,,,,
610,False,,,J League,,Avispa Fukuoka,Gamba Osaka,Match Result,,,2.31,BetAnything,,0.9,,
610,True,,,J League,,Avispa Fukuoka,Gamba Osaka,Premium,,,,,,,,
611,True,,,J League,,Fagiano Okayama,V-Varen Nagasaki,Premium,,,,,,,,
611,False,,,J League,,Fagiano Okayama,V-Varen Nagasaki,Match Result,,,2.25,BetMGM,,0.8,,
611,True,,,K League 1,,Daejeon Citizen,Jeonbuk Hyundai Motors,Premium,,,,,,,,
611,False,,,K League 1,,Daejeon Citizen,Jeonbuk Hyundai Motors,Match Result,,,2.5,Betfair,,0.8,,
611,False,,,A-League,,Brisbane Roar,Wellington Phoenix FC,Match Result,,,2.04,Betfair,,0.7,,
611,True,,,A-League,,Brisbane Roar,Wellington Phoenix FC,Premium,,,,,,,,
611,True,,,Liga MX,,Mazatlán FC,Cruz Azul,Premium,,,,,,,,
611,False,,,Liga MX,,Mazatlán FC,Cruz Azul,Match Result,,,1.53,Betway,,0.3,,
611,True,,,A-League,,Auckland FC,Macarthur FC,Premium,,,,,,,,
611,False,,,A-League,,Auckland FC,Macarthur FC,Match Result,,,1.71,Betfair,,0.4,,
611,True,,,Liga MX,,Necaxa,Tijuana,Premium,,,,,,,,
611,False,,,Liga MX,,Necaxa,Tijuana,Match Result,,,2.3,ATG (SE),,0.7,,
612,True,,,Primera División - Argentina,,Banfield,CA Tigre BA,Premium,,,,,,,,
612,True,,,Primera División - Argentina,,Atlético Tucuman,Gimnasia La Plata,Premium,,,,,,,,
612,False,,,Primera División - Argentina,,Banfield,CA Tigre BA,Match Result,,,2.9,BetOnline.ag,,1.1,,
612,False,,,Primera División - Argentina,,Atlético Tucuman,Gimnasia La Plata,Match Result,,,2.15,Unibet,,0.8,,
612,False,,,Primeira Liga - Portugal,,CF Estrela,Casa Pia,Match Result,,,2.6,Ladbrokes,,1.0,,
612,True,,,Primeira Liga - Portugal,,CF Estrela,Casa Pia,Premium,,,,,,,,
612,False,,,EPL,,Bournemouth,Manchester United,Match Result,,,2.16,Unibet (SE),,0.8,,
612,True,,,La Liga - Spain,,Villarreal,Real Sociedad,Premium,,,,,,,,
612,False,,,League of Ireland,,Bohemians,Dundalk,Match Result,,,1.75,Casumo,,0.4,,
612,False,,,La Liga - Spain,,Villarreal,Real Sociedad,Match Result,,,2.01,1xBet,,0.6,,
612,True,,,EPL,,Bournemouth,Manchester United,Premium,,,,,,,,
612,True,,,League of Ireland,,Shamrock Rovers,Galway United,Premium,,,,,,,,
613,False,,,League of Ireland,,Shamrock Rovers,Galway United,Match Result,,,1.56,Unibet,,0.3,,
613,True,,,League of Ireland,,Bohemians,Dundalk,Premium,,,,,,,,
613,True,,,League of Ireland,,Waterford FC,St Patricks Athletic,Premium,,,,,,,,
613,False,,,League of Ireland,,Derry City,Drogheda United,Match Result,,,1.67,LowVig.ag,,0.4,,
613,True,,,League of Ireland,,Derry City,Drogheda United,Premium,,,,,,,,
613,True,,,Serie A - Italy,,Genoa,Udinese,Premium,,,,,,,,
613,False,,,Ligue 1 - France,,RC Lens,Angers,Match Result,,,1.33,GTbets,,0.1,,
613,False,,,Serie A - Italy,,Genoa,Udinese,Match Result,,,2.28,Betfair,,0.9,,
613,True,,,Ligue 1 - France,,RC Lens,Angers,Premium,,,,,,,,
613,False,,,League of Ireland,,Waterford FC,St Patricks Athletic,Match Result,,,1.75,Coolbet,,0.4,,
613,True,,,Bundesliga - Germany,,RB Leipzig,TSG Hoffenheim,Premium,,,,,,,,
613,True,,,La Liga 2 - Spain,,SD Huesca,Almería,Premium,,,,,,,,
614,False,,,La Liga 2 - Spain,,SD Huesca,Almería,Match Result,,,2.5,Matchbook,,0.8,,
614,True,,,Ekstraklasa - Poland,,Motor Lublin,Zagłębie Lubin,Premium,,,,,,,,
614,True,,,Ligue 2 - France,,Clermont,Red Star,Premium,,,,,,,,
614,True,,,Ligue 2 - France,,Stade Lavallois,Grenoble,Premium,,,,,,,,
614,False,,,Dutch Eredivisie,,Heracles Almelo,Excelsior,Match Result,,,2.62,Betfair,,0.9,,
614,False,,,Ligue 2 - France,,Stade Lavallois,Grenoble,Match Result,,,2.42,Betfair,,1.0,,
614,True,,,Ligue 2 - France,,Boulogne,Nancy,Premium,,,,,,,,
614,False,,,Ligue 2 - France,,Pau FC,Montpellier,Match Result,,,2.7,LowVig.ag,,0.9,,
614,True,,,Ligue 2 - France,,Rodez AF,SC Bastia,Premium,,,,,,,,
614,False,,,Ligue 2 - France,,Clermont,Red Star,Match Result,,,2.75,BetOnline.ag,,1.0,,
615,True,,,Dutch Eredivisie,,Heracles Almelo,Excelsior,Premium,,,,,,,,
615,False,,,Ligue 2 - France,,Rodez AF,SC Bastia,Match Result,,,2.64,Betfair,,1.1,,
615,False,,,Austrian Football Bundesliga,,Sturm Graz,RB Salzburg,Match Result,,,2.28,Matchbook,,0.7,,
615,True,,,Austrian Football Bundesliga,,Sturm Graz,RB Salzburg,Premium,,,,,,,,
615,False,,,3. Liga - Germany,,Wehen Wiesbaden,Hansa Rostock,Match Result,,,2.37,BetOnline.ag,,0.8,,
615,True,,,Denmark Superliga,,Vejle Boldklub,OB Odense BK,Premium,,,,,,,,
615,False,,,Denmark Superliga,,Vejle Boldklub,OB Odense BK,Match Result,,,2.2,Svenska Spel,,0.8,,
615,True,,,3. Liga - Germany,,Wehen Wiesbaden,Hansa Rostock,Premium,,,,,,,,
616,False,,,Serie A - Italy,,Cagliari,Napoli,Match Result,,,1.69,1xBet,,0.4,,
616,False,,,Bundesliga 2 - Germany,,Karlsruher SC,Greuther Fürth,Match Result,,,2.14,Betfair,,0.8,,
616,True,,,Bundesliga 2 - Germany,,Hannover 96,Eintracht Braunschweig,Premium,,,,,,,,
616,True,,,Serie A - Italy,,Cagliari,Napoli,Premium,,,,,,,,
616,True,,,Bundesliga 2 - Germany,,Karlsruher SC,Greuther Fürth,Premium,,,,,,,,
616,False,,,Bundesliga 2 - Germany,,Hannover 96,Eintracht Braunschweig,Match Result,,,1.57,Betfair,,0.3,,
616,True,,,Frauen-Bundesliga,,SGS Essen,Bayern Munich,Premium,,,,,,,,
616,False,,,Ekstraklasa - Poland,,Piast Gliwice,Radomiak Radom,Match Result,,,2.33,Unibet (SE),,0.9,,
616,True,,,Ekstraklasa - Poland,,Piast Gliwice,Radomiak Radom,Premium,,,,,,,,
616,False,,,Super League - China,,Qingdao Hainiu FC,Zhejiang,Match Result,,,1.97,Unibet,,0.5,,
616,True,,,Super League - China,,Qingdao Hainiu FC,Zhejiang,Premium,,,,,,,,
616,True,,,Super League - China,,Dalian Yingbo,Shanghai SIPG FC,Premium,,,,,,,,
617,False,,,Super League - China,,Dalian Yingbo,Shanghai SIPG FC,Match Result,,,2.02,Betfair,,0.6,,
617,True,,,A-League,,Western Sydney Wanderers,Adelaide United,Premium,,,,,,,,
617,False,,,A-League,,Western Sydney Wanderers,Adelaide United,Match Result,,,1.92,Betfair,,0.5,,
617,False,,,Brazil Série A,,Chapecoense,Corinthians,Match Result,,,2.33,Svenska Spel,,0.8,,
617,True,,,Brazil Série A,,Chapecoense,Corinthians,Premium,,,,,,,,
617,True,,,Brazil Série A,,Flamengo,Remo,Premium,,,,,,,,
617,False,,,Brazil Série A,,Flamengo,Remo,Match Result,,,1.21,Svenska Spel,,-0.0,,
617,False,,,Brazil Série A,,Grêmio,Vitoria,Match Result,,,1.9,CampoBet (SE),,0.6,,
617,True,,,Brazil Série A,,Grêmio,Vitoria,Premium,,,,,,,,
617,False,,,UEFA Europa League,,Aston Villa,Lille,Match Result,,,1.72,Betfair,,0.4,,
617,True,,,UEFA Europa League,,Aston Villa,Lille,Premium,,,,,,,,
617,True,,,UEFA Europa League,,Porto,VfB Stuttgart,Premium,,,,,,,,
618,True,,,UEFA Europa League,,AS Roma,Bologna,Premium,,,,,,,,
618,True,,,UEFA Europa Conference League,,Shakhtar Donetsk,Lech Poznań,Premium,,,,,,,,
618,False,,,UEFA Europa Conference League,,Strasbourg,HNK Rijeka,Match Result,,,1.4,Betfair,,0.2,,
618,False,,,UEFA Europa League,,Porto,VfB Stuttgart,Match Result,,,2.55,Unibet (SE),,1.0,,
618,False,,,UEFA Europa Conference League,,Shakhtar Donetsk,Lech Poznań,Match Result,,,2.14,1xBet,,0.8,,
618,True,,,UEFA Europa Conference League,,Rayo Vallecano,Samsunspor,Premium,,,,,,,,
618,False,,,UEFA Europa Conference League,,Rayo Vallecano,Samsunspor,Match Result,,,1.68,Betsson,,0.4,,
618,False,,,UEFA Europa League,,AS Roma,Bologna,Match Result,,,1.88,Betsson,,0.5,,
618,False,,,UEFA Europa League,,Real Betis,Panathinaikos FC,Match Result,,,1.44,Svenska Spel,,0.2,,
619,False,,,UEFA Europa Conference League,,FSV Mainz 05,Sigma Olomouc,Match Result,,,1.39,Betfair,,0.1,,
619,True,,,UEFA Europa League,,FC Midtjylland,Nottingham Forest,Premium,,,,,,,,
619,True,,,UEFA Europa Conference League,,FSV Mainz 05,Sigma Olomouc,Premium,,,,,,,,
619,False,,,UEFA Europa League,,SC Freiburg,KRC Genk,Match Result,,,1.62,Betfair,,0.4,,
619,True,,,UEFA Europa League,,SC Freiburg,KRC Genk,Premium,,,,,,,,
619,False,,,UEFA Europa League,,Lyon,Celta Vigo,Match Result,,,2.17,Svenska Spel,,0.7,,
619,False,,,UEFA Europa Conference League,,AEK Larnaca,Crystal Palace,Match Result,,,1.63,Coolbet,,0.4,,
619,True,,,UEFA Europa Conference League,,Raków Częstochowa,Fiorentina,Premium,,,,,,,,
619,True,,,UEFA Europa Conference League,,AEK Larnaca,Crystal Palace,Premium,,,,,,,,
619,True,,,UEFA Europa Conference League,,AEK Athens,NK Celje,Premium,,,,,,,,
619,False,,,UEFA Europa League,,FC Midtjylland,Nottingham Forest,Match Result,,,2.3,Betfair,,1.0,,
620,True,,,UEFA Europa League,,Lyon,Celta Vigo,Premium,,,,,,,,
620,True,,,Turkey Super League,,Besiktas JK,Kasimpasa SK,Premium,,,,,,,,
620,True,,,Turkey Super League,,Torku Konyaspor,Genclerbirligi SK,Premium,,,,,,,,
620,False,,,Turkey Super League,,Torku Konyaspor,Genclerbirligi SK,Match Result,,,1.87,Svenska Spel,,0.5,,
620,False,,,Turkey Super League,,Besiktas JK,Kasimpasa SK,Match Result,,,1.44,1xBet,,0.2,,
620,False,,,Turkey Super League,,Kayserispor,Fatih Karagümrük,Match Result,,,2.1,Betfair,,0.7,,
620,True,,,Turkey Super League,,Kayserispor,Fatih Karagümrük,Premium,,,,,,,,
620,False,,,Liga MX,,Guadalajara,León,Match Result,,,1.42,GTbets,,0.2,,
620,True,,,Liga MX,,Guadalajara,León,Premium,,,,,,,,
620,False,,,Brazil Série A,,Santos,Internacional,Match Result,,,2.35,1xBet,,0.9,,
621,True,,,Brazil Série A,,Vasco da Gama,Fluminense,Premium,,,,,,,,
621,True,,,Brazil Série A,,Santos,Internacional,Premium,,,,,,,,
621,False,,,Brazil Série A,,Vasco da Gama,Fluminense,Match Result,,,2.5,Coral,,0.9,,
621,True,,,Brazil Série A,,Atletico Mineiro,Sao Paulo,Premium,,,,,,,,
621,False,,,Brazil Série A,,Atletico Mineiro,Sao Paulo,Match Result,,,2.5,Matchbook,,0.8,,
621,True,,,Brazil Série A,,Mirassol,Coritiba,Premium,,,,,,,,
621,False,,,Brazil Série A,,Mirassol,Coritiba,Match Result,,,1.76,ATG (SE),,0.5,,
621,True,,,Brazil Série A,,Atletico Paranaense,Cruzeiro,Premium,,,,,,,,
621,False,,,Brazil Série A,,Atletico Paranaense,Cruzeiro,Match Result,,,2.42,Betfair,,0.9,,
621,True,,,Brazil Série A,,Bahia,Bragantino-SP,Premium,,,,,,,,
621,True,,,Brazil Série A,,Palmeiras,Botafogo,Premium,,,,,,,,
621,False,,,Brazil Série A,,Bahia,Bragantino-SP,Match Result,,,2.0,Betway,,0.4,,
622,False,,,UEFA Champions League,,Bayern Munich,Atalanta BC,Match Result,,,1.38,1xBet,,0.2,,
622,False,,,UEFA Champions League,,Tottenham Hotspur,Atlético Madrid,Match Result,,,2.64,Matchbook,,1.1,,
622,True,,,UEFA Champions League,,Bayern Munich,Atalanta BC,Premium,,,,,,,,
622,True,,,UEFA Champions League,,Liverpool,Galatasaray,Premium,,,,,,,,
622,False,,,UEFA Champions League,,Liverpool,Galatasaray,Match Result,,,1.31,Betfair,,0.0,,
622,True,,,League 2,,Milton Keynes Dons,Colchester United,Premium,,,,,,,,
622,False,,,League 2,,Milton Keynes Dons,Colchester United,Match Result,,,1.77,TABtouch,,0.5,,
622,True,,,UEFA Champions League,,Tottenham Hotspur,Atlético Madrid,Premium,,,,,,,,
622,False,,,Championship,,Southampton,Norwich City,Match Result,,,1.96,GTbets,,0.6,,
622,True,,,Championship,,Southampton,Norwich City,Premium,,,,,,,,
622,False,,,Serie B - Italy,,Pescara,Virtus Entella,Match Result,,,2.22,Matchbook,,0.7,,
623,False,,,Serie B - Italy,,Carrarese,Sampdoria,Match Result,,,2.68,Matchbook,,0.9,,
623,True,,,Serie B - Italy,,Carrarese,Sampdoria,Premium,,,,,,,,
623,True,,,Serie B - Italy,,Pescara,Virtus Entella,Premium,,,,,,,,
623,True,,,Serie B - Italy,,Avellino,Südtirol,Premium,,,,,,,,
623,True,,,Serie B - Italy,,Frosinone,Bari,Premium,,,,,,,,
623,False,,,Serie B - Italy,,Frosinone,Bari,Match Result,,,1.5,BetMGM,,0.2,,
623,False,,,Turkey Super League,,Çaykur Rizespor,Samsunspor,Match Result,,,2.64,1xBet,,0.9,,
623,True,,,Turkey Super League,,Çaykur Rizespor,Samsunspor,Premium,,,,,,,,
623,True,,,UEFA Champions League,,Barcelona,Newcastle United,Premium,,,,,,,,
623,False,,,UEFA Champions League,,Barcelona,Newcastle United,Match Result,,,1.62,Matchbook,,0.4,,
623,True,,,Frauen-Bundesliga,,Carl Zeiss Jena,VfL Wolfsburg,Premium,,,,,,,,
624,False,,,Frauen-Bundesliga,,Eintracht Frankfurt,TSG Hoffenheim,Match Result,,,1.78,Unibet (UK),,0.5,,
624,True,,,Turkey Super League,,Goztepe,Galatasaray,Premium,,,,,,,,
624,True,,,Frauen-Bundesliga,,Eintracht Frankfurt,TSG Hoffenheim,Premium,,,,,,,,
624,True,,,Turkey Super League,,Basaksehir,Antalyaspor,Premium,,,,,,,,
624,True,,,Turkey Super League,,Eyüpspor,Trabzonspor,Premium,,,,,,,,
624,False,,,Turkey Super League,,Basaksehir,Antalyaspor,Match Result,,,1.59,1xBet,,0.4,,
624,False,,,Turkey Super League,,Eyüpspor,Trabzonspor,Match Result,,,1.66,GTbets,,0.4,,
624,False,,,UEFA Europa League,,SC Braga,Ferencváros TC,Match Result,,,1.53,Matchbook,,0.3,,
624,True,,,UEFA Europa League,,SC Braga,Ferencváros TC,Premium,,,,,,,,
624,True,,,Turkey Super League,,Alanyaspor,Kocaelispor,Premium,,,,,,,,
624,False,,,Turkey Super League,,Alanyaspor,Kocaelispor,Match Result,,,2.15,Coral,,0.8,,
625,True,,,J League,,FC Machida Zelvia,Kashima Antlers,Premium,,,,,,,,
625,True,,,K League 1,,Incheon United,Daejeon Citizen,Premium,,,,,,,,
625,False,,,K League 1,,Jeonbuk Hyundai Motors,FC Anyang,Match Result,,,1.91,Fanatics,,0.6,,
625,False,,,J League,,FC Machida Zelvia,Kashima Antlers,Match Result,,,2.43,CampoBet (SE),,0.7,,
625,True,,,K League 1,,Jeonbuk Hyundai Motors,FC Anyang,Premium,,,,,,,,
625,False,,,J League,,Urawa Red Diamonds,Kashiwa Reysol,Match Result,,,2.51,Pinnacle,,0.8,,
625,True,,,J League,,Urawa Red Diamonds,Kashiwa Reysol,Premium,,,,,,,,
625,False,,,K League 1,,Jeju United FC,Ulsan Hyundai FC,Match Result,,,2.4,Svenska Spel,,1.0,,
625,True,,,K League 1,,Jeju United FC,Ulsan Hyundai FC,Premium,,,,,,,,
625,True,,,K League 1,,Pohang Steelers,FC Seoul,Premium,,,,,,,,
625,False,,,K League 1,,Incheon United,Daejeon Citizen,Match Result,,,2.56,LowVig.ag,,0.9,,
625,False,,,K League 1,,Pohang Steelers,FC Seoul,Match Result,,,2.46,Betfair,,1.0,,
626,True,,,J League,,V-Varen Nagasaki,Kyoto Purple Sanga,Premium,,,,,,,,
626,True,,,J League,,Tokyo Verdy,Kawasaki Frontale,Premium,,,,,,,,
626,False,,,J League,,Nagoya Grampus,Hiroshima Sanfrecce FC,Match Result,,,2.25,CampoBet (SE),,0.8,,
626,False,,,J League,,V-Varen Nagasaki,Kyoto Purple Sanga,Match Result,,,2.47,Pinnacle,,0.9,,
626,True,,,J League,,Avispa Fukuoka,Shimizu S Pulse,Premium,,,,,,,,
626,True,,,J League,,Nagoya Grampus,Hiroshima Sanfrecce FC,Premium,,,,,,,,
626,False,,,J League,,Mito HollyHock,Yokohama F Marinos,Match Result,,,2.62,Pinnacle,,1.0,,
626,False,,,J League,,JEF United Chiba,FC Tokyo,Match Result,,,1.88,Pinnacle,,0.5,,
626,False,,,J League,,Avispa Fukuoka,Shimizu S Pulse,Match Result,,,2.67,Pinnacle,,0.9,,
626,True,,,J League,,JEF United Chiba,FC Tokyo,Premium,,,,,,,,
626,False,,,J League,,Vissel Kobe,Gamba Osaka,Match Result,,,1.76,Pinnacle,,0.5,,
626,True,,,J League,,Vissel Kobe,Gamba Osaka,Premium,,,,,,,,
627,False,,,J League,,Cerezo Osaka,Fagiano Okayama,Match Result,,,1.91,Betway,,0.6,,
627,True,,,J League,,Cerezo Osaka,Fagiano Okayama,Premium,,,,,,,,
627,True,,,Primera División - Argentina,,Central Córdoba,Deportivo Riestra,Premium,,,,,,,,
627,True,,,Primera División - Argentina,,Gimnasia Mendoza,Estudiantes,Premium,,,,,,,,
627,False,,,Primera División - Argentina,,Central Córdoba,Deportivo Riestra,Match Result,,,2.7,FanDuel,,0.9,,
627,False,,,Primera División - Argentina,,Gimnasia Mendoza,Estudiantes,Match Result,,,2.5,Betfair,,0.8,,
627,True,,,Primera División - Argentina,,Lanus,Newells Old Boys,Premium,,,,,,,,
627,False,,,Primera División - Argentina,,Lanus,Newells Old Boys,Match Result,,,1.75,Ladbrokes,,0.5,,
627,False,,,League 1,,Barnsley,Wigan Athletic,Match Result,,,2.32,Matchbook,,0.9,,
627,False,,,UEFA Champions League,,Chelsea,Paris Saint Germain,Match Result,,,2.16,Matchbook,,0.7,,
628,False,,,UEFA Champions League,,Manchester City,Real Madrid,Match Result,,,1.49,Matchbook,,0.2,,
628,True,,,UEFA Champions League,,Chelsea,Paris Saint Germain,Premium,,,,,,,,
628,True,,,League 1,,Barnsley,Wigan Athletic,Premium,,,,,,,,
628,True,,,UEFA Champions League,,Manchester City,Real Madrid,Premium,,,,,,,,
628,False,,,UEFA Champions League,,Arsenal,Bayer Leverkusen,Match Result,,,1.33,GTbets,,0.1,,
628,False,,,League 1,,Peterborough United,Rotherham United,Match Result,,,2.56,Matchbook,,0.8,,
628,True,,,League 1,,Blackpool,Port Vale,Premium,,,,,,,,
628,False,,,League 2,,Cheltenham Town,Crewe Alexandra,Match Result,,,2.66,Betfair,,0.9,,
628,False,,,League 2,,Bristol Rovers,Shrewsbury Town,Match Result,,,2.1,Betfair,,0.8,,
628,True,,,League 1,,Bolton Wanderers,Doncaster Rovers,Premium,,,,,,,,
628,False,,,League 1,,Wimbledon,Leyton Orient,Match Result,,,2.42,Smarkets,,1.0,,
628,True,,,League 2,,Bristol Rovers,Shrewsbury Town,Premium,,,,,,,,
629,True,,,League 1,,Bradford City,Mansfield Town,Premium,,,,,,,,
629,True,,,League 1,,Wimbledon,Leyton Orient,Premium,,,,,,,,
629,True,,,League 1,,Stockport County FC,Northampton Town,Premium,,,,,,,,
629,False,,,League 2,,Accrington Stanley,Notts County,Match Result,,,2.08,Smarkets,,0.5,,
629,True,,,League 2,,Cheltenham Town,Crewe Alexandra,Premium,,,,,,,,
629,False,,,League 1,,Stockport County FC,Northampton Town,Match Result,,,1.51,ATG (SE),,0.2,,
629,False,,,League 1,,Burton Albion,Reading,Match Result,,,2.3,ATG (SE),,0.9,,
629,True,,,League 1,,Luton,Exeter City,Premium,,,,,,,,
629,False,,,League 1,,Blackpool,Port Vale,Match Result,,,2.08,ATG (SE),,0.8,,
629,True,,,League 2,,Accrington Stanley,Notts County,Premium,,,,,,,,
629,True,,,League 1,,Burton Albion,Reading,Premium,,,,,,,,
629,True,,,League 1,,Plymouth Argyle,Stevenage,Premium,,,,,,,,
630,True,,,League 2,,Crawley Town,Barnet,Premium,,,,,,,,
630,True,,,League 2,,Chesterfield FC,Oldham Athletic,Premium,,,,,,,,
630,False,,,League 2,,Gillingham,Swindon Town,Match Result,,,2.38,Betfair,,0.8,,
630,True,,,League 1,,Cardiff City,Wycombe Wanderers,Premium,,,,,,,,
630,False,,,League 2,,Walsall,Cambridge United,Match Result,,,2.22,Betfair,,0.7,,
630,False,,,League 2,,Chesterfield FC,Oldham Athletic,Match Result,,,2.08,Betfair,,0.7,,
630,True,,,League 1,,Peterborough United,Rotherham United,Premium,,,,,,,,
630,False,,,League 1,,Bolton Wanderers,Doncaster Rovers,Match Result,,,1.72,ATG (SE),,0.4,,
630,True,,,League 2,,Tranmere Rovers,Harrogate Town,Premium,,,,,,,,
630,False,,,League 1,,Bradford City,Mansfield Town,Match Result,,,1.96,Matchbook,,0.6,,
630,True,,,League 1,,Huddersfield Town,Lincoln City,Premium,,,,,,,,
630,True,,,League 2,,Gillingham,Swindon Town,Premium,,,,,,,,
631,False,,,League 2,,Tranmere Rovers,Harrogate Town,Match Result,,,2.22,BetOnline.ag,,0.6,,
631,True,,,League 2,,Walsall,Cambridge United,Premium,,,,,,,,
631,False,,,League 1,,Luton,Exeter City,Match Result,,,1.71,LowVig.ag,,0.4,,
631,False,,,League 1,,Plymouth Argyle,Stevenage,Match Result,,,2.06,Betfair,,0.6,,
631,False,,,League 1,,Huddersfield Town,Lincoln City,Match Result,,,2.42,Betfair,,1.0,,
631,True,,,League 2,,Salford City,Barrow,Premium,,,,,,,,
631,True,,,League 2,,Grimsby Town,Fleetwood Town,Premium,,,,,,,,
631,False,,,League 2,,Crawley Town,Barnet,Match Result,,,2.14,Matchbook,,0.7,,
631,False,,,League 1,,Cardiff City,Wycombe Wanderers,Match Result,,,1.82,ATG (SE),,0.4,,
631,False,,,League 2,,Grimsby Town,Fleetwood Town,Match Result,,,2.0,Betfair,,0.7,,
631,False,,,League 2,,Salford City,Barrow,Match Result,,,1.6,Coral,,0.4,,
631,False,,,League 2,,Newport County,Bromley FC,Match Result,,,1.99,Betfair,,0.6,,
632,True,,,League 2,,Newport County,Bromley FC,Premium,,,,,,,,
632,True,,,Serie B - Italy,,US Catanzaro 1929,Modena,Premium,,,,,,,,
632,True,,,Serie B - Italy,,Reggiana,Monza,Premium,,,,,,,,
632,True,,,Serie B - Italy,,Spezia,Empoli,Premium,,,,,,,,
632,False,,,Serie B - Italy,,Venezia,Padova,Match Result,,,1.32,BetOnline.ag,,0.1,,
632,True,,,Serie B - Italy,,Mantova,Cesena FC,Premium,,,,,,,,
632,False,,,Serie B - Italy,,Reggiana,Monza,Match Result,,,1.77,Matchbook,,0.5,,
632,False,,,Serie B - Italy,,Spezia,Empoli,Match Result,,,2.55,Coolbet,,1.0,,
632,False,,,Serie B - Italy,,US Catanzaro 1929,Modena,Match Result,,,2.72,Matchbook,,0.9,,
632,False,,,Serie B - Italy,,Mantova,Cesena FC,Match Result,,,2.52,Matchbook,,0.9,,
632,True,,,Serie B - Italy,,Venezia,Padova,Premium,,,,,,,,
632,True,,,Ekstraklasa - Poland,,Jagiellonia Białystok,GKS Katowice,Premium,,,,,,,,
633,True,,,Swiss Superleague,,FC St Gallen,FC Lugano,Premium,,,,,,,,
633,True,,,Serie B - Italy,,Palermo,Juve Stabia,Premium,,,,,,,,
633,False,,,Swiss Superleague,,FC St Gallen,FC Lugano,Match Result,,,2.11,Codere (IT),,0.5,,
633,False,,,Serie B - Italy,,Palermo,Juve Stabia,Match Result,,,1.66,Codere (IT),,0.4,,
633,False,,,Ekstraklasa - Poland,,Jagiellonia Białystok,GKS Katowice,Match Result,,,1.77,Fanatics,,0.5,,
633,True,,,UEFA Champions League,,Sporting Lisbon,Bodø/Glimt,Premium,,,,,,,,
633,False,,,UEFA Champions League,,Sporting Lisbon,Bodø/Glimt,Match Result,,,1.63,Coolbet,,0.4,,
633,True,,,Turkey Super League,,Fenerbahce,Gazişehir Gaziantep,Premium,,,,,,,,
633,False,,,Turkey Super League,,Fenerbahce,Gazişehir Gaziantep,Match Result,,,1.26,Betfair,,0.1,,
633,True,,,K League 1,,Sangju Sangmu FC,Gwangju FC,Premium,,,,,,,,
633,False,,,K League 1,,Sangju Sangmu FC,Gwangju FC,Match Result,,,1.88,Unibet (UK),,0.6,,
633,False,,,A-League,,Sydney FC,Melbourne City,Match Result,,,2.33,GTbets,,0.9,,
634,True,,,A-League,,Sydney FC,Melbourne City,Premium,,,,,,,,
634,True,,,Primera División - Argentina,,Instituto de Córdoba,Independiente,Premium,,,,,,,,
634,False,,,Primera División - Argentina,,Instituto de Córdoba,Independiente,Match Result,,,2.82,Matchbook,,1.0,,
634,False,,,Primera División - Chile,,Colo Colo,Huachipato,Match Result,,,1.63,LowVig.ag,,0.3,,
634,True,,,Primera División - Chile,,Colo Colo,Huachipato,Premium,,,,,,,,
634,False,,,Primera División - Argentina,,Racing Club,Estudiantes de Río Cuarto,Match Result,,,1.45,Betsson,,0.2,,
634,True,,,Brazil Série A,,Chapecoense,Grêmio,Premium,,,,,,,,
634,False,,,Brazil Série A,,Chapecoense,Grêmio,Match Result,,,2.62,Matchbook,,0.9,,
634,True,,,Primera División - Argentina,,Racing Club,Estudiantes de Río Cuarto,Premium,,,,,,,,
634,True,,,Primera División - Argentina,,San Lorenzo,Defensa y Justicia,Premium,,,,,,,,
634,False,,,Primera División - Argentina,,San Lorenzo,Defensa y Justicia,Match Result,,,2.23,BetRivers,,0.7,,
634,False,,,Primera División - Chile,,Union La Calera,O'Higgins,Match Result,,,2.72,Betfair,,1.0,,
635,True,,,Primera División - Chile,,Union La Calera,O'Higgins,Premium,,,,,,,,
635,True,,,La Liga - Spain,,Rayo Vallecano,Levante,Premium,,,,,,,,
635,True,,,EPL,,Brentford,Wolverhampton Wanderers,Premium,,,,,,,,
635,False,,,La Liga - Spain,,Rayo Vallecano,Levante,Match Result,,,1.77,1xBet,,0.5,,
635,False,,,EPL,,Brentford,Wolverhampton Wanderers,Match Result,,,1.62,Smarkets,,0.3,,
635,True,,,League of Ireland,,Galway United,Waterford FC,Premium,,,,,,,,
635,True,,,Championship,,Portsmouth,Derby County,Premium,,,,,,,,
635,False,,,Championship,,Portsmouth,Derby County,Match Result,,,2.26,Betfair,,0.8,,
635,False,,,League of Ireland,,Galway United,Waterford FC,Match Result,,,1.87,ATG (SE),,0.5,,
635,False,,,League of Ireland,,St Patricks Athletic,Derry City,Match Result,,,2.25,Casumo,,0.8,,
635,True,,,Serie A - Italy,,Cremonese,Fiorentina,Premium,,,,,,,,
635,True,,,League of Ireland,,St Patricks Athletic,Derry City,Premium,,,,,,,,
636,False,,,League of Ireland,,Drogheda United,Shamrock Rovers,Match Result,,,2.0,BetOnline.ag,,0.6,,
636,False,,,League of Ireland,,Dundalk,Sligo Rovers,Match Result,,,1.63,Betfair,,0.3,,
636,True,,,League of Ireland,,Dundalk,Sligo Rovers,Premium,,,,,,,,
636,True,,,Ligue 2 - France,,Annecy FC,Troyes,Premium,,,,,,,,
636,True,,,League of Ireland,,Drogheda United,Shamrock Rovers,Premium,,,,,,,,
636,False,,,League of Ireland,,Shelbourne Dublin,Bohemians,Match Result,,,2.6,LowVig.ag,,0.8,,
636,False,,,Ligue 2 - France,,Annecy FC,Troyes,Match Result,,,2.6,BetOnline.ag,,1.0,,
636,False,,,La Liga 2 - Spain,,Albacete,Las Palmas,Match Result,,,2.63,Unibet (SE),,0.9,,
636,True,,,La Liga 2 - Spain,,Albacete,Las Palmas,Premium,,,,,,,,
636,False,,,Primera División - Argentina,,Barracas Central,Atlético Tucuman,Match Result,,,2.88,Matchbook,,1.1,,
637,False,,,Primera División - Argentina,,Aldosivi Mar del Plata,Atlético Huracán,Match Result,,,2.65,Unibet (SE),,0.9,,
637,True,,,Primera División - Argentina,,Barracas Central,Atlético Tucuman,Premium,,,,,,,,
637,True,,,Primera División - Argentina,,Aldosivi Mar del Plata,Atlético Huracán,Premium,,,,,,,,
637,True,,,Ekstraklasa - Poland,,Pogoń Szczecin,Korona Kielce,Premium,,,,,,,,
637,True,,,Denmark Superliga,,Silkeborg IF,Vejle Boldklub,Premium,,,,,,,,
637,False,,,Denmark Superliga,,Silkeborg IF,Vejle Boldklub,Match Result,,,2.24,Betfair,,0.8,,
637,False,,,Ekstraklasa - Poland,,Pogoń Szczecin,Korona Kielce,Match Result,,,2.1,Betfair,,0.7,,
637,True,,,Primera División - Argentina,,CA Tigre BA,Argentinos Juniors,Premium,,,,,,,,
637,True,,,Primera División - Argentina,,Union Santa Fe,Boca Juniors,Premium,,,,,,,,
637,False,,,Primera División - Argentina,,CA Tigre BA,Argentinos Juniors,Match Result,,,2.62,Betfair,,0.9,,
637,False,,,Liga MX,,América,Mazatlán FC,Match Result,,,1.39,Betfair,,0.2,,
637,False,,,Primera División - Argentina,,Union Santa Fe,Boca Juniors,Match Result,,,2.9,BetRivers,,1.1,,
638,False,,,Brazil Série A,,Bragantino-SP,Sao Paulo,Match Result,,,2.45,Svenska Spel,,0.9,,
638,False,,,Brazil Série A,,Cruzeiro,Vasco da Gama,Match Result,,,1.87,Betfair,,0.5,,
638,True,,,Primera División - Chile,,Ñublense,La Serena,Premium,,,,,,,,
638,True,,,Brazil Série A,,Bragantino-SP,Sao Paulo,Premium,,,,,,,,
638,True,,,Brazil Série A,,Cruzeiro,Vasco da Gama,Premium,,,,,,,,
638,False,,,Primera División - Chile,,Ñublense,La Serena,Match Result,,,1.9,BetOnline.ag,,0.6,,
638,True,,,MLS,,San Jose Earthquakes,Seattle Sounders FC,Premium,,,,,,,,
638,False,,,Liga MX,,Tigres,Querétaro,Match Result,,,1.39,1xBet,,0.2,,
638,False,,,MLS,,San Jose Earthquakes,Seattle Sounders FC,Match Result,,,2.29,GTbets,,0.9,,
638,True,,,Liga MX,,Tigres,Querétaro,Premium,,,,,,,,
638,False,,,Primera División - Argentina,,River Plate,Sarmiento de Junin,Match Result,,,1.48,Ladbrokes,,0.3,,
638,True,,,Primera División - Argentina,,River Plate,Sarmiento de Junin,Premium,,,,,,,,
639,True,,,Brazil Série A,,Palmeiras,Mirassol,Premium,,,,,,,,
639,False,,,Brazil Série A,,Coritiba,Remo,Match Result,,,1.8,Coolbet,,0.5,,
639,True,,,Brazil Série A,,Coritiba,Remo,Premium,,,,,,,,
639,False,,,Brazil Série A,,Palmeiras,Mirassol,Match Result,,,1.64,1xBet,,0.4,,
639,True,,,Primera División - Chile,,Cobresal,Deportes Limache,Premium,,,,,,,,
639,False,,,Primera División - Chile,,Cobresal,Deportes Limache,Match Result,,,2.7,Betfair,,0.9,,
639,True,,,MLS,,Vancouver Whitecaps FC,Minnesota United FC,Premium,,,,,,,,
639,True,,,Primeira Liga - Portugal,,FC Porto,Moreirense FC,Premium,,,,,,,,
639,True,,,Primera División - Argentina,,Belgrano de Cordoba,Talleres,Premium,,,,,,,,
639,False,,,Primera División - Argentina,,Belgrano de Cordoba,Talleres,Match Result,,,2.42,Matchbook,,0.9,,
639,False,,,MLS,,Vancouver Whitecaps FC,Minnesota United FC,Match Result,,,1.5,Svenska Spel,,0.2,,
639,False,,,Primeira Liga - Portugal,,FC Porto,Moreirense FC,Match Result,,,1.21,ATG (SE),,0.0,,
640,True,,,La Liga 2 - Spain,,Sporting Gijón,CD Castellón,Premium,,,,,,,,
640,False,,,La Liga - Spain,,Real Sociedad,CA Osasuna,Match Result,,,1.94,Unibet (SE),,0.6,,
640,False,,,La Liga 2 - Spain,,Sporting Gijón,CD Castellón,Match Result,,,2.55,ATG (SE),,0.8,,
640,True,,,La Liga - Spain,,Real Sociedad,CA Osasuna,Premium,,,,,,,,
640,True,,,Serie A - Italy,,Lazio,AC Milan,Premium,,,,,,,,
640,True,,,Ligue 1 - France,,Rennes,Lille,Premium,,,,,,,,
640,False,,,Serie A - Italy,,Lazio,AC Milan,Match Result,,,2.04,1xBet,,0.6,,
640,False,,,Ligue 1 - France,,Rennes,Lille,Match Result,,,2.31,GTbets,,0.9,,
640,True,,,Brazil Série A,,Santos,Corinthians,Premium,,,,,,,,
640,False,,,Brazil Série A,,Internacional,Bahia,Match Result,,,2.02,Betfair,,0.7,,
640,True,,,Super League - Greece,,Panathinaikos,Panetolikos Agrinio,Premium,,,,,,,,
640,False,,,Super League - Greece,,Panathinaikos,Panetolikos Agrinio,Match Result,,,1.33,Betfair,,0.1,,
641,False,,,Brazil Série A,,Santos,Corinthians,Match Result,,,2.38,Matchbook,,1.0,,
641,True,,,Brazil Série A,,Internacional,Bahia,Premium,,,,,,,,
641,True,,,Brazil Série A,,Fluminense,Atletico Paranaense,Premium,,,,,,,,
641,False,,,Brazil Série A,,Fluminense,Atletico Paranaense,Match Result,,,1.77,Betfair,,0.5,,
641,False,,,3. Liga - Germany,,SSV Ulm 1846,FC Ingolstadt 04,Match Result,,,2.65,BetOnline.ag,,0.9,,
641,True,,,MLS,,New England Revolution,FC Cincinnati,Premium,,,,,,,,
641,True,,,3. Liga - Germany,,SSV Ulm 1846,FC Ingolstadt 04,Premium,,,,,,,,
641,True,,,Bundesliga - Germany,,VfB Stuttgart,RB Leipzig,Premium,,,,,,,,
641,False,,,MLS,,New England Revolution,FC Cincinnati,Match Result,,,2.6,Betfair,,0.9,,
641,False,,,Bundesliga - Germany,,VfB Stuttgart,RB Leipzig,Match Result,,,2.52,Betfair,,1.0,,
641,True,,,Eliteserien - Norway,,Tromso,Fredrikstad FK,Premium,,,,,,,,
641,False,,,Primera División - Argentina,,Gimnasia La Plata,Independiente Rivadavia,Match Result,,,2.82,Betfair,,1.0,,
642,True,,,Belgium First Div,,Cercle Brugge KSV,RAAL La Louvière,Premium,,,,,,,,
642,True,,,Primera División - Argentina,,Gimnasia La Plata,Independiente Rivadavia,Premium,,,,,,,,
642,False,,,Belgium First Div,,Cercle Brugge KSV,RAAL La Louvière,Match Result,,,2.05,BetMGM,,0.7,,
642,False,,,Eliteserien - Norway,,Tromso,Fredrikstad FK,Match Result,,,1.8,LowVig.ag,,0.5,,
642,True,,,Primeira Liga - Portugal,,Rio Ave FC,CF Estrela,Premium,,,,,,,,
642,False,,,Primeira Liga - Portugal,,Rio Ave FC,CF Estrela,Match Result,,,2.4,Betfair,,1.0,,
642,True,,,Super League - Greece,,Atromitos Athens,AEK Athens,Premium,,,,,,,,
642,True,,,La Liga 2 - Spain,,SD Eibar,Burgos CF,Premium,,,,,,,,
642,True,,,Frauen-Bundesliga,,VfL Wolfsburg,Bayer Leverkusen,Premium,,,,,,,,
642,False,,,La Liga - Spain,,Real Betis,Celta Vigo,Match Result,,,2.26,Betfair,,0.8,,
642,False,,,La Liga 2 - Spain,,SD Eibar,Burgos CF,Match Result,,,2.16,Betfair,,0.8,,
642,True,,,Belgium First Div,,KV Mechelen,Anderlecht,Premium,,,,,,,,
643,False,,,La Liga 2 - Spain,,Málaga,SD Huesca,Match Result,,,1.76,Unibet (NL),,0.4,,
643,False,,,Super League - Greece,,Atromitos Athens,AEK Athens,Match Result,,,1.56,Fanatics,,0.3,,
643,False,,,Frauen-Bundesliga,,VfL Wolfsburg,Bayer Leverkusen,Match Result,,,1.37,Virgin Bet,,0.1,,
643,True,,,La Liga 2 - Spain,,Málaga,SD Huesca,Premium,,,,,,,,
643,False,,,Belgium First Div,,KV Mechelen,Anderlecht,Match Result,,,2.32,Betfair,,0.8,,
643,True,,,La Liga - Spain,,Real Betis,Celta Vigo,Premium,,,,,,,,
643,False,,,Serie A - Italy,,Como,AS Roma,Match Result,,,2.16,GTbets,,0.8,,
643,False,,,Denmark Superliga,,Brondby IF,Viborg FF,Match Result,,,2.15,BetMGM,,0.8,,
643,True,,,Serie A - Italy,,Como,AS Roma,Premium,,,,,,,,
643,True,,,Denmark Superliga,,Brondby IF,Viborg FF,Premium,,,,,,,,
643,True,,,Turkey Super League,,Samsunspor,Kayserispor,Premium,,,,,,,,
643,True,,,Turkey Super League,,Genclerbirligi SK,Besiktas JK,Premium,,,,,,,,
644,False,,,Turkey Super League,,Samsunspor,Kayserispor,Match Result,,,1.95,Ladbrokes,,0.6,,
644,False,,,Turkey Super League,,Genclerbirligi SK,Besiktas JK,Match Result,,,1.68,ATG (SE),,0.4,,
644,False,,,EPL,,Liverpool,Tottenham Hotspur,Match Result,,,1.33,GTbets,,0.1,,
644,False,,,Ekstraklasa - Poland,,Górnik Zabrze,Raków Częstochowa,Match Result,,,2.56,Betfair,,0.8,,
644,True,,,Bundesliga - Germany,,SC Freiburg,Union Berlin,Premium,,,,,,,,
644,True,,,Ekstraklasa - Poland,,Górnik Zabrze,Raków Częstochowa,Premium,,,,,,,,
644,False,,,Bundesliga - Germany,,SC Freiburg,Union Berlin,Match Result,,,2.22,Matchbook,,0.9,,
644,False,,,Serie B - Italy,,Südtirol,Pescara,Match Result,,,1.91,Fanatics,,0.5,,
644,True,,,Ligue 1 - France,,Metz,Toulouse,Premium,,,,,,,,
644,False,,,Ligue 1 - France,,Metz,Toulouse,Match Result,,,2.05,Coolbet,,0.5,,
644,False,,,Ligue 1 - France,,Le Havre,Lyon,Match Result,,,2.12,Betfair,,0.6,,
644,True,,,Serie B - Italy,,Südtirol,Pescara,Premium,,,,,,,,
645,True,,,Ligue 1 - France,,Le Havre,Lyon,Premium,,,,,,,,
645,False,,,Premier League - Russia,,Rubin Kazan,Lokomotiv Moscow,Match Result,,,2.29,1xBet,,0.9,,
645,False,,,Eliteserien - Norway,,KFUM,IK Start,Match Result,,,1.93,GTbets,,0.6,,
645,True,,,Eliteserien - Norway,,Vålerenga,Sandefjord,Premium,,,,,,,,
645,True,,,Frauen-Bundesliga,,1. FC Köln,Bayern Munich,Premium,,,,,,,,
645,True,,,Eliteserien - Norway,,KFUM,IK Start,Premium,,,,,,,,
645,False,,,Austrian Football Bundesliga,,Austria Wien,Sturm Graz,Match Result,,,2.3,Coolbet,,0.8,,
645,False,,,Eliteserien - Norway,,Aalesund,Lillestrom,Match Result,,,2.0,BetRivers,,0.6,,
645,True,,,Premier League - Russia,,Rubin Kazan,Lokomotiv Moscow,Premium,,,,,,,,
645,False,,,Eliteserien - Norway,,Vålerenga,Sandefjord,Match Result,,,2.0,GTbets,,0.5,,
645,True,,,Austrian Football Bundesliga,,Austria Wien,Sturm Graz,Premium,,,,,,,,
645,True,,,Eliteserien - Norway,,Aalesund,Lillestrom,Premium,,,,,,,,
646,False,,,Super League - Greece,,PAOK Thessaloniki,Levadiakos,Match Result,,,1.35,Betfair,,0.1,,
646,True,,,Dutch Eredivisie,,Go Ahead Eagles,NAC Breda,Premium,,,,,,,,
646,False,,,Dutch Eredivisie,,Go Ahead Eagles,NAC Breda,Match Result,,,2.26,Betfair,,0.9,,
646,False,,,Swiss Superleague,,FC Basel,Servette,Match Result,,,2.12,Casumo,,0.7,,
646,True,,,3. Liga - Germany,,SC Verl,Schweinfurt,Premium,,,,,,,,
646,True,,,Swiss Superleague,,FC Luzern,FC Winterthur,Premium,,,,,,,,
646,False,,,3. Liga - Germany,,SC Verl,Schweinfurt,Match Result,,,1.27,Casumo,,0.1,,
646,False,,,Primeira Liga - Portugal,,AVS Futebol SAD,Santa Clara,Match Result,,,1.92,ATG (SE),,0.6,,
646,True,,,Primeira Liga - Portugal,,Sporting Lisbon,Tondela,Premium,,,,,,,,
646,False,,,Swiss Superleague,,FC Luzern,FC Winterthur,Match Result,,,1.4,BetMGM,,0.1,,
646,False,,,Primeira Liga - Portugal,,Nacional,Estoril,Match Result,,,2.54,1xBet,,1.1,,
646,True,,,Primeira Liga - Portugal,,AVS Futebol SAD,Santa Clara,Premium,,,,,,,,
647,True,,,Primeira Liga - Portugal,,Nacional,Estoril,Premium,,,,,,,,
647,True,,,Swiss Superleague,,FC Basel,Servette,Premium,,,,,,,,
647,False,,,La Liga 2 - Spain,,Granada CF,Andorra CF,Match Result,,,1.83,ATG (SE),,0.5,,
647,True,,,La Liga 2 - Spain,,Granada CF,Andorra CF,Premium,,,,,,,,
647,False,,,La Liga - Spain,,Barcelona,Sevilla,Match Result,,,1.32,Betfair,,0.0,,
647,True,,,Denmark Superliga,,SonderjyskE,AGF Aarhus,Premium,,,,,,,,
647,False,,,Primera División - Chile,,Universidad de Concepción,Palestino,Match Result,,,2.63,Coolbet,,0.8,,
647,True,,,Primera División - Chile,,Universidad de Concepción,Palestino,Premium,,,,,,,,
647,True,,,Belgium First Div,,Royal Antwerp,Standard Liege,Premium,,,,,,,,
647,False,,,Belgium First Div,,Royal Antwerp,Standard Liege,Match Result,,,2.2,Unibet (SE),,0.8,,
647,False,,,Denmark Superliga,,SonderjyskE,AGF Aarhus,Match Result,,,2.08,Betfair,,0.6,,
647,True,,,Bundesliga - Germany,,Werder Bremen,FSV Mainz 05,Premium,,,,,,,,
648,False,,,Bundesliga - Germany,,Werder Bremen,FSV Mainz 05,Match Result,,,2.3,GTbets,,0.9,,
648,True,,,Serie B - Italy,,Virtus Entella,Avellino,Premium,,,,,,,,
648,True,,,EPL,,Nottingham Forest,Fulham,Premium,,,,,,,,
648,True,,,EPL,,Crystal Palace,Leeds United,Premium,,,,,,,,
648,True,,,EPL,,Manchester United,Aston Villa,Premium,,,,,,,,
648,True,,,Serie A - Italy,,Pisa,Cagliari,Premium,,,,,,,,
648,True,,,Premiership - Scotland,,Dundee FC,Dundee United,Premium,,,,,,,,
648,False,,,EPL,,Manchester United,Aston Villa,Match Result,,,1.75,GTbets,,0.4,,
648,False,,,EPL,,Nottingham Forest,Fulham,Match Result,,,2.38,Betfair,,0.8,,
648,True,,,Super League - Greece,,AE Kifisia FC,Volos FC,Premium,,,,,,,,
648,True,,,Serie A - Italy,,Sassuolo,Bologna,Premium,,,,,,,,
648,False,,,Ligue 1 - France,,Strasbourg,Paris FC,Match Result,,,1.81,Matchbook,,0.5,,
649,False,,,EPL,,Crystal Palace,Leeds United,Match Result,,,2.6,Unibet (NL),,1.0,,
649,False,,,Serie A - Italy,,Pisa,Cagliari,Match Result,,,2.68,Betfair,,1.1,,
649,False,,,Serie B - Italy,,Virtus Entella,Avellino,Match Result,,,2.4,Matchbook,,1.0,,
649,False,,,Premiership - Scotland,,Dundee FC,Dundee United,Match Result,,,2.38,Matchbook,,1.0,,
649,False,,,Super League - Greece,,AE Kifisia FC,Volos FC,Match Result,,,2.32,Betfair,,0.7,,
649,False,,,Serie A - Italy,,Sassuolo,Bologna,Match Result,,,2.6,Matchbook,,1.1,,
649,True,,,Ligue 1 - France,,Strasbourg,Paris FC,Premium,,,,,,,,
649,True,,,Ekstraklasa - Poland,,Zagłębie Lubin,Lech Poznań,Premium,,,,,,,,
649,False,,,Ekstraklasa - Poland,,Zagłębie Lubin,Lech Poznań,Match Result,,,2.1,PlayUp,,0.7,,
649,False,,,Dutch Eredivisie,,Feyenoord,Excelsior,Match Result,,,1.33,Coral,,0.1,,
649,True,,,Eliteserien - Norway,,Kristiansund BK,SK Brann,Premium,,,,,,,,
649,False,,,Eliteserien - Norway,,Kristiansund BK,SK Brann,Match Result,,,1.63,BetOnline.ag,,0.3,,
650,False,,,Dutch Eredivisie,,AZ Alkmaar,Heracles Almelo,Match Result,,,1.47,Betfair,,0.3,,
650,False,,,Premier League - Russia,,FC Nizhny Novgorod,Kryliya Sovetov,Match Result,,,2.32,1xBet,,0.9,,
650,False,,,Austrian Football Bundesliga,,RB Salzburg,Rapid Wien,Match Result,,,1.73,Svenska Spel,,0.4,,
650,True,,,Premier League - Russia,,FC Nizhny Novgorod,Kryliya Sovetov,Premium,,,,,,,,
650,True,,,Dutch Eredivisie,,AZ Alkmaar,Heracles Almelo,Premium,,,,,,,,
650,True,,,Austrian Football Bundesliga,,RB Salzburg,Rapid Wien,Premium,,,,,,,,
650,True,,,La Liga 2 - Spain,,Córdoba,Real Sociedad B,Premium,,,,,,,,
650,False,,,Frauen-Bundesliga,,Carl Zeiss Jena,Hamburger SV,Match Result,,,1.81,Pinnacle,,0.5,,
650,True,,,Frauen-Bundesliga,,Carl Zeiss Jena,Hamburger SV,Premium,,,,,,,,
650,False,,,La Liga - Spain,,Mallorca,Espanyol,Match Result,,,2.48,Betfair,,1.0,,
650,False,,,Turkey Super League,,Kasimpasa SK,Eyüpspor,Match Result,,,1.87,LowVig.ag,,0.5,,
650,False,,,Denmark Superliga,,FC Midtjylland,FC Nordsjaelland,Match Result,,,1.51,Betfair,,0.2,,
651,True,,,La Liga - Spain,,Mallorca,Espanyol,Premium,,,,,,,,
651,True,,,Swiss Superleague,,FC Lausanne-Sport,BSC Young Boys,Premium,,,,,,,,
651,False,,,La Liga 2 - Spain,,Córdoba,Real Sociedad B,Match Result,,,1.7,BetOnline.ag,,0.4,,
651,True,,,Denmark Superliga,,FC Midtjylland,FC Nordsjaelland,Premium,,,,,,,,
651,False,,,Swiss Superleague,,FC Lausanne-Sport,BSC Young Boys,Match Result,,,2.55,Tipico,,0.8,,
651,True,,,Denmark Superliga,,OB Odense BK,FC Copenhagen,Premium,,,,,,,,
651,True,,,Turkey Super League,,Kasimpasa SK,Eyüpspor,Premium,,,,,,,,
651,False,,,Denmark Superliga,,OB Odense BK,FC Copenhagen,Match Result,,,2.2,Betfair,,0.7,,
651,False,,,Bundesliga 2 - Germany,,FC Schalke 04,Hannover 96,Match Result,,,2.44,Betfair,,0.8,,
651,False,,,3. Liga - Germany,,VfB Stuttgart II,TSG Hoffenheim II,Match Result,,,2.25,BetOnline.ag,,0.9,,
651,False,,,Belgium First Div,,Genk,Sint Truiden,Match Result,,,2.28,LowVig.ag,,0.9,,
651,False,,,Bundesliga 2 - Germany,,Dynamo Dresden,SC Preußen Münster,Match Result,,,2.18,Svenska Spel,,0.6,,
652,True,,,Belgium First Div,,Genk,Sint Truiden,Premium,,,,,,,,
652,True,,,Bundesliga 2 - Germany,,Dynamo Dresden,SC Preußen Münster,Premium,,,,,,,,
652,False,,,Bundesliga 2 - Germany,,1. FC Kaiserslautern,Karlsruher SC,Match Result,,,2.02,Betfair,,0.7,,
652,True,,,Bundesliga 2 - Germany,,1. FC Kaiserslautern,Karlsruher SC,Premium,,,,,,,,
652,True,,,Bundesliga 2 - Germany,,FC Schalke 04,Hannover 96,Premium,,,,,,,,
652,True,,,3. Liga - Germany,,VfB Stuttgart II,TSG Hoffenheim II,Premium,,,,,,,,
652,True,,,Premiership - Scotland,,St Mirren,Rangers,Premium,,,,,,,,
652,False,,,Premiership - Scotland,,St Mirren,Rangers,Match Result,,,1.65,Coral,,0.4,,
652,False,,,Super League - China,,Chengdu Rongcheng FC,Qingdao Hainiu FC,Match Result,,,1.27,Betfair,,0.1,,
652,True,,,Super League - China,,Chengdu Rongcheng FC,Qingdao Hainiu FC,Premium,,,,,,,,
652,True,,,Serie A - Italy,,Hellas Verona,Genoa,Premium,,,,,,,,
652,False,,,Serie A - Italy,,Hellas Verona,Genoa,Match Result,,,2.52,Betfair,,1.0,,
653,True,,,Ekstraklasa - Poland,,Arka Gdynia,Widzew Łódź,Premium,,,,,,,,
653,False,,,Dutch Eredivisie,,FC Twente Enschede,FC Utrecht,Match Result,,,1.58,Betfair,,0.3,,
653,False,,,Ekstraklasa - Poland,,Arka Gdynia,Widzew Łódź,Match Result,,,2.25,BetOnline.ag,,0.9,,
653,True,,,Dutch Eredivisie,,FC Twente Enschede,FC Utrecht,Premium,,,,,,,,
653,True,,,Premier League - Russia,,FC Akron Tolyatti,FC Akhmat Grozny,Premium,,,,,,,,
653,True,,,Super League - China,,Shanghai SIPG FC,Qingdao West Coast FC,Premium,,,,,,,,
653,False,,,Frauen-Bundesliga,,TSG Hoffenheim,SGS Essen,Match Result,,,1.33,William Hill,,0.1,,
653,False,,,Premier League - Russia,,FC Akron Tolyatti,FC Akhmat Grozny,Match Result,,,2.48,1xBet,,1.0,,
653,False,,,Super League - China,,Shanghai SIPG FC,Qingdao West Coast FC,Match Result,,,1.52,Betfair,,0.3,,
653,False,,,A-League,,Melbourne Victory,Macarthur FC,Match Result,,,1.86,Matchbook,,0.5,,
653,True,,,A-League,,Melbourne Victory,Macarthur FC,Premium,,,,,,,,
653,False,,,K League 1,,Gangwon FC,FC Anyang,Match Result,,,2.08,LowVig.ag,,0.7,,
654,True,,,Super League - China,,Henan FC,Yunnan Yukun,Premium,,,,,,,,
654,True,,,K League 1,,Gangwon FC,FC Anyang,Premium,,,,,,,,
654,True,,,K League 1,,Pohang Steelers,Incheon United,Premium,,,,,,,,
654,False,,,K League 1,,Pohang Steelers,Incheon United,Match Result,,,2.35,Svenska Spel,,0.7,,
654,False,,,Super League - China,,Henan FC,Yunnan Yukun,Match Result,,,1.78,BetRivers,,0.4,,
654,True,,,K League 1,,Jeju United FC,FC Seoul,Premium,,,,,,,,
654,False,,,K League 1,,Jeju United FC,FC Seoul,Match Result,,,2.16,Pinnacle,,0.8,,
654,False,,,J League,,V-Varen Nagasaki,Avispa Fukuoka,Match Result,,,2.25,Unibet (UK),,0.8,,
654,True,,,J League,,V-Varen Nagasaki,Avispa Fukuoka,Premium,,,,,,,,
654,False,,,Liga MX,,Pumas,Cruz Azul,Match Result,,,2.18,Betsson,,0.8,,
654,True,,,Liga MX,,Pumas,Cruz Azul,Premium,,,,,,,,
654,False,,,MLS,,Los Angeles FC,St. Louis City SC,Match Result,,,1.38,ATG (SE),,0.2,,
655,True,,,MLS,,Los Angeles FC,St. Louis City SC,Premium,,,,,,,,
655,False,,,MLS,,Real Salt Lake,Austin FC,Match Result,,,2.03,ReBet,,0.7,,
655,False,,,MLS,,LA Galaxy,Sporting Kansas City,Match Result,,,1.61,Betfair,,0.3,,
655,True,,,MLS,,LA Galaxy,Sporting Kansas City,Premium,,,,,,,,
655,True,,,MLS,,Real Salt Lake,Austin FC,Premium,,,,,,,,
655,True,,,Liga MX,,Toluca,Atlas,Premium,,,,,,,,
655,False,,,Liga MX,,León,Tijuana,Match Result,,,2.08,ATG (SE),,0.8,,
655,True,,,Liga MX,,León,Tijuana,Premium,,,,,,,,
655,False,,,Liga MX,,Toluca,Atlas,Match Result,,,1.38,Betfair,,0.2,,
655,False,,,MLS,,FC Dallas,San Diego FC,Match Result,,,2.6,Matchbook,,0.9,,
655,True,,,MLS,,FC Dallas,San Diego FC,Premium,,,,,,,,
655,False,,,MLS,,Houston Dynamo,Portland Timbers,Match Result,,,2.1,Svenska Spel,,0.8,,
656,False,,,MLS,,Chicago Fire,D.C. United,Match Result,,,1.7,Svenska Spel,,0.4,,
656,True,,,MLS,,Chicago Fire,D.C. United,Premium,,,,,,,,
656,True,,,MLS,,Houston Dynamo,Portland Timbers,Premium,,,,,,,,
656,True,,,Primera División - Argentina,,Rosario Central,Banfield,Premium,,,,,,,,
656,False,,,Primera División - Argentina,,Rosario Central,Banfield,Match Result,,,1.61,Betfair,,0.3,,
656,True,,,Brazil Série A,,Botafogo,Flamengo,Premium,,,,,,,,
656,True,,,MLS,,Charlotte FC,Inter Miami CF,Premium,,,,,,,,
656,True,,,MLS,,New York City FC,Colorado Rapids,Premium,,,,,,,,
656,False,,,MLS,,Charlotte FC,Inter Miami CF,Match Result,,,2.05,Fanatics,,0.6,,
656,True,,,Primera División - Chile,,Universidad Católica (CHI),Everton de Viña del Mar,Premium,,,,,,,,
656,False,,,Brazil Série A,,Botafogo,Flamengo,Match Result,,,1.97,Svenska Spel,,0.5,,
656,False,,,MLS,,Orlando City SC,CF Montreal,Match Result,,,1.83,Betfair,,0.4,,
657,False,,,MLS,,New York City FC,Colorado Rapids,Match Result,,,1.62,LeoVegas,,0.3,,
657,False,,,Primera División - Chile,,Universidad Católica (CHI),Everton de Viña del Mar,Match Result,,,1.61,BetOnline.ag,,0.3,,
657,True,,,MLS,,Orlando City SC,CF Montreal,Premium,,,,,,,,
657,True,,,Liga MX,,Guadalajara,Santos Laguna,Premium,,,,,,,,
657,False,,,Liga MX,,Guadalajara,Santos Laguna,Match Result,,,1.24,Betfair,,0.1,,
657,True,,,Liga MX,,Atlético San Luis,Pachuca,Premium,,,,,,,,
657,False,,,Liga MX,,Atlético San Luis,Pachuca,Match Result,,,2.78,Matchbook,,1.1,,
657,False,,,MLS,,Columbus Crew SC,Nashville SC,Match Result,,,2.07,ATG (SE),,0.6,,
657,True,,,MLS,,Columbus Crew SC,Nashville SC,Premium,,,,,,,,
657,True,,,Primera División - Argentina,,Platense,Velez Sarsfield BA,Premium,,,,,,,,
657,False,,,Primera División - Argentina,,Platense,Velez Sarsfield BA,Match Result,,,2.8,BetRivers,,1.0,,
657,False,,,Brazil Série A,,Vitoria,Atletico Mineiro,Match Result,,,2.66,Matchbook,,0.9,,
658,True,,,Brazil Série A,,Vitoria,Atletico Mineiro,Premium,,,,,,,,
658,True,,,Primera División - Chile,,Coquimbo Unido,Universidad de Chile,Premium,,,,,,,,
658,False,,,Primera División - Chile,,Coquimbo Unido,Universidad de Chile,Match Result,,,2.52,Betfair,,0.8,,
658,False,,,Primeira Liga - Portugal,,Arouca,Benfica,Match Result,,,1.29,LowVig.ag,,0.1,,
658,True,,,Primeira Liga - Portugal,,Arouca,Benfica,Premium,,,,,,,,
658,True,,,Ligue 1 - France,,AS Monaco,Brest,Premium,,,,,,,,
658,False,,,Ligue 1 - France,,AS Monaco,Brest,Match Result,,,1.72,Matchbook,,0.4,,
658,False,,,La Liga - Spain,,Real Madrid,Elche CF,Match Result,,,1.37,Matchbook,,0.2,,
658,True,,,EPL,,West Ham United,Manchester City,Premium,,,,,,,,
658,True,,,La Liga 2 - Spain,,AD Ceuta FC,Deportivo La Coruña,Premium,,,,,,,,
658,True,,,Premiership - Scotland,,Kilmarnock,Hearts,Premium,,,,,,,,
658,True,,,Dutch Eredivisie,,Ajax,Sparta Rotterdam,Premium,,,,,,,,
659,False,,,La Liga 2 - Spain,,AD Ceuta FC,Deportivo La Coruña,Match Result,,,2.6,Pinnacle,,0.9,,
659,False,,,Dutch Eredivisie,,Ajax,Sparta Rotterdam,Match Result,,,1.68,Betfair,,0.3,,
659,False,,,Premiership - Scotland,,Kilmarnock,Hearts,Match Result,,,1.75,Coral,,0.4,,
659,False,,,EPL,,West Ham United,Manchester City,Match Result,,,1.79,1xBet,,0.4,,
659,False,,,Serie A - Italy,,Udinese,Juventus,Match Result,,,1.6,1xBet,,0.2,,
659,False,,,Belgium First Div,,Westerlo,Club Brugge,Match Result,,,1.62,ATG (SE),,0.3,,
659,True,,,Belgium First Div,,Westerlo,Club Brugge,Premium,,,,,,,,
659,True,,,Serie A - Italy,,Udinese,Juventus,Premium,,,,,,,,
659,True,,,Swiss Superleague,,FC St Gallen,FC Lugano,Premium,,,,,,,,
659,False,,,Bundesliga 2 - Germany,,Hertha Berlin,VfL Bochum,Match Result,,,2.12,Betfair,,0.6,,
659,True,,,Bundesliga 2 - Germany,,Hertha Berlin,VfL Bochum,Premium,,,,,,,,
659,False,,,Swiss Superleague,,FC St Gallen,FC Lugano,Match Result,,,2.04,TABtouch,,0.6,,
660,True,,,MLS,,Atlanta United FC,Philadelphia Union,Premium,,,,,,,,
660,False,,,MLS,,Atlanta United FC,Philadelphia Union,Match Result,,,2.7,Svenska Spel,,0.9,,
660,False,,,Ekstraklasa - Poland,,Cracovia Kraków,Wisła Płock,Match Result,,,2.12,BetOnline.ag,,0.6,,
660,True,,,Ekstraklasa - Poland,,Cracovia Kraków,Wisła Płock,Premium,,,,,,,,
660,True,,,Saudi Pro League,,Al-Khaleej,Al-Nassr,Premium,,,,,,,,
660,False,,,Saudi Pro League,,Al-Fateh,Al-Hilal,Match Result,,,1.3,Coral,,0.1,,
660,True,,,Saudi Pro League,,Al-Shabab,Al-Okhdood,Premium,,,,,,,,
660,True,,,Ligue 2 - France,,Grenoble,Saint Etienne,Premium,,,,,,,,
660,True,,,Saudi Pro League,,Al-Fateh,Al-Hilal,Premium,,,,,,,,
660,True,,,Dutch Eredivisie,,Heerenveen,SC Telstar,Premium,,,,,,,,
660,False,,,Saudi Pro League,,Al-Khaleej,Al-Nassr,Match Result,,,1.36,Coral,,0.2,,
660,False,,,Dutch Eredivisie,,Heerenveen,SC Telstar,Match Result,,,1.76,Betfair,,0.4,,
661,False,,,Ligue 2 - France,,Grenoble,Saint Etienne,Match Result,,,1.79,betPARX,,0.4,,
661,False,,,Saudi Pro League,,Al-Shabab,Al-Okhdood,Match Result,,,1.37,Unibet,,0.2,,
661,False,,,Serie B - Italy,,Sampdoria,Venezia,Match Result,,,2.03,Coolbet,,0.6,,
661,True,,,Serie B - Italy,,Sampdoria,Venezia,Premium,,,,,,,,
661,False,,,Ligue 1 - France,,Angers,Nice,Match Result,,,2.6,Matchbook,,0.9,,
661,True,,,Primeira Liga - Portugal,,Gil Vicente,Alverca,Premium,,,,,,,,
661,True,,,Super League - Greece,,AEL,Asteras Tripolis,Premium,,,,,,,,
661,False,,,Primeira Liga - Portugal,,Gil Vicente,Alverca,Match Result,,,1.73,Betway,,0.3,,
661,False,,,Super League - Greece,,AEL,Asteras Tripolis,Match Result,,,2.35,Svenska Spel,,0.8,,
661,True,,,Ligue 1 - France,,Angers,Nice,Premium,,,,,,,,
661,False,,,Dutch Eredivisie,,PSV Eindhoven,NEC Nijmegen,Match Result,,,1.5,Betfair,,0.2,,
661,True,,,Dutch Eredivisie,,PSV Eindhoven,NEC Nijmegen,Premium,,,,,,,,
662,True,,,La Liga 2 - Spain,,Real Valladolid CF,Leganés,Premium,,,,,,,,
662,True,,,La Liga - Spain,,Oviedo,Valencia,Premium,,,,,,,,
662,True,,,La Liga 2 - Spain,,Zaragoza,Almería,Premium,,,,,,,,
662,True,,,Bundesliga - Germany,,Hamburger SV,1. FC Köln,Premium,,,,,,,,
662,True,,,Super League - Greece,,Panserraikos FC,Aris Thessaloniki,Premium,,,,,,,,
662,True,,,EPL,,Arsenal,Everton,Premium,,,,,,,,
662,True,,,EPL,,Chelsea,Newcastle United,Premium,,,,,,,,
662,False,,,Bundesliga - Germany,,Hamburger SV,1. FC Köln,Match Result,,,2.28,Betfair,,0.7,,
662,False,,,La Liga - Spain,,Oviedo,Valencia,Match Result,,,2.7,Coolbet,,1.0,,
662,False,,,Premier League - Russia,,FC Baltika Kaliningrad,CSKA Moscow,Match Result,,,2.69,1xBet,,1.0,,
662,False,,,EPL,,Chelsea,Newcastle United,Match Result,,,1.87,Betfair,,0.5,,
662,False,,,Super League - Greece,,Panserraikos FC,Aris Thessaloniki,Match Result,,,1.74,Betfair,,0.4,,
663,False,,,La Liga 2 - Spain,,Zaragoza,Almería,Match Result,,,2.43,Svenska Spel,,0.8,,
663,False,,,La Liga 2 - Spain,,Real Valladolid CF,Leganés,Match Result,,,2.08,Unibet (SE),,0.6,,
663,False,,,EPL,,Arsenal,Everton,Match Result,,,1.42,Matchbook,,0.1,,
663,True,,,Premier League - Russia,,FC Baltika Kaliningrad,CSKA Moscow,Premium,,,,,,,,
663,True,,,Belgium First Div,,Union Saint-Gilloise,Dender,Premium,,,,,,,,
663,False,,,Belgium First Div,,Union Saint-Gilloise,Dender,Match Result,,,1.28,Betfair,,0.1,,
663,True,,,Swiss Superleague,,FC Zurich,FC Sion,Premium,,,,,,,,
663,False,,,MLS,,Toronto FC,New York Red Bulls,Match Result,,,2.55,Coolbet,,0.9,,
663,True,,,Eliteserien - Norway,,Molde,Rosenborg,Premium,,,,,,,,
663,False,,,Eliteserien - Norway,,Molde,Rosenborg,Match Result,,,1.95,Unibet (UK),,0.5,,
663,True,,,Serie A - Italy,,Napoli,Lecce,Premium,,,,,,,,
663,False,,,Turkey Super League,,Goztepe,Alanyaspor,Match Result,,,2.2,Betfair,,0.7,,
664,True,,,Swiss Superleague,,FC Thun,Grasshopper Zürich,Premium,,,,,,,,
664,False,,,Swiss Superleague,,FC Thun,Grasshopper Zürich,Match Result,,,1.66,LowVig.ag,,0.3,,
664,True,,,Turkey Super League,,Galatasaray,Basaksehir,Premium,,,,,,,,
664,True,,,Turkey Super League,,Trabzonspor,Çaykur Rizespor,Premium,,,,,,,,
664,False,,,Turkey Super League,,Galatasaray,Basaksehir,Match Result,,,1.68,1xBet,,0.4,,
664,True,,,Turkey Super League,,Goztepe,Alanyaspor,Premium,,,,,,,,
664,False,,,Serie A - Italy,,Napoli,Lecce,Match Result,,,1.39,Betfair,,0.2,,
664,False,,,Swiss Superleague,,FC Zurich,FC Sion,Match Result,,,2.28,Grosvenor,,0.6,,
664,False,,,Turkey Super League,,Trabzonspor,Çaykur Rizespor,Match Result,,,1.78,Betfair,,0.4,,
664,True,,,MLS,,Toronto FC,New York Red Bulls,Premium,,,,,,,,
664,False,,,Ekstraklasa - Poland,,GKS Katowice,Lechia Gdańsk,Match Result,,,2.56,Pinnacle,,1.1,,
664,True,,,Ekstraklasa - Poland,,GKS Katowice,Lechia Gdańsk,Premium,,,,,,,,
665,True,,,Serie B - Italy,,Monza,Palermo,Premium,,,,,,,,
665,False,,,Serie B - Italy,,Monza,Palermo,Match Result,,,2.3,Betfair,,0.7,,
665,True,,,Austrian Football Bundesliga,,Grazer AK,Wolfsberger AC,Premium,,,,,,,,
665,False,,,Austrian Football Bundesliga,,Grazer AK,Wolfsberger AC,Match Result,,,2.72,Matchbook,,1.0,,
665,True,,,Ligue 1 - France,,Lorient,RC Lens,Premium,,,,,,,,
665,True,,,Austrian Football Bundesliga,,Rheindorf Altach,FC Blau-Weiß Linz,Premium,,,,,,,,
665,True,,,Austrian Football Bundesliga,,Ried,WSG Tirol,Premium,,,,,,,,
665,False,,,Austrian Football Bundesliga,,Rheindorf Altach,FC Blau-Weiß Linz,Match Result,,,2.34,LowVig.ag,,0.8,,
665,False,,,Austrian Football Bundesliga,,Ried,WSG Tirol,Match Result,,,2.1,Matchbook,,0.6,,
665,False,,,Ligue 1 - France,,Lorient,RC Lens,Match Result,,,1.92,1xBet,,0.5,,
665,True,,,Dutch Eredivisie,,FC Volendam,Fortuna Sittard,Premium,,,,,,,,
665,False,,,Primeira Liga - Portugal,,Vitória SC,Famalicão,Match Result,,,2.56,Betfair,,0.9,,
666,False,,,Dutch Eredivisie,,FC Volendam,Fortuna Sittard,Match Result,,,2.44,BetOnline.ag,,0.8,,
666,False,,,3. Liga - Germany,,TSV 1860 München,Wehen Wiesbaden,Match Result,,,2.0,Unibet (UK),,0.6,,
666,True,,,3. Liga - Germany,,TSV 1860 München,Wehen Wiesbaden,Premium,,,,,,,,
666,True,,,Primeira Liga - Portugal,,Vitória SC,Famalicão,Premium,,,,,,,,
666,True,,,Premier League - Russia,,FK Rostov,Dinamo Moscow,Premium,,,,,,,,
666,True,,,La Liga - Spain,,Atlético Madrid,Getafe,Premium,,,,,,,,
666,True,,,La Liga 2 - Spain,,Cultural Leonesa,Real Racing Club de Santander,Premium,,,,,,,,
666,False,,,Premier League - Russia,,FK Rostov,Dinamo Moscow,Match Result,,,2.37,1xBet,,0.8,,
666,False,,,La Liga - Spain,,Atlético Madrid,Getafe,Match Result,,,1.63,1xBet,,0.3,,
666,False,,,La Liga 2 - Spain,,Cultural Leonesa,Real Racing Club de Santander,Match Result,,,2.38,Svenska Spel,,0.9,,
666,False,,,Premiership - Scotland,,Aberdeen,Falkirk F.C.,Match Result,,,2.52,Betfair,,0.9,,
666,True,,,Frauen-Bundesliga,,RB Leipzig,Union Berlin,Premium,,,,,,,,
667,False,,,League 1,,Mansfield Town,Barnsley,Match Result,,,2.2,Betfair,,0.7,,
667,False,,,League 1,,Stevenage,Wimbledon,Match Result,,,2.04,Matchbook,,0.6,,
667,False,,,League 1,,Northampton Town,Burton Albion,Match Result,,,2.75,ATG (SE),,1.0,,
667,False,,,League 1,,Doncaster Rovers,Blackpool,Match Result,,,1.83,Betfair,,0.5,,
667,False,,,Belgium First Div,,Charleroi,Leuven,Match Result,,,1.95,Fanatics,,0.5,,
667,False,,,EPL,,Sunderland,Brighton and Hove Albion,Match Result,,,2.35,Unibet (SE),,0.8,,
667,True,,,League 2,,Bromley FC,Bristol Rovers,Premium,,,,,,,,
667,True,,,League 2,,Shrewsbury Town,Cheltenham Town,Premium,,,,,,,,
667,False,,,League 1,,Port Vale,Huddersfield Town,Match Result,,,2.12,Smarkets,,0.6,,
667,True,,,League 2,,Barrow,Accrington Stanley,Premium,,,,,,,,
667,True,,,League 1,,Exeter City,Cardiff City,Premium,,,,,,,,
667,True,,,Super League - Greece,,OFI Crete,Olympiakos Piraeus,Premium,,,,,,,,
668,False,,,League 2,,Swindon Town,Milton Keynes Dons,Match Result,,,2.38,Paddy Power,,0.8,,
668,False,,,League 2,,Crewe Alexandra,Walsall,Match Result,,,2.38,Nordic Bet,,0.8,,
668,True,,,League 1,,Reading,Plymouth Argyle,Premium,,,,,,,,
668,False,,,League 1,,Leyton Orient,Peterborough United,Match Result,,,2.12,ATG (SE),,0.6,,
668,True,,,League 2,,Barnet,Newport County,Premium,,,,,,,,
668,False,,,Premiership - Scotland,,Celtic,Motherwell,Match Result,,,1.7,Coral,,0.3,,
668,True,,,League 1,,Leyton Orient,Peterborough United,Premium,,,,,,,,
668,True,,,League 2,,Swindon Town,Milton Keynes Dons,Premium,,,,,,,,
668,False,,,League 2,,Barnet,Newport County,Match Result,,,1.44,Betfair,,0.1,,
668,True,,,League 1,,Port Vale,Huddersfield Town,Premium,,,,,,,,
668,True,,,League 2,,Cambridge United,Gillingham,Premium,,,,,,,,
668,False,,,League 1,,Exeter City,Cardiff City,Match Result,,,1.91,LeoVegas,,0.5,,
669,True,,,Premiership - Scotland,,Aberdeen,Falkirk F.C.,Premium,,,,,,,,
669,False,,,League 2,,Cambridge United,Gillingham,Match Result,,,1.65,Betfair,,0.3,,
669,False,,,Super League - Greece,,OFI Crete,Olympiakos Piraeus,Match Result,,,1.3,Unibet (NL),,0.1,,
669,False,,,League 2,,Shrewsbury Town,Cheltenham Town,Match Result,,,2.1,Matchbook,,0.6,,
669,True,,,League 1,,Wycombe Wanderers,Luton,Premium,,,,,,,,
669,False,,,Championship,,Leicester City,Queens Park Rangers,Match Result,,,2.04,ATG (SE),,0.5,,
669,True,,,League 1,,Stevenage,Wimbledon,Premium,,,,,,,,
669,True,,,Championship,,Leicester City,Queens Park Rangers,Premium,,,,,,,,
669,True,,,League 2,,Crewe Alexandra,Walsall,Premium,,,,,,,,
669,False,,,League 2,,Bromley FC,Bristol Rovers,Match Result,,,2.0,DraftKings,,0.6,,
669,False,,,League 2,,Oldham Athletic,Grimsby Town,Match Result,,,2.66,Matchbook,,1.0,,
669,True,,,Belgium First Div,,Charleroi,Leuven,Premium,,,,,,,,
670,False,,,League 2,,Barrow,Accrington Stanley,Match Result,,,2.48,Matchbook,,0.9,,
670,False,,,EPL,,Burnley,Bournemouth,Match Result,,,1.9,1xBet,,0.5,,
670,False,,,Eliteserien - Norway,,HamKam,Viking FK,Match Result,,,1.66,Casumo,,0.4,,
670,True,,,League 1,,Wigan Athletic,Bradford City,Premium,,,,,,,,
670,True,,,Premiership - Scotland,,Hibernian,Livingston,Premium,,,,,,,,
670,True,,,EPL,,Sunderland,Brighton and Hove Albion,Premium,,,,,,,,
670,True,,,EPL,,Burnley,Bournemouth,Premium,,,,,,,,
670,True,,,League 2,,Oldham Athletic,Grimsby Town,Premium,,,,,,,,
670,True,,,Eliteserien - Norway,,HamKam,Viking FK,Premium,,,,,,,,
670,True,,,League 1,,Doncaster Rovers,Blackpool,Premium,,,,,,,,
670,True,,,Premiership - Scotland,,Celtic,Motherwell,Premium,,,,,,,,
670,True,,,League 1,,Mansfield Town,Barnsley,Premium,,,,,,,,
671,True,,,League 1,,Northampton Town,Burton Albion,Premium,,,,,,,,
671,False,,,League 2,,Fleetwood Town,Tranmere Rovers,Match Result,,,1.79,ATG (SE),,0.4,,
671,False,,,League 1,,Wigan Athletic,Bradford City,Match Result,,,2.6,ATG (SE),,0.9,,
671,True,,,League 2,,Fleetwood Town,Tranmere Rovers,Premium,,,,,,,,
671,False,,,League 1,,Reading,Plymouth Argyle,Match Result,,,2.44,Betfair,,0.8,,
671,False,,,Premiership - Scotland,,Hibernian,Livingston,Match Result,,,1.47,Svenska Spel,,0.2,,
671,False,,,Frauen-Bundesliga,,RB Leipzig,Union Berlin,Match Result,,,2.3,Unibet (NL),,0.7,,
671,False,,,League 1,,Wycombe Wanderers,Luton,Match Result,,,1.98,Matchbook,,0.5,,
671,True,,,Bundesliga - Germany,,Borussia Dortmund,Augsburg,Premium,,,,,,,,
671,False,,,Bundesliga - Germany,,Borussia Dortmund,Augsburg,Match Result,,,1.47,1xBet,,0.2,,
671,True,,,Bundesliga - Germany,,TSG Hoffenheim,VfL Wolfsburg,Premium,,,,,,,,
671,False,,,Bundesliga - Germany,,Eintracht Frankfurt,1. FC Heidenheim,Match Result,,,1.57,Matchbook,,0.3,,
672,True,,,Bundesliga - Germany,,Bayer Leverkusen,Bayern Munich,Premium,,,,,,,,
672,False,,,Bundesliga - Germany,,TSG Hoffenheim,VfL Wolfsburg,Match Result,,,1.5,BetMGM,,0.2,,
672,False,,,Bundesliga - Germany,,Bayer Leverkusen,Bayern Munich,Match Result,,,1.58,1xBet,,0.3,,
672,True,,,Bundesliga - Germany,,Eintracht Frankfurt,1. FC Heidenheim,Premium,,,,,,,,
672,False,,,Serie B - Italy,,Empoli,Mantova,Match Result,,,2.16,BetOnline.ag,,0.6,,
672,False,,,Serie A - Italy,,Inter Milan,Atalanta BC,Match Result,,,1.58,1xBet,,0.3,,
672,False,,,Serie B - Italy,,Cesena FC,Frosinone,Match Result,,,2.38,LeoVegas (SE),,0.9,,
672,False,,,Serie B - Italy,,Juve Stabia,Carrarese,Match Result,,,2.34,LowVig.ag,,0.8,,
672,False,,,Serie B - Italy,,Padova,US Catanzaro 1929,Match Result,,,2.65,LowVig.ag,,1.0,,
672,True,,,Serie B - Italy,,Juve Stabia,Carrarese,Premium,,,,,,,,
672,True,,,Serie B - Italy,,Cesena FC,Frosinone,Premium,,,,,,,,
672,True,,,Serie B - Italy,,Empoli,Mantova,Premium,,,,,,,,
673,True,,,Serie B - Italy,,Bari,Reggiana,Premium,,,,,,,,
673,True,,,Serie B - Italy,,Padova,US Catanzaro 1929,Premium,,,,,,,,
673,False,,,Serie B - Italy,,Bari,Reggiana,Match Result,,,2.33,Svenska Spel,,0.7,,
673,True,,,Serie A - Italy,,Inter Milan,Atalanta BC,Premium,,,,,,,,
673,True,,,Ekstraklasa - Poland,,Jagiellonia Białystok,Piast Gliwice,Premium,,,,,,,,
673,False,,,Ekstraklasa - Poland,,Jagiellonia Białystok,Piast Gliwice,Match Result,,,1.8,Unibet (UK),,0.4,,
673,False,,,Premier League - Russia,,Zenit St Petersburg,Spartak Moscow,Match Result,,,1.76,1xBet,,0.4,,
673,False,,,3. Liga - Germany,,1. FC Saarbrücken,Jahn Regensburg,Match Result,,,1.95,Nordic Bet,,0.5,,
673,True,,,Premier League - Russia,,Zenit St Petersburg,Spartak Moscow,Premium,,,,,,,,
673,False,,,Ligue 2 - France,,Stade de Reims,Rodez AF,Match Result,,,1.62,LeoVegas,,0.3,,
673,False,,,Frauen-Bundesliga,,Werder Bremen,Eintracht Frankfurt,Match Result,,,1.77,Unibet (SE),,0.4,,
673,False,,,3. Liga - Germany,,TSV Havelse,FC Viktoria Köln 1904,Match Result,,,1.95,Nordic Bet,,0.5,,
674,False,,,3. Liga - Germany,,VfL Osnabrück,Waldhof Mannheim,Match Result,,,1.92,Betsson,,0.5,,
674,False,,,Ligue 2 - France,,Red Star,USL Dunkerque,Match Result,,,2.48,ATG (SE),,0.9,,
674,False,,,3. Liga - Germany,,Hansa Rostock,MSV Duisburg,Match Result,,,2.05,LowVig.ag,,0.6,,
674,False,,,Eliteserien - Norway,,Sarpsborg FK,Bodø/Glimt,Match Result,,,1.56,1xBet,,0.3,,
674,False,,,3. Liga - Germany,,Rot-Weiss Essen,Erzgebirge Aue,Match Result,,,1.7,BetOnline.ag,,0.3,,
674,True,,,Frauen-Bundesliga,,Werder Bremen,Eintracht Frankfurt,Premium,,,,,,,,
674,True,,,3. Liga - Germany,,TSV Havelse,FC Viktoria Köln 1904,Premium,,,,,,,,
674,True,,,Ligue 2 - France,,Red Star,USL Dunkerque,Premium,,,,,,,,
674,True,,,3. Liga - Germany,,VfL Osnabrück,Waldhof Mannheim,Premium,,,,,,,,
674,True,,,Ligue 2 - France,,Stade de Reims,Rodez AF,Premium,,,,,,,,
674,True,,,3. Liga - Germany,,Hansa Rostock,MSV Duisburg,Premium,,,,,,,,
674,True,,,Eliteserien - Norway,,Sarpsborg FK,Bodø/Glimt,Premium,,,,,,,,
675,True,,,3. Liga - Germany,,Rot-Weiss Essen,Erzgebirge Aue,Premium,,,,,,,,
675,True,,,3. Liga - Germany,,1. FC Saarbrücken,Jahn Regensburg,Premium,,,,,,,,
675,True,,,La Liga - Spain,,Girona,Athletic Bilbao,Premium,,,,,,,,
675,False,,,La Liga - Spain,,Girona,Athletic Bilbao,Match Result,,,2.78,Betfair,,1.3,,
675,True,,,Championship,,Middlesbrough,Bristol City,Premium,,,,,,,,
675,True,,,League 1,,Lincoln City,Stockport County FC,Premium,,,,,,,,
675,False,,,Championship,,Coventry City,Southampton,Match Result,,,1.92,Betfair,,0.4,,
675,False,,,League 1,,Rotherham United,Bolton Wanderers,Match Result,,,1.87,DraftKings,,0.5,,
675,False,,,Championship,,Middlesbrough,Bristol City,Match Result,,,1.45,GTbets,,0.2,,
675,True,,,League 2,,Harrogate Town,Salford City,Premium,,,,,,,,
675,False,,,Championship,,Oxford United,Charlton Athletic,Match Result,,,2.35,ATG (SE),,0.9,,
675,False,,,League 2,,Harrogate Town,Salford City,Match Result,,,1.98,Matchbook,,0.5,,
676,True,,,League 1,,Rotherham United,Bolton Wanderers,Premium,,,,,,,,
676,True,,,League 2,,Notts County,Chesterfield FC,Premium,,,,,,,,
676,True,,,Championship,,Oxford United,Charlton Athletic,Premium,,,,,,,,
676,False,,,League 2,,Notts County,Chesterfield FC,Match Result,,,2.18,Matchbook,,0.7,,
676,False,,,League 1,,Lincoln City,Stockport County FC,Match Result,,,1.94,LeoVegas,,0.5,,
676,True,,,Championship,,Coventry City,Southampton,Premium,,,,,,,,
676,True,,,Super League - China,,Shenzhen Peng City FC,Tianjin Jinmen Tiger FC,Premium,,,,,,,,
676,True,,,Bundesliga 2 - Germany,,Holstein Kiel,1. FC Nürnberg,Premium,,,,,,,,
676,False,,,Bundesliga 2 - Germany,,Eintracht Braunschweig,Fortuna Düsseldorf,Match Result,,,2.34,Betfair,,0.8,,
676,True,,,Bundesliga 2 - Germany,,Arminia Bielefeld,SC Paderborn,Premium,,,,,,,,
676,False,,,Bundesliga 2 - Germany,,Arminia Bielefeld,SC Paderborn,Match Result,,,2.66,Betfair,,1.0,,
676,False,,,Bundesliga 2 - Germany,,Holstein Kiel,1. FC Nürnberg,Match Result,,,2.45,BetMGM,,0.9,,
677,True,,,Bundesliga 2 - Germany,,Eintracht Braunschweig,Fortuna Düsseldorf,Premium,,,,,,,,
677,False,,,Super League - China,,Shenzhen Peng City FC,Tianjin Jinmen Tiger FC,Match Result,,,2.75,BetRivers,,1.0,,
677,True,,,Super League - China,,Chongqing Tonglianglong FC,Liaoning Tieren FC,Premium,,,,,,,,
677,False,,,Super League - China,,Chongqing Tonglianglong FC,Liaoning Tieren FC,Match Result,,,2.24,Betfair,,0.7,,
677,False,,,Premier League - Russia,,FK Sochi,FC Krasnodar,Match Result,,,1.44,1xBet,,0.1,,
677,True,,,Premier League - Russia,,FK Sochi,FC Krasnodar,Premium,,,,,,,,
677,True,,,Turkey Super League,,Kocaelispor,Torku Konyaspor,Premium,,,,,,,,
677,False,,,Turkey Super League,,Kocaelispor,Torku Konyaspor,Match Result,,,2.44,LowVig.ag,,0.7,,
677,False,,,Super League - China,,Shandong Luneng Taishan FC,Beijing FC,Match Result,,,2.14,Matchbook,,0.7,,
677,False,,,Super League - China,,Zhejiang,Shanghai Shenhua FC,Match Result,,,2.42,Betfair,,0.7,,
677,False,,,K League 1,,Daejeon Citizen,Sangju Sangmu FC,Match Result,,,2.16,Betfair,,0.6,,
677,True,,,K League 1,,Daejeon Citizen,Sangju Sangmu FC,Premium,,,,,,,,
678,True,,,Super League - China,,Zhejiang,Shanghai Shenhua FC,Premium,,,,,,,,
678,True,,,Super League - China,,Shandong Luneng Taishan FC,Beijing FC,Premium,,,,,,,,
678,True,,,J League,,Tokyo Verdy,Urawa Red Diamonds,Premium,,,,,,,,
678,False,,,J League,,Tokyo Verdy,Urawa Red Diamonds,Match Result,,,2.41,Pinnacle,,0.8,,
678,False,,,A-League,,Newcastle Jets FC,Auckland FC,Match Result,,,2.54,Matchbook,,0.9,,
678,True,,,A-League,,Newcastle Jets FC,Auckland FC,Premium,,,,,,,,
678,False,,,J League,,Kashima Antlers,Kawasaki Frontale,Match Result,,,2.0,DraftKings,,0.6,,
678,True,,,J League,,Kashima Antlers,Kawasaki Frontale,Premium,,,,,,,,
678,False,,,J League,,Hiroshima Sanfrecce FC,Gamba Osaka,Match Result,,,1.65,Unibet (UK),,0.4,,
678,True,,,J League,,Hiroshima Sanfrecce FC,Gamba Osaka,Premium,,,,,,,,
678,False,,,J League,,Nagoya Grampus,Vissel Kobe,Match Result,,,2.3,Betway,,0.8,,
678,False,,,J League,,Kashiwa Reysol,FC Machida Zelvia,Match Result,,,2.05,BetMGM,,0.6,,
679,False,,,K League 1,,Gwangju FC,Jeonbuk Hyundai Motors,Match Result,,,2.2,BetOnline.ag,,0.7,,
679,False,,,J League,,Mito HollyHock,FC Tokyo,Match Result,,,2.2,Betway,,0.7,,
679,False,,,J League,,Kyoto Purple Sanga,Cerezo Osaka,Match Result,,,2.1,BetMGM,,0.6,,
679,False,,,J League,,Shimizu S Pulse,Fagiano Okayama,Match Result,,,2.34,Pinnacle,,0.8,,
679,True,,,J League,,Nagoya Grampus,Vissel Kobe,Premium,,,,,,,,
679,True,,,J League,,Kyoto Purple Sanga,Cerezo Osaka,Premium,,,,,,,,
679,True,,,K League 1,,Gwangju FC,Jeonbuk Hyundai Motors,Premium,,,,,,,,
679,True,,,J League,,Mito HollyHock,FC Tokyo,Premium,,,,,,,,
679,True,,,J League,,Shimizu S Pulse,Fagiano Okayama,Premium,,,,,,,,
679,True,,,J League,,Kashiwa Reysol,FC Machida Zelvia,Premium,,,,,,,,
679,True,,,A-League,,Central Coast Mariners,Adelaide United,Premium,,,,,,,,
679,True,,,J League,,Yokohama F Marinos,JEF United Chiba,Premium,,,,,,,,
680,False,,,J League,,Yokohama F Marinos,JEF United Chiba,Match Result,,,2.02,Unibet (UK),,0.5,,
680,False,,,A-League,,Central Coast Mariners,Adelaide United,Match Result,,,2.24,Betfair,,0.7,,
680,True,,,Liga MX,,FC Juárez,Monterrey,Premium,,,,,,,,
680,False,,,Liga MX,,FC Juárez,Monterrey,Match Result,,,2.62,Smarkets,,1.0,,
680,False,,,A-League,,Wellington Phoenix FC,Perth Glory,Match Result,,,2.23,ATG (SE),,0.7,,
680,True,,,A-League,,Wellington Phoenix FC,Perth Glory,Premium,,,,,,,,
680,False,,,Liga MX,,Tigres,Querétaro,Match Result,,,1.35,Betsson,,0.1,,
680,True,,,Liga MX,,Puebla,Necaxa,Premium,,,,,,,,
680,False,,,Liga MX,,Puebla,Necaxa,Match Result,,,2.23,Svenska Spel,,0.7,,
680,False,,,Primera División - Chile,,Audax Italiano,Deportes Concepción,Match Result,,,2.17,BetRivers,,0.6,,
680,True,,,Primera División - Chile,,Audax Italiano,Deportes Concepción,Premium,,,,,,,,
680,True,,,Primera División - Argentina,,Estudiantes,Lanus,Premium,,,,,,,,
681,False,,,Primera División - Argentina,,Estudiantes,Lanus,Match Result,,,2.05,Fanatics,,0.6,,
681,False,,,La Liga - Spain,,Alavés,Villarreal,Match Result,,,2.36,Betfair,,0.8,,
681,False,,,League of Ireland,,Sligo Rovers,Shamrock Rovers,Match Result,,,1.65,Coolbet,,0.3,,
681,True,,,League of Ireland,,Sligo Rovers,Shamrock Rovers,Premium,,,,,,,,
681,True,,,La Liga - Spain,,Alavés,Villarreal,Premium,,,,,,,,
681,False,,,League of Ireland,,Bohemians,Galway United,Match Result,,,1.65,BetOnline.ag,,0.3,,
681,False,,,League of Ireland,,Dundalk,Waterford FC,Match Result,,,1.95,Betway,,0.5,,
681,False,,,Ligue 1 - France,,Marseille,Auxerre,Match Result,,,1.51,1xBet,,0.2,,
681,True,,,League of Ireland,,Derry City,Shelbourne Dublin,Premium,,,,,,,,
681,True,,,League of Ireland,,St Patricks Athletic,Drogheda United,Premium,,,,,,,,
681,False,,,Belgium First Div,,Gent,SV Zulte-Waregem,Match Result,,,2.16,Betfair,,0.6,,
681,False,,,League 2,,Colchester United,Crawley Town,Match Result,,,1.78,Coolbet,,0.4,,
682,True,,,Serie A - Italy,,Torino,Parma,Premium,,,,,,,,
682,True,,,League of Ireland,,Bohemians,Galway United,Premium,,,,,,,,
682,False,,,League of Ireland,,Derry City,Shelbourne Dublin,Match Result,,,2.3,LeoVegas,,0.7,,
682,False,,,League of Ireland,,St Patricks Athletic,Drogheda United,Match Result,,,1.7,ATG (SE),,0.3,,
682,True,,,Belgium First Div,,Gent,SV Zulte-Waregem,Premium,,,,,,,,
682,True,,,League of Ireland,,Dundalk,Waterford FC,Premium,,,,,,,,
682,False,,,Serie A - Italy,,Torino,Parma,Match Result,,,2.32,Matchbook,,0.8,,
682,True,,,Ligue 1 - France,,Marseille,Auxerre,Premium,,,,,,,,
682,True,,,League 2,,Colchester United,Crawley Town,Premium,,,,,,,,
682,False,,,Bundesliga - Germany,,Borussia Monchengladbach,FC St. Pauli,Match Result,,,2.08,Betfair,,0.6,,
682,True,,,Ekstraklasa - Poland,,Radomiak Radom,Legia Warszawa,Premium,,,,,,,,
682,False,,,Ekstraklasa - Poland,,Radomiak Radom,Legia Warszawa,Match Result,,,2.35,Coolbet,,0.8,,
683,False,,,Serie B - Italy,,Modena,Spezia,Match Result,,,1.75,Betfair,,0.4,,
683,False,,,La Liga 2 - Spain,,CD Mirandés,Cádiz CF,Match Result,,,2.48,Betfair,,0.9,,
683,True,,,La Liga 2 - Spain,,CD Mirandés,Cádiz CF,Premium,,,,,,,,
683,True,,,Bundesliga - Germany,,Borussia Monchengladbach,FC St. Pauli,Premium,,,,,,,,
683,True,,,Serie B - Italy,,Modena,Spezia,Premium,,,,,,,,
683,True,,,Saudi Pro League,,Al-Fayha,Al-Ettifaq,Premium,,,,,,,,
683,True,,,Ligue 2 - France,,Nancy,Le Mans FC,Premium,,,,,,,,
683,True,,,Ligue 2 - France,,Clermont,Pau FC,Premium,,,,,,,,
683,True,,,Ligue 2 - France,,SC Bastia,Boulogne,Premium,,,,,,,,
683,False,,,Saudi Pro League,,Al-Qadsiah,Al-Ahli,Match Result,,,2.72,Betfair,,1.0,,
683,True,,,Ligue 2 - France,,Guingamp,Amiens,Premium,,,,,,,,
683,False,,,Ligue 2 - France,,Montpellier,Stade Lavallois,Match Result,,,1.91,Unibet (UK),,0.5,,
684,False,,,Saudi Pro League,,Al-Fayha,Al-Ettifaq,Match Result,,,2.35,Unibet (NL),,0.8,,
684,True,,,Saudi Pro League,,Al-Qadsiah,Al-Ahli,Premium,,,,,,,,
684,False,,,Dutch Eredivisie,,FC Zwolle,Groningen,Match Result,,,2.52,Betfair,,0.9,,
684,False,,,Ligue 2 - France,,Guingamp,Amiens,Match Result,,,1.65,Casumo,,0.4,,
684,False,,,Ligue 2 - France,,Clermont,Pau FC,Match Result,,,2.6,BetOnline.ag,,0.9,,
684,True,,,Saudi Pro League,,Al-Riyadh,Al-Ittihad,Premium,,,,,,,,
684,True,,,Ligue 2 - France,,Montpellier,Stade Lavallois,Premium,,,,,,,,
684,False,,,Saudi Pro League,,Al-Riyadh,Al-Ittihad,Match Result,,,1.5,Betfair,,0.2,,
684,False,,,Ligue 2 - France,,SC Bastia,Boulogne,Match Result,,,2.12,Matchbook,,0.7,,
684,False,,,Ligue 2 - France,,Nancy,Le Mans FC,Match Result,,,2.55,ATG (SE),,0.9,,
684,True,,,Austrian Football Bundesliga,,LASK,Hartberg,Premium,,,,,,,,
684,False,,,Austrian Football Bundesliga,,LASK,Hartberg,Match Result,,,1.72,LowVig.ag,,0.3,,
685,False,,,Denmark Superliga,,FC Fredericia,Randers FC,Match Result,,,2.16,ATG (SE),,0.6,,
685,False,,,3. Liga - Germany,,Alemannia Aachen,FC Energie Cottbus,Match Result,,,2.38,Unibet (UK),,0.8,,
685,True,,,Denmark Superliga,,FC Fredericia,Randers FC,Premium,,,,,,,,
685,True,,,Bundesliga 2 - Germany,,1. FC Magdeburg,SV Darmstadt 98,Premium,,,,,,,,
685,False,,,Bundesliga 2 - Germany,,1. FC Magdeburg,SV Darmstadt 98,Match Result,,,2.56,LowVig.ag,,0.9,,
685,False,,,Bundesliga 2 - Germany,,Greuther Fürth,Elversberg,Match Result,,,1.73,Matchbook,,0.3,,
685,True,,,Frauen-Bundesliga,,SC Freiburg,1. FC Nürnberg,Premium,,,,,,,,
685,True,,,Bundesliga 2 - Germany,,Greuther Fürth,Elversberg,Premium,,,,,,,,
685,False,,,Frauen-Bundesliga,,SC Freiburg,1. FC Nürnberg,Match Result,,,1.47,Pinnacle,,0.2,,
685,False,,,Turkey Super League,,Antalyaspor,Gazişehir Gaziantep,Match Result,,,2.52,Betfair,,0.8,,
685,True,,,Turkey Super League,,Fatih Karagümrük,Fenerbahce,Premium,,,,,,,,
685,False,,,Turkey Super League,,Fatih Karagümrük,Fenerbahce,Match Result,,,1.44,Coral,,0.2,,
686,False,,,Ekstraklasa - Poland,,Nieciecza,Motor Lublin,Match Result,,,2.4,Coolbet,,0.8,,
686,True,,,Premier League - Russia,,FC Dynamo Makhachkala,Gazovik Orenburg,Premium,,,,,,,,
686,False,,,Premier League - Russia,,FC Dynamo Makhachkala,Gazovik Orenburg,Match Result,,,2.23,1xBet,,0.7,,
686,False,,,Super League - China,,Wuhan Three Towns,Dalian Yingbo,Match Result,,,2.35,Unibet (NL),,0.8,,
686,True,,,Super League - China,,Wuhan Three Towns,Dalian Yingbo,Premium,,,,,,,,
686,True,,,A-League,,Brisbane Roar,Western Sydney Wanderers,Premium,,,,,,,,
686,False,,,A-League,,Brisbane Roar,Western Sydney Wanderers,Match Result,,,2.55,ATG (SE),,0.9,,
686,False,,,Copa Libertadores,,Independiente Medellín,CA Juventud,Match Result,,,1.48,Betfair,,0.2,,
686,False,,,Brazil Série A,,Grêmio,Bragantino-SP,Match Result,,,2.1,Matchbook,,0.6,,
686,False,,,Primera División - Argentina,,Atlético Huracán,River Plate,Match Result,,,2.6,BetOnline.ag,,0.9,,
686,True,,,Brazil Série A,,Grêmio,Bragantino-SP,Premium,,,,,,,,
686,True,,,Primera División - Argentina,,Atlético Huracán,River Plate,Premium,,,,,,,,
687,True,,,Copa Libertadores,,Independiente Medellín,CA Juventud,Premium,,,,,,,,
687,True,,,Brazil Série A,,Sao Paulo,Chapecoense,Premium,,,,,,,,
687,False,,,Brazil Série A,,Sao Paulo,Chapecoense,Match Result,,,1.43,Matchbook,,0.2,,
687,True,,,Brazil Série A,,Vasco da Gama,Palmeiras,Premium,,,,,,,,
687,False,,,Brazil Série A,,Vasco da Gama,Palmeiras,Match Result,,,2.42,Matchbook,,0.7,,
687,True,,,Primera División - Argentina,,Estudiantes de Río Cuarto,Belgrano de Cordoba,Premium,,,,,,,,
687,False,,,Primera División - Argentina,,Talleres,Instituto de Córdoba,Match Result,,,2.26,Matchbook,,0.7,,
687,True,,,Primera División - Argentina,,Talleres,Instituto de Córdoba,Premium,,,,,,,,
687,False,,,Primera División - Argentina,,Estudiantes de Río Cuarto,Belgrano de Cordoba,Match Result,,,2.32,Matchbook,,0.7,,
687,True,,,Brazil Série A,,Remo,Fluminense,Premium,,,,,,,,
687,False,,,Brazil Série A,,Remo,Fluminense,Match Result,,,2.12,Svenska Spel,,0.6,,
687,False,,,UEFA Europa League,,Nottingham Forest,FC Midtjylland,Match Result,,,1.6,1xBet,,0.3,,
688,False,,,UEFA Europa League,,KRC Genk,SC Freiburg,Match Result,,,2.78,Smarkets,,1.1,,
688,True,,,Primera División - Argentina,,Deportivo Riestra,Gimnasia Mendoza,Premium,,,,,,,,
688,True,,,UEFA Europa League,,Ferencváros TC,SC Braga,Premium,,,,,,,,
688,False,,,Primera División - Argentina,,Deportivo Riestra,Gimnasia Mendoza,Match Result,,,2.28,Matchbook,,0.7,,
688,False,,,UEFA Europa Conference League,,Crystal Palace,AEK Larnaca,Match Result,,,1.24,Betfair,,0.1,,
688,True,,,UEFA Europa Conference League,,NK Celje,AEK Athens,Premium,,,,,,,,
688,True,,,UEFA Europa Conference League,,Crystal Palace,AEK Larnaca,Premium,,,,,,,,
688,True,,,UEFA Europa Conference League,,Sigma Olomouc,FSV Mainz 05,Premium,,,,,,,,
688,False,,,UEFA Europa League,,Ferencváros TC,SC Braga,Match Result,,,2.46,Betfair,,0.8,,
688,False,,,UEFA Europa Conference League,,Fiorentina,Raków Częstochowa,Match Result,,,1.86,Betfair,,0.5,,
688,False,,,Primera División - Argentina,,Defensa y Justicia,Central Córdoba,Match Result,,,2.0,BetMGM,,0.6,,
688,True,,,Primera División - Argentina,,Defensa y Justicia,Central Córdoba,Premium,,,,,,,,
689,True,,,UEFA Europa League,,Nottingham Forest,FC Midtjylland,Premium,,,,,,,,
689,False,,,UEFA Europa League,,Celta Vigo,Lyon,Match Result,,,2.16,Matchbook,,0.6,,
689,False,,,UEFA Europa Conference League,,NK Celje,AEK Athens,Match Result,,,2.1,Betfair,,0.6,,
689,True,,,UEFA Europa Conference League,,Fiorentina,Raków Częstochowa,Premium,,,,,,,,
689,True,,,UEFA Europa League,,Celta Vigo,Lyon,Premium,,,,,,,,
689,False,,,UEFA Europa Conference League,,Sigma Olomouc,FSV Mainz 05,Match Result,,,1.86,1xBet,,0.5,,
689,False,,,Saudi Pro League,,Neom,Al-Taawoun,Match Result,,,2.3,Tipico,,0.8,,
689,False,,,Saudi Pro League,,Al-Najma,Damac,Match Result,,,2.4,Ladbrokes,,0.8,,
689,True,,,Saudi Pro League,,Al-Najma,Damac,Premium,,,,,,,,
689,False,,,Saudi Pro League,,Al-Hazem,Al-Kholood,Match Result,,,2.52,Betfair,,0.8,,
689,True,,,Saudi Pro League,,Al-Hazem,Al-Kholood,Premium,,,,,,,,
689,True,,,Saudi Pro League,,Neom,Al-Taawoun,Premium,,,,,,,,
690,False,,,UEFA Europa League,,Panathinaikos FC,Real Betis,Match Result,,,2.18,Betfair,,0.7,,
690,True,,,UEFA Europa League,,Bologna,AS Roma,Premium,,,,,,,,
690,False,,,UEFA Europa Conference League,,AZ Alkmaar,Sparta Prague,Match Result,,,2.2,Betfair,,0.7,,
690,False,,,UEFA Europa League,,VfB Stuttgart,Porto,Match Result,,,2.18,1xBet,,0.7,,
690,False,,,UEFA Europa League,,Bologna,AS Roma,Match Result,,,2.56,Matchbook,,0.9,,
690,False,,,UEFA Europa Conference League,,HNK Rijeka,Strasbourg,Match Result,,,1.88,Coolbet,,0.5,,
690,True,,,UEFA Europa Conference League,,HNK Rijeka,Strasbourg,Premium,,,,,,,,
690,True,,,UEFA Europa Conference League,,Samsunspor,Rayo Vallecano,Premium,,,,,,,,
690,False,,,UEFA Europa Conference League,,Lech Poznań,Shakhtar Donetsk,Match Result,,,2.7,Unibet (NL),,0.9,,
690,True,,,UEFA Europa League,,Lille,Aston Villa,Premium,,,,,,,,
690,True,,,UEFA Europa League,,Panathinaikos FC,Real Betis,Premium,,,,,,,,
690,True,,,UEFA Europa League,,VfB Stuttgart,Porto,Premium,,,,,,,,
691,True,,,UEFA Europa Conference League,,AZ Alkmaar,Sparta Prague,Premium,,,,,,,,
691,False,,,UEFA Europa League,,Lille,Aston Villa,Match Result,,,2.54,Betfair,,0.9,,
691,False,,,UEFA Europa Conference League,,Samsunspor,Rayo Vallecano,Match Result,,,2.36,Betfair,,0.8,,
691,False,,,Primera División - Argentina,,Atlético Tucuman,Aldosivi Mar del Plata,Match Result,,,1.97,Matchbook,,0.5,,
691,False,,,Primera División - Argentina,,Independiente Rivadavia,Barracas Central,Match Result,,,1.65,Ladbrokes,,0.4,,
691,True,,,Primera División - Argentina,,Atlético Tucuman,Aldosivi Mar del Plata,Premium,,,,,,,,
691,True,,,Primera División - Argentina,,Independiente Rivadavia,Barracas Central,Premium,,,,,,,,
691,True,,,Brazil Série A,,Flamengo,Cruzeiro,Premium,,,,,,,,
691,False,,,Copa Libertadores,,Deportes Tolima,O'Higgins,Match Result,,,1.68,ATG (SE),,0.3,,
691,True,,,Brazil Série A,,Corinthians,Coritiba,Premium,,,,,,,,
691,False,,,Brazil Série A,,Corinthians,Coritiba,Match Result,,,1.61,Matchbook,,0.3,,
691,False,,,Brazil Série A,,Flamengo,Cruzeiro,Match Result,,,1.54,Svenska Spel,,0.3,,
692,True,,,Copa Libertadores,,Deportes Tolima,O'Higgins,Premium,,,,,,,,
692,False,,,Brazil Série A,,Bahia,Vitoria,Match Result,,,1.77,1xBet,,0.4,,
692,True,,,Brazil Série A,,Bahia,Vitoria,Premium,,,,,,,,
692,True,,,Primera División - Argentina,,Boca Juniors,San Lorenzo,Premium,,,,,,,,
692,False,,,Primera División - Argentina,,Boca Juniors,San Lorenzo,Match Result,,,1.75,Betfair,,0.4,,
692,True,,,Brazil Série A,,Atletico Paranaense,Botafogo,Premium,,,,,,,,
692,False,,,Brazil Série A,,Atletico Mineiro,Internacional,Match Result,,,2.32,Betfair,,0.7,,
692,False,,,Brazil Série A,,Atletico Paranaense,Botafogo,Match Result,,,2.15,William Hill,,0.6,,
692,True,,,Copa Libertadores,,Sporting Cristal,Carabobo FC,Premium,,,,,,,,
692,True,,,Brazil Série A,,Atletico Mineiro,Internacional,Premium,,,,,,,,
692,False,,,Copa Libertadores,,Sporting Cristal,Carabobo FC,Match Result,,,1.76,Bovada,,0.4,,
692,True,,,Primera División - Argentina,,Estudiantes,Lanus,Premium,,,,,,,,
693,False,,,Primera División - Argentina,,Estudiantes,Lanus,Match Result,,,1.98,Unibet,,0.5,,
693,False,,,Primera División - Argentina,,Banfield,Gimnasia La Plata,Match Result,,,2.3,Fanatics,,0.7,,
693,True,,,Primera División - Argentina,,Argentinos Juniors,Rosario Central,Premium,,,,,,,,
693,False,,,Primera División - Argentina,,Argentinos Juniors,Rosario Central,Match Result,,,2.2,Ladbrokes,,0.7,,
693,False,,,UEFA Champions League,,Paris Saint Germain,Chelsea,Match Result,,,2.0,Matchbook,,0.6,,
693,True,,,UEFA Champions League,,Bodø/Glimt,Sporting Lisbon,Premium,,,,,,,,
693,True,,,Championship,,Coventry City,Preston North End,Premium,,,,,,,,
693,False,,,Championship,,Coventry City,Preston North End,Match Result,,,1.48,Coral,,0.2,,
693,False,,,UEFA Champions League,,Bodø/Glimt,Sporting Lisbon,Match Result,,,2.66,1xBet,,1.0,,
693,True,,,UEFA Champions League,,Real Madrid,Manchester City,Premium,,,,,,,,
693,False,,,UEFA Champions League,,Real Madrid,Manchester City,Match Result,,,2.1,Svenska Spel,,0.6,,
693,True,,,UEFA Champions League,,Paris Saint Germain,Chelsea,Premium,,,,,,,,
694,False,,,Championship,,Norwich City,Sheffield United,Match Result,,,2.66,Betfair,,1.0,,
694,True,,,Championship,,Middlesbrough,Charlton Athletic,Premium,,,,,,,,
694,False,,,Championship,,Birmingham City,Queens Park Rangers,Match Result,,,1.76,Matchbook,,0.4,,
694,False,,,Championship,,Middlesbrough,Charlton Athletic,Match Result,,,1.4,BetMGM,,0.2,,
694,True,,,Championship,,Birmingham City,Queens Park Rangers,Premium,,,,,,,,
694,True,,,League 1,,Port Vale,Bradford City,Premium,,,,,,,,
694,True,,,League 1,,Wimbledon,Blackpool,Premium,,,,,,,,
694,False,,,League 1,,Wimbledon,Blackpool,Match Result,,,2.3,ATG (SE),,0.7,,
694,True,,,Championship,,West Bromwich Albion,Southampton,Premium,,,,,,,,
694,False,,,League 1,,Port Vale,Bradford City,Match Result,,,2.38,Matchbook,,0.8,,
694,False,,,Championship,,West Bromwich Albion,Southampton,Match Result,,,2.48,LeoVegas (SE),,0.9,,
694,False,,,UEFA Champions League,,Bayer Leverkusen,Arsenal,Match Result,,,1.59,1xBet,,0.2,,
695,True,,,UEFA Champions League,,Bayer Leverkusen,Arsenal,Premium,,,,,,,,
695,True,,,Primera División - Argentina,,Sarmiento de Junin,Racing Club,Premium,,,,,,,,
695,False,,,Primera División - Argentina,,Newells Old Boys,Platense,Match Result,,,2.88,Unibet (SE),,1.1,,
695,False,,,Primera División - Argentina,,Sarmiento de Junin,Racing Club,Match Result,,,2.16,Matchbook,,0.6,,
695,True,,,Primera División - Argentina,,Newells Old Boys,Platense,Premium,,,,,,,,
695,False,,,Copa Libertadores,,Botafogo,Barcelona SC,Match Result,,,1.63,ATG (SE),,0.3,,
695,True,,,Brazil Série A,,Mirassol,Santos,Premium,,,,,,,,
695,True,,,Copa Libertadores,,Botafogo,Barcelona SC,Premium,,,,,,,,
695,False,,,Brazil Série A,,Mirassol,Santos,Match Result,,,2.04,Betfair,,0.5,,
695,True,,,Primera División - Argentina,,Independiente,Union Santa Fe,Premium,,,,,,,,
695,False,,,Primera División - Argentina,,Independiente,Union Santa Fe,Match Result,,,2.15,Ladbrokes,,0.6,,
695,False,,,UEFA Champions League,,Atalanta BC,Bayern Munich,Match Result,,,1.68,1xBet,,0.4,,
696,True,,,UEFA Champions League,,Atlético Madrid,Tottenham Hotspur,Premium,,,,,,,,
696,False,,,UEFA Champions League,,Newcastle United,Barcelona,Match Result,,,2.32,Betfair,,0.7,,
696,True,,,UEFA Champions League,,Atalanta BC,Bayern Munich,Premium,,,,,,,,
696,True,,,UEFA Champions League,,Newcastle United,Barcelona,Premium,,,,,,,,
696,False,,,Championship,,Stoke City,Ipswich Town,Match Result,,,1.81,ATG (SE),,0.4,,
696,False,,,UEFA Champions League,,Atlético Madrid,Tottenham Hotspur,Match Result,,,1.58,1xBet,,0.3,,
696,True,,,Championship,,Stoke City,Ipswich Town,Premium,,,,,,,,
696,False,,,League 1,,Stevenage,Leyton Orient,Match Result,,,1.93,Svenska Spel,,0.5,,
696,False,,,League 2,,Gillingham,Milton Keynes Dons,Match Result,,,2.26,Matchbook,,0.8,,
696,True,,,League 1,,Exeter City,Lincoln City,Premium,,,,,,,,
696,False,,,League 1,,Port Vale,Bradford City,Match Result,,,2.43,ATG (SE),,0.7,,
696,False,,,League 2,,Fleetwood Town,Cheltenham Town,Match Result,,,1.92,Matchbook,,0.5,,
697,True,,,Championship,,Leicester City,Bristol City,Premium,,,,,,,,
697,False,,,League 1,,Doncaster Rovers,Luton,Match Result,,,2.66,Matchbook,,1.1,,
697,False,,,Championship,,Leicester City,Bristol City,Match Result,,,2.34,LowVig.ag,,0.8,,
697,False,,,League 2,,Salford City,Walsall,Match Result,,,1.95,Matchbook,,0.5,,
697,True,,,League 1,,Mansfield Town,Reading,Premium,,,,,,,,
697,True,,,Championship,,Millwall,Derby County,Premium,,,,,,,,
697,True,,,Championship,,Portsmouth,Swansea City,Premium,,,,,,,,
697,True,,,Championship,,Sheffield Wednesday,Watford,Premium,,,,,,,,
697,False,,,Championship,,Sheffield Wednesday,Watford,Match Result,,,1.48,Ladbrokes,,0.2,,
697,False,,,Championship,,Portsmouth,Swansea City,Match Result,,,2.32,Betfair,,0.7,,
697,False,,,Championship,,Millwall,Derby County,Match Result,,,2.06,Smarkets,,0.6,,
697,True,,,Championship,,Wrexham AFC,Hull City,Premium,,,,,,,,
698,False,,,Championship,,Wrexham AFC,Hull City,Match Result,,,2.04,Betfair,,0.6,,
698,True,,,League 2,,Fleetwood Town,Cheltenham Town,Premium,,,,,,,,
698,True,,,League 1,,Barnsley,Cardiff City,Premium,,,,,,,,
698,True,,,League 2,,Salford City,Walsall,Premium,,,,,,,,
698,True,,,League 1,,Stevenage,Leyton Orient,Premium,,,,,,,,
698,False,,,League 1,,Mansfield Town,Reading,Match Result,,,2.2,Betfair,,0.7,,
698,False,,,League 1,,Wigan Athletic,Plymouth Argyle,Match Result,,,2.72,Betfair,,1.0,,
698,True,,,League 2,,Gillingham,Milton Keynes Dons,Premium,,,,,,,,
698,False,,,League 1,,Exeter City,Lincoln City,Match Result,,,1.92,Matchbook,,0.5,,
698,False,,,League 1,,Barnsley,Cardiff City,Match Result,,,2.02,Smarkets,,0.6,,
698,False,,,UEFA Champions League,,Galatasaray,Liverpool,Match Result,,,1.82,Nordic Bet,,0.5,,
698,True,,,UEFA Champions League,,Galatasaray,Liverpool,Premium,,,,,,,,
699,False,,,Primera División - Chile,,Universidad de Chile,Universidad de Concepción,Match Result,,,1.56,LeoVegas (SE),,0.2,,
699,True,,,Primera División - Chile,,Universidad de Chile,Universidad de Concepción,Premium,,,,,,,,
699,False,,,Primeira Liga - Portugal,,Tondela,Rio Ave FC,Match Result,,,2.16,Svenska Spel,,0.6,,
699,True,,,Primeira Liga - Portugal,,Tondela,Rio Ave FC,Premium,,,,,,,,
699,True,,,La Liga - Spain,,Espanyol,Oviedo,Premium,,,,,,,,
699,False,,,La Liga - Spain,,Espanyol,Oviedo,Match Result,,,1.98,1xBet,,0.5,,
699,False,,,Serie A - Italy,,Lazio,Sassuolo,Match Result,,,2.3,Betfair,,0.7,,
699,True,,,Serie A - Italy,,Lazio,Sassuolo,Premium,,,,,,,,
699,True,,,Ligue 2 - France,,USL Dunkerque,Stade de Reims,Premium,,,,,,,,
699,False,,,Ligue 2 - France,,USL Dunkerque,Stade de Reims,Match Result,,,2.25,LowVig.ag,,0.7,,
699,False,,,La Liga 2 - Spain,,Almería,Cultural Leonesa,Match Result,,,1.54,ATG (SE),,0.2,,
699,False,,,FA Cup,,West Ham United,Brentford,Match Result,,,2.48,Svenska Spel,,0.9,,
700,True,,,La Liga 2 - Spain,,Almería,Cultural Leonesa,Premium,,,,,,,,
700,True,,,FA Cup,,West Ham United,Brentford,Premium,,,,,,,,
700,False,,,Ekstraklasa - Poland,,Wisła Płock,Arka Gdynia,Match Result,,,2.02,Betfair,,0.6,,
700,True,,,Ekstraklasa - Poland,,Wisła Płock,Arka Gdynia,Premium,,,,,,,,
700,False,,,Turkey Super League,,Alanyaspor,Genclerbirligi SK,Match Result,,,1.95,Fanatics,,0.5,,
700,True,,,Turkey Super League,,Alanyaspor,Genclerbirligi SK,Premium,,,,,,,,
700,False,,,Turkey Super League,,Kayserispor,Trabzonspor,Match Result,,,2.06,Betfair,,0.6,,
700,True,,,Turkey Super League,,Kayserispor,Trabzonspor,Premium,,,,,,,,
700,False,,,Premier League - Russia,,Spartak Moscow,FC Akron Tolyatti,Match Result,,,1.45,1xBet,,0.2,,
700,False,,,Super League - Greece,,Panetolikos Agrinio,AE Kifisia FC,Match Result,,,2.5,Betfair,,0.9,,
700,True,,,Premier League - Russia,,Spartak Moscow,FC Akron Tolyatti,Premium,,,,,,,,
700,True,,,Super League - Greece,,Panetolikos Agrinio,AE Kifisia FC,Premium,,,,,,,,
701,False,,,Premier League - Russia,,Lokomotiv Moscow,FC Akhmat Grozny,Match Result,,,1.87,1xBet,,0.5,,
701,True,,,Premier League - Russia,,Lokomotiv Moscow,FC Akhmat Grozny,Premium,,,,,,,,
701,True,,,Turkey Super League,,Eyüpspor,Kocaelispor,Premium,,,,,,,,
701,False,,,Turkey Super League,,Eyüpspor,Kocaelispor,Match Result,,,2.2,Betfair,,0.7,,
701,True,,,Liga MX,,Tijuana,Santos Laguna,Premium,,,,,,,,
701,False,,,Liga MX,,Tijuana,Santos Laguna,Match Result,,,1.65,Smarkets,,0.3,,
701,True,,,Primera División - Chile,,Palestino,Cobresal,Premium,,,,,,,,
701,False,,,Primera División - Chile,,Palestino,Cobresal,Match Result,,,1.67,TABtouch,,0.3,,
701,False,,,Liga MX,,Toluca,FC Juárez,Match Result,,,1.36,BetMGM,,0.2,,
701,False,,,MLS,,FC Cincinnati,Toronto FC,Match Result,,,1.88,Betway,,0.5,,
701,True,,,MLS,,FC Cincinnati,Toronto FC,Premium,,,,,,,,
701,True,,,MLS,,New York Red Bulls,CF Montreal,Premium,,,,,,,,
702,False,,,Primeira Liga - Portugal,,Santa Clara,Vitória SC,Match Result,,,2.65,BetOnline.ag,,0.9,,
702,True,,,Primeira Liga - Portugal,,Santa Clara,Vitória SC,Premium,,,,,,,,
702,False,,,MLS,,New York Red Bulls,CF Montreal,Match Result,,,1.57,LeoVegas (SE),,0.3,,
702,False,,,Primera División - Argentina,,Gimnasia La Plata,Argentinos Juniors,Match Result,,,2.04,Betfair,,0.5,,
702,False,,,La Liga 2 - Spain,,Deportivo La Coruña,Granada CF,Match Result,,,1.93,Matchbook,,0.5,,
702,False,,,La Liga - Spain,,Valencia,Alavés,Match Result,,,2.18,Betfair,,0.7,,
702,False,,,Primera División - Argentina,,Lanus,Deportivo Riestra,Match Result,,,2.0,Unibet,,0.5,,
702,True,,,Primera División - Argentina,,Lanus,Deportivo Riestra,Premium,,,,,,,,
702,True,,,La Liga - Spain,,Valencia,Alavés,Premium,,,,,,,,
702,True,,,La Liga 2 - Spain,,Deportivo La Coruña,Granada CF,Premium,,,,,,,,
702,True,,,Primera División - Argentina,,Gimnasia La Plata,Argentinos Juniors,Premium,,,,,,,,
702,False,,,Serie A - Italy,,AC Milan,Inter Milan,Match Result,,,2.38,Betfair,,0.9,,
703,True,,,Serie A - Italy,,AC Milan,Inter Milan,Premium,,,,,,,,
703,True,,,Ligue 1 - France,,Lyon,Paris FC,Premium,,,,,,,,
703,False,,,Ligue 1 - France,,Lyon,Paris FC,Match Result,,,1.75,1xBet,,0.4,,
703,False,,,Ekstraklasa - Poland,,Legia Warszawa,Cracovia Kraków,Match Result,,,1.97,Casumo,,0.5,,
703,True,,,Ekstraklasa - Poland,,Legia Warszawa,Cracovia Kraków,Premium,,,,,,,,
703,True,,,Super League - Greece,,Olympiakos Piraeus,PAOK Thessaloniki,Premium,,,,,,,,
703,False,,,Dutch Eredivisie,,NEC Nijmegen,FC Volendam,Match Result,,,1.34,ATG (SE),,0.1,,
703,False,,,Super League - Greece,,Olympiakos Piraeus,PAOK Thessaloniki,Match Result,,,1.97,Betfair,,0.5,,
703,True,,,Serie B - Italy,,Pescara,Bari,Premium,,,,,,,,
703,False,,,3. Liga - Germany,,FC Ingolstadt 04,SC Verl,Match Result,,,2.2,Tipico,,0.7,,
703,True,,,3. Liga - Germany,,FC Ingolstadt 04,SC Verl,Premium,,,,,,,,
703,False,,,Serie B - Italy,,Pescara,Bari,Match Result,,,2.18,Matchbook,,0.7,,
704,True,,,Belgium First Div,,Sint Truiden,Cercle Brugge KSV,Premium,,,,,,,,
704,False,,,Belgium First Div,,Sint Truiden,Cercle Brugge KSV,Match Result,,,1.95,BetMGM,,0.5,,
704,False,,,Primeira Liga - Portugal,,Benfica,FC Porto,Match Result,,,2.28,Betfair,,0.7,,
704,True,,,Primeira Liga - Portugal,,Benfica,FC Porto,Premium,,,,,,,,
704,True,,,Belgium First Div,,SV Zulte-Waregem,Standard Liege,Premium,,,,,,,,
704,False,,,Belgium First Div,,SV Zulte-Waregem,Standard Liege,Match Result,,,2.05,Fanatics,,0.6,,
704,False,,,La Liga - Spain,,Sevilla,Rayo Vallecano,Match Result,,,2.62,Betfair,,1.0,,
704,False,,,La Liga 2 - Spain,,Leganés,SD Eibar,Match Result,,,2.46,Betfair,,0.8,,
704,False,,,La Liga 2 - Spain,,Real Racing Club de Santander,Córdoba,Match Result,,,2.08,PlayUp,,0.6,,
704,True,,,La Liga 2 - Spain,,Real Racing Club de Santander,Córdoba,Premium,,,,,,,,
704,False,,,Turkey Super League,,Fenerbahce,Samsunspor,Match Result,,,1.49,1xBet,,0.2,,
704,False,,,Super League - Greece,,Levadiakos,Panathinaikos,Match Result,,,2.2,888sport,,0.7,,
705,True,,,Turkey Super League,,Fenerbahce,Samsunspor,Premium,,,,,,,,
705,False,,,Serie A - Italy,,Genoa,AS Roma,Match Result,,,1.96,Betfair,,0.5,,
705,True,,,Super League - Greece,,Levadiakos,Panathinaikos,Premium,,,,,,,,
705,True,,,Serie A - Italy,,Genoa,AS Roma,Premium,,,,,,,,
705,True,,,Bundesliga - Germany,,Union Berlin,Werder Bremen,Premium,,,,,,,,
705,False,,,Bundesliga - Germany,,Union Berlin,Werder Bremen,Match Result,,,2.4,Betfair,,0.8,,
705,True,,,Ekstraklasa - Poland,,Raków Częstochowa,Pogoń Szczecin,Premium,,,,,,,,
705,False,,,Ekstraklasa - Poland,,Raków Częstochowa,Pogoń Szczecin,Match Result,,,1.83,Fanatics,,0.4,,
705,False,,,Premier League - Russia,,CSKA Moscow,Dinamo Moscow,Match Result,,,2.4,1xBet,,0.7,,
705,True,,,FA Cup,,Leeds United,Norwich City,Premium,,,,,,,,
705,True,,,Premier League - Russia,,CSKA Moscow,Dinamo Moscow,Premium,,,,,,,,
705,False,,,FA Cup,,Leeds United,Norwich City,Match Result,,,1.51,Smarkets,,0.2,,
706,False,,,Ligue 1 - France,,Brest,Le Havre,Match Result,,,1.96,1xBet,,0.5,,
706,False,,,Ligue 1 - France,,Nice,Rennes,Match Result,,,2.52,Smarkets,,0.9,,
706,True,,,Ligue 1 - France,,Lille,Lorient,Premium,,,,,,,,
706,False,,,Ligue 1 - France,,Lille,Lorient,Match Result,,,1.6,Smarkets,,0.2,,
706,True,,,Ligue 1 - France,,Brest,Le Havre,Premium,,,,,,,,
706,False,,,Serie B - Italy,,Carrarese,Palermo,Match Result,,,2.25,Coolbet,,0.8,,
706,True,,,Serie B - Italy,,Carrarese,Palermo,Premium,,,,,,,,
706,True,,,Austrian Football Bundesliga,,Ried,Austria Wien,Premium,,,,,,,,
706,True,,,Austrian Football Bundesliga,,Rapid Wien,RB Salzburg,Premium,,,,,,,,
706,True,,,Austrian Football Bundesliga,,LASK,Wolfsberger AC,Premium,,,,,,,,
706,False,,,Austrian Football Bundesliga,,Rapid Wien,RB Salzburg,Match Result,,,2.38,Matchbook,,0.8,,
706,True,,,Austrian Football Bundesliga,,WSG Tirol,Grazer AK,Premium,,,,,,,,
707,True,,,Austrian Football Bundesliga,,Sturm Graz,Rheindorf Altach,Premium,,,,,,,,
707,False,,,Austrian Football Bundesliga,,LASK,Wolfsberger AC,Match Result,,,1.95,theScore Bet,,0.5,,
707,False,,,Austrian Football Bundesliga,,Sturm Graz,Rheindorf Altach,Match Result,,,2.08,Betfair,,0.6,,
707,False,,,Austrian Football Bundesliga,,Hartberg,FC Blau-Weiß Linz,Match Result,,,2.6,BetOnline.ag,,0.9,,
707,False,,,Austrian Football Bundesliga,,WSG Tirol,Grazer AK,Match Result,,,2.43,Unibet,,0.8,,
707,False,,,Austrian Football Bundesliga,,Ried,Austria Wien,Match Result,,,2.5,TABtouch,,0.9,,
707,True,,,Dutch Eredivisie,,NAC Breda,Feyenoord,Premium,,,,,,,,
707,False,,,Dutch Eredivisie,,NAC Breda,Feyenoord,Match Result,,,1.9,Betfair,,0.5,,
707,True,,,Primeira Liga - Portugal,,CF Estrela,Gil Vicente,Premium,,,,,,,,
707,True,,,3. Liga - Germany,,MSV Duisburg,1. FC Saarbrücken,Premium,,,,,,,,
707,True,,,Swiss Superleague,,BSC Young Boys,FC Thun,Premium,,,,,,,,
707,False,,,Swiss Superleague,,BSC Young Boys,FC Thun,Match Result,,,2.45,ATG (SE),,0.7,,
708,False,,,3. Liga - Germany,,MSV Duisburg,1. FC Saarbrücken,Match Result,,,2.31,LowVig.ag,,0.7,,
708,False,,,Primeira Liga - Portugal,,CF Estrela,Gil Vicente,Match Result,,,1.92,Svenska Spel,,0.5,,
708,False,,,Swiss Superleague,,Grasshopper Zürich,FC Lausanne-Sport,Match Result,,,2.58,Pinnacle,,0.9,,
708,True,,,La Liga 2 - Spain,,Andorra CF,Sporting Gijón,Premium,,,,,,,,
708,False,,,La Liga 2 - Spain,,Andorra CF,Sporting Gijón,Match Result,,,2.58,Betfair,,0.8,,
708,False,,,Super League - Greece,,Volos FC,OFI Crete,Match Result,,,2.42,Betfair,,0.8,,
708,True,,,Super League - Greece,,Volos FC,OFI Crete,Premium,,,,,,,,
708,True,,,Belgium First Div,,Gent,KV Mechelen,Premium,,,,,,,,
708,False,,,Belgium First Div,,Gent,KV Mechelen,Match Result,,,2.04,BetOnline.ag,,0.5,,
708,False,,,Bundesliga - Germany,,FC St. Pauli,Eintracht Frankfurt,Match Result,,,2.7,ATG (SE),,1.0,,
708,True,,,Bundesliga - Germany,,FC St. Pauli,Eintracht Frankfurt,Premium,,,,,,,,
708,False,,,Serie B - Italy,,US Catanzaro 1929,Empoli,Match Result,,,2.37,BetOnline.ag,,0.8,,
709,False,,,Serie A - Italy,,Fiorentina,Parma,Match Result,,,1.78,1xBet,,0.4,,
709,False,,,Super League - Greece,,Asteras Tripolis,Panserraikos FC,Match Result,,,1.55,Coolbet,,0.2,,
709,False,,,Serie B - Italy,,Frosinone,Sampdoria,Match Result,,,1.95,Fanatics,,0.5,,
709,False,,,Serie B - Italy,,Mantova,Juve Stabia,Match Result,,,2.65,LowVig.ag,,1.0,,
709,False,,,Premier League - Russia,,Rubin Kazan,FC Krasnodar,Match Result,,,1.97,1xBet,,0.5,,
709,False,,,Ligue 1 - France,,RC Lens,Metz,Match Result,,,1.3,LeoVegas (SE),,0.1,,
709,False,,,Serie A - Italy,,Bologna,Hellas Verona,Match Result,,,1.65,Betfair,,0.3,,
709,True,,,Serie A - Italy,,Fiorentina,Parma,Premium,,,,,,,,
709,True,,,Serie A - Italy,,Bologna,Hellas Verona,Premium,,,,,,,,
709,True,,,Premier League - Russia,,Rubin Kazan,FC Krasnodar,Premium,,,,,,,,
709,True,,,Serie B - Italy,,Frosinone,Sampdoria,Premium,,,,,,,,
709,True,,,Serie A - Italy,,Lazio,Sassuolo,Premium,,,,,,,,
710,True,,,Serie B - Italy,,US Catanzaro 1929,Empoli,Premium,,,,,,,,
710,True,,,Ligue 1 - France,,RC Lens,Metz,Premium,,,,,,,,
710,True,,,Super League - Greece,,Asteras Tripolis,Panserraikos FC,Premium,,,,,,,,
710,False,,,Serie A - Italy,,Lazio,Sassuolo,Match Result,,,2.23,Bovada,,0.6,,
710,True,,,Ekstraklasa - Poland,,Radomiak Radom,GKS Katowice,Premium,,,,,,,,
710,False,,,Ekstraklasa - Poland,,Radomiak Radom,GKS Katowice,Match Result,,,2.16,BetOnline.ag,,0.6,,
710,True,,,Dutch Eredivisie,,Go Ahead Eagles,FC Twente Enschede,Premium,,,,,,,,
710,True,,,FA Cup,,Port Vale,Sunderland,Premium,,,,,,,,
710,True,,,Dutch Eredivisie,,Fortuna Sittard,SC Telstar,Premium,,,,,,,,
710,False,,,Dutch Eredivisie,,Fortuna Sittard,SC Telstar,Match Result,,,2.17,Svenska Spel,,0.7,,
710,False,,,Dutch Eredivisie,,Go Ahead Eagles,FC Twente Enschede,Match Result,,,1.83,LowVig.ag,,0.4,,
710,False,,,FA Cup,,Port Vale,Sunderland,Match Result,,,1.47,Betfair,,0.2,,
711,False,,,La Liga 2 - Spain,,Las Palmas,AD Ceuta FC,Match Result,,,1.71,Unibet (NL),,0.3,,
711,True,,,Swiss Superleague,,FC St Gallen,FC Basel,Premium,,,,,,,,
711,True,,,Turkey Super League,,Torku Konyaspor,Kasimpasa SK,Premium,,,,,,,,
711,True,,,La Liga 2 - Spain,,Las Palmas,AD Ceuta FC,Premium,,,,,,,,
711,True,,,La Liga - Spain,,Villarreal,Elche CF,Premium,,,,,,,,
711,False,,,Swiss Superleague,,FC St Gallen,FC Basel,Match Result,,,2.17,Coolbet,,0.7,,
711,False,,,Turkey Super League,,Torku Konyaspor,Kasimpasa SK,Match Result,,,2.12,Betfair,,0.7,,
711,False,,,La Liga - Spain,,Villarreal,Elche CF,Match Result,,,1.53,1xBet,,0.3,,
711,False,,,Bundesliga 2 - Germany,,SC Preußen Münster,Hertha Berlin,Match Result,,,2.33,ATG (SE),,0.7,,
711,True,,,Bundesliga 2 - Germany,,Karlsruher SC,Dynamo Dresden,Premium,,,,,,,,
711,False,,,Belgium First Div,,Club Brugge,Anderlecht,Match Result,,,1.65,ATG (SE),,0.3,,
711,False,,,Bundesliga 2 - Germany,,Hannover 96,Greuther Fürth,Match Result,,,1.43,BetMGM,,0.2,,
712,False,,,3. Liga - Germany,,Waldhof Mannheim,TSV Havelse,Match Result,,,1.78,LowVig.ag,,0.4,,
712,False,,,Bundesliga 2 - Germany,,Karlsruher SC,Dynamo Dresden,Match Result,,,2.7,Matchbook,,0.9,,
712,True,,,3. Liga - Germany,,Waldhof Mannheim,TSV Havelse,Premium,,,,,,,,
712,True,,,Belgium First Div,,Club Brugge,Anderlecht,Premium,,,,,,,,
712,True,,,Bundesliga 2 - Germany,,Hannover 96,Greuther Fürth,Premium,,,,,,,,
712,True,,,League 1,,Wimbledon,Northampton Town,Premium,,,,,,,,
712,False,,,FA Cup,,Fulham,Southampton,Match Result,,,1.62,theScore Bet,,0.3,,
712,True,,,FA Cup,,Fulham,Southampton,Premium,,,,,,,,
712,False,,,League 1,,Wimbledon,Northampton Town,Match Result,,,2.0,Coral,,0.6,,
712,False,,,Premier League - Russia,,Kryliya Sovetov,FC Dynamo Makhachkala,Match Result,,,2.74,1xBet,,0.9,,
712,False,,,Serie A - Italy,,Lecce,Cremonese,Match Result,,,2.28,Matchbook,,0.8,,
712,True,,,Serie A - Italy,,Lecce,Cremonese,Premium,,,,,,,,
713,False,,,Ekstraklasa - Poland,,Motor Lublin,Górnik Zabrze,Match Result,,,2.6,BetOnline.ag,,0.8,,
713,False,,,Dutch Eredivisie,,Sparta Rotterdam,FC Zwolle,Match Result,,,1.73,BetOnline.ag,,0.4,,
713,True,,,Dutch Eredivisie,,Sparta Rotterdam,FC Zwolle,Premium,,,,,,,,
713,True,,,Ekstraklasa - Poland,,Motor Lublin,Górnik Zabrze,Premium,,,,,,,,
713,False,,,Super League - China,,Wuhan Three Towns,Beijing FC,Match Result,,,1.75,LeoVegas,,0.4,,
713,True,,,Super League - China,,Wuhan Three Towns,Beijing FC,Premium,,,,,,,,
713,False,,,Turkey Super League,,Gazişehir Gaziantep,Fatih Karagümrük,Match Result,,,2.01,Betsson,,0.6,,
713,False,,,Turkey Super League,,Çaykur Rizespor,Antalyaspor,Match Result,,,1.63,LowVig.ag,,0.4,,
713,True,,,Turkey Super League,,Çaykur Rizespor,Antalyaspor,Premium,,,,,,,,
713,True,,,Turkey Super League,,Gazişehir Gaziantep,Fatih Karagümrük,Premium,,,,,,,,
713,False,,,Premier League - Russia,,Gazovik Orenburg,Zenit St Petersburg,Match Result,,,1.57,1xBet,,0.3,,
713,True,,,Premier League - Russia,,Gazovik Orenburg,Zenit St Petersburg,Premium,,,,,,,,
714,False,,,K League 1,,FC Anyang,Jeju United FC,Match Result,,,2.55,Svenska Spel,,0.8,,
714,True,,,Super League - China,,Zhejiang,Qingdao West Coast FC,Premium,,,,,,,,
714,True,,,K League 1,,FC Anyang,Jeju United FC,Premium,,,,,,,,
714,False,,,Super League - China,,Zhejiang,Qingdao West Coast FC,Match Result,,,1.83,Coolbet,,0.4,,
714,False,,,J League,,Gamba Osaka,V-Varen Nagasaki,Match Result,,,2.1,BetMGM,,0.6,,
714,True,,,J League,,Gamba Osaka,V-Varen Nagasaki,Premium,,,,,,,,
714,True,,,K League 1,,Sangju Sangmu FC,Jeonbuk Hyundai Motors,Premium,,,,,,,,
714,False,,,K League 1,,Sangju Sangmu FC,Jeonbuk Hyundai Motors,Match Result,,,2.48,Betfair,,0.9,,
714,False,,,J League,,Fagiano Okayama,Kyoto Purple Sanga,Match Result,,,2.15,Unibet (UK),,0.7,,
714,True,,,J League,,Fagiano Okayama,Kyoto Purple Sanga,Premium,,,,,,,,
714,True,,,MLS,,Portland Timbers,Vancouver Whitecaps FC,Premium,,,,,,,,
714,True,,,MLS,,Los Angeles FC,FC Dallas,Premium,,,,,,,,
715,False,,,MLS,,Los Angeles FC,FC Dallas,Match Result,,,1.42,theScore Bet,,0.2,,
715,False,,,MLS,,Portland Timbers,Vancouver Whitecaps FC,Match Result,,,2.04,1xBet,,0.6,,
715,False,,,Liga MX,,Tigres,Monterrey,Match Result,,,2.02,Matchbook,,0.6,,
715,True,,,Liga MX,,Tigres,Monterrey,Premium,,,,,,,,
715,True,,,MLS,,Colorado Rapids,LA Galaxy,Premium,,,,,,,,
715,False,,,MLS,,Colorado Rapids,LA Galaxy,Match Result,,,2.34,Matchbook,,0.8,,
715,False,,,A-League,,Auckland FC,Perth Glory,Match Result,,,1.49,Matchbook,,0.2,,
715,True,,,A-League,,Auckland FC,Perth Glory,Premium,,,,,,,,
715,False,,,MLS,,St. Louis City SC,Seattle Sounders FC,Match Result,,,2.26,Betfair,,0.7,,
715,True,,,MLS,,St. Louis City SC,Seattle Sounders FC,Premium,,,,,,,,
715,True,,,MLS,,Sporting Kansas City,San Diego FC,Premium,,,,,,,,
715,True,,,MLS,,Nashville SC,Minnesota United FC,Premium,,,,,,,,
